path	bytes	sha256	why
tr03-official-1/1793-base-cell-b-pack-normal-s1-r1/reference-10ms-differences.json.gz	23	f1101f8233b16d980af348db666cbdb1b9772fa79c6fa8d7d6d9550c1f6a546d	not a metric of this report
tr03-official-1/1793-base-cell-b-pack-normal-s1-r1/trace.jsonl.gz	73693487	dd446ac40d180fdaaf5c3ca89cd30bfefa6534e62fdf5b314cf3e80dae1762d4	too large (trace)
tr03-official-1/1794-base-cell-b-pack-normal-s1-r2/reference-10ms-differences.json.gz	23	f1101f8233b16d980af348db666cbdb1b9772fa79c6fa8d7d6d9550c1f6a546d	not a metric of this report
tr03-official-1/1794-base-cell-b-pack-normal-s1-r2/trace.jsonl.gz	73693487	dd446ac40d180fdaaf5c3ca89cd30bfefa6534e62fdf5b314cf3e80dae1762d4	too large (trace)
tr03-official-1/1795-base-cell-b-pack-normal-s2-r1/reference-10ms-differences.json.gz	23	f1101f8233b16d980af348db666cbdb1b9772fa79c6fa8d7d6d9550c1f6a546d	not a metric of this report
tr03-official-1/1795-base-cell-b-pack-normal-s2-r1/trace.jsonl.gz	73642371	628f7febfc51c875b65475feae111d26ba33446b986699c4d7ea6a024d42816a	too large (trace)
tr03-official-1/1796-base-cell-b-pack-normal-s2-r2/reference-10ms-differences.json.gz	23	f1101f8233b16d980af348db666cbdb1b9772fa79c6fa8d7d6d9550c1f6a546d	not a metric of this report
tr03-official-1/1796-base-cell-b-pack-normal-s2-r2/trace.jsonl.gz	73642371	628f7febfc51c875b65475feae111d26ba33446b986699c4d7ea6a024d42816a	too large (trace)
tr03-official-1/1797-base-cell-b-pack-normal-s3-r1/reference-10ms-differences.json.gz	23	f1101f8233b16d980af348db666cbdb1b9772fa79c6fa8d7d6d9550c1f6a546d	not a metric of this report
tr03-official-1/1797-base-cell-b-pack-normal-s3-r1/trace.jsonl.gz	73447912	5bfff0fdf149141785a234c3d203ef1432e4b35c37ffe823fe624ca7a311d6a0	too large (trace)
tr03-official-1/1798-base-cell-b-pack-normal-s3-r2/reference-10ms-differences.json.gz	23	f1101f8233b16d980af348db666cbdb1b9772fa79c6fa8d7d6d9550c1f6a546d	not a metric of this report
tr03-official-1/1798-base-cell-b-pack-normal-s3-r2/trace.jsonl.gz	73447912	5bfff0fdf149141785a234c3d203ef1432e4b35c37ffe823fe624ca7a311d6a0	too large (trace)
tr03-official-1/1799-base-cell-b-pack-cycle-stop-r1/reference-10ms-differences.json.gz	23	f1101f8233b16d980af348db666cbdb1b9772fa79c6fa8d7d6d9550c1f6a546d	not a metric of this report
tr03-official-1/1799-base-cell-b-pack-cycle-stop-r1/trace.jsonl.gz	2575342	f486076987a8e31492ddaa6e4cd5acef0bd519d894cca2ed525bbabcb65ff389	too large (trace)
tr03-official-1/1800-base-cell-b-pack-cycle-stop-r2/reference-10ms-differences.json.gz	23	f1101f8233b16d980af348db666cbdb1b9772fa79c6fa8d7d6d9550c1f6a546d	not a metric of this report
tr03-official-1/1800-base-cell-b-pack-cycle-stop-r2/trace.jsonl.gz	2575342	f486076987a8e31492ddaa6e4cd5acef0bd519d894cca2ed525bbabcb65ff389	too large (trace)
tr03-official-1/1801-base-cell-b-pack-curtain-r1/reference-10ms-differences.json.gz	23	f1101f8233b16d980af348db666cbdb1b9772fa79c6fa8d7d6d9550c1f6a546d	not a metric of this report
tr03-official-1/1801-base-cell-b-pack-curtain-r1/trace.jsonl.gz	1976663	f085d427f1b2b8c0c2ec38bb564772a51b05c3b6176bfd5d48907ab04f099a53	too large (trace)
tr03-official-1/1802-base-cell-b-pack-curtain-r2/reference-10ms-differences.json.gz	23	f1101f8233b16d980af348db666cbdb1b9772fa79c6fa8d7d6d9550c1f6a546d	not a metric of this report
tr03-official-1/1802-base-cell-b-pack-curtain-r2/trace.jsonl.gz	1976663	f085d427f1b2b8c0c2ec38bb564772a51b05c3b6176bfd5d48907ab04f099a53	too large (trace)
tr03-official-1/1803-base-cell-b-pack-packfault-r1/reference-10ms-differences.json.gz	23	f1101f8233b16d980af348db666cbdb1b9772fa79c6fa8d7d6d9550c1f6a546d	not a metric of this report
tr03-official-1/1803-base-cell-b-pack-packfault-r1/trace.jsonl.gz	32535287	ca0bb4d9632989f5bfcf1e803f26835c74d7c1efececf311d570ea6b7a40b600	too large (trace)
tr03-official-1/1804-base-cell-b-pack-packfault-r2/reference-10ms-differences.json.gz	23	f1101f8233b16d980af348db666cbdb1b9772fa79c6fa8d7d6d9550c1f6a546d	not a metric of this report
tr03-official-1/1804-base-cell-b-pack-packfault-r2/trace.jsonl.gz	32535287	ca0bb4d9632989f5bfcf1e803f26835c74d7c1efececf311d570ea6b7a40b600	too large (trace)
tr03-official-1/1805-cell-b-pack-0001-normal-s1/reference-10ms-differences.json.gz	23	f1101f8233b16d980af348db666cbdb1b9772fa79c6fa8d7d6d9550c1f6a546d	not a metric of this report
tr03-official-1/1805-cell-b-pack-0001-normal-s1/trace.jsonl.gz	73696788	8c2556019e6cfe9445c570722cba1b0a0a314ccba122e1ed303c9d93caa4ba12	too large (trace)
tr03-official-1/1806-cell-b-pack-0001-normal-s2/reference-10ms-differences.json.gz	23	f1101f8233b16d980af348db666cbdb1b9772fa79c6fa8d7d6d9550c1f6a546d	not a metric of this report
tr03-official-1/1806-cell-b-pack-0001-normal-s2/trace.jsonl.gz	73635571	5823134e82e1cf76ade6035cbaf16fd6a2740318c9f3ef8ff5b28c358fd58674	too large (trace)
tr03-official-1/1807-cell-b-pack-0001-normal-s3/reference-10ms-differences.json.gz	23	f1101f8233b16d980af348db666cbdb1b9772fa79c6fa8d7d6d9550c1f6a546d	not a metric of this report
tr03-official-1/1807-cell-b-pack-0001-normal-s3/trace.jsonl.gz	73462823	c4fe6cb4199edb3c07bfe15fd1ea2cb03e082c4ba8e8c29b13fb2a91c85e67e8	too large (trace)
tr03-official-1/1808-cell-b-pack-0001-cycle-stop/reference-10ms-differences.json.gz	23	f1101f8233b16d980af348db666cbdb1b9772fa79c6fa8d7d6d9550c1f6a546d	not a metric of this report
tr03-official-1/1808-cell-b-pack-0001-cycle-stop/trace.jsonl.gz	2575179	792964ea3daff6fddfeef179bdb0891f9ff83d900c16a27435b03c016d7db740	too large (trace)
tr03-official-1/1809-cell-b-pack-0001-curtain/reference-10ms-differences.json.gz	23	f1101f8233b16d980af348db666cbdb1b9772fa79c6fa8d7d6d9550c1f6a546d	not a metric of this report
tr03-official-1/1809-cell-b-pack-0001-curtain/trace.jsonl.gz	1980653	b9351522bd6a89b3f7c05e1487d15cb6f7828fe3b1e6dae9c260327f9d7cf58e	too large (trace)
tr03-official-1/1810-cell-b-pack-0001-packfault/reference-10ms-differences.json.gz	23	f1101f8233b16d980af348db666cbdb1b9772fa79c6fa8d7d6d9550c1f6a546d	not a metric of this report
tr03-official-1/1810-cell-b-pack-0001-packfault/trace.jsonl.gz	32539685	661c5a9ff30d0016074528c586af839e4cb1f28857782b4bdbdb1188d2aa2059	too large (trace)
tr03-official-1/1811-cell-b-pack-0009-normal-s1/reference-10ms-differences.json.gz	23	f1101f8233b16d980af348db666cbdb1b9772fa79c6fa8d7d6d9550c1f6a546d	not a metric of this report
tr03-official-1/1811-cell-b-pack-0009-normal-s1/trace.jsonl.gz	73698335	8c1ff9fa358ab00f79547a8f0526e862328215e2f1cea6e5d0083645c65ca205	too large (trace)
tr03-official-1/1812-cell-b-pack-0009-normal-s2/reference-10ms-differences.json.gz	23	f1101f8233b16d980af348db666cbdb1b9772fa79c6fa8d7d6d9550c1f6a546d	not a metric of this report
tr03-official-1/1812-cell-b-pack-0009-normal-s2/trace.jsonl.gz	73638400	5c01b9537b43ec8c7a99176219aaaa050dfe8ff106319d71c384cb46d8e2fc06	too large (trace)
tr03-official-1/1813-cell-b-pack-0009-normal-s3/reference-10ms-differences.json.gz	23	f1101f8233b16d980af348db666cbdb1b9772fa79c6fa8d7d6d9550c1f6a546d	not a metric of this report
tr03-official-1/1813-cell-b-pack-0009-normal-s3/trace.jsonl.gz	73450355	39339e8d2e69bf0d4282fe678a0db293b847b433c5d76ed29fcc40028ebeb3ec	too large (trace)
tr03-official-1/1814-cell-b-pack-0009-cycle-stop/reference-10ms-differences.json.gz	23	f1101f8233b16d980af348db666cbdb1b9772fa79c6fa8d7d6d9550c1f6a546d	not a metric of this report
tr03-official-1/1814-cell-b-pack-0009-cycle-stop/trace.jsonl.gz	2580301	249eb2b7e9ea71e7e51aa3bd9a112c6cac35caedebde72944e5d4dbf292ae9ff	too large (trace)
tr03-official-1/1815-cell-b-pack-0009-curtain/reference-10ms-differences.json.gz	23	f1101f8233b16d980af348db666cbdb1b9772fa79c6fa8d7d6d9550c1f6a546d	not a metric of this report
tr03-official-1/1815-cell-b-pack-0009-curtain/trace.jsonl.gz	1983208	b1d081df9f0091e7b9bebcc7623333ec919f1d081f146fbb1a6f243c0c40312e	too large (trace)
tr03-official-1/1816-cell-b-pack-0009-packfault/reference-10ms-differences.json.gz	23	f1101f8233b16d980af348db666cbdb1b9772fa79c6fa8d7d6d9550c1f6a546d	not a metric of this report
tr03-official-1/1816-cell-b-pack-0009-packfault/trace.jsonl.gz	32545270	34857eaac181e14c3ea168bec6733ab2c4e5c741a81287f75072f4079cc53cc9	too large (trace)
tr03-official-1/1817-cell-b-pack-0010-normal-s1/reference-10ms-differences.json.gz	23	f1101f8233b16d980af348db666cbdb1b9772fa79c6fa8d7d6d9550c1f6a546d	not a metric of this report
tr03-official-1/1817-cell-b-pack-0010-normal-s1/trace.jsonl.gz	73695540	0a3292e41f24ef1cc9584e6ed08bb61f28b2d76bfc33eef7502c60f6dc92b2e1	too large (trace)
tr03-official-1/1818-cell-b-pack-0010-normal-s2/reference-10ms-differences.json.gz	23	f1101f8233b16d980af348db666cbdb1b9772fa79c6fa8d7d6d9550c1f6a546d	not a metric of this report
tr03-official-1/1818-cell-b-pack-0010-normal-s2/trace.jsonl.gz	73626299	8ff24aa1d16d0f25fc33e812a9cfd079d4c295e8cf8d9466edf6c58d448deb66	too large (trace)
tr03-official-1/1819-cell-b-pack-0010-normal-s3/reference-10ms-differences.json.gz	23	f1101f8233b16d980af348db666cbdb1b9772fa79c6fa8d7d6d9550c1f6a546d	not a metric of this report
tr03-official-1/1819-cell-b-pack-0010-normal-s3/trace.jsonl.gz	73454170	da21cc4e4db76b5d1f6572cf2341b3815aeb6df76bb7b1cf69cbf875195e65d8	too large (trace)
tr03-official-1/1820-cell-b-pack-0010-cycle-stop/reference-10ms-differences.json.gz	23	f1101f8233b16d980af348db666cbdb1b9772fa79c6fa8d7d6d9550c1f6a546d	not a metric of this report
tr03-official-1/1820-cell-b-pack-0010-cycle-stop/trace.jsonl.gz	2568982	246914e0bace8ffc3866989564620aea5ed682599b29adbed5b28ec2608529f2	too large (trace)
tr03-official-1/1821-cell-b-pack-0010-curtain/reference-10ms-differences.json.gz	23	f1101f8233b16d980af348db666cbdb1b9772fa79c6fa8d7d6d9550c1f6a546d	not a metric of this report
tr03-official-1/1821-cell-b-pack-0010-curtain/trace.jsonl.gz	1973205	a8ee9a0b51fb99e7e7581a28eb31efb45e36ad08635248bd0219ab6bd61b7f38	too large (trace)
tr03-official-1/1822-cell-b-pack-0010-packfault/reference-10ms-differences.json.gz	23	f1101f8233b16d980af348db666cbdb1b9772fa79c6fa8d7d6d9550c1f6a546d	not a metric of this report
tr03-official-1/1822-cell-b-pack-0010-packfault/trace.jsonl.gz	32536218	96ee98c57ba495b289603d5a7755a74f4acfa97c6192a24cf89802eb867f1e5c	too large (trace)
tr03-official-1/1823-cell-b-pack-0014-normal-s1/reference-10ms-differences.json.gz	221100	5d77e098590316bd7f59ab06443bbb206ba1de4673b6bfff1d2825c4d76b3332	not a metric of this report
tr03-official-1/1823-cell-b-pack-0014-normal-s1/trace.jsonl.gz	18637956	dbbcad591a988f3d6d39dcc47c2c97b9c3309393320230a97f871a359187f4e4	too large (trace)
tr03-official-1/1824-cell-b-pack-0014-normal-s2/reference-10ms-differences.json.gz	221100	5d77e098590316bd7f59ab06443bbb206ba1de4673b6bfff1d2825c4d76b3332	not a metric of this report
tr03-official-1/1824-cell-b-pack-0014-normal-s2/trace.jsonl.gz	18611993	69b28546ddfb4b5dbdf1cdc9b8fe0627008e881ccb204b8da2d87a921ab3d1c1	too large (trace)
tr03-official-1/1825-cell-b-pack-0014-normal-s3/reference-10ms-differences.json.gz	221100	5d77e098590316bd7f59ab06443bbb206ba1de4673b6bfff1d2825c4d76b3332	not a metric of this report
tr03-official-1/1825-cell-b-pack-0014-normal-s3/trace.jsonl.gz	18551467	8a7cae3f9fb483f237f84148497a49c45e12ea42cbb714eb9647b0bb8e82aa16	too large (trace)
tr03-official-1/1826-cell-b-pack-0014-cycle-stop/reference-10ms-differences.json.gz	26893	252921b8fd389c8e9b96bea92cd07253ad08b7da2ca580bc92673cbcd68821c2	not a metric of this report
tr03-official-1/1826-cell-b-pack-0014-cycle-stop/trace.jsonl.gz	2204490	338c41345723578d75057eba8b37675d8922955479f6f8d7f5dd161fdd59c49d	too large (trace)
tr03-official-1/1827-cell-b-pack-0014-curtain/reference-10ms-differences.json.gz	22270	5e7e0350a051f21b38237d0f174367d35b5e22d882a1a8e79c2b765096c6339e	not a metric of this report
tr03-official-1/1827-cell-b-pack-0014-curtain/trace.jsonl.gz	1829689	aed6e1623dc31f260a5df1bd2a8b6273cad649a54109d11d8eb44fc240b7492c	too large (trace)
tr03-official-1/1828-cell-b-pack-0014-packfault/reference-10ms-differences.json.gz	136094	bb7a803c7010f0f4c2d6c679fb82b9711e887243ea0b3073d28b59b2bd8c92bd	not a metric of this report
tr03-official-1/1828-cell-b-pack-0014-packfault/trace.jsonl.gz	11108413	ec07f27828ec1b84c6f7e7a336f9218159dad4569a3c22f7cd83cf4dce0498ce	too large (trace)
tr03-official-1/1829-cell-b-pack-0018-normal-s1/reference-10ms-differences.json.gz	221100	5d77e098590316bd7f59ab06443bbb206ba1de4673b6bfff1d2825c4d76b3332	not a metric of this report
tr03-official-1/1829-cell-b-pack-0018-normal-s1/trace.jsonl.gz	18651001	3c43099e44455bdf66a80025738ec50006fbe2a6036456c181b012e70bef34b1	too large (trace)
tr03-official-1/1830-cell-b-pack-0018-normal-s2/reference-10ms-differences.json.gz	221100	5d77e098590316bd7f59ab06443bbb206ba1de4673b6bfff1d2825c4d76b3332	not a metric of this report
tr03-official-1/1830-cell-b-pack-0018-normal-s2/trace.jsonl.gz	18630759	110e4f2b897a9fcac02aa8825a8802efda05b209d177442ea57f043c414df723	too large (trace)
tr03-official-1/1831-cell-b-pack-0018-normal-s3/reference-10ms-differences.json.gz	221100	5d77e098590316bd7f59ab06443bbb206ba1de4673b6bfff1d2825c4d76b3332	not a metric of this report
tr03-official-1/1831-cell-b-pack-0018-normal-s3/trace.jsonl.gz	18565151	dff7c8e98372d72bd3826140a34bd3b84b9abb0bced33881aee8ad0e23a8a361	too large (trace)
tr03-official-1/1832-cell-b-pack-0018-cycle-stop/reference-10ms-differences.json.gz	26893	252921b8fd389c8e9b96bea92cd07253ad08b7da2ca580bc92673cbcd68821c2	not a metric of this report
tr03-official-1/1832-cell-b-pack-0018-cycle-stop/trace.jsonl.gz	2197407	b92a87242038c5259374acc6618e7a3ae6aa41cba5a9afb6847ec154f99ef2e9	too large (trace)
tr03-official-1/1833-cell-b-pack-0018-curtain/reference-10ms-differences.json.gz	22270	5e7e0350a051f21b38237d0f174367d35b5e22d882a1a8e79c2b765096c6339e	not a metric of this report
tr03-official-1/1833-cell-b-pack-0018-curtain/trace.jsonl.gz	1823857	c318cb1feb1b964d5565184acb69283adf9a6c8b3d0e554209b282cc9c03bf1d	too large (trace)
tr03-official-1/1834-cell-b-pack-0018-packfault/reference-10ms-differences.json.gz	136094	bb7a803c7010f0f4c2d6c679fb82b9711e887243ea0b3073d28b59b2bd8c92bd	not a metric of this report
tr03-official-1/1834-cell-b-pack-0018-packfault/trace.jsonl.gz	11120532	6e2314a400aa6f62c94a7c4916ff4fb4925085de85b718671130d952f60c7980	too large (trace)
tr03-official-1/1835-cell-b-pack-0019-normal-s1/reference-10ms-differences.json.gz	221100	5d77e098590316bd7f59ab06443bbb206ba1de4673b6bfff1d2825c4d76b3332	not a metric of this report
tr03-official-1/1835-cell-b-pack-0019-normal-s1/trace.jsonl.gz	18628778	3b1e11a550897cb4c2d351d5d81bb8d4c828672ee1dc6aae84e74c39292c05ca	too large (trace)
tr03-official-1/1836-cell-b-pack-0019-normal-s2/reference-10ms-differences.json.gz	221100	5d77e098590316bd7f59ab06443bbb206ba1de4673b6bfff1d2825c4d76b3332	not a metric of this report
tr03-official-1/1836-cell-b-pack-0019-normal-s2/trace.jsonl.gz	18599100	82b1ba54d8f2572296de43d8b2365ec78cd7f1829c6873ff1173e02550f26857	too large (trace)
tr03-official-1/1837-cell-b-pack-0019-normal-s3/reference-10ms-differences.json.gz	221100	5d77e098590316bd7f59ab06443bbb206ba1de4673b6bfff1d2825c4d76b3332	not a metric of this report
tr03-official-1/1837-cell-b-pack-0019-normal-s3/trace.jsonl.gz	18574431	7d981bd5fffd52385fbe4400121430182f4d31235d24dd9504d7aa93c4e2f514	too large (trace)
tr03-official-1/1838-cell-b-pack-0019-cycle-stop/reference-10ms-differences.json.gz	26893	252921b8fd389c8e9b96bea92cd07253ad08b7da2ca580bc92673cbcd68821c2	not a metric of this report
tr03-official-1/1838-cell-b-pack-0019-cycle-stop/trace.jsonl.gz	2194362	65b309a535d4ae1a664eb59b5c209ed0d9ea30d1adc8d78c015c25c50a06b3fe	too large (trace)
tr03-official-1/1839-cell-b-pack-0019-curtain/reference-10ms-differences.json.gz	22270	5e7e0350a051f21b38237d0f174367d35b5e22d882a1a8e79c2b765096c6339e	not a metric of this report
tr03-official-1/1839-cell-b-pack-0019-curtain/trace.jsonl.gz	1829294	e61699ba5c89a1cd6ca698fdacbc8b1b9749347404eb2bf544812f3f385fe121	too large (trace)
tr03-official-1/1840-cell-b-pack-0019-packfault/reference-10ms-differences.json.gz	136094	bb7a803c7010f0f4c2d6c679fb82b9711e887243ea0b3073d28b59b2bd8c92bd	not a metric of this report
tr03-official-1/1840-cell-b-pack-0019-packfault/trace.jsonl.gz	11136093	3cae58e469e750f1a187c43df62622abe91cdd2963ab865a58b851c99dab562d	too large (trace)
tr03-official-1/1841-cell-b-pack-0021-normal-s1/reference-10ms-differences.json.gz	221100	5d77e098590316bd7f59ab06443bbb206ba1de4673b6bfff1d2825c4d76b3332	not a metric of this report
tr03-official-1/1841-cell-b-pack-0021-normal-s1/trace.jsonl.gz	18641397	33a7660b9d72c1c2ebc212aef2ed7300a435d9b8baed5a374edce3fc6f1fc585	too large (trace)
tr03-official-1/1842-cell-b-pack-0021-normal-s2/reference-10ms-differences.json.gz	221100	5d77e098590316bd7f59ab06443bbb206ba1de4673b6bfff1d2825c4d76b3332	not a metric of this report
tr03-official-1/1842-cell-b-pack-0021-normal-s2/trace.jsonl.gz	18581909	3c1c543c1848291afa0766420fd7eb551e725d81a06de041a6570f23f3ada65d	too large (trace)
tr03-official-1/1843-cell-b-pack-0021-normal-s3/reference-10ms-differences.json.gz	221100	5d77e098590316bd7f59ab06443bbb206ba1de4673b6bfff1d2825c4d76b3332	not a metric of this report
tr03-official-1/1843-cell-b-pack-0021-normal-s3/trace.jsonl.gz	18582945	ef7d879301112dba4702ff5b4491b26f90e20885c0bdca42315cd2cb73968a60	too large (trace)
tr03-official-1/1844-cell-b-pack-0021-cycle-stop/reference-10ms-differences.json.gz	26893	252921b8fd389c8e9b96bea92cd07253ad08b7da2ca580bc92673cbcd68821c2	not a metric of this report
tr03-official-1/1844-cell-b-pack-0021-cycle-stop/trace.jsonl.gz	2194708	8460a27d889d9dd7f0a65b2f182f51f721e4306c679807ba57453521a4da0273	too large (trace)
tr03-official-1/1845-cell-b-pack-0021-curtain/reference-10ms-differences.json.gz	22270	5e7e0350a051f21b38237d0f174367d35b5e22d882a1a8e79c2b765096c6339e	not a metric of this report
tr03-official-1/1845-cell-b-pack-0021-curtain/trace.jsonl.gz	1823750	54699881babdff91579641370e010bab12f9d6f5d00164d52ae9306914b8bbd8	too large (trace)
tr03-official-1/1846-cell-b-pack-0021-packfault/reference-10ms-differences.json.gz	136094	bb7a803c7010f0f4c2d6c679fb82b9711e887243ea0b3073d28b59b2bd8c92bd	not a metric of this report
tr03-official-1/1846-cell-b-pack-0021-packfault/trace.jsonl.gz	11110564	b5bc0b8236f0e380a6cb163b7e64e0f2069c97233be684d74c0f9b76b2c9d127	too large (trace)
tr03-official-1/1847-cell-b-pack-0025-normal-s1/reference-10ms-differences.json.gz	23	f1101f8233b16d980af348db666cbdb1b9772fa79c6fa8d7d6d9550c1f6a546d	not a metric of this report
tr03-official-1/1847-cell-b-pack-0025-normal-s1/trace.jsonl.gz	73697945	b3b4ad1335612e911bef81600955f9a8e0b28722ff6f6c1d3b61869bbf159fae	too large (trace)
tr03-official-1/1848-cell-b-pack-0025-normal-s2/reference-10ms-differences.json.gz	23	f1101f8233b16d980af348db666cbdb1b9772fa79c6fa8d7d6d9550c1f6a546d	not a metric of this report
tr03-official-1/1848-cell-b-pack-0025-normal-s2/trace.jsonl.gz	73622038	a2a7ebe0b235935d02fa26e64c4699bdfbd140314fa6fae88cbf7cffee87c4f3	too large (trace)
tr03-official-1/1849-cell-b-pack-0025-normal-s3/reference-10ms-differences.json.gz	23	f1101f8233b16d980af348db666cbdb1b9772fa79c6fa8d7d6d9550c1f6a546d	not a metric of this report
tr03-official-1/1849-cell-b-pack-0025-normal-s3/trace.jsonl.gz	73447982	3dccfd5544d87473c02f243ac2035ce056f1412003c7ab40a40e901fecf4827e	too large (trace)
tr03-official-1/1850-cell-b-pack-0025-cycle-stop/reference-10ms-differences.json.gz	23	f1101f8233b16d980af348db666cbdb1b9772fa79c6fa8d7d6d9550c1f6a546d	not a metric of this report
tr03-official-1/1850-cell-b-pack-0025-cycle-stop/trace.jsonl.gz	2576734	d79581e1de6493d635a8110998cb3c355d55e519c1d1e27273a32045c470b2ad	too large (trace)
tr03-official-1/1851-cell-b-pack-0025-curtain/reference-10ms-differences.json.gz	23	f1101f8233b16d980af348db666cbdb1b9772fa79c6fa8d7d6d9550c1f6a546d	not a metric of this report
tr03-official-1/1851-cell-b-pack-0025-curtain/trace.jsonl.gz	1974985	dbb0d1198be36ba701b749901d9c04fdbd446b1999fadd8f3906afae1ed75228	too large (trace)
tr03-official-1/1852-cell-b-pack-0025-packfault/reference-10ms-differences.json.gz	23	f1101f8233b16d980af348db666cbdb1b9772fa79c6fa8d7d6d9550c1f6a546d	not a metric of this report
tr03-official-1/1852-cell-b-pack-0025-packfault/trace.jsonl.gz	32538699	c280b1c033cf4ce3a430b614fd52c3c5d4ef8623ebb92db082e6693174c9114d	too large (trace)
tr03-official-1/1853-cell-b-pack-0030-normal-s1/reference-10ms-differences.json.gz	23	f1101f8233b16d980af348db666cbdb1b9772fa79c6fa8d7d6d9550c1f6a546d	not a metric of this report
tr03-official-1/1853-cell-b-pack-0030-normal-s1/trace.jsonl.gz	73701712	bedb6d5bc6100cb28e7e662372f2168b4f216e4f5625ca96c54bce5fecc184cf	too large (trace)
tr03-official-1/1854-cell-b-pack-0030-normal-s2/reference-10ms-differences.json.gz	23	f1101f8233b16d980af348db666cbdb1b9772fa79c6fa8d7d6d9550c1f6a546d	not a metric of this report
tr03-official-1/1854-cell-b-pack-0030-normal-s2/trace.jsonl.gz	73644435	5753743506a1ad9bc262b0f06dbb093da56652ca8a11be7db6e0b698f76fb922	too large (trace)
tr03-official-1/1855-cell-b-pack-0030-normal-s3/reference-10ms-differences.json.gz	23	f1101f8233b16d980af348db666cbdb1b9772fa79c6fa8d7d6d9550c1f6a546d	not a metric of this report
tr03-official-1/1855-cell-b-pack-0030-normal-s3/trace.jsonl.gz	73438837	1807e3ce5810487dc33de034a14b90de24675f8eac708ca9cdebd33e6db08526	too large (trace)
tr03-official-1/1856-cell-b-pack-0030-cycle-stop/reference-10ms-differences.json.gz	23	f1101f8233b16d980af348db666cbdb1b9772fa79c6fa8d7d6d9550c1f6a546d	not a metric of this report
tr03-official-1/1856-cell-b-pack-0030-cycle-stop/trace.jsonl.gz	2583955	9f6c1700d200f878977bff0edde4f9a26af64210ed796ebfbad8845f8ac2b48e	too large (trace)
tr03-official-1/1857-cell-b-pack-0030-curtain/reference-10ms-differences.json.gz	23	f1101f8233b16d980af348db666cbdb1b9772fa79c6fa8d7d6d9550c1f6a546d	not a metric of this report
tr03-official-1/1857-cell-b-pack-0030-curtain/trace.jsonl.gz	1985096	b626f2aca2872e8c6a8b8d3e8834f9046bd8e891017b375a988fdcceca83360c	too large (trace)
tr03-official-1/1858-cell-b-pack-0030-packfault/reference-10ms-differences.json.gz	23	f1101f8233b16d980af348db666cbdb1b9772fa79c6fa8d7d6d9550c1f6a546d	not a metric of this report
tr03-official-1/1858-cell-b-pack-0030-packfault/trace.jsonl.gz	32544309	6fc7f1210ba29d147d478281faef5625601474538dae154ac47a3106b0e42dca	too large (trace)
tr03-official-1/1859-cell-b-pack-0033-normal-s1/reference-10ms-differences.json.gz	223972	e2bc0424a58b582b9a443c01acc781ab06cacfcb6669a4468d4a4982cbcd0302	not a metric of this report
tr03-official-1/1859-cell-b-pack-0033-normal-s1/trace.jsonl.gz	18804335	33546e9228a746eaab3db4a243bed995b7ad812b77a430909402c30fd3935e32	too large (trace)
tr03-official-1/1860-cell-b-pack-0033-normal-s2/reference-10ms-differences.json.gz	223972	e2bc0424a58b582b9a443c01acc781ab06cacfcb6669a4468d4a4982cbcd0302	not a metric of this report
tr03-official-1/1860-cell-b-pack-0033-normal-s2/trace.jsonl.gz	18760481	f9a46673c38435c535c7a5193ffc420ea236823cfe3303149ee4c53479e3c274	too large (trace)
tr03-official-1/1861-cell-b-pack-0033-normal-s3/reference-10ms-differences.json.gz	223972	e2bc0424a58b582b9a443c01acc781ab06cacfcb6669a4468d4a4982cbcd0302	not a metric of this report
tr03-official-1/1861-cell-b-pack-0033-normal-s3/trace.jsonl.gz	18740167	42cf769edde8de1e24d8a492a0dc9bdd2b50efbac654166d7af9bae8efab9000	too large (trace)
tr03-official-1/1862-cell-b-pack-0033-cycle-stop/reference-10ms-differences.json.gz	29680	4b406307e489a0f552503c4cd0a95727c72869ce15892e16faf998bcd4400610	not a metric of this report
tr03-official-1/1862-cell-b-pack-0033-cycle-stop/trace.jsonl.gz	2215342	b8d5962e4a99343e66e4b08507ece9d10297896e60773aa777652f74ae536146	too large (trace)
tr03-official-1/1863-cell-b-pack-0033-curtain/reference-10ms-differences.json.gz	25170	92c8aef6f9e0f5305c8df4dad6a35fa409da1500b845d7d989862e8ac1000c60	not a metric of this report
tr03-official-1/1863-cell-b-pack-0033-curtain/trace.jsonl.gz	1847097	31068ff5cba8db5ff5acc0af03a96ddbb924a2f16ad4c96737f694bdf4274303	too large (trace)
tr03-official-1/1864-cell-b-pack-0033-packfault/reference-10ms-differences.json.gz	138726	0246ce852c8b5724032787249011e1763db167311edce297b6fff0f7a6edaed6	not a metric of this report
tr03-official-1/1864-cell-b-pack-0033-packfault/trace.jsonl.gz	11222032	f1febf6356d53f82475a431847c2ea08a70ad821c9caeb2cdd9466cac6433cd7	too large (trace)
tr03-official-1/1865-cell-b-pack-0034-normal-s1/reference-10ms-differences.json.gz	221100	5d77e098590316bd7f59ab06443bbb206ba1de4673b6bfff1d2825c4d76b3332	not a metric of this report
tr03-official-1/1865-cell-b-pack-0034-normal-s1/trace.jsonl.gz	18644118	f0a01fdcb00a1a048def1684a9457fa4e39d5f2a684a99cf83c17c3a8b48d3f1	too large (trace)
tr03-official-1/1866-cell-b-pack-0034-normal-s2/reference-10ms-differences.json.gz	221100	5d77e098590316bd7f59ab06443bbb206ba1de4673b6bfff1d2825c4d76b3332	not a metric of this report
tr03-official-1/1866-cell-b-pack-0034-normal-s2/trace.jsonl.gz	18609314	4083d9e97a04efb43a74ff1cd16d2dfa99c2d98ef609e108aba73a040fafd68c	too large (trace)
tr03-official-1/1867-cell-b-pack-0034-normal-s3/reference-10ms-differences.json.gz	221100	5d77e098590316bd7f59ab06443bbb206ba1de4673b6bfff1d2825c4d76b3332	not a metric of this report
tr03-official-1/1867-cell-b-pack-0034-normal-s3/trace.jsonl.gz	18539724	4e9cabf87b9aa01f6fd197dae118d37376b30ee49d0237b2dffe36cf3db3fcd3	too large (trace)
tr03-official-1/1868-cell-b-pack-0034-cycle-stop/reference-10ms-differences.json.gz	26893	252921b8fd389c8e9b96bea92cd07253ad08b7da2ca580bc92673cbcd68821c2	not a metric of this report
tr03-official-1/1868-cell-b-pack-0034-cycle-stop/trace.jsonl.gz	2191987	20da9288b5ef65940346529b567171128ade4f5f588776bb00cf0a7b17f3f346	too large (trace)
tr03-official-1/1869-cell-b-pack-0034-curtain/reference-10ms-differences.json.gz	22270	5e7e0350a051f21b38237d0f174367d35b5e22d882a1a8e79c2b765096c6339e	not a metric of this report
tr03-official-1/1869-cell-b-pack-0034-curtain/trace.jsonl.gz	1827452	f6b17fa6d1e102293982d6dabd3d41af87eb48e667e647aed1b746675d587683	too large (trace)
tr03-official-1/1870-cell-b-pack-0034-packfault/reference-10ms-differences.json.gz	136094	bb7a803c7010f0f4c2d6c679fb82b9711e887243ea0b3073d28b59b2bd8c92bd	not a metric of this report
tr03-official-1/1870-cell-b-pack-0034-packfault/trace.jsonl.gz	11130478	56e868296be1cb11917f7df08de33f0cda73a7ab4cf9e4ebb560ff631e4593df	too large (trace)
tr03-official-1/1871-cell-b-pack-0037-normal-s1/reference-10ms-differences.json.gz	23	f1101f8233b16d980af348db666cbdb1b9772fa79c6fa8d7d6d9550c1f6a546d	not a metric of this report
tr03-official-1/1871-cell-b-pack-0037-normal-s1/trace.jsonl.gz	73687881	51d66253591906cc10a786f78713be638ded66c037ad3f98ec579e997a4b7a08	too large (trace)
tr03-official-1/1872-cell-b-pack-0037-normal-s2/reference-10ms-differences.json.gz	23	f1101f8233b16d980af348db666cbdb1b9772fa79c6fa8d7d6d9550c1f6a546d	not a metric of this report
tr03-official-1/1872-cell-b-pack-0037-normal-s2/trace.jsonl.gz	73630857	468b01b56eaf28fb05ea1f077438ab5b9963effe5c6bbec9405dcd1d444735a1	too large (trace)
tr03-official-1/1873-cell-b-pack-0037-normal-s3/reference-10ms-differences.json.gz	23	f1101f8233b16d980af348db666cbdb1b9772fa79c6fa8d7d6d9550c1f6a546d	not a metric of this report
tr03-official-1/1873-cell-b-pack-0037-normal-s3/trace.jsonl.gz	73444109	545a57766482038d84013934777ade7f09bd4344814a7595fe2bece4ea07a3b4	too large (trace)
tr03-official-1/1874-cell-b-pack-0037-cycle-stop/reference-10ms-differences.json.gz	23	f1101f8233b16d980af348db666cbdb1b9772fa79c6fa8d7d6d9550c1f6a546d	not a metric of this report
tr03-official-1/1874-cell-b-pack-0037-cycle-stop/trace.jsonl.gz	2585431	94c5da7ff278d17f7b1c6c850e04d8140b5ee930fe2f26bbbf4f4df54771fe7a	too large (trace)
tr03-official-1/1875-cell-b-pack-0037-curtain/reference-10ms-differences.json.gz	23	f1101f8233b16d980af348db666cbdb1b9772fa79c6fa8d7d6d9550c1f6a546d	not a metric of this report
tr03-official-1/1875-cell-b-pack-0037-curtain/trace.jsonl.gz	1979386	a9501d462ec554e656f10f803944489348b4d1bbf7dd0da3bad9128dc72db825	too large (trace)
tr03-official-1/1876-cell-b-pack-0037-packfault/reference-10ms-differences.json.gz	95587	1a8244919ca5b1822f986d6fbb8d0911e8ac6cd577054dc158229238643b0e56	not a metric of this report
tr03-official-1/1876-cell-b-pack-0037-packfault/trace.jsonl.gz	32543678	c946d6f86fce376bd4cbcefb897ca19b78d696924b56e332bba895d97df47110	too large (trace)
tr03-official-1/1877-cell-b-pack-0038-normal-s1/reference-10ms-differences.json.gz	23	f1101f8233b16d980af348db666cbdb1b9772fa79c6fa8d7d6d9550c1f6a546d	not a metric of this report
tr03-official-1/1877-cell-b-pack-0038-normal-s1/trace.jsonl.gz	73701480	5dc93eb3c65520b16903e6349533e103eb397cedffd5e1f7f467f4aa0d7c5b1e	too large (trace)
tr03-official-1/1878-cell-b-pack-0038-normal-s2/reference-10ms-differences.json.gz	23	f1101f8233b16d980af348db666cbdb1b9772fa79c6fa8d7d6d9550c1f6a546d	not a metric of this report
tr03-official-1/1878-cell-b-pack-0038-normal-s2/trace.jsonl.gz	73635140	8cd271aa78a9e900df98c402d0d9916d4d9863979b7059070e8af4cf1853ad30	too large (trace)
tr03-official-1/1879-cell-b-pack-0038-normal-s3/reference-10ms-differences.json.gz	23	f1101f8233b16d980af348db666cbdb1b9772fa79c6fa8d7d6d9550c1f6a546d	not a metric of this report
tr03-official-1/1879-cell-b-pack-0038-normal-s3/trace.jsonl.gz	73452135	fe3ea4db9164ade77a29ab7db51ac8cf635d5d95a96b37d80f4c061a2df0e7b7	too large (trace)
tr03-official-1/1880-cell-b-pack-0038-cycle-stop/reference-10ms-differences.json.gz	23	f1101f8233b16d980af348db666cbdb1b9772fa79c6fa8d7d6d9550c1f6a546d	not a metric of this report
tr03-official-1/1880-cell-b-pack-0038-cycle-stop/trace.jsonl.gz	2580883	d6a27ab2a0b8958a99c30e6da764cd79356c6d54176cfa1c14dfc4020203fa97	too large (trace)
tr03-official-1/1881-cell-b-pack-0038-curtain/reference-10ms-differences.json.gz	23	f1101f8233b16d980af348db666cbdb1b9772fa79c6fa8d7d6d9550c1f6a546d	not a metric of this report
tr03-official-1/1881-cell-b-pack-0038-curtain/trace.jsonl.gz	1979198	5c7aedd0d9154630af9918642f780509691203cb6f483eff0674f3dc8b69edc9	too large (trace)
tr03-official-1/1882-cell-b-pack-0038-packfault/reference-10ms-differences.json.gz	23	f1101f8233b16d980af348db666cbdb1b9772fa79c6fa8d7d6d9550c1f6a546d	not a metric of this report
tr03-official-1/1882-cell-b-pack-0038-packfault/trace.jsonl.gz	32544110	88d04b2fb21c15f6435668c3ebecc64a9d9a0246959704c6aa20bcbe1b85e5d3	too large (trace)
tr03-official-1/1883-cell-b-pack-0039-normal-s1/reference-10ms-differences.json.gz	23	f1101f8233b16d980af348db666cbdb1b9772fa79c6fa8d7d6d9550c1f6a546d	not a metric of this report
tr03-official-1/1883-cell-b-pack-0039-normal-s1/trace.jsonl.gz	73709901	7519ddf020072b978765784dba6940439ea70166ceac4958357138ef493c442a	too large (trace)
tr03-official-1/1884-cell-b-pack-0039-normal-s2/reference-10ms-differences.json.gz	23	f1101f8233b16d980af348db666cbdb1b9772fa79c6fa8d7d6d9550c1f6a546d	not a metric of this report
tr03-official-1/1884-cell-b-pack-0039-normal-s2/trace.jsonl.gz	73640236	ee3acfb1b24a6f614219df813580872cfc6a4064a6bc075b3de8e7b7b2814888	too large (trace)
tr03-official-1/1885-cell-b-pack-0039-normal-s3/reference-10ms-differences.json.gz	23	f1101f8233b16d980af348db666cbdb1b9772fa79c6fa8d7d6d9550c1f6a546d	not a metric of this report
tr03-official-1/1885-cell-b-pack-0039-normal-s3/trace.jsonl.gz	73451145	d6618b91772ea7e861d4e01dee3794339d3ada6627420eb49de090ed9fa5fcfe	too large (trace)
tr03-official-1/1886-cell-b-pack-0039-cycle-stop/reference-10ms-differences.json.gz	23	f1101f8233b16d980af348db666cbdb1b9772fa79c6fa8d7d6d9550c1f6a546d	not a metric of this report
tr03-official-1/1886-cell-b-pack-0039-cycle-stop/trace.jsonl.gz	2570263	3483122b50a34259c9169403fea2d81b4fcb531ebc3473806ddf805ae5a7020c	too large (trace)
tr03-official-1/1887-cell-b-pack-0039-curtain/reference-10ms-differences.json.gz	23	f1101f8233b16d980af348db666cbdb1b9772fa79c6fa8d7d6d9550c1f6a546d	not a metric of this report
tr03-official-1/1887-cell-b-pack-0039-curtain/trace.jsonl.gz	1967305	a08c89e351d64b5542dae957cc237d1f31d4a6eeccc32a27ee038a0c0fd7d2d6	too large (trace)
tr03-official-1/1888-cell-b-pack-0039-packfault/reference-10ms-differences.json.gz	23	f1101f8233b16d980af348db666cbdb1b9772fa79c6fa8d7d6d9550c1f6a546d	not a metric of this report
tr03-official-1/1888-cell-b-pack-0039-packfault/trace.jsonl.gz	32543477	0148f380b7e6f32a1839e45e3272a6a4d23d72a191d7440ef29dab9ed093b4fc	too large (trace)
tr03-official-1/1889-cell-b-pack-0044-normal-s1/reference-10ms-differences.json.gz	23	f1101f8233b16d980af348db666cbdb1b9772fa79c6fa8d7d6d9550c1f6a546d	not a metric of this report
tr03-official-1/1889-cell-b-pack-0044-normal-s1/trace.jsonl.gz	73692086	19ee95a2a0b2cfa3eff6b3ea272a5147899b03dd9dd524401d7708a2622f3e09	too large (trace)
tr03-official-1/1890-cell-b-pack-0044-normal-s2/reference-10ms-differences.json.gz	23	f1101f8233b16d980af348db666cbdb1b9772fa79c6fa8d7d6d9550c1f6a546d	not a metric of this report
tr03-official-1/1890-cell-b-pack-0044-normal-s2/trace.jsonl.gz	73630543	30b379cb2d9247ae333aad6314e7dfdefff8d2445e34ee930b1fc89030358a30	too large (trace)
tr03-official-1/1891-cell-b-pack-0044-normal-s3/reference-10ms-differences.json.gz	23	f1101f8233b16d980af348db666cbdb1b9772fa79c6fa8d7d6d9550c1f6a546d	not a metric of this report
tr03-official-1/1891-cell-b-pack-0044-normal-s3/trace.jsonl.gz	73462033	4e948eaf044f71ff0db578b5ca9f16d27dedca0fef277f3c7e45e99dc1066622	too large (trace)
tr03-official-1/1892-cell-b-pack-0044-cycle-stop/reference-10ms-differences.json.gz	23	f1101f8233b16d980af348db666cbdb1b9772fa79c6fa8d7d6d9550c1f6a546d	not a metric of this report
tr03-official-1/1892-cell-b-pack-0044-cycle-stop/trace.jsonl.gz	2568610	0cd858246b9de181099cef4198f8eb3ae24694fa7b14a13c260175f505a6541f	too large (trace)
tr03-official-1/1893-cell-b-pack-0044-curtain/reference-10ms-differences.json.gz	23	f1101f8233b16d980af348db666cbdb1b9772fa79c6fa8d7d6d9550c1f6a546d	not a metric of this report
tr03-official-1/1893-cell-b-pack-0044-curtain/trace.jsonl.gz	1970764	b36c9f37cff724e59f9dcbcfacd6bf11a1de7428fcf9e6936204383040de9fa9	too large (trace)
tr03-official-1/1894-cell-b-pack-0044-packfault/reference-10ms-differences.json.gz	23	f1101f8233b16d980af348db666cbdb1b9772fa79c6fa8d7d6d9550c1f6a546d	not a metric of this report
tr03-official-1/1894-cell-b-pack-0044-packfault/trace.jsonl.gz	32533450	23f376937fdbdbe217a12610a7bb5b1c1cfb3f3cbaf543bf55e4c15ae339edee	too large (trace)
tr03-official-1/1895-cell-b-pack-0046-normal-s1/reference-10ms-differences.json.gz	23	f1101f8233b16d980af348db666cbdb1b9772fa79c6fa8d7d6d9550c1f6a546d	not a metric of this report
tr03-official-1/1895-cell-b-pack-0046-normal-s1/trace.jsonl.gz	73706958	7d00c6e8c909a53e1083768398f00cac4008753da602c1785ed4ab78331643bd	too large (trace)
tr03-official-1/1896-cell-b-pack-0046-normal-s2/reference-10ms-differences.json.gz	23	f1101f8233b16d980af348db666cbdb1b9772fa79c6fa8d7d6d9550c1f6a546d	not a metric of this report
tr03-official-1/1896-cell-b-pack-0046-normal-s2/trace.jsonl.gz	73642154	a36b2e30875ca089aadab78a38946acdbe32238ba526b788d29009a5f380d204	too large (trace)
tr03-official-1/1897-cell-b-pack-0046-normal-s3/reference-10ms-differences.json.gz	23	f1101f8233b16d980af348db666cbdb1b9772fa79c6fa8d7d6d9550c1f6a546d	not a metric of this report
tr03-official-1/1897-cell-b-pack-0046-normal-s3/trace.jsonl.gz	73457447	97a5ee93129de64bebccda5963be83dd0cc4509bb30c6659e6a9075e24c69522	too large (trace)
tr03-official-1/1898-cell-b-pack-0046-cycle-stop/reference-10ms-differences.json.gz	23	f1101f8233b16d980af348db666cbdb1b9772fa79c6fa8d7d6d9550c1f6a546d	not a metric of this report
tr03-official-1/1898-cell-b-pack-0046-cycle-stop/trace.jsonl.gz	2583568	de4f4ca255221b4066d09ac93dcb577c05c68c40475c9bc0a95454a10c5161cd	too large (trace)
tr03-official-1/1899-cell-b-pack-0046-curtain/reference-10ms-differences.json.gz	23	f1101f8233b16d980af348db666cbdb1b9772fa79c6fa8d7d6d9550c1f6a546d	not a metric of this report
tr03-official-1/1899-cell-b-pack-0046-curtain/trace.jsonl.gz	1984217	dfb595712009b7c81d262628870c6c084e40d80d130c5603e157db5de34f8186	too large (trace)
tr03-official-1/1900-cell-b-pack-0046-packfault/reference-10ms-differences.json.gz	23	f1101f8233b16d980af348db666cbdb1b9772fa79c6fa8d7d6d9550c1f6a546d	not a metric of this report
tr03-official-1/1900-cell-b-pack-0046-packfault/trace.jsonl.gz	32548487	e532d598718697b46ce907220d5e18a28988e5ce8e434cfbeb4f09822e201238	too large (trace)
tr03-official-1/1901-cell-b-pack-0047-normal-s1/reference-10ms-differences.json.gz	223749	b8ee385d1fefdb53b993bd934c0928fa04709d29a801d25ad08d2db2eacf1f76	not a metric of this report
tr03-official-1/1901-cell-b-pack-0047-normal-s1/trace.jsonl.gz	18778450	48b10f51c5d019c85fc7eae7652de53485a934494e02d75cb03b8964f5cf045a	too large (trace)
tr03-official-1/1902-cell-b-pack-0047-normal-s2/reference-10ms-differences.json.gz	223749	b8ee385d1fefdb53b993bd934c0928fa04709d29a801d25ad08d2db2eacf1f76	not a metric of this report
tr03-official-1/1902-cell-b-pack-0047-normal-s2/trace.jsonl.gz	18743118	66f768db3ff1d21d0391bb2137761f7cf9da216161a311b3b28f1bb9ab2a6c26	too large (trace)
tr03-official-1/1903-cell-b-pack-0047-normal-s3/reference-10ms-differences.json.gz	223749	b8ee385d1fefdb53b993bd934c0928fa04709d29a801d25ad08d2db2eacf1f76	not a metric of this report
tr03-official-1/1903-cell-b-pack-0047-normal-s3/trace.jsonl.gz	18735142	2d43931cd5093231f4e000a1ee3f3139b9b0e1365633b17aa1a43668e28af6fa	too large (trace)
tr03-official-1/1904-cell-b-pack-0047-cycle-stop/reference-10ms-differences.json.gz	29455	762979ac3fbede6089de552d4544f57dd9f5c39b8604693009b22e7a0d35e302	not a metric of this report
tr03-official-1/1904-cell-b-pack-0047-cycle-stop/trace.jsonl.gz	2214118	519464c93cd7b879c43fb856e53641f26feedc46ff333d229357de27e74fe3b5	too large (trace)
tr03-official-1/1905-cell-b-pack-0047-curtain/reference-10ms-differences.json.gz	24940	9b308b74b22cc38674f5beee2b5c18f3edd660cbeec8e9f5eb2fbc696e3b885a	not a metric of this report
tr03-official-1/1905-cell-b-pack-0047-curtain/trace.jsonl.gz	1848422	e3196f4aa98bf6545c68b8eb42152a9b4d3e9c808b86dab008443202ccd4e7ba	too large (trace)
tr03-official-1/1906-cell-b-pack-0047-packfault/reference-10ms-differences.json.gz	138500	b5b6d4185943deb569442988ff469c30f59ef837c57474d44ae669347f1122a7	not a metric of this report
tr03-official-1/1906-cell-b-pack-0047-packfault/trace.jsonl.gz	11214135	9023aa379b200f0db857aef4139ba0aec1621d8d09da08cad30968ad2fcde9ee	too large (trace)
tr03-official-1/1907-cell-b-pack-0048-normal-s1/reference-10ms-differences.json.gz	221100	5d77e098590316bd7f59ab06443bbb206ba1de4673b6bfff1d2825c4d76b3332	not a metric of this report
tr03-official-1/1907-cell-b-pack-0048-normal-s1/trace.jsonl.gz	18652300	3932c0317fbcc32fbbeb92615ab21935451295141305ec7e64c9c0ced5b73189	too large (trace)
tr03-official-1/1908-cell-b-pack-0048-normal-s2/reference-10ms-differences.json.gz	221100	5d77e098590316bd7f59ab06443bbb206ba1de4673b6bfff1d2825c4d76b3332	not a metric of this report
tr03-official-1/1908-cell-b-pack-0048-normal-s2/trace.jsonl.gz	18588137	0d83269332970ccbe2b51c60d1f4c6ff1b237c7fef8eb0068913189d76ab3dd8	too large (trace)
tr03-official-1/1909-cell-b-pack-0048-normal-s3/reference-10ms-differences.json.gz	221100	5d77e098590316bd7f59ab06443bbb206ba1de4673b6bfff1d2825c4d76b3332	not a metric of this report
tr03-official-1/1909-cell-b-pack-0048-normal-s3/trace.jsonl.gz	18592219	7b35e9d1af4231f5ac652371386d01f868136bb69d5b3dd642db6e49c2ed91fb	too large (trace)
tr03-official-1/1910-cell-b-pack-0048-cycle-stop/reference-10ms-differences.json.gz	26893	252921b8fd389c8e9b96bea92cd07253ad08b7da2ca580bc92673cbcd68821c2	not a metric of this report
tr03-official-1/1910-cell-b-pack-0048-cycle-stop/trace.jsonl.gz	2191504	a782209c2e68765de8cd734c73d31fe421135fe4f62b394a90597f9a9eb4a301	too large (trace)
tr03-official-1/1911-cell-b-pack-0048-curtain/reference-10ms-differences.json.gz	22270	5e7e0350a051f21b38237d0f174367d35b5e22d882a1a8e79c2b765096c6339e	not a metric of this report
tr03-official-1/1911-cell-b-pack-0048-curtain/trace.jsonl.gz	1834192	dd48e2dd1e15de82e5bfc68b872fe75fd6c5c188c68ffc9f8ee36db9fc208973	too large (trace)
tr03-official-1/1912-cell-b-pack-0048-packfault/reference-10ms-differences.json.gz	136094	bb7a803c7010f0f4c2d6c679fb82b9711e887243ea0b3073d28b59b2bd8c92bd	not a metric of this report
tr03-official-1/1912-cell-b-pack-0048-packfault/trace.jsonl.gz	11135938	933d27a8b0984aea6e7b3d32276a418f01820a0f3afb7c5bdc8d85edfaa3c400	too large (trace)
tr03-official-1/1913-cell-b-pack-0058-normal-s1/reference-10ms-differences.json.gz	23	f1101f8233b16d980af348db666cbdb1b9772fa79c6fa8d7d6d9550c1f6a546d	not a metric of this report
tr03-official-1/1913-cell-b-pack-0058-normal-s1/trace.jsonl.gz	73694879	3458d02556a061f675260da284fc6a1fb8486cd18f63c394cd1731263897d961	too large (trace)
tr03-official-1/1914-cell-b-pack-0058-normal-s2/reference-10ms-differences.json.gz	23	f1101f8233b16d980af348db666cbdb1b9772fa79c6fa8d7d6d9550c1f6a546d	not a metric of this report
tr03-official-1/1914-cell-b-pack-0058-normal-s2/trace.jsonl.gz	73630943	7ee64a4e33640643b9362269207e11611820b2afe75f6561e3eb33e9b999d0c4	too large (trace)
tr03-official-1/1915-cell-b-pack-0058-normal-s3/reference-10ms-differences.json.gz	23	f1101f8233b16d980af348db666cbdb1b9772fa79c6fa8d7d6d9550c1f6a546d	not a metric of this report
tr03-official-1/1915-cell-b-pack-0058-normal-s3/trace.jsonl.gz	73461966	f53580fd5e33c5fc0d4e675ffc8adc718d534c85dbb22be7d9ef0aca5b737f4c	too large (trace)
tr03-official-1/1916-cell-b-pack-0058-cycle-stop/reference-10ms-differences.json.gz	23	f1101f8233b16d980af348db666cbdb1b9772fa79c6fa8d7d6d9550c1f6a546d	not a metric of this report
tr03-official-1/1916-cell-b-pack-0058-cycle-stop/trace.jsonl.gz	2566019	e38db62101d83c5d17e6ba8fcbde72235776a9654e25537270aad780f2a71c1a	too large (trace)
tr03-official-1/1917-cell-b-pack-0058-curtain/reference-10ms-differences.json.gz	23	f1101f8233b16d980af348db666cbdb1b9772fa79c6fa8d7d6d9550c1f6a546d	not a metric of this report
tr03-official-1/1917-cell-b-pack-0058-curtain/trace.jsonl.gz	1963080	9f0be64d8f9e94dcfcee3ee1f5a2da6d40a2efba872475a5280f4d0d0a254f06	too large (trace)
tr03-official-1/1918-cell-b-pack-0058-packfault/reference-10ms-differences.json.gz	90219	6dcff7ff554d817b8132db8fc9b6078730d465ec98b8179e9ab0af26b3c8f696	not a metric of this report
tr03-official-1/1918-cell-b-pack-0058-packfault/trace.jsonl.gz	32542680	2d4173fd9979a512a8d5eba2e22a28b80ab1d3e1c6ae41f1e3599936b80fedda	too large (trace)
tr03-official-1/1919-cell-b-pack-0060-normal-s1/reference-10ms-differences.json.gz	23	f1101f8233b16d980af348db666cbdb1b9772fa79c6fa8d7d6d9550c1f6a546d	not a metric of this report
tr03-official-1/1919-cell-b-pack-0060-normal-s1/trace.jsonl.gz	73693646	01a7cce773cfe6b675deb18e908708587f9fed3dbb8737ce041da2918a65f177	too large (trace)
tr03-official-1/1920-cell-b-pack-0060-normal-s2/reference-10ms-differences.json.gz	23	f1101f8233b16d980af348db666cbdb1b9772fa79c6fa8d7d6d9550c1f6a546d	not a metric of this report
tr03-official-1/1920-cell-b-pack-0060-normal-s2/trace.jsonl.gz	73625656	4f5b8f70e860bdb0ad9355ec20ec6ff113adbe3df54246c13d3bce4d1d10da05	too large (trace)
tr03-official-1/1921-cell-b-pack-0060-normal-s3/reference-10ms-differences.json.gz	23	f1101f8233b16d980af348db666cbdb1b9772fa79c6fa8d7d6d9550c1f6a546d	not a metric of this report
tr03-official-1/1921-cell-b-pack-0060-normal-s3/trace.jsonl.gz	73448055	7f2559b68272b24728ce33edff4340ee3785bc5ca5062d22f1aeb9a6177db351	too large (trace)
tr03-official-1/1922-cell-b-pack-0060-cycle-stop/reference-10ms-differences.json.gz	23	f1101f8233b16d980af348db666cbdb1b9772fa79c6fa8d7d6d9550c1f6a546d	not a metric of this report
tr03-official-1/1922-cell-b-pack-0060-cycle-stop/trace.jsonl.gz	2573965	70a088f12a15925d5fa1faad5e56c7e66c74a3d5f8b89a77ce5659629fa1cd28	too large (trace)
tr03-official-1/1923-cell-b-pack-0060-curtain/reference-10ms-differences.json.gz	23	f1101f8233b16d980af348db666cbdb1b9772fa79c6fa8d7d6d9550c1f6a546d	not a metric of this report
tr03-official-1/1923-cell-b-pack-0060-curtain/trace.jsonl.gz	1970050	09a84bf285159a68e069c2bd653c87ff4b81fdd9267a7827bbe77efe4e6a4ad6	too large (trace)
tr03-official-1/1924-cell-b-pack-0060-packfault/reference-10ms-differences.json.gz	23	f1101f8233b16d980af348db666cbdb1b9772fa79c6fa8d7d6d9550c1f6a546d	not a metric of this report
tr03-official-1/1924-cell-b-pack-0060-packfault/trace.jsonl.gz	32542802	b8c93424ae9f11c9b567aa015c03965633d63d58dec7c8b14369640aaa39b85d	too large (trace)
tr03-official-1/1925-cell-b-pack-0063-normal-s1/reference-10ms-differences.json.gz	223788	e5a98c6f35af218168915cb477071efd2372f7d47ca57c3c9efa9fce8b71940d	not a metric of this report
tr03-official-1/1925-cell-b-pack-0063-normal-s1/trace.jsonl.gz	18817118	25d1f9572142af97bc921987866abac353c425bac6c7457a96424229e49494fd	too large (trace)
tr03-official-1/1926-cell-b-pack-0063-normal-s2/reference-10ms-differences.json.gz	223788	e5a98c6f35af218168915cb477071efd2372f7d47ca57c3c9efa9fce8b71940d	not a metric of this report
tr03-official-1/1926-cell-b-pack-0063-normal-s2/trace.jsonl.gz	18770193	864baa2acf59b647a462a0033b3305b4f263ecec99da144ab5375bdd211642f9	too large (trace)
tr03-official-1/1927-cell-b-pack-0063-normal-s3/reference-10ms-differences.json.gz	223788	e5a98c6f35af218168915cb477071efd2372f7d47ca57c3c9efa9fce8b71940d	not a metric of this report
tr03-official-1/1927-cell-b-pack-0063-normal-s3/trace.jsonl.gz	18731487	10ba4598a2a4df523a6acca877eb651a89fb56211f27519ae6f73d09fffd3b00	too large (trace)
tr03-official-1/1928-cell-b-pack-0063-cycle-stop/reference-10ms-differences.json.gz	29494	7c4ccf48098896bc0d41c5f43496795c10b2e44b096ec5410188b834d406dcdf	not a metric of this report
tr03-official-1/1928-cell-b-pack-0063-cycle-stop/trace.jsonl.gz	2225132	204d3ddfde3f2b8f0979a14e4a8cf13eca478596b5554b3f5fcbe45b76191d90	too large (trace)
tr03-official-1/1929-cell-b-pack-0063-curtain/reference-10ms-differences.json.gz	24980	bdfb39c24836d86ee57b60800421f95f561441dc4014918fedcbb8eb26b88414	not a metric of this report
tr03-official-1/1929-cell-b-pack-0063-curtain/trace.jsonl.gz	1850368	aebcb44a38f6eee0f102a3a04bca1636f95cd424db7543c519cf6d1ddd96fd8e	too large (trace)
tr03-official-1/1930-cell-b-pack-0063-packfault/reference-10ms-differences.json.gz	138543	9888197ab160e846b8c0beccf44ca97fc4eb7d3656ae38d6ae7153ff97c994ec	not a metric of this report
tr03-official-1/1930-cell-b-pack-0063-packfault/trace.jsonl.gz	11227632	38633baaab25825af64c10f3e0a2694629582895059946cd2dd0f3500cbabfe0	too large (trace)
tr03-official-1/1931-cell-b-pack-0067-normal-s1/reference-10ms-differences.json.gz	23	f1101f8233b16d980af348db666cbdb1b9772fa79c6fa8d7d6d9550c1f6a546d	not a metric of this report
tr03-official-1/1931-cell-b-pack-0067-normal-s1/trace.jsonl.gz	73692822	756a3deacba422c1879b42e84d49c4f0e5c25178c236ac78528970656fbffebe	too large (trace)
tr03-official-1/1932-cell-b-pack-0067-normal-s2/reference-10ms-differences.json.gz	23	f1101f8233b16d980af348db666cbdb1b9772fa79c6fa8d7d6d9550c1f6a546d	not a metric of this report
tr03-official-1/1932-cell-b-pack-0067-normal-s2/trace.jsonl.gz	73654145	3b4175809625a548c81490db016c8dc9ba0cf68075aad816f6fa2274b5fa04dd	too large (trace)
tr03-official-1/1933-cell-b-pack-0067-normal-s3/reference-10ms-differences.json.gz	23	f1101f8233b16d980af348db666cbdb1b9772fa79c6fa8d7d6d9550c1f6a546d	not a metric of this report
tr03-official-1/1933-cell-b-pack-0067-normal-s3/trace.jsonl.gz	73470003	72dffff520f8f22ea4163b1e23e8da48d4b94c7b2e5f862b3e7ea984a8ee5973	too large (trace)
tr03-official-1/1934-cell-b-pack-0067-cycle-stop/reference-10ms-differences.json.gz	23	f1101f8233b16d980af348db666cbdb1b9772fa79c6fa8d7d6d9550c1f6a546d	not a metric of this report
tr03-official-1/1934-cell-b-pack-0067-cycle-stop/trace.jsonl.gz	2572366	59131e389ebb9751465143642a0b67e86b8f61029bf7609bccf1d9a58bd304de	too large (trace)
tr03-official-1/1935-cell-b-pack-0067-curtain/reference-10ms-differences.json.gz	23	f1101f8233b16d980af348db666cbdb1b9772fa79c6fa8d7d6d9550c1f6a546d	not a metric of this report
tr03-official-1/1935-cell-b-pack-0067-curtain/trace.jsonl.gz	1976075	884e38db3c1e2d569b0b35d30f75c5f970cd4543ec4dffc7a61da5c364b33748	too large (trace)
tr03-official-1/1936-cell-b-pack-0067-packfault/reference-10ms-differences.json.gz	90219	6dcff7ff554d817b8132db8fc9b6078730d465ec98b8179e9ab0af26b3c8f696	not a metric of this report
tr03-official-1/1936-cell-b-pack-0067-packfault/trace.jsonl.gz	32538360	79b67123fcdb352994581782c333fa4deeeb35023a501f819b98346baf8fb388	too large (trace)
tr03-official-1/1937-cell-b-pack-0069-normal-s1/reference-10ms-differences.json.gz	23	f1101f8233b16d980af348db666cbdb1b9772fa79c6fa8d7d6d9550c1f6a546d	not a metric of this report
tr03-official-1/1937-cell-b-pack-0069-normal-s1/trace.jsonl.gz	73689198	6a8e31eced05b0728d10a42aa234b9a1516039e14f5549aaebb90b842a45980d	too large (trace)
tr03-official-1/1938-cell-b-pack-0069-normal-s2/reference-10ms-differences.json.gz	23	f1101f8233b16d980af348db666cbdb1b9772fa79c6fa8d7d6d9550c1f6a546d	not a metric of this report
tr03-official-1/1938-cell-b-pack-0069-normal-s2/trace.jsonl.gz	73627915	d1942d04dd4ef66dbee31df1d63b4c664ace218be37cdb001c6854d6f0b11a06	too large (trace)
tr03-official-1/1939-cell-b-pack-0069-normal-s3/reference-10ms-differences.json.gz	23	f1101f8233b16d980af348db666cbdb1b9772fa79c6fa8d7d6d9550c1f6a546d	not a metric of this report
tr03-official-1/1939-cell-b-pack-0069-normal-s3/trace.jsonl.gz	73436940	44203b9b70084073d3b3aeeee412aeffc5ed39b3297f89e981608c850a7b9f74	too large (trace)
tr03-official-1/1940-cell-b-pack-0069-cycle-stop/reference-10ms-differences.json.gz	23	f1101f8233b16d980af348db666cbdb1b9772fa79c6fa8d7d6d9550c1f6a546d	not a metric of this report
tr03-official-1/1940-cell-b-pack-0069-cycle-stop/trace.jsonl.gz	2577045	b328b4f89bfcd9c2216bfc868d7f5fdd2db18555f47e73cc371f37fe777938b6	too large (trace)
tr03-official-1/1941-cell-b-pack-0069-curtain/reference-10ms-differences.json.gz	23	f1101f8233b16d980af348db666cbdb1b9772fa79c6fa8d7d6d9550c1f6a546d	not a metric of this report
tr03-official-1/1941-cell-b-pack-0069-curtain/trace.jsonl.gz	1970332	761f8d7d31622a6ad11852d135c892a183ef4881ae8dfde6ff368eaeef73c4d4	too large (trace)
tr03-official-1/1942-cell-b-pack-0069-packfault/reference-10ms-differences.json.gz	23	f1101f8233b16d980af348db666cbdb1b9772fa79c6fa8d7d6d9550c1f6a546d	not a metric of this report
tr03-official-1/1942-cell-b-pack-0069-packfault/trace.jsonl.gz	32533425	d4c295c3ce7e9f58c7c1fd967cbe215a4ff3e906168ea61ce220667c792a057b	too large (trace)
tr03-official-1/1943-cell-b-pack-0072-normal-s1/reference-10ms-differences.json.gz	222516	d02722493af300d970f170374e036770fff2f6f9d6ffe82aec89395ca56ca965	not a metric of this report
tr03-official-1/1943-cell-b-pack-0072-normal-s1/trace.jsonl.gz	18719848	0d1e22840fd6a0b0bbd173f3a4ce59d93747c280375b6963c2618ee7f7d34eba	too large (trace)
tr03-official-1/1944-cell-b-pack-0072-normal-s2/reference-10ms-differences.json.gz	222516	d02722493af300d970f170374e036770fff2f6f9d6ffe82aec89395ca56ca965	not a metric of this report
tr03-official-1/1944-cell-b-pack-0072-normal-s2/trace.jsonl.gz	18661107	09ae0d66062c3017a72d7aaacccdf0dd99597b9f6b1ac8c19396cc6bd4a72c8a	too large (trace)
tr03-official-1/1945-cell-b-pack-0072-normal-s3/reference-10ms-differences.json.gz	222516	d02722493af300d970f170374e036770fff2f6f9d6ffe82aec89395ca56ca965	not a metric of this report
tr03-official-1/1945-cell-b-pack-0072-normal-s3/trace.jsonl.gz	18679655	77a98a2d2ad0e5e3f9d9497e3c2caeec8aae0563a564395592acb01a0c81b9b2	too large (trace)
tr03-official-1/1946-cell-b-pack-0072-cycle-stop/reference-10ms-differences.json.gz	28313	831a7aabd10883501c16c9589b4beeefa9e9f70e8295e168c327dfd6cd666935	not a metric of this report
tr03-official-1/1946-cell-b-pack-0072-cycle-stop/trace.jsonl.gz	2208459	c7d4b26b9861fa9782a46357e791e8a29df0ec35b5a809b6a89436849b79518b	too large (trace)
tr03-official-1/1947-cell-b-pack-0072-curtain/reference-10ms-differences.json.gz	23731	bc2e6344bed4de187a9b7a6b1cdd33201490941258a2ad0b5818d7074cd07c9e	not a metric of this report
tr03-official-1/1947-cell-b-pack-0072-curtain/trace.jsonl.gz	1831779	de8c6845ae730c1181ed0781e5721ce3c004621ccd7cef80da67dafc9cc2dc79	too large (trace)
tr03-official-1/1948-cell-b-pack-0072-packfault/reference-10ms-differences.json.gz	137167	8f2b53d57d88c89b6fa485a8b57262a69b19a2af44e17e3867c494f9a4ea4de6	not a metric of this report
tr03-official-1/1948-cell-b-pack-0072-packfault/trace.jsonl.gz	11183398	95d70ce63a661b5d78db8f4fd36466a395cad181fb22d2fadc86a04bb06f10ae	too large (trace)
tr03-official-1/1949-cell-b-pack-0073-normal-s1/reference-10ms-differences.json.gz	221100	5d77e098590316bd7f59ab06443bbb206ba1de4673b6bfff1d2825c4d76b3332	not a metric of this report
tr03-official-1/1949-cell-b-pack-0073-normal-s1/trace.jsonl.gz	18633463	8cfec050c629df249cf437b5da278d334aea00bb7aaad3630041e86ff7302dec	too large (trace)
tr03-official-1/1950-cell-b-pack-0073-normal-s2/reference-10ms-differences.json.gz	221100	5d77e098590316bd7f59ab06443bbb206ba1de4673b6bfff1d2825c4d76b3332	not a metric of this report
tr03-official-1/1950-cell-b-pack-0073-normal-s2/trace.jsonl.gz	18618857	66e97d2f38920f728c9f9e0c095f93d819565b2faee777b67fc8b19c0e165aef	too large (trace)
tr03-official-1/1951-cell-b-pack-0073-normal-s3/reference-10ms-differences.json.gz	221100	5d77e098590316bd7f59ab06443bbb206ba1de4673b6bfff1d2825c4d76b3332	not a metric of this report
tr03-official-1/1951-cell-b-pack-0073-normal-s3/trace.jsonl.gz	18587266	8e892115ec2c07256872437e05c9b5eaa73adf6d6b7bd9870869a23fc400fede	too large (trace)
tr03-official-1/1952-cell-b-pack-0073-cycle-stop/reference-10ms-differences.json.gz	26893	252921b8fd389c8e9b96bea92cd07253ad08b7da2ca580bc92673cbcd68821c2	not a metric of this report
tr03-official-1/1952-cell-b-pack-0073-cycle-stop/trace.jsonl.gz	2206736	fb75d7869f3bd505f0ce8155a160a9ea9a368319890d023e427852434c3da8a4	too large (trace)
tr03-official-1/1953-cell-b-pack-0073-curtain/reference-10ms-differences.json.gz	22270	5e7e0350a051f21b38237d0f174367d35b5e22d882a1a8e79c2b765096c6339e	not a metric of this report
tr03-official-1/1953-cell-b-pack-0073-curtain/trace.jsonl.gz	1827289	23bfe99e5d1b409d209ab480ab91a1f8f6d91ca6c1aa55226474b0d90a619236	too large (trace)
tr03-official-1/1954-cell-b-pack-0073-packfault/reference-10ms-differences.json.gz	136094	bb7a803c7010f0f4c2d6c679fb82b9711e887243ea0b3073d28b59b2bd8c92bd	not a metric of this report
tr03-official-1/1954-cell-b-pack-0073-packfault/trace.jsonl.gz	11144097	ecea67a57daee2e2dddacd8f6ee3187e3ab91b84bf36e8551339479a2c8cf28a	too large (trace)
tr03-official-1/1955-cell-b-pack-0092-normal-s1/reference-10ms-differences.json.gz	23	f1101f8233b16d980af348db666cbdb1b9772fa79c6fa8d7d6d9550c1f6a546d	not a metric of this report
tr03-official-1/1955-cell-b-pack-0092-normal-s1/trace.jsonl.gz	73707029	69f9aa7a17a067c74f6c4937864ab226a3e79ea4443402620c288fdfe81cd894	too large (trace)
tr03-official-1/1956-cell-b-pack-0092-normal-s2/reference-10ms-differences.json.gz	23	f1101f8233b16d980af348db666cbdb1b9772fa79c6fa8d7d6d9550c1f6a546d	not a metric of this report
tr03-official-1/1956-cell-b-pack-0092-normal-s2/trace.jsonl.gz	73642929	2db597390889ce3af6de302ba9f99a7833070ad036cf1b925625779bb347e182	too large (trace)
tr03-official-1/1957-cell-b-pack-0092-normal-s3/reference-10ms-differences.json.gz	23	f1101f8233b16d980af348db666cbdb1b9772fa79c6fa8d7d6d9550c1f6a546d	not a metric of this report
tr03-official-1/1957-cell-b-pack-0092-normal-s3/trace.jsonl.gz	73458346	2e0f3634efe857d1a8c47fbb2578ca0512b277ad3e7ae3c74f6226596b99ac89	too large (trace)
tr03-official-1/1958-cell-b-pack-0092-cycle-stop/reference-10ms-differences.json.gz	23	f1101f8233b16d980af348db666cbdb1b9772fa79c6fa8d7d6d9550c1f6a546d	not a metric of this report
tr03-official-1/1958-cell-b-pack-0092-cycle-stop/trace.jsonl.gz	2584118	93185480bd62891e1fcb92dee0678e146dae4b636abb9059f51f37cb73fd9a3b	too large (trace)
tr03-official-1/1959-cell-b-pack-0092-curtain/reference-10ms-differences.json.gz	23	f1101f8233b16d980af348db666cbdb1b9772fa79c6fa8d7d6d9550c1f6a546d	not a metric of this report
tr03-official-1/1959-cell-b-pack-0092-curtain/trace.jsonl.gz	1974312	bc270adaa63f654c4c68b6185e8b4e7c7eeba88c2be38ce4575dadf17c208c1e	too large (trace)
tr03-official-1/1960-cell-b-pack-0092-packfault/reference-10ms-differences.json.gz	23	f1101f8233b16d980af348db666cbdb1b9772fa79c6fa8d7d6d9550c1f6a546d	not a metric of this report
tr03-official-1/1960-cell-b-pack-0092-packfault/trace.jsonl.gz	32548554	befd5a04d094103f1c61d53baf39aba91f0d50517845c91f0990f894cdc52b15	too large (trace)
tr03-official-1/1961-cell-b-pack-0097-normal-s1/reference-10ms-differences.json.gz	221100	5d77e098590316bd7f59ab06443bbb206ba1de4673b6bfff1d2825c4d76b3332	not a metric of this report
tr03-official-1/1961-cell-b-pack-0097-normal-s1/trace.jsonl.gz	18639361	41df9e5781546478753acc84c2a8e9fd11a17feec62f8faf7fec5485e18154ad	too large (trace)
tr03-official-1/1962-cell-b-pack-0097-normal-s2/reference-10ms-differences.json.gz	221100	5d77e098590316bd7f59ab06443bbb206ba1de4673b6bfff1d2825c4d76b3332	not a metric of this report
tr03-official-1/1962-cell-b-pack-0097-normal-s2/trace.jsonl.gz	18611876	c106a21562d7b620f7df85dc0c738a7d97ad377a459bcd5ac53d76ad4670eb5f	too large (trace)
tr03-official-1/1963-cell-b-pack-0097-normal-s3/reference-10ms-differences.json.gz	221100	5d77e098590316bd7f59ab06443bbb206ba1de4673b6bfff1d2825c4d76b3332	not a metric of this report
tr03-official-1/1963-cell-b-pack-0097-normal-s3/trace.jsonl.gz	18561733	e39ed8e5c377ec162d264c06c317886d67721cc0e8d421b680c0c9b9072c4863	too large (trace)
tr03-official-1/1964-cell-b-pack-0097-cycle-stop/reference-10ms-differences.json.gz	26893	252921b8fd389c8e9b96bea92cd07253ad08b7da2ca580bc92673cbcd68821c2	not a metric of this report
tr03-official-1/1964-cell-b-pack-0097-cycle-stop/trace.jsonl.gz	2193154	4be1840754fe326e2a96e96196901aff6666397dc2898cfe72b9c6d0d115fa41	too large (trace)
tr03-official-1/1965-cell-b-pack-0097-curtain/reference-10ms-differences.json.gz	22270	5e7e0350a051f21b38237d0f174367d35b5e22d882a1a8e79c2b765096c6339e	not a metric of this report
tr03-official-1/1965-cell-b-pack-0097-curtain/trace.jsonl.gz	1833762	fd74f2e9e57c7edd6baf953182e22ac57bbe852efc9c8494be2161f820e45016	too large (trace)
tr03-official-1/1966-cell-b-pack-0097-packfault/reference-10ms-differences.json.gz	136094	bb7a803c7010f0f4c2d6c679fb82b9711e887243ea0b3073d28b59b2bd8c92bd	not a metric of this report
tr03-official-1/1966-cell-b-pack-0097-packfault/trace.jsonl.gz	11138744	c6d78745c82497f5bc8a793598e0ef166f6458dce56369ec75c55fae1314e004	too large (trace)
tr03-official-1/1967-cell-b-pack-0099-normal-s1/reference-10ms-differences.json.gz	23	f1101f8233b16d980af348db666cbdb1b9772fa79c6fa8d7d6d9550c1f6a546d	not a metric of this report
tr03-official-1/1967-cell-b-pack-0099-normal-s1/trace.jsonl.gz	73697214	6d0e462bd3c53178f08c9703a3b769b25bc762c1fe25aef0e0abdc33d3c2c0f0	too large (trace)
tr03-official-1/1968-cell-b-pack-0099-normal-s2/reference-10ms-differences.json.gz	23	f1101f8233b16d980af348db666cbdb1b9772fa79c6fa8d7d6d9550c1f6a546d	not a metric of this report
tr03-official-1/1968-cell-b-pack-0099-normal-s2/trace.jsonl.gz	73627228	88478356916c3cc94efa20b0e6192ac569f597784e0e9070d9932b68ecab39f3	too large (trace)
tr03-official-1/1969-cell-b-pack-0099-normal-s3/reference-10ms-differences.json.gz	23	f1101f8233b16d980af348db666cbdb1b9772fa79c6fa8d7d6d9550c1f6a546d	not a metric of this report
tr03-official-1/1969-cell-b-pack-0099-normal-s3/trace.jsonl.gz	73450146	5be3ef55dccfb016569086cb8000608d871e28a9c5e5d9572b7b108751face9d	too large (trace)
tr03-official-1/1970-cell-b-pack-0099-cycle-stop/reference-10ms-differences.json.gz	23	f1101f8233b16d980af348db666cbdb1b9772fa79c6fa8d7d6d9550c1f6a546d	not a metric of this report
tr03-official-1/1970-cell-b-pack-0099-cycle-stop/trace.jsonl.gz	2570229	edbe8f93b6a2619501b84bb09a8adfbadf3c03cd2f0371723a29caec32f7aa71	too large (trace)
tr03-official-1/1971-cell-b-pack-0099-curtain/reference-10ms-differences.json.gz	23	f1101f8233b16d980af348db666cbdb1b9772fa79c6fa8d7d6d9550c1f6a546d	not a metric of this report
tr03-official-1/1971-cell-b-pack-0099-curtain/trace.jsonl.gz	1965874	e3f1342124146767b3c3e4eca86f4c8ebfd8462a69680a2d42886bec09177176	too large (trace)
tr03-official-1/1972-cell-b-pack-0099-packfault/reference-10ms-differences.json.gz	23	f1101f8233b16d980af348db666cbdb1b9772fa79c6fa8d7d6d9550c1f6a546d	not a metric of this report
tr03-official-1/1972-cell-b-pack-0099-packfault/trace.jsonl.gz	32536921	e576a81d624da6f6bd4693b70ba343aa35d249297aa42429dc4bf04cacd2e292	too large (trace)
tr03-official-1/1973-cell-b-pack-0100-normal-s1/reference-10ms-differences.json.gz	210641	344dda626454435771335e2d63e94d95560ab31377c4621da26abb4fd5d64abe	not a metric of this report
tr03-official-1/1973-cell-b-pack-0100-normal-s1/trace.jsonl.gz	19406571	4e258f6592b48d39d21c9b448ab62a9844efbf3abe45d922b7d004c39f323c3f	too large (trace)
tr03-official-1/1974-cell-b-pack-0100-normal-s2/reference-10ms-differences.json.gz	210641	344dda626454435771335e2d63e94d95560ab31377c4621da26abb4fd5d64abe	not a metric of this report
tr03-official-1/1974-cell-b-pack-0100-normal-s2/trace.jsonl.gz	19330079	1cb76844c1a21e7c31ce653daf0d1552966b58288dc43987c5afd53e41be5680	too large (trace)
tr03-official-1/1975-cell-b-pack-0100-normal-s3/reference-10ms-differences.json.gz	210641	344dda626454435771335e2d63e94d95560ab31377c4621da26abb4fd5d64abe	not a metric of this report
tr03-official-1/1975-cell-b-pack-0100-normal-s3/trace.jsonl.gz	19354172	bf33f4a81b384ccc4f27e6074006719f6f662a98084c065f496771f47f1f8dda	too large (trace)
tr03-official-1/1976-cell-b-pack-0100-cycle-stop/reference-10ms-differences.json.gz	16236	24beb3abcb8838fd9d6ade61fffdb01bb06900bb70fbee3a9128088ca7649221	not a metric of this report
tr03-official-1/1976-cell-b-pack-0100-cycle-stop/trace.jsonl.gz	2318331	b60e1e10d273161decb8e5eaf12ea1dbd9737c9dc9ac5138c6a43008e3584f53	too large (trace)
tr03-official-1/1977-cell-b-pack-0100-curtain/reference-10ms-differences.json.gz	11629	3924117f5b9bde2ba0ace1e13ed0e658e60c8bd03a55cf592e5f0dd8c131bfb4	not a metric of this report
tr03-official-1/1977-cell-b-pack-0100-curtain/trace.jsonl.gz	1940994	3c50aa00056c61cba475b8093f4d4284ade34d50a9c668ef3896e57db051931a	too large (trace)
tr03-official-1/1978-cell-b-pack-0100-packfault/reference-10ms-differences.json.gz	125284	209e1f9743f9703778b75922c33096cc6ff74d97f3dc0fff38c52bdeb30aa5f3	not a metric of this report
tr03-official-1/1978-cell-b-pack-0100-packfault/trace.jsonl.gz	11556515	b9bc0a36102e8730ebdb188582d99ac0cae5d96981d18aee76e2f4e70304b475	too large (trace)
tr03-official-1/1979-cell-b-pack-0105-normal-s1/reference-10ms-differences.json.gz	221100	5d77e098590316bd7f59ab06443bbb206ba1de4673b6bfff1d2825c4d76b3332	not a metric of this report
tr03-official-1/1979-cell-b-pack-0105-normal-s1/trace.jsonl.gz	18600536	58926e202c367bd700efcee75837eceeab1511b45b8537766d4907f4be0bcdde	too large (trace)
tr03-official-1/1980-cell-b-pack-0105-normal-s2/reference-10ms-differences.json.gz	221100	5d77e098590316bd7f59ab06443bbb206ba1de4673b6bfff1d2825c4d76b3332	not a metric of this report
tr03-official-1/1980-cell-b-pack-0105-normal-s2/trace.jsonl.gz	18608355	6a3c4b36a5e52097dced5b605b50b0075d2b16d2735df0815d3440cc04aee5bd	too large (trace)
tr03-official-1/1981-cell-b-pack-0105-normal-s3/reference-10ms-differences.json.gz	221100	5d77e098590316bd7f59ab06443bbb206ba1de4673b6bfff1d2825c4d76b3332	not a metric of this report
tr03-official-1/1981-cell-b-pack-0105-normal-s3/trace.jsonl.gz	18574636	d9d9b689c64e85d77f2d7f2bc4c59b23d48f4fb681c1de4985d040f7ed30884c	too large (trace)
tr03-official-1/1982-cell-b-pack-0105-cycle-stop/reference-10ms-differences.json.gz	26893	252921b8fd389c8e9b96bea92cd07253ad08b7da2ca580bc92673cbcd68821c2	not a metric of this report
tr03-official-1/1982-cell-b-pack-0105-cycle-stop/trace.jsonl.gz	2189457	457bb0b44ddebd43834b81e539c12c348eb42793aa24b5c31c21a9eb06374ce4	too large (trace)
tr03-official-1/1983-cell-b-pack-0105-curtain/reference-10ms-differences.json.gz	22270	5e7e0350a051f21b38237d0f174367d35b5e22d882a1a8e79c2b765096c6339e	not a metric of this report
tr03-official-1/1983-cell-b-pack-0105-curtain/trace.jsonl.gz	1827888	528a6aaf096e421a61d05922983e87ad3ba583ba9ceaf592bb074355a3265821	too large (trace)
tr03-official-1/1984-cell-b-pack-0105-packfault/reference-10ms-differences.json.gz	136094	bb7a803c7010f0f4c2d6c679fb82b9711e887243ea0b3073d28b59b2bd8c92bd	not a metric of this report
tr03-official-1/1984-cell-b-pack-0105-packfault/trace.jsonl.gz	11108019	4d767095053f70b0569292877d4eef2f094b6f38eeda4fda3bb551ab8599653e	too large (trace)
tr03-official-1/1985-cell-b-pack-0107-normal-s1/reference-10ms-differences.json.gz	23	f1101f8233b16d980af348db666cbdb1b9772fa79c6fa8d7d6d9550c1f6a546d	not a metric of this report
tr03-official-1/1985-cell-b-pack-0107-normal-s1/trace.jsonl.gz	73699838	9a45fd6177e2205e71e2f0e5c8aecec7c89b0cc2e8455882393ae5622dcd3be8	too large (trace)
tr03-official-1/1986-cell-b-pack-0107-normal-s2/reference-10ms-differences.json.gz	23	f1101f8233b16d980af348db666cbdb1b9772fa79c6fa8d7d6d9550c1f6a546d	not a metric of this report
tr03-official-1/1986-cell-b-pack-0107-normal-s2/trace.jsonl.gz	73630781	3b996183b7e5928080a982bac82d6f899f7abff0a429487972d2c1972ab4d017	too large (trace)
tr03-official-1/1987-cell-b-pack-0107-normal-s3/reference-10ms-differences.json.gz	23	f1101f8233b16d980af348db666cbdb1b9772fa79c6fa8d7d6d9550c1f6a546d	not a metric of this report
tr03-official-1/1987-cell-b-pack-0107-normal-s3/trace.jsonl.gz	73451649	5e8cb0bfa6149b417ab3b52c9e894ace81b497fbb25b131fcc36c0869acd894b	too large (trace)
tr03-official-1/1988-cell-b-pack-0107-cycle-stop/reference-10ms-differences.json.gz	23	f1101f8233b16d980af348db666cbdb1b9772fa79c6fa8d7d6d9550c1f6a546d	not a metric of this report
tr03-official-1/1988-cell-b-pack-0107-cycle-stop/trace.jsonl.gz	2581447	7610151ab7b9ca47899ff697e5d151e84de25cd78786c169a5cfc4583f98350e	too large (trace)
tr03-official-1/1989-cell-b-pack-0107-curtain/reference-10ms-differences.json.gz	23	f1101f8233b16d980af348db666cbdb1b9772fa79c6fa8d7d6d9550c1f6a546d	not a metric of this report
tr03-official-1/1989-cell-b-pack-0107-curtain/trace.jsonl.gz	1974128	6f3c1cf739833624f217da768cd2e0e1241bd3a5a86eb9f9b20ccc0fadc7a947	too large (trace)
tr03-official-1/1990-cell-b-pack-0107-packfault/reference-10ms-differences.json.gz	23	f1101f8233b16d980af348db666cbdb1b9772fa79c6fa8d7d6d9550c1f6a546d	not a metric of this report
tr03-official-1/1990-cell-b-pack-0107-packfault/trace.jsonl.gz	32544485	ce869dc5ac60a01c0ceed2904a28ae5a4dd5690eeb9ddb9cb8ecab7c6bb0f2aa	too large (trace)
tr03-official-1/1991-cell-b-pack-0108-normal-s1/reference-10ms-differences.json.gz	23	f1101f8233b16d980af348db666cbdb1b9772fa79c6fa8d7d6d9550c1f6a546d	not a metric of this report
tr03-official-1/1991-cell-b-pack-0108-normal-s1/trace.jsonl.gz	73715283	860e2e8f9349aabbf0a5975d582774ded976cef1251fdb0f585dbc373bdb896d	too large (trace)
tr03-official-1/1992-cell-b-pack-0108-normal-s2/reference-10ms-differences.json.gz	23	f1101f8233b16d980af348db666cbdb1b9772fa79c6fa8d7d6d9550c1f6a546d	not a metric of this report
tr03-official-1/1992-cell-b-pack-0108-normal-s2/trace.jsonl.gz	73637863	51e8c2c4a167210c786623297ff24b5ae784fe577ade900d5a8de5adb0b1d07d	too large (trace)
tr03-official-1/1993-cell-b-pack-0108-normal-s3/reference-10ms-differences.json.gz	23	f1101f8233b16d980af348db666cbdb1b9772fa79c6fa8d7d6d9550c1f6a546d	not a metric of this report
tr03-official-1/1993-cell-b-pack-0108-normal-s3/trace.jsonl.gz	73448517	bc62385ed471dd958ce3e70a6724a6d0a1e4cab6ec0e3aab478e89e49d49277e	too large (trace)
tr03-official-1/1994-cell-b-pack-0108-cycle-stop/reference-10ms-differences.json.gz	23	f1101f8233b16d980af348db666cbdb1b9772fa79c6fa8d7d6d9550c1f6a546d	not a metric of this report
tr03-official-1/1994-cell-b-pack-0108-cycle-stop/trace.jsonl.gz	2586905	02c05b08cd335ab3b3c34c845f858c5720807890f0d504cd2173078f6757bb13	too large (trace)
tr03-official-1/1995-cell-b-pack-0108-curtain/reference-10ms-differences.json.gz	23	f1101f8233b16d980af348db666cbdb1b9772fa79c6fa8d7d6d9550c1f6a546d	not a metric of this report
tr03-official-1/1995-cell-b-pack-0108-curtain/trace.jsonl.gz	1980540	656dfe09e9b718e77ff49e1e1729025e06223dfb7d3b1139cb679013ec4d9a65	too large (trace)
tr03-official-1/1996-cell-b-pack-0108-packfault/reference-10ms-differences.json.gz	23	f1101f8233b16d980af348db666cbdb1b9772fa79c6fa8d7d6d9550c1f6a546d	not a metric of this report
tr03-official-1/1996-cell-b-pack-0108-packfault/trace.jsonl.gz	32556534	05fc936eac2f14ff91b48feaca14e9b723e48e7980b1b1dec72d1bd31b926f44	too large (trace)
tr03-official-1/1997-cell-b-pack-0110-normal-s1/reference-10ms-differences.json.gz	213903	fc612607f7749f9ac63c38a31f957710d3ceba662d649e6170923acc61530b15	not a metric of this report
tr03-official-1/1997-cell-b-pack-0110-normal-s1/trace.jsonl.gz	19692231	5fa0e26c9c9d8d564eb6e78094c6615e7103dd758d3a14a092f5b943c0696246	too large (trace)
tr03-official-1/1998-cell-b-pack-0110-normal-s2/reference-10ms-differences.json.gz	213903	fc612607f7749f9ac63c38a31f957710d3ceba662d649e6170923acc61530b15	not a metric of this report
tr03-official-1/1998-cell-b-pack-0110-normal-s2/trace.jsonl.gz	19616498	85545fe905dbd59ff3a7616c0ef163430cedd2c9968c1dc587f45d9e95715222	too large (trace)
tr03-official-1/1999-cell-b-pack-0110-normal-s3/reference-10ms-differences.json.gz	213903	fc612607f7749f9ac63c38a31f957710d3ceba662d649e6170923acc61530b15	not a metric of this report
tr03-official-1/1999-cell-b-pack-0110-normal-s3/trace.jsonl.gz	19666277	f2da8226a931c39657b9125c80ebce574abdfada8191722136758983c0b59968	too large (trace)
tr03-official-1/2000-cell-b-pack-0110-cycle-stop/reference-10ms-differences.json.gz	19518	ee04578715c21ab87b792f4a2a5f59aae865a48a225c5092d8450adbc3b6cf74	not a metric of this report
tr03-official-1/2000-cell-b-pack-0110-cycle-stop/trace.jsonl.gz	2293007	202f0346b4a08da37978f028e03e0f363dad858213f4020b6eaf34cb7f1ef96f	too large (trace)
tr03-official-1/2001-cell-b-pack-0110-curtain/reference-10ms-differences.json.gz	14883	590a9199fd7fc2dffbfa09419f3faeb6cf441f520fe7eecccf843ec3e7554b33	not a metric of this report
tr03-official-1/2001-cell-b-pack-0110-curtain/trace.jsonl.gz	1911665	72800d55c7cb3405d94cf778092a110e05ed38beabbde27794afc2d8978303a3	too large (trace)
tr03-official-1/2002-cell-b-pack-0110-packfault/reference-10ms-differences.json.gz	128514	015cdea919cdb80068804a6789bba8f992210d05658866268ca9362cfcda05c2	not a metric of this report
tr03-official-1/2002-cell-b-pack-0110-packfault/trace.jsonl.gz	11708413	16ae10747668689d027641ee336f75203ee6eaf3f01663044f893a27bf859cc6	too large (trace)
tr03-official-1/2003-cell-b-pack-0114-normal-s1/reference-10ms-differences.json.gz	222527	cd427b931a2c224d6dcde0c70b4a17a8a135a0777ae7ec614597e84344289701	not a metric of this report
tr03-official-1/2003-cell-b-pack-0114-normal-s1/trace.jsonl.gz	18722142	a056643cd662ec22a03029290881ad157bcfc6736ce0b4672fa09b8d4c827607	too large (trace)
tr03-official-1/2004-cell-b-pack-0114-normal-s2/reference-10ms-differences.json.gz	222527	cd427b931a2c224d6dcde0c70b4a17a8a135a0777ae7ec614597e84344289701	not a metric of this report
tr03-official-1/2004-cell-b-pack-0114-normal-s2/trace.jsonl.gz	18664164	d98fa1a4fe67905b747800cd313c5a153f5f6d991d0e353a72aaa2a5f663aba2	too large (trace)
tr03-official-1/2005-cell-b-pack-0114-normal-s3/reference-10ms-differences.json.gz	222527	cd427b931a2c224d6dcde0c70b4a17a8a135a0777ae7ec614597e84344289701	not a metric of this report
tr03-official-1/2005-cell-b-pack-0114-normal-s3/trace.jsonl.gz	18641430	88dab2f583b3d9db9f36444013ee6fa981e9e3225a03f6225d5aa919d7b53f7b	too large (trace)
tr03-official-1/2006-cell-b-pack-0114-cycle-stop/reference-10ms-differences.json.gz	28325	0731eedfff7300ac7d09a403e2588a2e9f06c90c7c60f40c8272a27b4f64ebfc	not a metric of this report
tr03-official-1/2006-cell-b-pack-0114-cycle-stop/trace.jsonl.gz	2203699	43219710844d33070a504b924bffbae3eb641b492c6dde104926039f870126cd	too large (trace)
tr03-official-1/2007-cell-b-pack-0114-curtain/reference-10ms-differences.json.gz	23748	7dabd6c62939e1657638a9883028da71379d9342686b22eb991e419d3b995de8	not a metric of this report
tr03-official-1/2007-cell-b-pack-0114-curtain/trace.jsonl.gz	1840226	5853088ebfd108ad21bd98a4f2d1a7dee53126fcdba9ddcd00c8fce6b5682af7	too large (trace)
tr03-official-1/2008-cell-b-pack-0114-packfault/reference-10ms-differences.json.gz	137167	3b24418798ae28e362ffaf7a89bb2b0bd324af73c60c24d8ce32101cd57dbd8b	not a metric of this report
tr03-official-1/2008-cell-b-pack-0114-packfault/trace.jsonl.gz	11174917	6f5d5c911958e6c05d043b3c3c695a81fe9cf6ca1819b8d83a94dc78e8aac331	too large (trace)
tr03-official-1/2009-cell-b-pack-0115-normal-s1/reference-10ms-differences.json.gz	23	f1101f8233b16d980af348db666cbdb1b9772fa79c6fa8d7d6d9550c1f6a546d	not a metric of this report
tr03-official-1/2009-cell-b-pack-0115-normal-s1/trace.jsonl.gz	73702128	8cb9c8f9f3d06fd24de4b0a5bd9bdddd116faff8312073491d65a69280726c47	too large (trace)
tr03-official-1/2010-cell-b-pack-0115-normal-s2/reference-10ms-differences.json.gz	23	f1101f8233b16d980af348db666cbdb1b9772fa79c6fa8d7d6d9550c1f6a546d	not a metric of this report
tr03-official-1/2010-cell-b-pack-0115-normal-s2/trace.jsonl.gz	73639584	5975a5d5aae39e1485f3a8055f76be9128adf0c1300e99dab1fbdb6c8d09f59f	too large (trace)
tr03-official-1/2011-cell-b-pack-0115-normal-s3/reference-10ms-differences.json.gz	23	f1101f8233b16d980af348db666cbdb1b9772fa79c6fa8d7d6d9550c1f6a546d	not a metric of this report
tr03-official-1/2011-cell-b-pack-0115-normal-s3/trace.jsonl.gz	73445173	7dbdbc630e121f78c7e0ea9aa2b88273ef2d875c0e16ab794c3735b8bc9bd644	too large (trace)
tr03-official-1/2012-cell-b-pack-0115-cycle-stop/reference-10ms-differences.json.gz	23	f1101f8233b16d980af348db666cbdb1b9772fa79c6fa8d7d6d9550c1f6a546d	not a metric of this report
tr03-official-1/2012-cell-b-pack-0115-cycle-stop/trace.jsonl.gz	2583182	162a324f17b60a391ef56abc008f66055f508b2ae39eaaa5724b6b9918b7e4bc	too large (trace)
tr03-official-1/2013-cell-b-pack-0115-curtain/reference-10ms-differences.json.gz	23	f1101f8233b16d980af348db666cbdb1b9772fa79c6fa8d7d6d9550c1f6a546d	not a metric of this report
tr03-official-1/2013-cell-b-pack-0115-curtain/trace.jsonl.gz	1983013	5214f436f6240e37f5681c5e9cfb87ebbb8b7784cee635daf835af65fd422968	too large (trace)
tr03-official-1/2014-cell-b-pack-0115-packfault/reference-10ms-differences.json.gz	23	f1101f8233b16d980af348db666cbdb1b9772fa79c6fa8d7d6d9550c1f6a546d	not a metric of this report
tr03-official-1/2014-cell-b-pack-0115-packfault/trace.jsonl.gz	32543067	f4a51dae4c681c8b86f0f097f4aa58d67fdb12d222adfefa4e3fca76305cff07	too large (trace)
tr03-official-1/2015-cell-b-pack-0117-normal-s1/reference-10ms-differences.json.gz	221100	5d77e098590316bd7f59ab06443bbb206ba1de4673b6bfff1d2825c4d76b3332	not a metric of this report
tr03-official-1/2015-cell-b-pack-0117-normal-s1/trace.jsonl.gz	18674949	fd7cfbd3dbdce1e9387a6bddfbad0ab62a2f46a6dfba0703e1f5ca4aa8ed8dc6	too large (trace)
tr03-official-1/2016-cell-b-pack-0117-normal-s2/reference-10ms-differences.json.gz	221100	5d77e098590316bd7f59ab06443bbb206ba1de4673b6bfff1d2825c4d76b3332	not a metric of this report
tr03-official-1/2016-cell-b-pack-0117-normal-s2/trace.jsonl.gz	18601929	4853b6e36a63a99a6b24f77b4dda73213d69df75fb0cf4d34ca056687fa659e9	too large (trace)
tr03-official-1/2017-cell-b-pack-0117-normal-s3/reference-10ms-differences.json.gz	221100	5d77e098590316bd7f59ab06443bbb206ba1de4673b6bfff1d2825c4d76b3332	not a metric of this report
tr03-official-1/2017-cell-b-pack-0117-normal-s3/trace.jsonl.gz	18591689	b6767e4b73bed66e09e4181cc52635302ce242012bca9a48a19b39a22373bcbe	too large (trace)
tr03-official-1/2018-cell-b-pack-0117-cycle-stop/reference-10ms-differences.json.gz	26893	252921b8fd389c8e9b96bea92cd07253ad08b7da2ca580bc92673cbcd68821c2	not a metric of this report
tr03-official-1/2018-cell-b-pack-0117-cycle-stop/trace.jsonl.gz	2210259	9094ed14e39ed20f9778086a5b3a6344307673ff470ac70aadfdf414609d88df	too large (trace)
tr03-official-1/2019-cell-b-pack-0117-curtain/reference-10ms-differences.json.gz	22270	5e7e0350a051f21b38237d0f174367d35b5e22d882a1a8e79c2b765096c6339e	not a metric of this report
tr03-official-1/2019-cell-b-pack-0117-curtain/trace.jsonl.gz	1842038	f8a1667bedf876b240e22aa68ce6a37f35ba9ef168a0667dd199888c7145ec46	too large (trace)
tr03-official-1/2020-cell-b-pack-0117-packfault/reference-10ms-differences.json.gz	136094	bb7a803c7010f0f4c2d6c679fb82b9711e887243ea0b3073d28b59b2bd8c92bd	not a metric of this report
tr03-official-1/2020-cell-b-pack-0117-packfault/trace.jsonl.gz	11144821	5ed977d10dc07756f596f80216103104cd49269f29c1acb20b8ad61c33f74389	too large (trace)
tr03-official-1/2021-cell-b-pack-0119-normal-s1/reference-10ms-differences.json.gz	23	f1101f8233b16d980af348db666cbdb1b9772fa79c6fa8d7d6d9550c1f6a546d	not a metric of this report
tr03-official-1/2021-cell-b-pack-0119-normal-s1/trace.jsonl.gz	73711036	8afafa2fde9b1eb1affacf0b77a000249af2ee803fbce41c5d07a3168ada20d2	too large (trace)
tr03-official-1/2022-cell-b-pack-0119-normal-s2/reference-10ms-differences.json.gz	23	f1101f8233b16d980af348db666cbdb1b9772fa79c6fa8d7d6d9550c1f6a546d	not a metric of this report
tr03-official-1/2022-cell-b-pack-0119-normal-s2/trace.jsonl.gz	73630981	78e3bbc681232f0690314dc2f291f48b0e7d29666d23bb0367aebbbba6b1affb	too large (trace)
tr03-official-1/2023-cell-b-pack-0119-normal-s3/reference-10ms-differences.json.gz	23	f1101f8233b16d980af348db666cbdb1b9772fa79c6fa8d7d6d9550c1f6a546d	not a metric of this report
tr03-official-1/2023-cell-b-pack-0119-normal-s3/trace.jsonl.gz	73455411	ec38388b1cb70a136b1bbb1b4f3d6b5232008fe229ddaa4c45f14ab213616b5e	too large (trace)
tr03-official-1/2024-cell-b-pack-0119-cycle-stop/reference-10ms-differences.json.gz	23	f1101f8233b16d980af348db666cbdb1b9772fa79c6fa8d7d6d9550c1f6a546d	not a metric of this report
tr03-official-1/2024-cell-b-pack-0119-cycle-stop/trace.jsonl.gz	2577701	59fba4f061e4cf32c8f043c6ec9c998f17d54b929a1bfdd4209823198910eb5f	too large (trace)
tr03-official-1/2025-cell-b-pack-0119-curtain/reference-10ms-differences.json.gz	23	f1101f8233b16d980af348db666cbdb1b9772fa79c6fa8d7d6d9550c1f6a546d	not a metric of this report
tr03-official-1/2025-cell-b-pack-0119-curtain/trace.jsonl.gz	1977922	ba236d74744d4637d640572d032aebf9f01ff309af53afbf6f7a30d1d2865040	too large (trace)
tr03-official-1/2026-cell-b-pack-0119-packfault/reference-10ms-differences.json.gz	23	f1101f8233b16d980af348db666cbdb1b9772fa79c6fa8d7d6d9550c1f6a546d	not a metric of this report
tr03-official-1/2026-cell-b-pack-0119-packfault/trace.jsonl.gz	32551780	deed1c9c6f61fc91ce04d2af9e511c5d3d7045dd5262071fcdf76cf2a2e46829	too large (trace)
tr03-official-1/2027-cell-b-pack-0122-normal-s1/reference-10ms-differences.json.gz	223731	5a0fa84f08f13ba44de5ec645663d4d8400582734755216102bd13dd65f14d15	not a metric of this report
tr03-official-1/2027-cell-b-pack-0122-normal-s1/trace.jsonl.gz	18765494	b79382fe9c3cc743e4a4eb76a4244eb6f49dcc589f10192a46ba0737588f31ea	too large (trace)
tr03-official-1/2028-cell-b-pack-0122-normal-s2/reference-10ms-differences.json.gz	223731	5a0fa84f08f13ba44de5ec645663d4d8400582734755216102bd13dd65f14d15	not a metric of this report
tr03-official-1/2028-cell-b-pack-0122-normal-s2/trace.jsonl.gz	18792912	765708a611bb3f5732d252ee0c3187af43edaf41bb4d2e8df3465ff6bd7c897c	too large (trace)
tr03-official-1/2029-cell-b-pack-0122-normal-s3/reference-10ms-differences.json.gz	223731	5a0fa84f08f13ba44de5ec645663d4d8400582734755216102bd13dd65f14d15	not a metric of this report
tr03-official-1/2029-cell-b-pack-0122-normal-s3/trace.jsonl.gz	18719139	88783bd4f77a91e2846043be7fa9b83cdc20570081da257485c7a84c582f8284	too large (trace)
tr03-official-1/2030-cell-b-pack-0122-cycle-stop/reference-10ms-differences.json.gz	29437	a67e1633a63f3affdfa02c869fd3f6b8fbea7a86eaa720efbf4600c5b833b918	not a metric of this report
tr03-official-1/2030-cell-b-pack-0122-cycle-stop/trace.jsonl.gz	2201835	b2f4c56ede2b71ed3b6c071857d2502db9b2efbe69d6090fd8a5de8a79a4eaa2	too large (trace)
tr03-official-1/2031-cell-b-pack-0122-curtain/reference-10ms-differences.json.gz	24922	a7058dbc4e2cba8272cfed07f1106b5d2ce2b5b886c417e1292031b18354a888	not a metric of this report
tr03-official-1/2031-cell-b-pack-0122-curtain/trace.jsonl.gz	1838289	1fbc88c4fc19079eef108555a8c752017a10b873f260db85207d85b9712e6f36	too large (trace)
tr03-official-1/2032-cell-b-pack-0122-packfault/reference-10ms-differences.json.gz	138482	6748af5461dc0b7403a0d357b9652b1aa987dbc0ce592a009856819d748d0694	not a metric of this report
tr03-official-1/2032-cell-b-pack-0122-packfault/trace.jsonl.gz	11206426	44507f636c47605f29df988dc50a53fb3778fa6f95a2576706bd4f0ac77227d5	too large (trace)
tr03-official-1/2033-cell-b-pack-0132-normal-s1/reference-10ms-differences.json.gz	223733	8dbf15b3d3c4499ea29a4d5c4b0a36e07d30904081963fc8e919f30a439c4e09	not a metric of this report
tr03-official-1/2033-cell-b-pack-0132-normal-s1/trace.jsonl.gz	18781853	34c69fe7e77ec2dff61fafe6463116c4e932e696381e5057eec12836c05a6edd	too large (trace)
tr03-official-1/2034-cell-b-pack-0132-normal-s2/reference-10ms-differences.json.gz	223733	8dbf15b3d3c4499ea29a4d5c4b0a36e07d30904081963fc8e919f30a439c4e09	not a metric of this report
tr03-official-1/2034-cell-b-pack-0132-normal-s2/trace.jsonl.gz	18771172	03ce908b687a91c1a2cfaee983ee50aa9e10677de54560c3faaa1ccf53e0dd6b	too large (trace)
tr03-official-1/2035-cell-b-pack-0132-normal-s3/reference-10ms-differences.json.gz	223733	8dbf15b3d3c4499ea29a4d5c4b0a36e07d30904081963fc8e919f30a439c4e09	not a metric of this report
tr03-official-1/2035-cell-b-pack-0132-normal-s3/trace.jsonl.gz	18730500	c4311f52ea404063a55a6cd56af2457f2e05c83c51d055f5cb81ed9dfd5f4b3e	too large (trace)
tr03-official-1/2036-cell-b-pack-0132-cycle-stop/reference-10ms-differences.json.gz	29439	5159ad5ab4577da01786f8c832b0578643aacdae249db7f0d34961773519f0ab	not a metric of this report
tr03-official-1/2036-cell-b-pack-0132-cycle-stop/trace.jsonl.gz	2211906	97f83ad0b967ef90b7bf39908beaea4f85deb1a605f92bcc840f8d3515cd2ae5	too large (trace)
tr03-official-1/2037-cell-b-pack-0132-curtain/reference-10ms-differences.json.gz	24925	98b3ddb1ab62cb986201904415f2a68010037ae9c36d12001586956f296357b9	not a metric of this report
tr03-official-1/2037-cell-b-pack-0132-curtain/trace.jsonl.gz	1842494	0f41834abc37091f7590c8bb34dd574d92359edc45bccb5f56656c3aef886c5f	too large (trace)
tr03-official-1/2038-cell-b-pack-0132-packfault/reference-10ms-differences.json.gz	138586	75389d7311dc6a66c1651263bc1ac409b403339ba133795dcb49ea8e958e02f0	not a metric of this report
tr03-official-1/2038-cell-b-pack-0132-packfault/trace.jsonl.gz	11214784	83370b0114051fe606532a03e7b9ff3c41a144180a77c74d02ca4c1817595c74	too large (trace)
tr03-official-1/2039-cell-b-pack-0135-normal-s1/reference-10ms-differences.json.gz	210649	383c038f81987689798d714d9f917eff8217c5b6b01e5305a9a578ba7dde9b31	not a metric of this report
tr03-official-1/2039-cell-b-pack-0135-normal-s1/trace.jsonl.gz	19448125	33abab4af65dd41114ae3b249863fd139aa532f17abc0c77ddc8c0d41d49b364	too large (trace)
tr03-official-1/2040-cell-b-pack-0135-normal-s2/reference-10ms-differences.json.gz	210649	383c038f81987689798d714d9f917eff8217c5b6b01e5305a9a578ba7dde9b31	not a metric of this report
tr03-official-1/2040-cell-b-pack-0135-normal-s2/trace.jsonl.gz	19346315	b6f5b4322f2a46f845ea3ebc929b066b16e41e73fa489f84ef14292f8153e716	too large (trace)
tr03-official-1/2041-cell-b-pack-0135-normal-s3/reference-10ms-differences.json.gz	210649	383c038f81987689798d714d9f917eff8217c5b6b01e5305a9a578ba7dde9b31	not a metric of this report
tr03-official-1/2041-cell-b-pack-0135-normal-s3/trace.jsonl.gz	19379430	c3ee0afb65a3ecd2085fd39256adaf0ea57a29aee1b3a1b89e92771905491940	too large (trace)
tr03-official-1/2042-cell-b-pack-0135-cycle-stop/reference-10ms-differences.json.gz	16243	c64669cb0842c21b5fe5e33d0b0bc7fe0b690d964dc65a217b86ce07289c91b4	not a metric of this report
tr03-official-1/2042-cell-b-pack-0135-cycle-stop/trace.jsonl.gz	2318669	c4af88516cc7de170aa59ab3848e500e4f1a3bfbb6076024bba52cc5bb688003	too large (trace)
tr03-official-1/2043-cell-b-pack-0135-curtain/reference-10ms-differences.json.gz	11638	28b1e4825330fdd6223b68320e6b39ad0d2f9664341b2adb216befce6465ff17	not a metric of this report
tr03-official-1/2043-cell-b-pack-0135-curtain/trace.jsonl.gz	1948093	8852129e5577d814e9a64917b9b9d7b6a9961a18fc91f517c759111c048b3473	too large (trace)
tr03-official-1/2044-cell-b-pack-0135-packfault/reference-10ms-differences.json.gz	125261	f2fe68c417b251b209719677c37abb37bbd5f386f6f628c3945ee5dbad5a0962	not a metric of this report
tr03-official-1/2044-cell-b-pack-0135-packfault/trace.jsonl.gz	11581568	e65aae946b240cf44bdd675c03b7c425f10a17cf5249141576b88e49e9c80637	too large (trace)
tr03-official-1/2045-cell-b-pack-0142-normal-s1/reference-10ms-differences.json.gz	23	f1101f8233b16d980af348db666cbdb1b9772fa79c6fa8d7d6d9550c1f6a546d	not a metric of this report
tr03-official-1/2045-cell-b-pack-0142-normal-s1/trace.jsonl.gz	73705720	e04f4a41e6d3dc84d273b70f7b7b2d075c3893388e32a85ac665f373b72b8168	too large (trace)
tr03-official-1/2046-cell-b-pack-0142-normal-s2/reference-10ms-differences.json.gz	23	f1101f8233b16d980af348db666cbdb1b9772fa79c6fa8d7d6d9550c1f6a546d	not a metric of this report
tr03-official-1/2046-cell-b-pack-0142-normal-s2/trace.jsonl.gz	73643383	2ac6bb5f17176b483cf20e3600096cc2f59ee65037db33d9613d0366cff0c42d	too large (trace)
tr03-official-1/2047-cell-b-pack-0142-normal-s3/reference-10ms-differences.json.gz	23	f1101f8233b16d980af348db666cbdb1b9772fa79c6fa8d7d6d9550c1f6a546d	not a metric of this report
tr03-official-1/2047-cell-b-pack-0142-normal-s3/trace.jsonl.gz	73449925	db6d6567b0d322fa4fac136f7c711269e8cb2aa986c13e6db34d5008d91e7992	too large (trace)
tr03-official-1/2048-cell-b-pack-0142-cycle-stop/reference-10ms-differences.json.gz	23	f1101f8233b16d980af348db666cbdb1b9772fa79c6fa8d7d6d9550c1f6a546d	not a metric of this report
tr03-official-1/2048-cell-b-pack-0142-cycle-stop/trace.jsonl.gz	2573656	c62b207e98ac1fe4973ab68b3cd959e123529137553a7f702e439c2035fb5654	too large (trace)
tr03-official-1/2049-cell-b-pack-0142-curtain/reference-10ms-differences.json.gz	23	f1101f8233b16d980af348db666cbdb1b9772fa79c6fa8d7d6d9550c1f6a546d	not a metric of this report
tr03-official-1/2049-cell-b-pack-0142-curtain/trace.jsonl.gz	1978700	eed616152278cdde26d3c8cdeb0872dd155372dbc9f23415b68897cc5f87e97d	too large (trace)
tr03-official-1/2050-cell-b-pack-0142-packfault/reference-10ms-differences.json.gz	23	f1101f8233b16d980af348db666cbdb1b9772fa79c6fa8d7d6d9550c1f6a546d	not a metric of this report
tr03-official-1/2050-cell-b-pack-0142-packfault/trace.jsonl.gz	32538362	076bbf2d670e56ca80993dd5b7da72d49c592fdaa78460f81d083db7540e4f92	too large (trace)
tr03-official-1/2051-cell-b-pack-0143-normal-s1/reference-10ms-differences.json.gz	23	f1101f8233b16d980af348db666cbdb1b9772fa79c6fa8d7d6d9550c1f6a546d	not a metric of this report
tr03-official-1/2051-cell-b-pack-0143-normal-s1/trace.jsonl.gz	73700684	023fbe1e2ee0c608b0e61715051bce2526592f5fe43d7ea42387fdc7f6871026	too large (trace)
tr03-official-1/2052-cell-b-pack-0143-normal-s2/reference-10ms-differences.json.gz	23	f1101f8233b16d980af348db666cbdb1b9772fa79c6fa8d7d6d9550c1f6a546d	not a metric of this report
tr03-official-1/2052-cell-b-pack-0143-normal-s2/trace.jsonl.gz	73637149	d4f563d7349f0abad8ad8148cfec6596f28e73147c25a291868c939d17dc2750	too large (trace)
tr03-official-1/2053-cell-b-pack-0143-normal-s3/reference-10ms-differences.json.gz	23	f1101f8233b16d980af348db666cbdb1b9772fa79c6fa8d7d6d9550c1f6a546d	not a metric of this report
tr03-official-1/2053-cell-b-pack-0143-normal-s3/trace.jsonl.gz	73441416	8949a9bcc8abe9049fed326e8a05bfb3490746cc6d24c24c1369bf9392c66261	too large (trace)
tr03-official-1/2054-cell-b-pack-0143-cycle-stop/reference-10ms-differences.json.gz	23	f1101f8233b16d980af348db666cbdb1b9772fa79c6fa8d7d6d9550c1f6a546d	not a metric of this report
tr03-official-1/2054-cell-b-pack-0143-cycle-stop/trace.jsonl.gz	2580398	5ab6b75436d7edc97446c86d81182f17852fca95573b25e05bc53f4d8632bad4	too large (trace)
tr03-official-1/2055-cell-b-pack-0143-curtain/reference-10ms-differences.json.gz	23	f1101f8233b16d980af348db666cbdb1b9772fa79c6fa8d7d6d9550c1f6a546d	not a metric of this report
tr03-official-1/2055-cell-b-pack-0143-curtain/trace.jsonl.gz	1981549	344ec24125277a18dc80d0edffb9637c17b83525e9072206017c7d58411e7d38	too large (trace)
tr03-official-1/2056-cell-b-pack-0143-packfault/reference-10ms-differences.json.gz	23	f1101f8233b16d980af348db666cbdb1b9772fa79c6fa8d7d6d9550c1f6a546d	not a metric of this report
tr03-official-1/2056-cell-b-pack-0143-packfault/trace.jsonl.gz	32540230	f5a14c3c1ffcf861bf4e120b27f9f2bc76714fbcaa19dd8678fb17dd79229b4d	too large (trace)
tr03-official-1/2057-cell-b-pack-0147-normal-s1/reference-10ms-differences.json.gz	23	f1101f8233b16d980af348db666cbdb1b9772fa79c6fa8d7d6d9550c1f6a546d	not a metric of this report
tr03-official-1/2057-cell-b-pack-0147-normal-s1/trace.jsonl.gz	73699781	a3d3ff0725ad7c61f1265268b58c9c5902b6e4562752066e959aff77452f1fe4	too large (trace)
tr03-official-1/2058-cell-b-pack-0147-normal-s2/reference-10ms-differences.json.gz	23	f1101f8233b16d980af348db666cbdb1b9772fa79c6fa8d7d6d9550c1f6a546d	not a metric of this report
tr03-official-1/2058-cell-b-pack-0147-normal-s2/trace.jsonl.gz	73638253	126abe7cc9f4ffb7c47c4320a714ad93ac9305b82c9daf8e94ed9295e22e9c51	too large (trace)
tr03-official-1/2059-cell-b-pack-0147-normal-s3/reference-10ms-differences.json.gz	23	f1101f8233b16d980af348db666cbdb1b9772fa79c6fa8d7d6d9550c1f6a546d	not a metric of this report
tr03-official-1/2059-cell-b-pack-0147-normal-s3/trace.jsonl.gz	73450253	a932eaa727a0e737724cf48a277b6fe5113fd173932aa4efe8da9be03b209d8a	too large (trace)
tr03-official-1/2060-cell-b-pack-0147-cycle-stop/reference-10ms-differences.json.gz	23	f1101f8233b16d980af348db666cbdb1b9772fa79c6fa8d7d6d9550c1f6a546d	not a metric of this report
tr03-official-1/2060-cell-b-pack-0147-cycle-stop/trace.jsonl.gz	2574332	390e9b359afc73cd970883b53a3d7c212f5230086da8232437cf636ba193ce08	too large (trace)
tr03-official-1/2061-cell-b-pack-0147-curtain/reference-10ms-differences.json.gz	23	f1101f8233b16d980af348db666cbdb1b9772fa79c6fa8d7d6d9550c1f6a546d	not a metric of this report
tr03-official-1/2061-cell-b-pack-0147-curtain/trace.jsonl.gz	1981748	6c929965af76621c4e712f295866a9aa8ba75f65ab4d91df006269c407cc8674	too large (trace)
tr03-official-1/2062-cell-b-pack-0147-packfault/reference-10ms-differences.json.gz	23	f1101f8233b16d980af348db666cbdb1b9772fa79c6fa8d7d6d9550c1f6a546d	not a metric of this report
tr03-official-1/2062-cell-b-pack-0147-packfault/trace.jsonl.gz	32538589	30ad8938f502ea5f10aa4dea0f277b1038426ef180c63d25121ffe6cb5f9ada7	too large (trace)
tr03-official-1/2063-cell-b-pack-0148-normal-s1/reference-10ms-differences.json.gz	210649	383c038f81987689798d714d9f917eff8217c5b6b01e5305a9a578ba7dde9b31	not a metric of this report
tr03-official-1/2063-cell-b-pack-0148-normal-s1/trace.jsonl.gz	19448864	ce19f0d95b4b91f86b0ecad3e381baef874e11438ddc6e492f1668bc13be7336	too large (trace)
tr03-official-1/2064-cell-b-pack-0148-normal-s2/reference-10ms-differences.json.gz	210649	383c038f81987689798d714d9f917eff8217c5b6b01e5305a9a578ba7dde9b31	not a metric of this report
tr03-official-1/2064-cell-b-pack-0148-normal-s2/trace.jsonl.gz	19346149	e69ba2a39bc9b6067175096e5cca4004892e52083bc1f8695e520dc481e1f446	too large (trace)
tr03-official-1/2065-cell-b-pack-0148-normal-s3/reference-10ms-differences.json.gz	210649	383c038f81987689798d714d9f917eff8217c5b6b01e5305a9a578ba7dde9b31	not a metric of this report
tr03-official-1/2065-cell-b-pack-0148-normal-s3/trace.jsonl.gz	19371734	e2a3a5b592d6e24b577860225b4130cdca940b5ca7a37a4cf642bb4504d6ac22	too large (trace)
tr03-official-1/2066-cell-b-pack-0148-cycle-stop/reference-10ms-differences.json.gz	16243	c64669cb0842c21b5fe5e33d0b0bc7fe0b690d964dc65a217b86ce07289c91b4	not a metric of this report
tr03-official-1/2066-cell-b-pack-0148-cycle-stop/trace.jsonl.gz	2321825	b5a01dce69c1fdbc83b7394c792bba6d926743442474006a43f484615fd99d3d	too large (trace)
tr03-official-1/2067-cell-b-pack-0148-curtain/reference-10ms-differences.json.gz	11638	28b1e4825330fdd6223b68320e6b39ad0d2f9664341b2adb216befce6465ff17	not a metric of this report
tr03-official-1/2067-cell-b-pack-0148-curtain/trace.jsonl.gz	1943377	26ad0fb4b02a0c67008675f34fbc7f2e91d759ab9834424fdb68be31d7c89155	too large (trace)
tr03-official-1/2068-cell-b-pack-0148-packfault/reference-10ms-differences.json.gz	125261	f2fe68c417b251b209719677c37abb37bbd5f386f6f628c3945ee5dbad5a0962	not a metric of this report
tr03-official-1/2068-cell-b-pack-0148-packfault/trace.jsonl.gz	11560978	eb820515561a83eedffc7f6cc6cc3ec834876f8ff967f7552390a6e1506faf58	too large (trace)
tr03-official-1/2069-cell-b-pack-0153-normal-s1/reference-10ms-differences.json.gz	23	f1101f8233b16d980af348db666cbdb1b9772fa79c6fa8d7d6d9550c1f6a546d	not a metric of this report
tr03-official-1/2069-cell-b-pack-0153-normal-s1/trace.jsonl.gz	73697360	5335d8520692ab9b2c51196761e40ebfab97b0c01fea4a6db4ad2d1efb7a4579	too large (trace)
tr03-official-1/2070-cell-b-pack-0153-normal-s2/reference-10ms-differences.json.gz	23	f1101f8233b16d980af348db666cbdb1b9772fa79c6fa8d7d6d9550c1f6a546d	not a metric of this report
tr03-official-1/2070-cell-b-pack-0153-normal-s2/trace.jsonl.gz	73642714	e06db5d3c134c9a129d1fc12229bc48b70551ddefd6694d50aa073d0446cb000	too large (trace)
tr03-official-1/2071-cell-b-pack-0153-normal-s3/reference-10ms-differences.json.gz	23	f1101f8233b16d980af348db666cbdb1b9772fa79c6fa8d7d6d9550c1f6a546d	not a metric of this report
tr03-official-1/2071-cell-b-pack-0153-normal-s3/trace.jsonl.gz	73444537	c76714ff64f1f3312040c6cd8edb58317c04b92fa23eab7bb9c9fd0c32120d2f	too large (trace)
tr03-official-1/2072-cell-b-pack-0153-cycle-stop/reference-10ms-differences.json.gz	23	f1101f8233b16d980af348db666cbdb1b9772fa79c6fa8d7d6d9550c1f6a546d	not a metric of this report
tr03-official-1/2072-cell-b-pack-0153-cycle-stop/trace.jsonl.gz	2577696	9305f74160bda1f698e78924af5b1946f3924befc6a56de03f82e50c0962b5e4	too large (trace)
tr03-official-1/2073-cell-b-pack-0153-curtain/reference-10ms-differences.json.gz	23	f1101f8233b16d980af348db666cbdb1b9772fa79c6fa8d7d6d9550c1f6a546d	not a metric of this report
tr03-official-1/2073-cell-b-pack-0153-curtain/trace.jsonl.gz	1972402	2014d84af327150dd43c479588d30f13b8b719e4d29ad8e96935a92011bdca7e	too large (trace)
tr03-official-1/2074-cell-b-pack-0153-packfault/reference-10ms-differences.json.gz	23	f1101f8233b16d980af348db666cbdb1b9772fa79c6fa8d7d6d9550c1f6a546d	not a metric of this report
tr03-official-1/2074-cell-b-pack-0153-packfault/trace.jsonl.gz	32539342	a529b316174529dedb6138a750fb1d1cd457d89fae91c281fd6bc50b3b725d92	too large (trace)
tr03-official-1/2075-cell-b-pack-0158-normal-s1/reference-10ms-differences.json.gz	23	f1101f8233b16d980af348db666cbdb1b9772fa79c6fa8d7d6d9550c1f6a546d	not a metric of this report
tr03-official-1/2075-cell-b-pack-0158-normal-s1/trace.jsonl.gz	73698202	95184e152e9b56976c1e79e423903d0c1c97f41e4bd978398ab3c2397772ff63	too large (trace)
tr03-official-1/2076-cell-b-pack-0158-normal-s2/reference-10ms-differences.json.gz	23	f1101f8233b16d980af348db666cbdb1b9772fa79c6fa8d7d6d9550c1f6a546d	not a metric of this report
tr03-official-1/2076-cell-b-pack-0158-normal-s2/trace.jsonl.gz	73632313	f85fd2b7ade2bb2de88baaa4415a099a0551867902809fc278d08e86365124b2	too large (trace)
tr03-official-1/2077-cell-b-pack-0158-normal-s3/reference-10ms-differences.json.gz	23	f1101f8233b16d980af348db666cbdb1b9772fa79c6fa8d7d6d9550c1f6a546d	not a metric of this report
tr03-official-1/2077-cell-b-pack-0158-normal-s3/trace.jsonl.gz	73452000	8222e74878137db5e72dff9fa3758164e81bfbb5ee34eefeb82b35a94d159b1b	too large (trace)
tr03-official-1/2078-cell-b-pack-0158-cycle-stop/reference-10ms-differences.json.gz	23	f1101f8233b16d980af348db666cbdb1b9772fa79c6fa8d7d6d9550c1f6a546d	not a metric of this report
tr03-official-1/2078-cell-b-pack-0158-cycle-stop/trace.jsonl.gz	2579893	59db2e355901cd78eb598530014722a6eb4d8f4d9755c1a8a27d6775851e9b02	too large (trace)
tr03-official-1/2079-cell-b-pack-0158-curtain/reference-10ms-differences.json.gz	23	f1101f8233b16d980af348db666cbdb1b9772fa79c6fa8d7d6d9550c1f6a546d	not a metric of this report
tr03-official-1/2079-cell-b-pack-0158-curtain/trace.jsonl.gz	1978677	782d1d59eb480176961bab79174b3e19d76aa80ad412fa7c831368c32ca6ee61	too large (trace)
tr03-official-1/2080-cell-b-pack-0158-packfault/reference-10ms-differences.json.gz	23	f1101f8233b16d980af348db666cbdb1b9772fa79c6fa8d7d6d9550c1f6a546d	not a metric of this report
tr03-official-1/2080-cell-b-pack-0158-packfault/trace.jsonl.gz	32540930	f3dc725ad021a14aaf6cb72e59b1c0d61569003258ec3aa34c7de6bf120a4379	too large (trace)
tr03-official-1/2081-cell-b-pack-0160-normal-s1/reference-10ms-differences.json.gz	211426	29e9e4e2fb54e584f5cc6a17256319467e3ed20c50ce82b608fd20aebc7477dc	not a metric of this report
tr03-official-1/2081-cell-b-pack-0160-normal-s1/trace.jsonl.gz	19266724	3d3f6ebfb9c7d4ae0b5d7efb52f5d7b5b9b12f48bd5cb19bee9ef7ccdd1ad363	too large (trace)
tr03-official-1/2082-cell-b-pack-0160-normal-s2/reference-10ms-differences.json.gz	208329	88cf57542a936686d57810b379e15b47a565e91d70801d3597b2ed71a7f91a95	not a metric of this report
tr03-official-1/2082-cell-b-pack-0160-normal-s2/trace.jsonl.gz	19211480	cc383b2bc74f6edaecafde4739559f2701a9539bce60c0a499ff1a14cd547812	too large (trace)
tr03-official-1/2083-cell-b-pack-0160-normal-s3/reference-10ms-differences.json.gz	203849	24ede5b2a551946e44e48543614b5bd381048d3b84ab47508c1089dd9851db48	not a metric of this report
tr03-official-1/2083-cell-b-pack-0160-normal-s3/trace.jsonl.gz	19609344	d847eccc938cc409a5cf175c8bf318bd48299cd18f2842dc42a433a176f979c3	too large (trace)
tr03-official-1/2084-cell-b-pack-0160-cycle-stop/reference-10ms-differences.json.gz	16975	a04a134a40d531c500f34583007bd95740e19c5bf6f7f8bdf363326efb62c2a4	not a metric of this report
tr03-official-1/2084-cell-b-pack-0160-cycle-stop/trace.jsonl.gz	2301599	ddca7b1f144f04151eb151db6d2a52dcf1b3ee9245fd2cc1f9aed69092f4a9b7	too large (trace)
tr03-official-1/2085-cell-b-pack-0160-curtain/reference-10ms-differences.json.gz	12443	6f2c22f364a7d260e61be9d231f558d23b46d5876129a7131f9bbd1bf055edf5	not a metric of this report
tr03-official-1/2085-cell-b-pack-0160-curtain/trace.jsonl.gz	1937652	0f960d58c7c91e9b0fb179f4ad8408ee61588e363ac3304fcb9d39c35939e488	too large (trace)
tr03-official-1/2086-cell-b-pack-0160-packfault/reference-10ms-differences.json.gz	126245	1547772d47b601ebe193559179940f0289f5f096a438e9b782d97c5ce8ea6408	not a metric of this report
tr03-official-1/2086-cell-b-pack-0160-packfault/trace.jsonl.gz	11480438	b595c726777c65327e4dc81d562ea0f92274c21105c4a938c5d1b85bb156bd3d	too large (trace)
tr03-official-1/2087-cell-b-pack-0168-normal-s1/reference-10ms-differences.json.gz	23	f1101f8233b16d980af348db666cbdb1b9772fa79c6fa8d7d6d9550c1f6a546d	not a metric of this report
tr03-official-1/2087-cell-b-pack-0168-normal-s1/trace.jsonl.gz	73703244	f7f1e44bbc2e817476bfd315f7e4ab24c92229795382073ab5c8cf987560bbff	too large (trace)
tr03-official-1/2088-cell-b-pack-0168-normal-s2/reference-10ms-differences.json.gz	23	f1101f8233b16d980af348db666cbdb1b9772fa79c6fa8d7d6d9550c1f6a546d	not a metric of this report
tr03-official-1/2088-cell-b-pack-0168-normal-s2/trace.jsonl.gz	73632466	179d05d8d1b40e288b6e370e7f2f58548413da3e9fd9eea9b54b709b321344fe	too large (trace)
tr03-official-1/2089-cell-b-pack-0168-normal-s3/reference-10ms-differences.json.gz	23	f1101f8233b16d980af348db666cbdb1b9772fa79c6fa8d7d6d9550c1f6a546d	not a metric of this report
tr03-official-1/2089-cell-b-pack-0168-normal-s3/trace.jsonl.gz	73446486	9ab792de87790d6e906ee88754f4dbe6912f56012da93b938b4dfbe8b0971baf	too large (trace)
tr03-official-1/2090-cell-b-pack-0168-cycle-stop/reference-10ms-differences.json.gz	23	f1101f8233b16d980af348db666cbdb1b9772fa79c6fa8d7d6d9550c1f6a546d	not a metric of this report
tr03-official-1/2090-cell-b-pack-0168-cycle-stop/trace.jsonl.gz	2578747	d428a41893907e9dd06198b8fe2cd82b9d2015972351b7f415bbafe65b929054	too large (trace)
tr03-official-1/2091-cell-b-pack-0168-curtain/reference-10ms-differences.json.gz	23	f1101f8233b16d980af348db666cbdb1b9772fa79c6fa8d7d6d9550c1f6a546d	not a metric of this report
tr03-official-1/2091-cell-b-pack-0168-curtain/trace.jsonl.gz	1976556	bd6ed4cf6270194ad6f6d1a40c740a842f8942e979080434cbdba1e00994dbb5	too large (trace)
tr03-official-1/2092-cell-b-pack-0168-packfault/reference-10ms-differences.json.gz	23	f1101f8233b16d980af348db666cbdb1b9772fa79c6fa8d7d6d9550c1f6a546d	not a metric of this report
tr03-official-1/2092-cell-b-pack-0168-packfault/trace.jsonl.gz	32542800	47cbbcb6ae9c02634891ebe285ab70cd171974ea0dec13e150610e7f9376927a	too large (trace)
tr03-official-1/2093-cell-b-pack-0172-normal-s1/reference-10ms-differences.json.gz	23	f1101f8233b16d980af348db666cbdb1b9772fa79c6fa8d7d6d9550c1f6a546d	not a metric of this report
tr03-official-1/2093-cell-b-pack-0172-normal-s1/trace.jsonl.gz	73697837	d942e790f2f400e895954782a29058ad7060c6c3cf321a31fd6920892b02f809	too large (trace)
tr03-official-1/2094-cell-b-pack-0172-normal-s2/reference-10ms-differences.json.gz	23	f1101f8233b16d980af348db666cbdb1b9772fa79c6fa8d7d6d9550c1f6a546d	not a metric of this report
tr03-official-1/2094-cell-b-pack-0172-normal-s2/trace.jsonl.gz	73633101	af0ab946cc8ea84459556f7a521defffdd70ece4e3aa36993294390c752013e8	too large (trace)
tr03-official-1/2095-cell-b-pack-0172-normal-s3/reference-10ms-differences.json.gz	23	f1101f8233b16d980af348db666cbdb1b9772fa79c6fa8d7d6d9550c1f6a546d	not a metric of this report
tr03-official-1/2095-cell-b-pack-0172-normal-s3/trace.jsonl.gz	73449296	9fee23244fdd8386dce94356755b65dc42c41c6b54a50a83cc11e9a967a58734	too large (trace)
tr03-official-1/2096-cell-b-pack-0172-cycle-stop/reference-10ms-differences.json.gz	23	f1101f8233b16d980af348db666cbdb1b9772fa79c6fa8d7d6d9550c1f6a546d	not a metric of this report
tr03-official-1/2096-cell-b-pack-0172-cycle-stop/trace.jsonl.gz	2583580	0f8c718e00727c77a9f79c05893f27f5491156cd002810dc86354087aa5357c0	too large (trace)
tr03-official-1/2097-cell-b-pack-0172-curtain/reference-10ms-differences.json.gz	23	f1101f8233b16d980af348db666cbdb1b9772fa79c6fa8d7d6d9550c1f6a546d	not a metric of this report
tr03-official-1/2097-cell-b-pack-0172-curtain/trace.jsonl.gz	1982135	56b4a0aee8e0ca49db3542a0bc7b3545b493569df7cf1ee87bbf76ce9197efca	too large (trace)
tr03-official-1/2098-cell-b-pack-0172-packfault/reference-10ms-differences.json.gz	23	f1101f8233b16d980af348db666cbdb1b9772fa79c6fa8d7d6d9550c1f6a546d	not a metric of this report
tr03-official-1/2098-cell-b-pack-0172-packfault/trace.jsonl.gz	32536777	70369d22bde5cd26cc4f29bfc870816b860ec38bc20032c16cd9a99a3efa55f0	too large (trace)
tr03-official-1/2099-cell-b-pack-0175-normal-s1/reference-10ms-differences.json.gz	23	f1101f8233b16d980af348db666cbdb1b9772fa79c6fa8d7d6d9550c1f6a546d	not a metric of this report
tr03-official-1/2099-cell-b-pack-0175-normal-s1/trace.jsonl.gz	73692189	53bc5226543604da2019d441c8c615d971e5c83ed98cfe49e833796c05bbc89a	too large (trace)
tr03-official-1/2100-cell-b-pack-0175-normal-s2/reference-10ms-differences.json.gz	23	f1101f8233b16d980af348db666cbdb1b9772fa79c6fa8d7d6d9550c1f6a546d	not a metric of this report
tr03-official-1/2100-cell-b-pack-0175-normal-s2/trace.jsonl.gz	73628013	5b00d1a42e22dc7d7c47f44ef757a2deb460efa9f40aff382f685558b2f15760	too large (trace)
tr03-official-1/2101-cell-b-pack-0175-normal-s3/reference-10ms-differences.json.gz	23	f1101f8233b16d980af348db666cbdb1b9772fa79c6fa8d7d6d9550c1f6a546d	not a metric of this report
tr03-official-1/2101-cell-b-pack-0175-normal-s3/trace.jsonl.gz	73448034	a2084d88767de57569cb0d9b1a299f1edb00aea5827e4ca5c528ef9ca5899ffe	too large (trace)
tr03-official-1/2102-cell-b-pack-0175-cycle-stop/reference-10ms-differences.json.gz	23	f1101f8233b16d980af348db666cbdb1b9772fa79c6fa8d7d6d9550c1f6a546d	not a metric of this report
tr03-official-1/2102-cell-b-pack-0175-cycle-stop/trace.jsonl.gz	2575169	5e1155f0688b0d43d4649690085ce37088378a5f15f1d13a1ff2d3ebe654a538	too large (trace)
tr03-official-1/2103-cell-b-pack-0175-curtain/reference-10ms-differences.json.gz	23	f1101f8233b16d980af348db666cbdb1b9772fa79c6fa8d7d6d9550c1f6a546d	not a metric of this report
tr03-official-1/2103-cell-b-pack-0175-curtain/trace.jsonl.gz	1979647	a9028ecd1f47d1fa8711c9da4ad89a84988255d75c2f1eb889602178e5671304	too large (trace)
tr03-official-1/2104-cell-b-pack-0175-packfault/reference-10ms-differences.json.gz	23	f1101f8233b16d980af348db666cbdb1b9772fa79c6fa8d7d6d9550c1f6a546d	not a metric of this report
tr03-official-1/2104-cell-b-pack-0175-packfault/trace.jsonl.gz	32536002	b1e81915bf2e15ef5e33cd621e0fc82a5a108b98714d984aa1f3605ec41971e9	too large (trace)
tr03-official-1/2105-cell-b-pack-0178-normal-s1/reference-10ms-differences.json.gz	211892	c52bad5b1a88ccf20c630a1f2e22015f83e32b3372d2573b885b3465fcabaeb8	not a metric of this report
tr03-official-1/2105-cell-b-pack-0178-normal-s1/trace.jsonl.gz	19684542	4c85c7cbb9d0014e65e57351d04a9dfde192139c22e4278aca8e2903a756f61e	too large (trace)
tr03-official-1/2106-cell-b-pack-0178-normal-s2/reference-10ms-differences.json.gz	208951	ebf556cc4a5995debe95150fcaab3f27a5951a87c246cea77f21fd25c6e603db	not a metric of this report
tr03-official-1/2106-cell-b-pack-0178-normal-s2/trace.jsonl.gz	19848870	b0d23a7f1d59d05558d1f76d4848d4a4fc63625238b7e5c3b6b4c3259f5ca19a	too large (trace)
tr03-official-1/2107-cell-b-pack-0178-normal-s3/reference-10ms-differences.json.gz	204467	cf05cfdd5aa3a5292e88f0273cdf3b23847262fd7175bfd78fbd58f53312c65e	not a metric of this report
tr03-official-1/2107-cell-b-pack-0178-normal-s3/trace.jsonl.gz	20075220	072a9b47d77112fff7af182fd7e16219e22a594f13d4f4487c011aa797bcab01	too large (trace)
tr03-official-1/2108-cell-b-pack-0178-cycle-stop/reference-10ms-differences.json.gz	17428	e0ba382eb9060f14d10ae1e9307604ec7fd059212528c6c7c3a413b56645690d	not a metric of this report
tr03-official-1/2108-cell-b-pack-0178-cycle-stop/trace.jsonl.gz	2355382	e7f536e9a640080450813d6e1bade87b170e5badfe201977047f887c968c3aa6	too large (trace)
tr03-official-1/2109-cell-b-pack-0178-curtain/reference-10ms-differences.json.gz	898	7947206a4263e075069d8e622c2fff3722f13cb875e10d1461da8ba761ac9cdb	not a metric of this report
tr03-official-1/2109-cell-b-pack-0178-curtain/trace.jsonl.gz	1972678	414624069307a60b4307c46b391bbfd4c73cccb78e58de82c745459417a54b2d	too large (trace)
tr03-official-1/2110-cell-b-pack-0178-packfault/reference-10ms-differences.json.gz	126759	82cbc20f297bcaea56d1a0828e6ffbe5dcc02c8d1fa03938fabc5be16554b457	not a metric of this report
tr03-official-1/2110-cell-b-pack-0178-packfault/trace.jsonl.gz	11749222	81d0aa17a6f8be63abd560a62536e65065869e64ee534e745ca510d9f99cc603	too large (trace)
tr03-official-1/2111-cell-b-pack-0183-normal-s1/reference-10ms-differences.json.gz	23	f1101f8233b16d980af348db666cbdb1b9772fa79c6fa8d7d6d9550c1f6a546d	not a metric of this report
tr03-official-1/2111-cell-b-pack-0183-normal-s1/trace.jsonl.gz	73703220	d49490eac41a521af0d6498accff0c1e9b9c86c79e89896d2702a27d844f1a3b	too large (trace)
tr03-official-1/2112-cell-b-pack-0183-normal-s2/reference-10ms-differences.json.gz	23	f1101f8233b16d980af348db666cbdb1b9772fa79c6fa8d7d6d9550c1f6a546d	not a metric of this report
tr03-official-1/2112-cell-b-pack-0183-normal-s2/trace.jsonl.gz	73636457	042f61443fa525f73f29904250369a9047489864f8262bd878e7df52084cfa68	too large (trace)
tr03-official-1/2113-cell-b-pack-0183-normal-s3/reference-10ms-differences.json.gz	23	f1101f8233b16d980af348db666cbdb1b9772fa79c6fa8d7d6d9550c1f6a546d	not a metric of this report
tr03-official-1/2113-cell-b-pack-0183-normal-s3/trace.jsonl.gz	73452585	a608008c3455c426e01893e877af5f88dead241aab80a4fef833dcbb9b0813f3	too large (trace)
tr03-official-1/2114-cell-b-pack-0183-cycle-stop/reference-10ms-differences.json.gz	23	f1101f8233b16d980af348db666cbdb1b9772fa79c6fa8d7d6d9550c1f6a546d	not a metric of this report
tr03-official-1/2114-cell-b-pack-0183-cycle-stop/trace.jsonl.gz	2571582	224ec7475db502aff5a1442b229769ae0c831ebac524b247441ecab181f05b4b	too large (trace)
tr03-official-1/2115-cell-b-pack-0183-curtain/reference-10ms-differences.json.gz	23	f1101f8233b16d980af348db666cbdb1b9772fa79c6fa8d7d6d9550c1f6a546d	not a metric of this report
tr03-official-1/2115-cell-b-pack-0183-curtain/trace.jsonl.gz	1965895	fc3c0b2bd1417bb647a18e7c5722fb2fe30ab4761394567f243a7cd5d1d02a44	too large (trace)
tr03-official-1/2116-cell-b-pack-0183-packfault/reference-10ms-differences.json.gz	23	f1101f8233b16d980af348db666cbdb1b9772fa79c6fa8d7d6d9550c1f6a546d	not a metric of this report
tr03-official-1/2116-cell-b-pack-0183-packfault/trace.jsonl.gz	32540176	2fcea71846792ee933e99630a6661acc34dd6e8f2446c4770ba9291132ae55e6	too large (trace)
tr03-official-1/2117-cell-b-pack-0185-normal-s1/reference-10ms-differences.json.gz	23	f1101f8233b16d980af348db666cbdb1b9772fa79c6fa8d7d6d9550c1f6a546d	not a metric of this report
tr03-official-1/2117-cell-b-pack-0185-normal-s1/trace.jsonl.gz	73693415	03b5694e654c42f0902e83106b66c71d882f718c6aa77fa4a80ba52e72c4331a	too large (trace)
tr03-official-1/2118-cell-b-pack-0185-normal-s2/reference-10ms-differences.json.gz	23	f1101f8233b16d980af348db666cbdb1b9772fa79c6fa8d7d6d9550c1f6a546d	not a metric of this report
tr03-official-1/2118-cell-b-pack-0185-normal-s2/trace.jsonl.gz	73634693	54a37b13d5c461d1e8e38ef8c3c29492726b207441cbd6b101a6948c2569f306	too large (trace)
tr03-official-1/2119-cell-b-pack-0185-normal-s3/reference-10ms-differences.json.gz	23	f1101f8233b16d980af348db666cbdb1b9772fa79c6fa8d7d6d9550c1f6a546d	not a metric of this report
tr03-official-1/2119-cell-b-pack-0185-normal-s3/trace.jsonl.gz	73462084	d3b8d14bae450bfc3984804b78cdd3cef58dc5c6ac97ddebf7570fbba8142d68	too large (trace)
tr03-official-1/2120-cell-b-pack-0185-cycle-stop/reference-10ms-differences.json.gz	23	f1101f8233b16d980af348db666cbdb1b9772fa79c6fa8d7d6d9550c1f6a546d	not a metric of this report
tr03-official-1/2120-cell-b-pack-0185-cycle-stop/trace.jsonl.gz	2575979	bee94b5ea7572c2038629428c2c8a68c12e6031b1a655d95d51f48dcf7a2351c	too large (trace)
tr03-official-1/2121-cell-b-pack-0185-curtain/reference-10ms-differences.json.gz	23	f1101f8233b16d980af348db666cbdb1b9772fa79c6fa8d7d6d9550c1f6a546d	not a metric of this report
tr03-official-1/2121-cell-b-pack-0185-curtain/trace.jsonl.gz	1972691	d30aafd202cc8b6d099da16f523b83be5769ce85fe2927227f08bda9dfe9ee53	too large (trace)
tr03-official-1/2122-cell-b-pack-0185-packfault/reference-10ms-differences.json.gz	23	f1101f8233b16d980af348db666cbdb1b9772fa79c6fa8d7d6d9550c1f6a546d	not a metric of this report
tr03-official-1/2122-cell-b-pack-0185-packfault/trace.jsonl.gz	32537812	dc67c7e0a423309527ec9281a1b5294dc835efdb169d2c44941196d364d191fd	too large (trace)
tr03-official-1/2123-cell-b-pack-0186-normal-s1/reference-10ms-differences.json.gz	23	f1101f8233b16d980af348db666cbdb1b9772fa79c6fa8d7d6d9550c1f6a546d	not a metric of this report
tr03-official-1/2123-cell-b-pack-0186-normal-s1/trace.jsonl.gz	73694611	465517fdad252ac7af2ca8b0b1137e11889d6fcd05d716b90aefcddfc140e04e	too large (trace)
tr03-official-1/2124-cell-b-pack-0186-normal-s2/reference-10ms-differences.json.gz	23	f1101f8233b16d980af348db666cbdb1b9772fa79c6fa8d7d6d9550c1f6a546d	not a metric of this report
tr03-official-1/2124-cell-b-pack-0186-normal-s2/trace.jsonl.gz	73640951	323222e492f554aeb2628425e2ca44ade3eafaddab099615190523272695efd9	too large (trace)
tr03-official-1/2125-cell-b-pack-0186-normal-s3/reference-10ms-differences.json.gz	23	f1101f8233b16d980af348db666cbdb1b9772fa79c6fa8d7d6d9550c1f6a546d	not a metric of this report
tr03-official-1/2125-cell-b-pack-0186-normal-s3/trace.jsonl.gz	73453538	380c75d430ffb7f885ff72c189b9c221f09c05cc885024da95cb89f2564ca034	too large (trace)
tr03-official-1/2126-cell-b-pack-0186-cycle-stop/reference-10ms-differences.json.gz	23	f1101f8233b16d980af348db666cbdb1b9772fa79c6fa8d7d6d9550c1f6a546d	not a metric of this report
tr03-official-1/2126-cell-b-pack-0186-cycle-stop/trace.jsonl.gz	2574047	b6ddb48e57843a930e14e2b903a83710dbd417ee8194e7cba2bdcc2b93b6033e	too large (trace)
tr03-official-1/2127-cell-b-pack-0186-curtain/reference-10ms-differences.json.gz	23	f1101f8233b16d980af348db666cbdb1b9772fa79c6fa8d7d6d9550c1f6a546d	not a metric of this report
tr03-official-1/2127-cell-b-pack-0186-curtain/trace.jsonl.gz	1974149	c33229532bceeec2318180f5e3fb0ae9c8a2bb04817e0c7cf7d53f1ddc035a39	too large (trace)
tr03-official-1/2128-cell-b-pack-0186-packfault/reference-10ms-differences.json.gz	23	f1101f8233b16d980af348db666cbdb1b9772fa79c6fa8d7d6d9550c1f6a546d	not a metric of this report
tr03-official-1/2128-cell-b-pack-0186-packfault/trace.jsonl.gz	32532053	cc44542c1d42deab0b43ef40d35461703390370982ff2c8151943c46f49fafa8	too large (trace)
tr03-official-1/2129-cell-b-pack-0191-normal-s1/reference-10ms-differences.json.gz	23	f1101f8233b16d980af348db666cbdb1b9772fa79c6fa8d7d6d9550c1f6a546d	not a metric of this report
tr03-official-1/2129-cell-b-pack-0191-normal-s1/trace.jsonl.gz	73708735	31187943bf091056a79d581dede272e59a86f17ad2666dd6b9da8530bac82d98	too large (trace)
tr03-official-1/2130-cell-b-pack-0191-normal-s2/reference-10ms-differences.json.gz	23	f1101f8233b16d980af348db666cbdb1b9772fa79c6fa8d7d6d9550c1f6a546d	not a metric of this report
tr03-official-1/2130-cell-b-pack-0191-normal-s2/trace.jsonl.gz	73627351	6e6ec9eae6f3cb53da1d8bff218e0f662d4ccc9145f3a76cf86ec914eb40cdc8	too large (trace)
tr03-official-1/2131-cell-b-pack-0191-normal-s3/reference-10ms-differences.json.gz	23	f1101f8233b16d980af348db666cbdb1b9772fa79c6fa8d7d6d9550c1f6a546d	not a metric of this report
tr03-official-1/2131-cell-b-pack-0191-normal-s3/trace.jsonl.gz	73463812	096baec478d512629ed33882821e09f8b5a83859e863729186be246b049d3f18	too large (trace)
tr03-official-1/2132-cell-b-pack-0191-cycle-stop/reference-10ms-differences.json.gz	23	f1101f8233b16d980af348db666cbdb1b9772fa79c6fa8d7d6d9550c1f6a546d	not a metric of this report
tr03-official-1/2132-cell-b-pack-0191-cycle-stop/trace.jsonl.gz	2588485	8c6f7b8fc9e98f2a0537d8d9233eb2a3806141c49a189b7644d3782cd379dab0	too large (trace)
tr03-official-1/2133-cell-b-pack-0191-curtain/reference-10ms-differences.json.gz	23	f1101f8233b16d980af348db666cbdb1b9772fa79c6fa8d7d6d9550c1f6a546d	not a metric of this report
tr03-official-1/2133-cell-b-pack-0191-curtain/trace.jsonl.gz	1980597	e7e2f26ae1e7a9ed2a61cc03dd856d7b65848db9fbdcb691cfd03526f688cafd	too large (trace)
tr03-official-1/2134-cell-b-pack-0191-packfault/reference-10ms-differences.json.gz	23	f1101f8233b16d980af348db666cbdb1b9772fa79c6fa8d7d6d9550c1f6a546d	not a metric of this report
tr03-official-1/2134-cell-b-pack-0191-packfault/trace.jsonl.gz	32546127	36e9c6bb844ba5513464e6522f8d370708d20fc4e6bedbd1f8ed26929ab83276	too large (trace)
tr03-official-1/2135-cell-b-pack-0193-normal-s1/reference-10ms-differences.json.gz	23	f1101f8233b16d980af348db666cbdb1b9772fa79c6fa8d7d6d9550c1f6a546d	not a metric of this report
tr03-official-1/2135-cell-b-pack-0193-normal-s1/trace.jsonl.gz	73698462	8dd9828fe2faeb7bcbbc9c3d4ecb7e275fd79ad5ff4636b0197140f73c9a4aeb	too large (trace)
tr03-official-1/2136-cell-b-pack-0193-normal-s2/reference-10ms-differences.json.gz	23	f1101f8233b16d980af348db666cbdb1b9772fa79c6fa8d7d6d9550c1f6a546d	not a metric of this report
tr03-official-1/2136-cell-b-pack-0193-normal-s2/trace.jsonl.gz	73632544	081425f909727be0ab4ed5dd6016776b04e420830a170e11d6aad07d5e964b64	too large (trace)
tr03-official-1/2137-cell-b-pack-0193-normal-s3/reference-10ms-differences.json.gz	23	f1101f8233b16d980af348db666cbdb1b9772fa79c6fa8d7d6d9550c1f6a546d	not a metric of this report
tr03-official-1/2137-cell-b-pack-0193-normal-s3/trace.jsonl.gz	73450490	23b47a3d3a64b37ef9c300cd194b3c0a97192a7ffc56af8b4f1397a09f3db955	too large (trace)
tr03-official-1/2138-cell-b-pack-0193-cycle-stop/reference-10ms-differences.json.gz	23	f1101f8233b16d980af348db666cbdb1b9772fa79c6fa8d7d6d9550c1f6a546d	not a metric of this report
tr03-official-1/2138-cell-b-pack-0193-cycle-stop/trace.jsonl.gz	2571581	0da3cabaaf5422593c088669023590fe27bbced3c3156c1adf76f348b086d3c3	too large (trace)
tr03-official-1/2139-cell-b-pack-0193-curtain/reference-10ms-differences.json.gz	23	f1101f8233b16d980af348db666cbdb1b9772fa79c6fa8d7d6d9550c1f6a546d	not a metric of this report
tr03-official-1/2139-cell-b-pack-0193-curtain/trace.jsonl.gz	1976008	825027980456fa10b7d73922f928edf8e868d6f4d83acc15e25664564a8c3c7d	too large (trace)
tr03-official-1/2140-cell-b-pack-0193-packfault/reference-10ms-differences.json.gz	23	f1101f8233b16d980af348db666cbdb1b9772fa79c6fa8d7d6d9550c1f6a546d	not a metric of this report
tr03-official-1/2140-cell-b-pack-0193-packfault/trace.jsonl.gz	32541841	ed612b31ec0f26c1309e1d9549b7965965b89c45516b722e5bd4cd4519ed977c	too large (trace)
tr03-official-1/2141-cell-b-pack-0194-normal-s1/reference-10ms-differences.json.gz	23	f1101f8233b16d980af348db666cbdb1b9772fa79c6fa8d7d6d9550c1f6a546d	not a metric of this report
tr03-official-1/2141-cell-b-pack-0194-normal-s1/trace.jsonl.gz	73707673	48e887fa3a2cfc22becaa8cefb47aed0d231258cf89f2a238bf0733ee2793f13	too large (trace)
tr03-official-1/2142-cell-b-pack-0194-normal-s2/reference-10ms-differences.json.gz	23	f1101f8233b16d980af348db666cbdb1b9772fa79c6fa8d7d6d9550c1f6a546d	not a metric of this report
tr03-official-1/2142-cell-b-pack-0194-normal-s2/trace.jsonl.gz	73630921	2b2ae9794fc1ba33b5345acae33f545ee576db3641e65109f57210e2b50b2684	too large (trace)
tr03-official-1/2143-cell-b-pack-0194-normal-s3/reference-10ms-differences.json.gz	23	f1101f8233b16d980af348db666cbdb1b9772fa79c6fa8d7d6d9550c1f6a546d	not a metric of this report
tr03-official-1/2143-cell-b-pack-0194-normal-s3/trace.jsonl.gz	73450577	c1309b1c3065a073c1d7ac64192620521947492801c2f193b6010345c0d1c818	too large (trace)
tr03-official-1/2144-cell-b-pack-0194-cycle-stop/reference-10ms-differences.json.gz	23	f1101f8233b16d980af348db666cbdb1b9772fa79c6fa8d7d6d9550c1f6a546d	not a metric of this report
tr03-official-1/2144-cell-b-pack-0194-cycle-stop/trace.jsonl.gz	2585327	195ecb1240945ec8844165fe56540cd53a769ed8b50179818bf0ffe2b3e33a35	too large (trace)
tr03-official-1/2145-cell-b-pack-0194-curtain/reference-10ms-differences.json.gz	23	f1101f8233b16d980af348db666cbdb1b9772fa79c6fa8d7d6d9550c1f6a546d	not a metric of this report
tr03-official-1/2145-cell-b-pack-0194-curtain/trace.jsonl.gz	1988870	86f371f4bf08a692bc419615c1f08662d2f864748d234bc19ea1749736c7b581	too large (trace)
tr03-official-1/2146-cell-b-pack-0194-packfault/reference-10ms-differences.json.gz	23	f1101f8233b16d980af348db666cbdb1b9772fa79c6fa8d7d6d9550c1f6a546d	not a metric of this report
tr03-official-1/2146-cell-b-pack-0194-packfault/trace.jsonl.gz	32552201	532738826b15e6fb34ca7f6dd93f7e4f60e584200b1e0e957405ff134631568c	too large (trace)
tr03-official-1/2147-cell-b-pack-0195-normal-s1/reference-10ms-differences.json.gz	212089	a64dce44e202b12c06964439abc930aa52791d90678eb68b09c87ea8fbc9acd5	not a metric of this report
tr03-official-1/2147-cell-b-pack-0195-normal-s1/trace.jsonl.gz	19692426	63f36896aac0e80adec7098561c6b5e5794700ca6b52917df3667bab9e0cd07f	too large (trace)
tr03-official-1/2148-cell-b-pack-0195-normal-s2/reference-10ms-differences.json.gz	211022	6b2abd1c7f58a138becfd82771b6b874b428c203748146b98d8299181f6d3daa	not a metric of this report
tr03-official-1/2148-cell-b-pack-0195-normal-s2/trace.jsonl.gz	19889933	69ad99975ea5937122aff8b8828264d2c6de2d3061273a265e1bef5bb33df3b9	too large (trace)
tr03-official-1/2149-cell-b-pack-0195-normal-s3/reference-10ms-differences.json.gz	205645	ac3eda080f2a01b7e79fbe2574eda8547071bd3ff42f3061f3e8b5b08e141bf1	not a metric of this report
tr03-official-1/2149-cell-b-pack-0195-normal-s3/trace.jsonl.gz	46065466	48bf677bfb47b252b3387f76759a61dcf62ac3e827f2c91d5d2cc2fad3ac8f25	too large (trace)
tr03-official-1/2150-cell-b-pack-0195-cycle-stop/reference-10ms-differences.json.gz	18077	a08dba844e6786fd06453d5be45b812fa20e909e5ab817ee9a4d0b1473e8bfbb	not a metric of this report
tr03-official-1/2150-cell-b-pack-0195-cycle-stop/trace.jsonl.gz	2392313	e5ccb2c24b5c1452e470ab11aaafb2cbcc4ac7ca29031dc6210fd18faca93772	too large (trace)
tr03-official-1/2151-cell-b-pack-0195-curtain/reference-10ms-differences.json.gz	895	0851481e0c3895a37b1c5417840a2ee26a76c84ca417a27afa76fcf8d3775d92	not a metric of this report
tr03-official-1/2151-cell-b-pack-0195-curtain/trace.jsonl.gz	1960689	929719fdb0136f5d3e49db4af46816ed3bec20b493ad747ed6893a1d3d5a977d	too large (trace)
tr03-official-1/2152-cell-b-pack-0195-packfault/reference-10ms-differences.json.gz	126944	a8cac1e698484b002ffc2fac3f1c1581202fbc27b150c59ab1b5ce7f7a262433	not a metric of this report
tr03-official-1/2152-cell-b-pack-0195-packfault/trace.jsonl.gz	11795141	68bf8504c997d59d0003e6bd906b80f2f3e4e83fa7e02b90233deb24e2e23e19	too large (trace)
tr03-official-1/2153-cell-b-pack-0199-normal-s1/reference-10ms-differences.json.gz	23	f1101f8233b16d980af348db666cbdb1b9772fa79c6fa8d7d6d9550c1f6a546d	not a metric of this report
tr03-official-1/2153-cell-b-pack-0199-normal-s1/trace.jsonl.gz	73704143	5efe84985de53e16f4ee52cea1892d0c777e0f3c7ff1bafebf71d5d6cb605da7	too large (trace)
tr03-official-1/2154-cell-b-pack-0199-normal-s2/reference-10ms-differences.json.gz	23	f1101f8233b16d980af348db666cbdb1b9772fa79c6fa8d7d6d9550c1f6a546d	not a metric of this report
tr03-official-1/2154-cell-b-pack-0199-normal-s2/trace.jsonl.gz	73630187	87342dbeb75acdaf35f241899495985800f022af558df070b5a681c270dbc9da	too large (trace)
tr03-official-1/2155-cell-b-pack-0199-normal-s3/reference-10ms-differences.json.gz	23	f1101f8233b16d980af348db666cbdb1b9772fa79c6fa8d7d6d9550c1f6a546d	not a metric of this report
tr03-official-1/2155-cell-b-pack-0199-normal-s3/trace.jsonl.gz	73440547	5164499ca62355785ccc6c0e539932766c08ae2718da2b9681574f32d5bd2549	too large (trace)
tr03-official-1/2156-cell-b-pack-0199-cycle-stop/reference-10ms-differences.json.gz	23	f1101f8233b16d980af348db666cbdb1b9772fa79c6fa8d7d6d9550c1f6a546d	not a metric of this report
tr03-official-1/2156-cell-b-pack-0199-cycle-stop/trace.jsonl.gz	2582226	b52b4f61ed8cc8bb2a596acf4cb59bdd3972eb05d94c3a3c5e683dcd609678f5	too large (trace)
tr03-official-1/2157-cell-b-pack-0199-curtain/reference-10ms-differences.json.gz	23	f1101f8233b16d980af348db666cbdb1b9772fa79c6fa8d7d6d9550c1f6a546d	not a metric of this report
tr03-official-1/2157-cell-b-pack-0199-curtain/trace.jsonl.gz	1981114	6f2eb1c4f00998e66ab612df37e793aa579b8a394fa80bf8bb9663d6cec65929	too large (trace)
tr03-official-1/2158-cell-b-pack-0199-packfault/reference-10ms-differences.json.gz	23	f1101f8233b16d980af348db666cbdb1b9772fa79c6fa8d7d6d9550c1f6a546d	not a metric of this report
tr03-official-1/2158-cell-b-pack-0199-packfault/trace.jsonl.gz	32543164	1bc4f9340af09da4a109504cdef8faf9c24694f3be1a7dc1f37fe551ae20294f	too large (trace)
tr03-official-1/2159-cell-b-pack-0203-normal-s1/reference-10ms-differences.json.gz	23	f1101f8233b16d980af348db666cbdb1b9772fa79c6fa8d7d6d9550c1f6a546d	not a metric of this report
tr03-official-1/2159-cell-b-pack-0203-normal-s1/trace.jsonl.gz	73717716	1c11ec3ed5d3ca74a6b508911905ad2e27c24fb1ede204d6a273053a8c686780	too large (trace)
tr03-official-1/2160-cell-b-pack-0203-normal-s2/reference-10ms-differences.json.gz	23	f1101f8233b16d980af348db666cbdb1b9772fa79c6fa8d7d6d9550c1f6a546d	not a metric of this report
tr03-official-1/2160-cell-b-pack-0203-normal-s2/trace.jsonl.gz	73627565	48e18e066ba7402d8cb50d01f503861b01d690af93e379e68b024c5f67feebbc	too large (trace)
tr03-official-1/2161-cell-b-pack-0203-normal-s3/reference-10ms-differences.json.gz	23	f1101f8233b16d980af348db666cbdb1b9772fa79c6fa8d7d6d9550c1f6a546d	not a metric of this report
tr03-official-1/2161-cell-b-pack-0203-normal-s3/trace.jsonl.gz	73452578	e2f7718db6ca0260d276aa443044fddfda0f971a38fa0109632103de5dcd7452	too large (trace)
tr03-official-1/2162-cell-b-pack-0203-cycle-stop/reference-10ms-differences.json.gz	23	f1101f8233b16d980af348db666cbdb1b9772fa79c6fa8d7d6d9550c1f6a546d	not a metric of this report
tr03-official-1/2162-cell-b-pack-0203-cycle-stop/trace.jsonl.gz	2595626	e5033f6d2a46b5c4bf7a53d0fb9110979f0baccd6cd5e6936efaca91f89a19d3	too large (trace)
tr03-official-1/2163-cell-b-pack-0203-curtain/reference-10ms-differences.json.gz	23	f1101f8233b16d980af348db666cbdb1b9772fa79c6fa8d7d6d9550c1f6a546d	not a metric of this report
tr03-official-1/2163-cell-b-pack-0203-curtain/trace.jsonl.gz	1982479	d42dde913f97e4b38cab560dd3c7b3e9aa957f643be2258f52d34b26c040a506	too large (trace)
tr03-official-1/2164-cell-b-pack-0203-packfault/reference-10ms-differences.json.gz	23	f1101f8233b16d980af348db666cbdb1b9772fa79c6fa8d7d6d9550c1f6a546d	not a metric of this report
tr03-official-1/2164-cell-b-pack-0203-packfault/trace.jsonl.gz	32556006	f828282e9f0e2c80ece1d1a39adc98a95ef5d8fba3dc47f78ae24c929f1b33c4	too large (trace)
tr03-official-1/2165-cell-b-pack-0204-normal-s1/reference-10ms-differences.json.gz	211164	b6a09f4a0c5732b22ae5d3c9f692c40556f7bdc011950b7c39f2fc5f61f5b431	not a metric of this report
tr03-official-1/2165-cell-b-pack-0204-normal-s1/trace.jsonl.gz	19713659	dc8f7c4b7cf47f15f3166d268838cfb75f52f9cfbddc73bbf4124bc9d267a443	too large (trace)
tr03-official-1/2166-cell-b-pack-0204-normal-s2/reference-10ms-differences.json.gz	209099	f349b3e436457ac79322890075bdcf55f9f04be428aa0143e01cd696ab04663f	not a metric of this report
tr03-official-1/2166-cell-b-pack-0204-normal-s2/trace.jsonl.gz	19857431	d749dedd0926ce60292abd7ff281db12d17e306140fdbd2ff095c1b53b4baf5b	too large (trace)
tr03-official-1/2167-cell-b-pack-0204-normal-s3/reference-10ms-differences.json.gz	203880	1bfc3c253dbda2b6d30476b2da38393f3c860e7e59e0099c9c7cbef658a606d2	not a metric of this report
tr03-official-1/2167-cell-b-pack-0204-normal-s3/trace.jsonl.gz	46058517	f66dc3fccbaaac031ae79754258bdf8d7c30b33b03d61a8235d7b84ddfec8cdd	too large (trace)
tr03-official-1/2168-cell-b-pack-0204-cycle-stop/reference-10ms-differences.json.gz	17179	f93050903ff334e90ee0bcb3292d18ea8a619790890141201608c328bf47cc14	not a metric of this report
tr03-official-1/2168-cell-b-pack-0204-cycle-stop/trace.jsonl.gz	2387526	c184290fc9a937e21b4688f2f7ee81ca5a1cb5127d1d27429abae302bb5ac391	too large (trace)
tr03-official-1/2169-cell-b-pack-0204-curtain/reference-10ms-differences.json.gz	12130	f74e7221b65738d6501bfd36608b641b9342900efd7f0184a4b262ad37b72d9e	not a metric of this report
tr03-official-1/2169-cell-b-pack-0204-curtain/trace.jsonl.gz	2029705	f505522b89a7a28b3f4b0bfd4064d870269fe2110b253390f5444520d6c12ee1	too large (trace)
tr03-official-1/2170-cell-b-pack-0204-packfault/reference-10ms-differences.json.gz	126022	72116fb758cd47eb59132c88202c94f79e1fd264a6a8c14956dae21a8014759d	not a metric of this report
tr03-official-1/2170-cell-b-pack-0204-packfault/trace.jsonl.gz	11810946	ed56a2da3528c6ea0ce4b43f6b1a5f093ffa7ecd1a42651be97afaa315ccc828	too large (trace)
tr03-official-1/2171-cell-b-pack-0206-normal-s1/reference-10ms-differences.json.gz	212089	a64dce44e202b12c06964439abc930aa52791d90678eb68b09c87ea8fbc9acd5	not a metric of this report
tr03-official-1/2171-cell-b-pack-0206-normal-s1/trace.jsonl.gz	19722747	57c7e65c6c7cf0b973d881db4cc7bd2f51f3247be19c8da398aece05026491de	too large (trace)
tr03-official-1/2172-cell-b-pack-0206-normal-s2/reference-10ms-differences.json.gz	211022	6b2abd1c7f58a138becfd82771b6b874b428c203748146b98d8299181f6d3daa	not a metric of this report
tr03-official-1/2172-cell-b-pack-0206-normal-s2/trace.jsonl.gz	19896405	bfff2256031f8ed7dfc3dcb552e520ad9d616294c06ade37e0a29e343557ab23	too large (trace)
tr03-official-1/2173-cell-b-pack-0206-normal-s3/reference-10ms-differences.json.gz	205645	ac3eda080f2a01b7e79fbe2574eda8547071bd3ff42f3061f3e8b5b08e141bf1	not a metric of this report
tr03-official-1/2173-cell-b-pack-0206-normal-s3/trace.jsonl.gz	46080896	ede6b1d319944ac5923d9da76129bb02815d11d95f7aa943795dc039768bb19a	too large (trace)
tr03-official-1/2174-cell-b-pack-0206-cycle-stop/reference-10ms-differences.json.gz	18077	a08dba844e6786fd06453d5be45b812fa20e909e5ab817ee9a4d0b1473e8bfbb	not a metric of this report
tr03-official-1/2174-cell-b-pack-0206-cycle-stop/trace.jsonl.gz	2397516	8bb6a62171bc14bd908f95f6675205494a306b8011a57d74cbc0b754735efd53	too large (trace)
tr03-official-1/2175-cell-b-pack-0206-curtain/reference-10ms-differences.json.gz	895	0851481e0c3895a37b1c5417840a2ee26a76c84ca417a27afa76fcf8d3775d92	not a metric of this report
tr03-official-1/2175-cell-b-pack-0206-curtain/trace.jsonl.gz	1968107	826072bcd4a7b30d0abb08793ed9c06e39b6628977be7859b426511d727cdf5f	too large (trace)
tr03-official-1/2176-cell-b-pack-0206-packfault/reference-10ms-differences.json.gz	126944	a8cac1e698484b002ffc2fac3f1c1581202fbc27b150c59ab1b5ce7f7a262433	not a metric of this report
tr03-official-1/2176-cell-b-pack-0206-packfault/trace.jsonl.gz	11811250	cb99ed8e1cfa5378799e8d1d5eb15d7ccb9d6d6eba9318e614620e145d944283	too large (trace)
tr03-official-1/2177-cell-b-pack-0208-normal-s1/reference-10ms-differences.json.gz	211164	b6a09f4a0c5732b22ae5d3c9f692c40556f7bdc011950b7c39f2fc5f61f5b431	not a metric of this report
tr03-official-1/2177-cell-b-pack-0208-normal-s1/trace.jsonl.gz	19709056	83c8cc53f0c6e6899d7aba3134ce88e7160a93f962b2661af4dc4c8f06b7aefb	too large (trace)
tr03-official-1/2178-cell-b-pack-0208-normal-s2/reference-10ms-differences.json.gz	209099	f349b3e436457ac79322890075bdcf55f9f04be428aa0143e01cd696ab04663f	not a metric of this report
tr03-official-1/2178-cell-b-pack-0208-normal-s2/trace.jsonl.gz	19888922	2af650339ab5ea52fc1e0fb56b0d42319ba294d5eead0eedf7fceab04116341b	too large (trace)
tr03-official-1/2179-cell-b-pack-0208-normal-s3/reference-10ms-differences.json.gz	203880	1bfc3c253dbda2b6d30476b2da38393f3c860e7e59e0099c9c7cbef658a606d2	not a metric of this report
tr03-official-1/2179-cell-b-pack-0208-normal-s3/trace.jsonl.gz	46066983	adcac33486485f468a161d542dc0c60a6884cb89e290e685d5f0a9420b5c25c5	too large (trace)
tr03-official-1/2180-cell-b-pack-0208-cycle-stop/reference-10ms-differences.json.gz	17179	f93050903ff334e90ee0bcb3292d18ea8a619790890141201608c328bf47cc14	not a metric of this report
tr03-official-1/2180-cell-b-pack-0208-cycle-stop/trace.jsonl.gz	2391947	091f863da2b81b9e61a6752adcef1d1ed2b96257fdc1fd34f624e1d3cd685337	too large (trace)
tr03-official-1/2181-cell-b-pack-0208-curtain/reference-10ms-differences.json.gz	12130	f74e7221b65738d6501bfd36608b641b9342900efd7f0184a4b262ad37b72d9e	not a metric of this report
tr03-official-1/2181-cell-b-pack-0208-curtain/trace.jsonl.gz	2021569	143bfd87053869dbfdfd60b806da5bbc28c4490fdc1d433e2ef27e2d68c90386	too large (trace)
tr03-official-1/2182-cell-b-pack-0208-packfault/reference-10ms-differences.json.gz	126022	72116fb758cd47eb59132c88202c94f79e1fd264a6a8c14956dae21a8014759d	not a metric of this report
tr03-official-1/2182-cell-b-pack-0208-packfault/trace.jsonl.gz	11789941	cf9bb5fafded4d28f5bd5cf09eb7834a82e09dd5d157bf1924871f2d6be9faa7	too large (trace)
tr03-official-1/2183-cell-b-pack-0210-normal-s1/reference-10ms-differences.json.gz	23	f1101f8233b16d980af348db666cbdb1b9772fa79c6fa8d7d6d9550c1f6a546d	not a metric of this report
tr03-official-1/2183-cell-b-pack-0210-normal-s1/trace.jsonl.gz	73706516	3630db8c9f55ee975b1e617dc083e472fae616c38bce060cc708345f74e42a33	too large (trace)
tr03-official-1/2184-cell-b-pack-0210-normal-s2/reference-10ms-differences.json.gz	23	f1101f8233b16d980af348db666cbdb1b9772fa79c6fa8d7d6d9550c1f6a546d	not a metric of this report
tr03-official-1/2184-cell-b-pack-0210-normal-s2/trace.jsonl.gz	73636742	50251c42414407192bdce84d3420599917d40c678188f25488b3f741e3e2324d	too large (trace)
tr03-official-1/2185-cell-b-pack-0210-normal-s3/reference-10ms-differences.json.gz	23	f1101f8233b16d980af348db666cbdb1b9772fa79c6fa8d7d6d9550c1f6a546d	not a metric of this report
tr03-official-1/2185-cell-b-pack-0210-normal-s3/trace.jsonl.gz	73450906	6627c24934e2fb997ad03bbc561f0870f0a542c33a81d876df016553a7a9dbc7	too large (trace)
tr03-official-1/2186-cell-b-pack-0210-cycle-stop/reference-10ms-differences.json.gz	23	f1101f8233b16d980af348db666cbdb1b9772fa79c6fa8d7d6d9550c1f6a546d	not a metric of this report
tr03-official-1/2186-cell-b-pack-0210-cycle-stop/trace.jsonl.gz	2574757	093ec63ae49cc2a8c19050e447fac851fedaf8e71590bae506b4d4957084a0e2	too large (trace)
tr03-official-1/2187-cell-b-pack-0210-curtain/reference-10ms-differences.json.gz	23	f1101f8233b16d980af348db666cbdb1b9772fa79c6fa8d7d6d9550c1f6a546d	not a metric of this report
tr03-official-1/2187-cell-b-pack-0210-curtain/trace.jsonl.gz	1982943	0a259e69cd728dd0f55d8c5607e2fd8455c6239be70e3331e0cc584fe8e78454	too large (trace)
tr03-official-1/2188-cell-b-pack-0210-packfault/reference-10ms-differences.json.gz	23	f1101f8233b16d980af348db666cbdb1b9772fa79c6fa8d7d6d9550c1f6a546d	not a metric of this report
tr03-official-1/2188-cell-b-pack-0210-packfault/trace.jsonl.gz	32545992	8d70869f9f889f34b6b1dbbaceabed727049e2f2c3203d25a96b861962b9becd	too large (trace)
tr03-official-1/2189-cell-b-pack-0214-normal-s1/reference-10ms-differences.json.gz	23	f1101f8233b16d980af348db666cbdb1b9772fa79c6fa8d7d6d9550c1f6a546d	not a metric of this report
tr03-official-1/2189-cell-b-pack-0214-normal-s1/trace.jsonl.gz	73698455	5d1aa5054ace28322f73be05767af7c1870d2b2346ad05a467b63319c1ad4e27	too large (trace)
tr03-official-1/2190-cell-b-pack-0214-normal-s2/reference-10ms-differences.json.gz	23	f1101f8233b16d980af348db666cbdb1b9772fa79c6fa8d7d6d9550c1f6a546d	not a metric of this report
tr03-official-1/2190-cell-b-pack-0214-normal-s2/trace.jsonl.gz	73627863	9d05ff8a5dc0e1281fc8fc3bc010c67c5cd0fa27b74408bf8797c00ceed4d45d	too large (trace)
tr03-official-1/2191-cell-b-pack-0214-normal-s3/reference-10ms-differences.json.gz	23	f1101f8233b16d980af348db666cbdb1b9772fa79c6fa8d7d6d9550c1f6a546d	not a metric of this report
tr03-official-1/2191-cell-b-pack-0214-normal-s3/trace.jsonl.gz	73446257	f6279e09896b05f487a948dd31352649ad4a124bf0ac638263d603c64aefc381	too large (trace)
tr03-official-1/2192-cell-b-pack-0214-cycle-stop/reference-10ms-differences.json.gz	23	f1101f8233b16d980af348db666cbdb1b9772fa79c6fa8d7d6d9550c1f6a546d	not a metric of this report
tr03-official-1/2192-cell-b-pack-0214-cycle-stop/trace.jsonl.gz	2571977	3b4a183d96fed0f684b1071760badefde988997d75e2d0b35fa9d78e28c3e2a6	too large (trace)
tr03-official-1/2193-cell-b-pack-0214-curtain/reference-10ms-differences.json.gz	23	f1101f8233b16d980af348db666cbdb1b9772fa79c6fa8d7d6d9550c1f6a546d	not a metric of this report
tr03-official-1/2193-cell-b-pack-0214-curtain/trace.jsonl.gz	1973609	3da29d23a7f3c18e8e431bfdf9783e048e38cc24f21daef8ef26633b25f448a2	too large (trace)
tr03-official-1/2194-cell-b-pack-0214-packfault/reference-10ms-differences.json.gz	23	f1101f8233b16d980af348db666cbdb1b9772fa79c6fa8d7d6d9550c1f6a546d	not a metric of this report
tr03-official-1/2194-cell-b-pack-0214-packfault/trace.jsonl.gz	32535812	fbb0d4ebbaf76a2749a8ec54a126d99bf6f26112bd06b5e0b1007bf9da760d24	too large (trace)
tr03-official-1/2195-cell-b-pack-0216-normal-s1/reference-10ms-differences.json.gz	23	f1101f8233b16d980af348db666cbdb1b9772fa79c6fa8d7d6d9550c1f6a546d	not a metric of this report
tr03-official-1/2195-cell-b-pack-0216-normal-s1/trace.jsonl.gz	73707477	2e22fa33341f1ca25d9ebd0abc69f2e04f05ce1803d11a5f3c213c552f4e218b	too large (trace)
tr03-official-1/2196-cell-b-pack-0216-normal-s2/reference-10ms-differences.json.gz	23	f1101f8233b16d980af348db666cbdb1b9772fa79c6fa8d7d6d9550c1f6a546d	not a metric of this report
tr03-official-1/2196-cell-b-pack-0216-normal-s2/trace.jsonl.gz	73622098	223c26872278f728ae7a2ffa3ef544f0e98ad635ca1b9dc97f95a90cba7cbe69	too large (trace)
tr03-official-1/2197-cell-b-pack-0216-normal-s3/reference-10ms-differences.json.gz	23	f1101f8233b16d980af348db666cbdb1b9772fa79c6fa8d7d6d9550c1f6a546d	not a metric of this report
tr03-official-1/2197-cell-b-pack-0216-normal-s3/trace.jsonl.gz	73448718	af8270e5da132ab92b81b4c20900ac04c8bdcc30c9aa7d17fa7f95d2befdc3b3	too large (trace)
tr03-official-1/2198-cell-b-pack-0216-cycle-stop/reference-10ms-differences.json.gz	23	f1101f8233b16d980af348db666cbdb1b9772fa79c6fa8d7d6d9550c1f6a546d	not a metric of this report
tr03-official-1/2198-cell-b-pack-0216-cycle-stop/trace.jsonl.gz	2582507	819e5c587329e0ec1192b3e1985bddccea6afc4d1753661857639417d9399d1d	too large (trace)
tr03-official-1/2199-cell-b-pack-0216-curtain/reference-10ms-differences.json.gz	23	f1101f8233b16d980af348db666cbdb1b9772fa79c6fa8d7d6d9550c1f6a546d	not a metric of this report
tr03-official-1/2199-cell-b-pack-0216-curtain/trace.jsonl.gz	1983739	0f2c10fa08b67fc667e471ab898b628988449b261b3327c139949ece7fa48cd2	too large (trace)
tr03-official-1/2200-cell-b-pack-0216-packfault/reference-10ms-differences.json.gz	23	f1101f8233b16d980af348db666cbdb1b9772fa79c6fa8d7d6d9550c1f6a546d	not a metric of this report
tr03-official-1/2200-cell-b-pack-0216-packfault/trace.jsonl.gz	32541225	120aa6f5450460d01bda2cbda4e023ebf572f344c1ef391734f139561ee33e35	too large (trace)
tr03-official-1/2201-cell-b-pack-0217-normal-s1/reference-10ms-differences.json.gz	212089	a64dce44e202b12c06964439abc930aa52791d90678eb68b09c87ea8fbc9acd5	not a metric of this report
tr03-official-1/2201-cell-b-pack-0217-normal-s1/trace.jsonl.gz	19724706	6427d1d0835b92cf19e181d7f7b9e10e1d1c39aa918d57b10e96011f0db28285	too large (trace)
tr03-official-1/2202-cell-b-pack-0217-normal-s2/reference-10ms-differences.json.gz	211022	6b2abd1c7f58a138becfd82771b6b874b428c203748146b98d8299181f6d3daa	not a metric of this report
tr03-official-1/2202-cell-b-pack-0217-normal-s2/trace.jsonl.gz	19872708	8a13897178dffe504c84c1ad172dc31ff4783cb85ce9c5561b0ccd4a47cc8ea5	too large (trace)
tr03-official-1/2203-cell-b-pack-0217-normal-s3/reference-10ms-differences.json.gz	205645	ac3eda080f2a01b7e79fbe2574eda8547071bd3ff42f3061f3e8b5b08e141bf1	not a metric of this report
tr03-official-1/2203-cell-b-pack-0217-normal-s3/trace.jsonl.gz	46055628	85ec320a056061e7983444a1044d6f43b1c601e75334e5b8ee94be29bf30dbf9	too large (trace)
tr03-official-1/2204-cell-b-pack-0217-cycle-stop/reference-10ms-differences.json.gz	18077	a08dba844e6786fd06453d5be45b812fa20e909e5ab817ee9a4d0b1473e8bfbb	not a metric of this report
tr03-official-1/2204-cell-b-pack-0217-cycle-stop/trace.jsonl.gz	2396578	33117669497283c171a4bdf40b63ca77056477ec8d7d7d7c4abb8ed8b6ce0659	too large (trace)
tr03-official-1/2205-cell-b-pack-0217-curtain/reference-10ms-differences.json.gz	895	0851481e0c3895a37b1c5417840a2ee26a76c84ca417a27afa76fcf8d3775d92	not a metric of this report
tr03-official-1/2205-cell-b-pack-0217-curtain/trace.jsonl.gz	1980773	d79811f8acb521aa69613658eee892c9dcb04433079f13acb8d58d0f76794550	too large (trace)
tr03-official-1/2206-cell-b-pack-0217-packfault/reference-10ms-differences.json.gz	126944	a8cac1e698484b002ffc2fac3f1c1581202fbc27b150c59ab1b5ce7f7a262433	not a metric of this report
tr03-official-1/2206-cell-b-pack-0217-packfault/trace.jsonl.gz	11815555	5c1487f59098f8851f626101dfa66049d65a30e0162f57d7399a0f3313b0079d	too large (trace)
tr03-official-1/2207-cell-b-pack-0219-normal-s1/reference-10ms-differences.json.gz	211164	b6a09f4a0c5732b22ae5d3c9f692c40556f7bdc011950b7c39f2fc5f61f5b431	not a metric of this report
tr03-official-1/2207-cell-b-pack-0219-normal-s1/trace.jsonl.gz	19730289	792f3742e1dc082cfff7f97c52b5ae9a3582bb05c5042203b7ecb9214b130caa	too large (trace)
tr03-official-1/2208-cell-b-pack-0219-normal-s2/reference-10ms-differences.json.gz	209099	f349b3e436457ac79322890075bdcf55f9f04be428aa0143e01cd696ab04663f	not a metric of this report
tr03-official-1/2208-cell-b-pack-0219-normal-s2/trace.jsonl.gz	19859730	d240a9dd0a35bdac6e41652230144c072b331370803b16b9b813f8d725490fa9	too large (trace)
tr03-official-1/2209-cell-b-pack-0219-normal-s3/reference-10ms-differences.json.gz	203880	1bfc3c253dbda2b6d30476b2da38393f3c860e7e59e0099c9c7cbef658a606d2	not a metric of this report
tr03-official-1/2209-cell-b-pack-0219-normal-s3/trace.jsonl.gz	46061252	d7f164cceb03600f4c19f40da9909d87243be3edc839f7c34794fddca0799d0e	too large (trace)
tr03-official-1/2210-cell-b-pack-0219-cycle-stop/reference-10ms-differences.json.gz	17179	f93050903ff334e90ee0bcb3292d18ea8a619790890141201608c328bf47cc14	not a metric of this report
tr03-official-1/2210-cell-b-pack-0219-cycle-stop/trace.jsonl.gz	2384668	090991bf5943afaaaf28d3499e4124a9dfc065cece6b73bcfab4cd0bffc5f5ba	too large (trace)
tr03-official-1/2211-cell-b-pack-0219-curtain/reference-10ms-differences.json.gz	12130	f74e7221b65738d6501bfd36608b641b9342900efd7f0184a4b262ad37b72d9e	not a metric of this report
tr03-official-1/2211-cell-b-pack-0219-curtain/trace.jsonl.gz	2024020	5bc16dfcfc58abe7febd10f5f6c578ba694fc900648759035874324f5bbda138	too large (trace)
tr03-official-1/2212-cell-b-pack-0219-packfault/reference-10ms-differences.json.gz	126022	72116fb758cd47eb59132c88202c94f79e1fd264a6a8c14956dae21a8014759d	not a metric of this report
tr03-official-1/2212-cell-b-pack-0219-packfault/trace.jsonl.gz	11805839	d84c4027739f1c9567fe7c03a88c5ead5d0ca9c3b85ac70c7fd3ee59499709e0	too large (trace)
tr03-official-1/2213-cell-b-pack-0220-normal-s1/reference-10ms-differences.json.gz	23	f1101f8233b16d980af348db666cbdb1b9772fa79c6fa8d7d6d9550c1f6a546d	not a metric of this report
tr03-official-1/2213-cell-b-pack-0220-normal-s1/trace.jsonl.gz	73700559	5b01aee3ff1e2c0e9a5d1b07a095cb93d50d34f0416d09f8e4b75a1c2e748ec4	too large (trace)
tr03-official-1/2214-cell-b-pack-0220-normal-s2/reference-10ms-differences.json.gz	23	f1101f8233b16d980af348db666cbdb1b9772fa79c6fa8d7d6d9550c1f6a546d	not a metric of this report
tr03-official-1/2214-cell-b-pack-0220-normal-s2/trace.jsonl.gz	73630315	f6f775b619805253567b00084fcc87eef4680a672b3a86e003dc2f8ec223d504	too large (trace)
tr03-official-1/2215-cell-b-pack-0220-normal-s3/reference-10ms-differences.json.gz	23	f1101f8233b16d980af348db666cbdb1b9772fa79c6fa8d7d6d9550c1f6a546d	not a metric of this report
tr03-official-1/2215-cell-b-pack-0220-normal-s3/trace.jsonl.gz	73434896	6455f8f779a6b91b00ec463dd43bef092b20ca2c6cafb2028551440f5a073580	too large (trace)
tr03-official-1/2216-cell-b-pack-0220-cycle-stop/reference-10ms-differences.json.gz	23	f1101f8233b16d980af348db666cbdb1b9772fa79c6fa8d7d6d9550c1f6a546d	not a metric of this report
tr03-official-1/2216-cell-b-pack-0220-cycle-stop/trace.jsonl.gz	2578996	ba1a844b24fc915a1b8e7c1cbdd0a48c1f6f3356ad4e0ee8175b564a7ad96c3a	too large (trace)
tr03-official-1/2217-cell-b-pack-0220-curtain/reference-10ms-differences.json.gz	23	f1101f8233b16d980af348db666cbdb1b9772fa79c6fa8d7d6d9550c1f6a546d	not a metric of this report
tr03-official-1/2217-cell-b-pack-0220-curtain/trace.jsonl.gz	1977943	0344c4c09d0aa8665b3308bd90679da5526fe85b1ed881447a6fb2b8d3499789	too large (trace)
tr03-official-1/2218-cell-b-pack-0220-packfault/reference-10ms-differences.json.gz	23	f1101f8233b16d980af348db666cbdb1b9772fa79c6fa8d7d6d9550c1f6a546d	not a metric of this report
tr03-official-1/2218-cell-b-pack-0220-packfault/trace.jsonl.gz	32544786	cbe738873556e50190c1862318aa128e035ac946c3abee1b10ab7e8ff895945d	too large (trace)
tr03-official-1/2219-cell-b-pack-0223-normal-s1/reference-10ms-differences.json.gz	23	f1101f8233b16d980af348db666cbdb1b9772fa79c6fa8d7d6d9550c1f6a546d	not a metric of this report
tr03-official-1/2219-cell-b-pack-0223-normal-s1/trace.jsonl.gz	73692737	080e4214eb2d6778d6c9253865e236218a8dce40017cf325943cd290f06f17b4	too large (trace)
tr03-official-1/2220-cell-b-pack-0223-normal-s2/reference-10ms-differences.json.gz	23	f1101f8233b16d980af348db666cbdb1b9772fa79c6fa8d7d6d9550c1f6a546d	not a metric of this report
tr03-official-1/2220-cell-b-pack-0223-normal-s2/trace.jsonl.gz	73641616	510c63ecbf0296dd2127bc9e7a361beedc67650c3e21679b6e56dc7d672d7d9b	too large (trace)
tr03-official-1/2221-cell-b-pack-0223-normal-s3/reference-10ms-differences.json.gz	23	f1101f8233b16d980af348db666cbdb1b9772fa79c6fa8d7d6d9550c1f6a546d	not a metric of this report
tr03-official-1/2221-cell-b-pack-0223-normal-s3/trace.jsonl.gz	73458453	90474e20fc9b61ba89292d19e41e26688f239daf7965ca810277673dc3d93b58	too large (trace)
tr03-official-1/2222-cell-b-pack-0223-cycle-stop/reference-10ms-differences.json.gz	23	f1101f8233b16d980af348db666cbdb1b9772fa79c6fa8d7d6d9550c1f6a546d	not a metric of this report
tr03-official-1/2222-cell-b-pack-0223-cycle-stop/trace.jsonl.gz	2575319	562dcdedc75f86b7ecbd9f5ba1ad645e4359eda5f928f8bd6378670900af6a1c	too large (trace)
tr03-official-1/2223-cell-b-pack-0223-curtain/reference-10ms-differences.json.gz	23	f1101f8233b16d980af348db666cbdb1b9772fa79c6fa8d7d6d9550c1f6a546d	not a metric of this report
tr03-official-1/2223-cell-b-pack-0223-curtain/trace.jsonl.gz	1979397	8c15b3eb1a3def903a5ac8b4e87aba85e196717ba8ec9ad47f5fad40a3ab5df9	too large (trace)
tr03-official-1/2224-cell-b-pack-0223-packfault/reference-10ms-differences.json.gz	23	f1101f8233b16d980af348db666cbdb1b9772fa79c6fa8d7d6d9550c1f6a546d	not a metric of this report
tr03-official-1/2224-cell-b-pack-0223-packfault/trace.jsonl.gz	32536789	4a28ed72edba377bd7a707a41d6e53940413c68a1f826d772b20a62c6ebefbbe	too large (trace)
tr03-official-1/2225-cell-b-pack-0224-normal-s1/reference-10ms-differences.json.gz	23	f1101f8233b16d980af348db666cbdb1b9772fa79c6fa8d7d6d9550c1f6a546d	not a metric of this report
tr03-official-1/2225-cell-b-pack-0224-normal-s1/trace.jsonl.gz	73702628	ad10cc433eb668917d99ee6bceb5bea130a787efde6ea0aa12ee0a599fbd66e1	too large (trace)
tr03-official-1/2226-cell-b-pack-0224-normal-s2/reference-10ms-differences.json.gz	23	f1101f8233b16d980af348db666cbdb1b9772fa79c6fa8d7d6d9550c1f6a546d	not a metric of this report
tr03-official-1/2226-cell-b-pack-0224-normal-s2/trace.jsonl.gz	73638129	eab8122ca627fef3b14f27d7a6473f727728a1eca50f37d55d3972046136deda	too large (trace)
tr03-official-1/2227-cell-b-pack-0224-normal-s3/reference-10ms-differences.json.gz	23	f1101f8233b16d980af348db666cbdb1b9772fa79c6fa8d7d6d9550c1f6a546d	not a metric of this report
tr03-official-1/2227-cell-b-pack-0224-normal-s3/trace.jsonl.gz	73452433	80410f0d76ff7fea1ecfa427b9ff667f146084e13291bdffacefe88ec749b370	too large (trace)
tr03-official-1/2228-cell-b-pack-0224-cycle-stop/reference-10ms-differences.json.gz	23	f1101f8233b16d980af348db666cbdb1b9772fa79c6fa8d7d6d9550c1f6a546d	not a metric of this report
tr03-official-1/2228-cell-b-pack-0224-cycle-stop/trace.jsonl.gz	2577789	714eb7d4a5f00fc646f87de7c83f385365df6a84e209e675851581e5440448ce	too large (trace)
tr03-official-1/2229-cell-b-pack-0224-curtain/reference-10ms-differences.json.gz	23	f1101f8233b16d980af348db666cbdb1b9772fa79c6fa8d7d6d9550c1f6a546d	not a metric of this report
tr03-official-1/2229-cell-b-pack-0224-curtain/trace.jsonl.gz	1981834	ffafc13d71bbe72eee84846ce09f459f19a8f1a28a8939354f8775c1555a9bb9	too large (trace)
tr03-official-1/2230-cell-b-pack-0224-packfault/reference-10ms-differences.json.gz	23	f1101f8233b16d980af348db666cbdb1b9772fa79c6fa8d7d6d9550c1f6a546d	not a metric of this report
tr03-official-1/2230-cell-b-pack-0224-packfault/trace.jsonl.gz	32543549	690b071032a7d5fa737294dfe535ae34ab4e77b032ec298f79afc33f9291be24	too large (trace)
tr03-official-1/2231-cell-b-pack-0229-normal-s1/reference-10ms-differences.json.gz	213844	76205bc410413935c9e3db1bafe73fc5d21a8e07f9380c8eba17ceae189b2aac	not a metric of this report
tr03-official-1/2231-cell-b-pack-0229-normal-s1/trace.jsonl.gz	19929488	c5fab9266a0e1bc3fc501895d5f254ec1b4c336039953bc0992fb74b698525be	too large (trace)
tr03-official-1/2232-cell-b-pack-0229-normal-s2/reference-10ms-differences.json.gz	213182	3837b4f9d41d60b3b755ca85421b5e365c4afe3ed58ec968b08a7a14ede18fcd	not a metric of this report
tr03-official-1/2232-cell-b-pack-0229-normal-s2/trace.jsonl.gz	19967436	5643c43b8b9e423d8514ec4fa6ee3b7fd551162eafafee5726aa77e9a08e9942	too large (trace)
tr03-official-1/2233-cell-b-pack-0229-normal-s3/reference-10ms-differences.json.gz	210796	5e94d4e2e2c32a03515e09dffea8360641c1961796a3eb8bc07c08ed02b20932	not a metric of this report
tr03-official-1/2233-cell-b-pack-0229-normal-s3/trace.jsonl.gz	46872721	f4f8a280c9f8bcb82108e84fa2b7d8e50eab8cd71442911f038b1c7e7c9043d8	too large (trace)
tr03-official-1/2234-cell-b-pack-0229-cycle-stop/reference-10ms-differences.json.gz	19013	30cae6c02d0983a0cdc20cbf7c945bcdf3e81234cdc98040d1c78235a914b441	not a metric of this report
tr03-official-1/2234-cell-b-pack-0229-cycle-stop/trace.jsonl.gz	2394790	073a4f83f5cc730005bfd318b7b864c54198e35e59594fbd112c0ace7c21e5d9	too large (trace)
tr03-official-1/2235-cell-b-pack-0229-curtain/reference-10ms-differences.json.gz	12677	a0a0371eb2cbb256580bc22896928d832102b6b3bf62f344cfca7518e2824370	not a metric of this report
tr03-official-1/2235-cell-b-pack-0229-curtain/trace.jsonl.gz	1992675	144af548c4b1fb4bceb4631ec8cf17fa72b6326ea9b683572b38f073a5fb1bbf	too large (trace)
tr03-official-1/2236-cell-b-pack-0229-packfault/reference-10ms-differences.json.gz	128698	74fbda4cd5aac640eed8c8f9a124a387d9acf6665f72406d89e24086146b6061	not a metric of this report
tr03-official-1/2236-cell-b-pack-0229-packfault/trace.jsonl.gz	11917963	b98bf895b1153b75ad38f63496112878787c3d247583c1335fc50db88454fc26	too large (trace)
tr03-official-1/2237-cell-b-pack-0231-normal-s1/reference-10ms-differences.json.gz	23	f1101f8233b16d980af348db666cbdb1b9772fa79c6fa8d7d6d9550c1f6a546d	not a metric of this report
tr03-official-1/2237-cell-b-pack-0231-normal-s1/trace.jsonl.gz	73706606	d982c0541e7db0b783341066021da64f4949cdc2b07434b60619ff60b50205e0	too large (trace)
tr03-official-1/2238-cell-b-pack-0231-normal-s2/reference-10ms-differences.json.gz	23	f1101f8233b16d980af348db666cbdb1b9772fa79c6fa8d7d6d9550c1f6a546d	not a metric of this report
tr03-official-1/2238-cell-b-pack-0231-normal-s2/trace.jsonl.gz	73632763	653e5501022e98b084afd3baf20881b21db3d3eff09e43c3a86164b7b90ae147	too large (trace)
tr03-official-1/2239-cell-b-pack-0231-normal-s3/reference-10ms-differences.json.gz	23	f1101f8233b16d980af348db666cbdb1b9772fa79c6fa8d7d6d9550c1f6a546d	not a metric of this report
tr03-official-1/2239-cell-b-pack-0231-normal-s3/trace.jsonl.gz	73453754	a373081a5d0d10f8b3890a80eaafc2de2b72bafdbb76edae4c9d0feae21abab8	too large (trace)
tr03-official-1/2240-cell-b-pack-0231-cycle-stop/reference-10ms-differences.json.gz	23	f1101f8233b16d980af348db666cbdb1b9772fa79c6fa8d7d6d9550c1f6a546d	not a metric of this report
tr03-official-1/2240-cell-b-pack-0231-cycle-stop/trace.jsonl.gz	2584807	8efbe6dcfa055fb8d26573e9fe1f97d6680caaecc5d9fa1083aa8ecb4b04d493	too large (trace)
tr03-official-1/2241-cell-b-pack-0231-curtain/reference-10ms-differences.json.gz	23	f1101f8233b16d980af348db666cbdb1b9772fa79c6fa8d7d6d9550c1f6a546d	not a metric of this report
tr03-official-1/2241-cell-b-pack-0231-curtain/trace.jsonl.gz	1988950	d3c62414c169b1ac24de632c146e3309033c8ff9beed1db3d151b35abe16ec19	too large (trace)
tr03-official-1/2242-cell-b-pack-0231-packfault/reference-10ms-differences.json.gz	23	f1101f8233b16d980af348db666cbdb1b9772fa79c6fa8d7d6d9550c1f6a546d	not a metric of this report
tr03-official-1/2242-cell-b-pack-0231-packfault/trace.jsonl.gz	32543973	d45ba767d9c4a9ca90d600d691df73b04641a14d79dbae43cc0475bb3d3070ca	too large (trace)
tr03-official-1/2243-cell-b-pack-0232-normal-s1/reference-10ms-differences.json.gz	23	f1101f8233b16d980af348db666cbdb1b9772fa79c6fa8d7d6d9550c1f6a546d	not a metric of this report
tr03-official-1/2243-cell-b-pack-0232-normal-s1/trace.jsonl.gz	73689338	d1fe9534c23d7d27f202383f770bfff5c85f85c3d73c4a4e7fd0e6b965215d9f	too large (trace)
tr03-official-1/2244-cell-b-pack-0232-normal-s2/reference-10ms-differences.json.gz	23	f1101f8233b16d980af348db666cbdb1b9772fa79c6fa8d7d6d9550c1f6a546d	not a metric of this report
tr03-official-1/2244-cell-b-pack-0232-normal-s2/trace.jsonl.gz	73626951	2760e7a4d7103b3b522336a86f648de5d2f7e2aea94aa3001390d9b9538f0213	too large (trace)
tr03-official-1/2245-cell-b-pack-0232-normal-s3/reference-10ms-differences.json.gz	23	f1101f8233b16d980af348db666cbdb1b9772fa79c6fa8d7d6d9550c1f6a546d	not a metric of this report
tr03-official-1/2245-cell-b-pack-0232-normal-s3/trace.jsonl.gz	73456820	7280c862814307d21a9118b18cb9a79c33d6c20b2682e34baee7c58c0ea93b23	too large (trace)
tr03-official-1/2246-cell-b-pack-0232-cycle-stop/reference-10ms-differences.json.gz	23	f1101f8233b16d980af348db666cbdb1b9772fa79c6fa8d7d6d9550c1f6a546d	not a metric of this report
tr03-official-1/2246-cell-b-pack-0232-cycle-stop/trace.jsonl.gz	2577909	68d6e4f2029976b451abb147230f5d911eb6e84b63e96415f1d35ddff3f0abec	too large (trace)
tr03-official-1/2247-cell-b-pack-0232-curtain/reference-10ms-differences.json.gz	23	f1101f8233b16d980af348db666cbdb1b9772fa79c6fa8d7d6d9550c1f6a546d	not a metric of this report
tr03-official-1/2247-cell-b-pack-0232-curtain/trace.jsonl.gz	1972511	bbb5d465d17f0eb483ac28a0525a4ae2610429e63097e777061c97d9e15a5a05	too large (trace)
tr03-official-1/2248-cell-b-pack-0232-packfault/reference-10ms-differences.json.gz	23	f1101f8233b16d980af348db666cbdb1b9772fa79c6fa8d7d6d9550c1f6a546d	not a metric of this report
tr03-official-1/2248-cell-b-pack-0232-packfault/trace.jsonl.gz	32531449	85b213b8239efcb44f1fc357a41629398751f263758057b500aba97818c05aed	too large (trace)
tr03-official-1/2249-cell-b-pack-0233-normal-s1/reference-10ms-differences.json.gz	23	f1101f8233b16d980af348db666cbdb1b9772fa79c6fa8d7d6d9550c1f6a546d	not a metric of this report
tr03-official-1/2249-cell-b-pack-0233-normal-s1/trace.jsonl.gz	73704668	7ae9f2acd4ad63e6fc8a76ebef705c1b751c826605ad949da7915774d6826c86	too large (trace)
tr03-official-1/2250-cell-b-pack-0233-normal-s2/reference-10ms-differences.json.gz	23	f1101f8233b16d980af348db666cbdb1b9772fa79c6fa8d7d6d9550c1f6a546d	not a metric of this report
tr03-official-1/2250-cell-b-pack-0233-normal-s2/trace.jsonl.gz	73639297	c07d66636f9c232257846464bd1f6f2b3553417b6c7dfcfc7b2b1503f2baa36b	too large (trace)
tr03-official-1/2251-cell-b-pack-0233-normal-s3/reference-10ms-differences.json.gz	23	f1101f8233b16d980af348db666cbdb1b9772fa79c6fa8d7d6d9550c1f6a546d	not a metric of this report
tr03-official-1/2251-cell-b-pack-0233-normal-s3/trace.jsonl.gz	73446169	7432fb7650e003ae76ab8847010d10940f692bab07edd7203c9e94f1b1dcc345	too large (trace)
tr03-official-1/2252-cell-b-pack-0233-cycle-stop/reference-10ms-differences.json.gz	23	f1101f8233b16d980af348db666cbdb1b9772fa79c6fa8d7d6d9550c1f6a546d	not a metric of this report
tr03-official-1/2252-cell-b-pack-0233-cycle-stop/trace.jsonl.gz	2582296	95b8624b343492f34a0c0878e9057a36978677bb366b4cecb57d8af966b1a684	too large (trace)
tr03-official-1/2253-cell-b-pack-0233-curtain/reference-10ms-differences.json.gz	23	f1101f8233b16d980af348db666cbdb1b9772fa79c6fa8d7d6d9550c1f6a546d	not a metric of this report
tr03-official-1/2253-cell-b-pack-0233-curtain/trace.jsonl.gz	1984542	a73fd1db0e7f8b90a46affa867781ba839b6b1f0a92883a432740ae6cc1002dd	too large (trace)
tr03-official-1/2254-cell-b-pack-0233-packfault/reference-10ms-differences.json.gz	23	f1101f8233b16d980af348db666cbdb1b9772fa79c6fa8d7d6d9550c1f6a546d	not a metric of this report
tr03-official-1/2254-cell-b-pack-0233-packfault/trace.jsonl.gz	32542639	cd4512b05adb8d60e0e69e9df9ad5f604832df35dbb7a1264bb0b21a4509c7cd	too large (trace)
tr03-official-1/2255-cell-b-pack-0234-normal-s1/reference-10ms-differences.json.gz	23	f1101f8233b16d980af348db666cbdb1b9772fa79c6fa8d7d6d9550c1f6a546d	not a metric of this report
tr03-official-1/2255-cell-b-pack-0234-normal-s1/trace.jsonl.gz	73701268	adccf752f5a1885d6bd61ad027965f4f4ed89513627a1a1d27fbf6643c55ce05	too large (trace)
tr03-official-1/2256-cell-b-pack-0234-normal-s2/reference-10ms-differences.json.gz	23	f1101f8233b16d980af348db666cbdb1b9772fa79c6fa8d7d6d9550c1f6a546d	not a metric of this report
tr03-official-1/2256-cell-b-pack-0234-normal-s2/trace.jsonl.gz	73635237	963cc7b560d0581c71ae62aa89efa92518f08e4ea94d4fb070237bd2701748be	too large (trace)
tr03-official-1/2257-cell-b-pack-0234-normal-s3/reference-10ms-differences.json.gz	23	f1101f8233b16d980af348db666cbdb1b9772fa79c6fa8d7d6d9550c1f6a546d	not a metric of this report
tr03-official-1/2257-cell-b-pack-0234-normal-s3/trace.jsonl.gz	73450344	bcb6d1f95d8c9c189073d71e35032bd8ee173a24bc6f1033ed1dcb1fbd346ade	too large (trace)
tr03-official-1/2258-cell-b-pack-0234-cycle-stop/reference-10ms-differences.json.gz	23	f1101f8233b16d980af348db666cbdb1b9772fa79c6fa8d7d6d9550c1f6a546d	not a metric of this report
tr03-official-1/2258-cell-b-pack-0234-cycle-stop/trace.jsonl.gz	2577300	61b7ee7af173d83d84a620b52c2cd9305dfd4861fab4aa3f2003101f6acda1ff	too large (trace)
tr03-official-1/2259-cell-b-pack-0234-curtain/reference-10ms-differences.json.gz	23	f1101f8233b16d980af348db666cbdb1b9772fa79c6fa8d7d6d9550c1f6a546d	not a metric of this report
tr03-official-1/2259-cell-b-pack-0234-curtain/trace.jsonl.gz	1977914	f2488a1bfa982a083a4bbc90d8ab14ad9e9f30947594895e9b8dfac910cc1f53	too large (trace)
tr03-official-1/2260-cell-b-pack-0234-packfault/reference-10ms-differences.json.gz	23	f1101f8233b16d980af348db666cbdb1b9772fa79c6fa8d7d6d9550c1f6a546d	not a metric of this report
tr03-official-1/2260-cell-b-pack-0234-packfault/trace.jsonl.gz	32541510	10b63772b11115f6b59ab9839716f6f200e4e85f446ea52d9fc4b6e7f174c5c3	too large (trace)
tr03-official-1/2261-cell-b-pack-0239-normal-s1/reference-10ms-differences.json.gz	23	f1101f8233b16d980af348db666cbdb1b9772fa79c6fa8d7d6d9550c1f6a546d	not a metric of this report
tr03-official-1/2261-cell-b-pack-0239-normal-s1/trace.jsonl.gz	73701298	5837b32e8af9eb1eee50f8fa20894bdde4d0f488f19be156cf58e311a2c6afb8	too large (trace)
tr03-official-1/2262-cell-b-pack-0239-normal-s2/reference-10ms-differences.json.gz	23	f1101f8233b16d980af348db666cbdb1b9772fa79c6fa8d7d6d9550c1f6a546d	not a metric of this report
tr03-official-1/2262-cell-b-pack-0239-normal-s2/trace.jsonl.gz	73632851	c6e0e7b8ad101c61a4fca81496ad8b6fd8dc5432c29da5893c9f974f69b0058e	too large (trace)
tr03-official-1/2263-cell-b-pack-0239-normal-s3/reference-10ms-differences.json.gz	23	f1101f8233b16d980af348db666cbdb1b9772fa79c6fa8d7d6d9550c1f6a546d	not a metric of this report
tr03-official-1/2263-cell-b-pack-0239-normal-s3/trace.jsonl.gz	73458541	962a813dc93916125955a18ff3c4e856c7dbbf9f74d69a7aaf9dcdbaf8d3e882	too large (trace)
tr03-official-1/2264-cell-b-pack-0239-cycle-stop/reference-10ms-differences.json.gz	23	f1101f8233b16d980af348db666cbdb1b9772fa79c6fa8d7d6d9550c1f6a546d	not a metric of this report
tr03-official-1/2264-cell-b-pack-0239-cycle-stop/trace.jsonl.gz	2586665	ce2de6ac305189107c98d64ea142f7e174dfc81f51a695491cadf6b26308a214	too large (trace)
tr03-official-1/2265-cell-b-pack-0239-curtain/reference-10ms-differences.json.gz	23	f1101f8233b16d980af348db666cbdb1b9772fa79c6fa8d7d6d9550c1f6a546d	not a metric of this report
tr03-official-1/2265-cell-b-pack-0239-curtain/trace.jsonl.gz	1979795	a47331fc5fb1fa7d5bdaa98cef180a4639957a6377cda2b5d85c3ee8a68d3ab3	too large (trace)
tr03-official-1/2266-cell-b-pack-0239-packfault/reference-10ms-differences.json.gz	23	f1101f8233b16d980af348db666cbdb1b9772fa79c6fa8d7d6d9550c1f6a546d	not a metric of this report
tr03-official-1/2266-cell-b-pack-0239-packfault/trace.jsonl.gz	32545502	b72b13a2e59b503dae7f057e483b9185815ce463a0b949de135fb0012ef297b0	too large (trace)
tr03-official-1/2267-cell-b-pack-0243-normal-s1/reference-10ms-differences.json.gz	23	f1101f8233b16d980af348db666cbdb1b9772fa79c6fa8d7d6d9550c1f6a546d	not a metric of this report
tr03-official-1/2267-cell-b-pack-0243-normal-s1/trace.jsonl.gz	73702004	b327f240b34667cee180e8cf961c79d8db465c154285c7bbef7d87d27e2e8e6f	too large (trace)
tr03-official-1/2268-cell-b-pack-0243-normal-s2/reference-10ms-differences.json.gz	23	f1101f8233b16d980af348db666cbdb1b9772fa79c6fa8d7d6d9550c1f6a546d	not a metric of this report
tr03-official-1/2268-cell-b-pack-0243-normal-s2/trace.jsonl.gz	73639472	81d2823cc194ffe651bc3c226a5a90b2b3e63b24d246bca8f849fbf39a3d59fc	too large (trace)
tr03-official-1/2269-cell-b-pack-0243-normal-s3/reference-10ms-differences.json.gz	23	f1101f8233b16d980af348db666cbdb1b9772fa79c6fa8d7d6d9550c1f6a546d	not a metric of this report
tr03-official-1/2269-cell-b-pack-0243-normal-s3/trace.jsonl.gz	73446123	4fe084a50499714188715b25e18e9732705df59fef3d585472ad6e312db090ec	too large (trace)
tr03-official-1/2270-cell-b-pack-0243-cycle-stop/reference-10ms-differences.json.gz	23	f1101f8233b16d980af348db666cbdb1b9772fa79c6fa8d7d6d9550c1f6a546d	not a metric of this report
tr03-official-1/2270-cell-b-pack-0243-cycle-stop/trace.jsonl.gz	2582520	c05f056859858403372abdb46b2bd7e55b9a783b75f513b3706b75b0b0ae8895	too large (trace)
tr03-official-1/2271-cell-b-pack-0243-curtain/reference-10ms-differences.json.gz	23	f1101f8233b16d980af348db666cbdb1b9772fa79c6fa8d7d6d9550c1f6a546d	not a metric of this report
tr03-official-1/2271-cell-b-pack-0243-curtain/trace.jsonl.gz	1971311	92874413be768a3356222b7beed3558e375a13838f7b918b1e7d403ca78dd93f	too large (trace)
tr03-official-1/2272-cell-b-pack-0243-packfault/reference-10ms-differences.json.gz	23	f1101f8233b16d980af348db666cbdb1b9772fa79c6fa8d7d6d9550c1f6a546d	not a metric of this report
tr03-official-1/2272-cell-b-pack-0243-packfault/trace.jsonl.gz	32537306	06cda1c22136367e5ba494b9e3cd846b10a5a8cef8ec387a933682397643c44f	too large (trace)
tr03-official-1/2273-cell-b-pack-0244-normal-s1/reference-10ms-differences.json.gz	211164	b6a09f4a0c5732b22ae5d3c9f692c40556f7bdc011950b7c39f2fc5f61f5b431	not a metric of this report
tr03-official-1/2273-cell-b-pack-0244-normal-s1/trace.jsonl.gz	19725350	e41fee3ffd1283b2186b705cf6c5f6741bb78cab33426f669131e3ef41658a8b	too large (trace)
tr03-official-1/2274-cell-b-pack-0244-normal-s2/reference-10ms-differences.json.gz	209099	f349b3e436457ac79322890075bdcf55f9f04be428aa0143e01cd696ab04663f	not a metric of this report
tr03-official-1/2274-cell-b-pack-0244-normal-s2/trace.jsonl.gz	19894926	c3b8619581f7cb5a921e6100cce85449a3d2159e729fec9f01c2e317d5c52909	too large (trace)
tr03-official-1/2275-cell-b-pack-0244-normal-s3/reference-10ms-differences.json.gz	203880	1bfc3c253dbda2b6d30476b2da38393f3c860e7e59e0099c9c7cbef658a606d2	not a metric of this report
tr03-official-1/2275-cell-b-pack-0244-normal-s3/trace.jsonl.gz	46058292	fe1df951441653ee4a3e711314818699abdf3d9a17997c56cc513979cd401a64	too large (trace)
tr03-official-1/2276-cell-b-pack-0244-cycle-stop/reference-10ms-differences.json.gz	17179	f93050903ff334e90ee0bcb3292d18ea8a619790890141201608c328bf47cc14	not a metric of this report
tr03-official-1/2276-cell-b-pack-0244-cycle-stop/trace.jsonl.gz	2394849	3a0eae3fbc87feb73684338f4b5e4ded0d6f4b1d4f3ab37b9133104e9541842a	too large (trace)
tr03-official-1/2277-cell-b-pack-0244-curtain/reference-10ms-differences.json.gz	12130	f74e7221b65738d6501bfd36608b641b9342900efd7f0184a4b262ad37b72d9e	not a metric of this report
tr03-official-1/2277-cell-b-pack-0244-curtain/trace.jsonl.gz	2033480	29077e15b09ea2ad0f4aaf8d7036575591bbc65bce0d855b7bb91647234dbfaf	too large (trace)
tr03-official-1/2278-cell-b-pack-0244-packfault/reference-10ms-differences.json.gz	126022	72116fb758cd47eb59132c88202c94f79e1fd264a6a8c14956dae21a8014759d	not a metric of this report
tr03-official-1/2278-cell-b-pack-0244-packfault/trace.jsonl.gz	11809816	17366e6b31b3ec499f0178979b655dc4db419998d190204bd9721a0a8864df08	too large (trace)
tr03-official-1/2279-cell-b-pack-0247-normal-s1/reference-10ms-differences.json.gz	211164	b6a09f4a0c5732b22ae5d3c9f692c40556f7bdc011950b7c39f2fc5f61f5b431	not a metric of this report
tr03-official-1/2279-cell-b-pack-0247-normal-s1/trace.jsonl.gz	19722701	bda0c881eb2260f5efa11df0d87703fde89b86ecfd7820c955e2bafede27cfa0	too large (trace)
tr03-official-1/2280-cell-b-pack-0247-normal-s2/reference-10ms-differences.json.gz	209099	f349b3e436457ac79322890075bdcf55f9f04be428aa0143e01cd696ab04663f	not a metric of this report
tr03-official-1/2280-cell-b-pack-0247-normal-s2/trace.jsonl.gz	19853374	ef2d0b8858aedeadf8603774c286b2b19796f9294f8e7af63fb2b272e75b404e	too large (trace)
tr03-official-1/2281-cell-b-pack-0247-normal-s3/reference-10ms-differences.json.gz	203880	1bfc3c253dbda2b6d30476b2da38393f3c860e7e59e0099c9c7cbef658a606d2	not a metric of this report
tr03-official-1/2281-cell-b-pack-0247-normal-s3/trace.jsonl.gz	46034837	caba08923a49167c43a49ec5c06df8a75f514e7aa64352b91ca4d52633964481	too large (trace)
tr03-official-1/2282-cell-b-pack-0247-cycle-stop/reference-10ms-differences.json.gz	17179	f93050903ff334e90ee0bcb3292d18ea8a619790890141201608c328bf47cc14	not a metric of this report
tr03-official-1/2282-cell-b-pack-0247-cycle-stop/trace.jsonl.gz	2392677	5c650fd8f3ebad004f403c7661d375541a7f7e8c7ca65e2e5c238ea92a77047c	too large (trace)
tr03-official-1/2283-cell-b-pack-0247-curtain/reference-10ms-differences.json.gz	12130	f74e7221b65738d6501bfd36608b641b9342900efd7f0184a4b262ad37b72d9e	not a metric of this report
tr03-official-1/2283-cell-b-pack-0247-curtain/trace.jsonl.gz	2034942	22a67e6db15c0ae70f9d1a772c5f709878f8f95241bb8c368b971988c8393679	too large (trace)
tr03-official-1/2284-cell-b-pack-0247-packfault/reference-10ms-differences.json.gz	126022	72116fb758cd47eb59132c88202c94f79e1fd264a6a8c14956dae21a8014759d	not a metric of this report
tr03-official-1/2284-cell-b-pack-0247-packfault/trace.jsonl.gz	11787787	123580af142541757beffda344e4832afbfed1afddaed753eef1c81525ff0803	too large (trace)
tr03-official-1/2285-cell-b-pack-0248-normal-s1/reference-10ms-differences.json.gz	23	f1101f8233b16d980af348db666cbdb1b9772fa79c6fa8d7d6d9550c1f6a546d	not a metric of this report
tr03-official-1/2285-cell-b-pack-0248-normal-s1/trace.jsonl.gz	73701475	4f1ef293c6bdd4f0518d56eab46a3e2e795958f892eeebf1749c274a40af199e	too large (trace)
tr03-official-1/2286-cell-b-pack-0248-normal-s2/reference-10ms-differences.json.gz	23	f1101f8233b16d980af348db666cbdb1b9772fa79c6fa8d7d6d9550c1f6a546d	not a metric of this report
tr03-official-1/2286-cell-b-pack-0248-normal-s2/trace.jsonl.gz	73629698	dc98a26e8b33d9a6eeb68eb05f8514d757cd1e3f58bf688f9f32ffdf4bf8327c	too large (trace)
tr03-official-1/2287-cell-b-pack-0248-normal-s3/reference-10ms-differences.json.gz	23	f1101f8233b16d980af348db666cbdb1b9772fa79c6fa8d7d6d9550c1f6a546d	not a metric of this report
tr03-official-1/2287-cell-b-pack-0248-normal-s3/trace.jsonl.gz	73450803	e9106df48b4223f244b4afdd5b71b0473537e106299a7a0bedda4799d97b6854	too large (trace)
tr03-official-1/2288-cell-b-pack-0248-cycle-stop/reference-10ms-differences.json.gz	23	f1101f8233b16d980af348db666cbdb1b9772fa79c6fa8d7d6d9550c1f6a546d	not a metric of this report
tr03-official-1/2288-cell-b-pack-0248-cycle-stop/trace.jsonl.gz	2577339	9c47776f8f63ca96a5c3461103e1ebb54556190f3b887153c8dc3ecaa5d6c514	too large (trace)
tr03-official-1/2289-cell-b-pack-0248-curtain/reference-10ms-differences.json.gz	23	f1101f8233b16d980af348db666cbdb1b9772fa79c6fa8d7d6d9550c1f6a546d	not a metric of this report
tr03-official-1/2289-cell-b-pack-0248-curtain/trace.jsonl.gz	1977238	89c02755d63781f5dc0995c78d83dd45538a231771bdd7d4ed33aed59af7d4ed	too large (trace)
tr03-official-1/2290-cell-b-pack-0248-packfault/reference-10ms-differences.json.gz	23	f1101f8233b16d980af348db666cbdb1b9772fa79c6fa8d7d6d9550c1f6a546d	not a metric of this report
tr03-official-1/2290-cell-b-pack-0248-packfault/trace.jsonl.gz	32542061	5e1c29488281f8230fdd1bd7c762742cf2dbfd74e75fc40ecd500d28c18f9c86	too large (trace)
tr03-official-1/2291-cell-b-pack-0250-normal-s1/reference-10ms-differences.json.gz	23	f1101f8233b16d980af348db666cbdb1b9772fa79c6fa8d7d6d9550c1f6a546d	not a metric of this report
tr03-official-1/2291-cell-b-pack-0250-normal-s1/trace.jsonl.gz	73691215	0968e2c7ca560e97560456177c5b7a28b3b49b508f26fb5be5e855ffe86a5d6e	too large (trace)
tr03-official-1/2292-cell-b-pack-0250-normal-s2/reference-10ms-differences.json.gz	23	f1101f8233b16d980af348db666cbdb1b9772fa79c6fa8d7d6d9550c1f6a546d	not a metric of this report
tr03-official-1/2292-cell-b-pack-0250-normal-s2/trace.jsonl.gz	73634125	ae2b6e66c1485cd39c2ee94c9874c0f6e4aa68e252a714206f2f7f67b53e01fd	too large (trace)
tr03-official-1/2293-cell-b-pack-0250-normal-s3/reference-10ms-differences.json.gz	23	f1101f8233b16d980af348db666cbdb1b9772fa79c6fa8d7d6d9550c1f6a546d	not a metric of this report
tr03-official-1/2293-cell-b-pack-0250-normal-s3/trace.jsonl.gz	73455565	327c47f8b2febfdb5d187316ae52d2be842c7f6b36e2ee29cd280699963e5038	too large (trace)
tr03-official-1/2294-cell-b-pack-0250-cycle-stop/reference-10ms-differences.json.gz	23	f1101f8233b16d980af348db666cbdb1b9772fa79c6fa8d7d6d9550c1f6a546d	not a metric of this report
tr03-official-1/2294-cell-b-pack-0250-cycle-stop/trace.jsonl.gz	2574950	b3717e0f5b510bcc1500a27c79a94ab14291eada17f4981a9a80d1e5119e3a1b	too large (trace)
tr03-official-1/2295-cell-b-pack-0250-curtain/reference-10ms-differences.json.gz	23	f1101f8233b16d980af348db666cbdb1b9772fa79c6fa8d7d6d9550c1f6a546d	not a metric of this report
tr03-official-1/2295-cell-b-pack-0250-curtain/trace.jsonl.gz	1973894	6749a83c9af59439eb5227eada2e8c7c308d95f981f86e9a12b119346d00751a	too large (trace)
tr03-official-1/2296-cell-b-pack-0250-packfault/reference-10ms-differences.json.gz	23	f1101f8233b16d980af348db666cbdb1b9772fa79c6fa8d7d6d9550c1f6a546d	not a metric of this report
tr03-official-1/2296-cell-b-pack-0250-packfault/trace.jsonl.gz	32529944	f146933a6ed53999ff26f1034d56ab778cd52798ad8a6f31fbedc88026ebaf8b	too large (trace)
tr03-official-1/2297-cell-b-pack-0262-normal-s1/reference-10ms-differences.json.gz	23	f1101f8233b16d980af348db666cbdb1b9772fa79c6fa8d7d6d9550c1f6a546d	not a metric of this report
tr03-official-1/2297-cell-b-pack-0262-normal-s1/trace.jsonl.gz	73695042	d473cbb780dcb990dedbcf75e4a9c83291623fd008d2509925740b2efaf84f8c	too large (trace)
tr03-official-1/2298-cell-b-pack-0262-normal-s2/reference-10ms-differences.json.gz	23	f1101f8233b16d980af348db666cbdb1b9772fa79c6fa8d7d6d9550c1f6a546d	not a metric of this report
tr03-official-1/2298-cell-b-pack-0262-normal-s2/trace.jsonl.gz	73645519	5156b59cf26c32261a22a0b326e83887939d66c67562a2d24979732488174ce0	too large (trace)
tr03-official-1/2299-cell-b-pack-0262-normal-s3/reference-10ms-differences.json.gz	23	f1101f8233b16d980af348db666cbdb1b9772fa79c6fa8d7d6d9550c1f6a546d	not a metric of this report
tr03-official-1/2299-cell-b-pack-0262-normal-s3/trace.jsonl.gz	73449021	cc153e297d8a5df20bd4760496be43a4f81465e8e35858f7b77bed0c98211a07	too large (trace)
tr03-official-1/2300-cell-b-pack-0262-cycle-stop/reference-10ms-differences.json.gz	23	f1101f8233b16d980af348db666cbdb1b9772fa79c6fa8d7d6d9550c1f6a546d	not a metric of this report
tr03-official-1/2300-cell-b-pack-0262-cycle-stop/trace.jsonl.gz	2576885	33fe5be35881217824c977653d0900cb2eeaf235921962d567f60fb2d8e452b3	too large (trace)
tr03-official-1/2301-cell-b-pack-0262-curtain/reference-10ms-differences.json.gz	23	f1101f8233b16d980af348db666cbdb1b9772fa79c6fa8d7d6d9550c1f6a546d	not a metric of this report
tr03-official-1/2301-cell-b-pack-0262-curtain/trace.jsonl.gz	1983968	65d3bfb05e8371155a4c9329b04aedf97fac664e65c2b3537ce11c11069a1bff	too large (trace)
tr03-official-1/2302-cell-b-pack-0262-packfault/reference-10ms-differences.json.gz	23	f1101f8233b16d980af348db666cbdb1b9772fa79c6fa8d7d6d9550c1f6a546d	not a metric of this report
tr03-official-1/2302-cell-b-pack-0262-packfault/trace.jsonl.gz	32539162	4b571f5350b2eec39571170d96c16bfbc05f92c61766e8b409e942786e681f54	too large (trace)
tr03-official-1/2303-cell-b-pack-0263-normal-s1/reference-10ms-differences.json.gz	211164	b6a09f4a0c5732b22ae5d3c9f692c40556f7bdc011950b7c39f2fc5f61f5b431	not a metric of this report
tr03-official-1/2303-cell-b-pack-0263-normal-s1/trace.jsonl.gz	19715227	aff4080f2c1acc7f233ade73adc2f89b555f6fd6109eb97d866f4239b578b910	too large (trace)
tr03-official-1/2304-cell-b-pack-0263-normal-s2/reference-10ms-differences.json.gz	209099	f349b3e436457ac79322890075bdcf55f9f04be428aa0143e01cd696ab04663f	not a metric of this report
tr03-official-1/2304-cell-b-pack-0263-normal-s2/trace.jsonl.gz	19886941	159f7cf5785c7514b1157d054684d3bc08f0048ac7943b50edcbbfc2e2a02d12	too large (trace)
tr03-official-1/2305-cell-b-pack-0263-normal-s3/reference-10ms-differences.json.gz	203880	1bfc3c253dbda2b6d30476b2da38393f3c860e7e59e0099c9c7cbef658a606d2	not a metric of this report
tr03-official-1/2305-cell-b-pack-0263-normal-s3/trace.jsonl.gz	46058180	baf6073cad9e211429fa09545666298b1d93df53774a8408a2c9c0e586f9d874	too large (trace)
tr03-official-1/2306-cell-b-pack-0263-cycle-stop/reference-10ms-differences.json.gz	17179	f93050903ff334e90ee0bcb3292d18ea8a619790890141201608c328bf47cc14	not a metric of this report
tr03-official-1/2306-cell-b-pack-0263-cycle-stop/trace.jsonl.gz	2383899	f541a9a9991d410f3502e394843e4d59ba6c3786f7e99cc014939dcbaba385cf	too large (trace)
tr03-official-1/2307-cell-b-pack-0263-curtain/reference-10ms-differences.json.gz	12130	f74e7221b65738d6501bfd36608b641b9342900efd7f0184a4b262ad37b72d9e	not a metric of this report
tr03-official-1/2307-cell-b-pack-0263-curtain/trace.jsonl.gz	2028021	055f237ec5d5eeb698761ca6130f6e3f10aa1a1e8b4678306b715fde8cfbe706	too large (trace)
tr03-official-1/2308-cell-b-pack-0263-packfault/reference-10ms-differences.json.gz	126022	72116fb758cd47eb59132c88202c94f79e1fd264a6a8c14956dae21a8014759d	not a metric of this report
tr03-official-1/2308-cell-b-pack-0263-packfault/trace.jsonl.gz	11778959	4450bd86c3c8df8e5b099533c69fe874721eb6a21075fbaf68748c57b4f3ddb5	too large (trace)
tr03-official-1/2309-cell-b-pack-0264-normal-s1/reference-10ms-differences.json.gz	23	f1101f8233b16d980af348db666cbdb1b9772fa79c6fa8d7d6d9550c1f6a546d	not a metric of this report
tr03-official-1/2309-cell-b-pack-0264-normal-s1/trace.jsonl.gz	73688116	e92e1fefa3406daeedf7ed5739960363dc32e579b3afb1824ce969688428c4ff	too large (trace)
tr03-official-1/2310-cell-b-pack-0264-normal-s2/reference-10ms-differences.json.gz	23	f1101f8233b16d980af348db666cbdb1b9772fa79c6fa8d7d6d9550c1f6a546d	not a metric of this report
tr03-official-1/2310-cell-b-pack-0264-normal-s2/trace.jsonl.gz	73638138	3cb2d93b7e772830f27399beaaae77702b2c7b6d536d1dd29d9d82dded286547	too large (trace)
tr03-official-1/2311-cell-b-pack-0264-normal-s3/reference-10ms-differences.json.gz	23	f1101f8233b16d980af348db666cbdb1b9772fa79c6fa8d7d6d9550c1f6a546d	not a metric of this report
tr03-official-1/2311-cell-b-pack-0264-normal-s3/trace.jsonl.gz	73453727	d5d5b9dbb9b6a971b5410396dc11ff6cdb6ba2f97450d8986a5660a22b9cf144	too large (trace)
tr03-official-1/2312-cell-b-pack-0264-cycle-stop/reference-10ms-differences.json.gz	23	f1101f8233b16d980af348db666cbdb1b9772fa79c6fa8d7d6d9550c1f6a546d	not a metric of this report
tr03-official-1/2312-cell-b-pack-0264-cycle-stop/trace.jsonl.gz	2571918	68145b1c2eb69a02132cbcf0a672ad3b02a839bebd252f38d70a8d6eeb23a264	too large (trace)
tr03-official-1/2313-cell-b-pack-0264-curtain/reference-10ms-differences.json.gz	23	f1101f8233b16d980af348db666cbdb1b9772fa79c6fa8d7d6d9550c1f6a546d	not a metric of this report
tr03-official-1/2313-cell-b-pack-0264-curtain/trace.jsonl.gz	1969700	f2ffbbad2c9898c73f8ed85e9c3c039de324c6092f24947362aaf2b7681d8987	too large (trace)
tr03-official-1/2314-cell-b-pack-0264-packfault/reference-10ms-differences.json.gz	23	f1101f8233b16d980af348db666cbdb1b9772fa79c6fa8d7d6d9550c1f6a546d	not a metric of this report
tr03-official-1/2314-cell-b-pack-0264-packfault/trace.jsonl.gz	32528679	b5f10035e7bc61d443ac5a7b3a11c94546ec827aae404cb0d963f8886f0b30e2	too large (trace)
tr03-official-1/2315-cell-b-pack-0267-normal-s1/reference-10ms-differences.json.gz	334137	0735c017e0f4d6b46b6f3a01f0cae4fc41e10c05cde4146e37198251715ab818	not a metric of this report
tr03-official-1/2315-cell-b-pack-0267-normal-s1/trace.jsonl.gz	73663376	6f3f2ad0959cb51f9e2c70748657a779ac745ddd10915e305651d5475e4a231e	too large (trace)
tr03-official-1/2316-cell-b-pack-0267-normal-s2/reference-10ms-differences.json.gz	341335	020a2144b12a3a6fdf558e89e306107e500e200e30f0a7f3701aaf04b2e134a5	not a metric of this report
tr03-official-1/2316-cell-b-pack-0267-normal-s2/trace.jsonl.gz	73630863	d1cd5d2c677f64cf8bf637cf6e6829e1315a8664cd37e907772b3845b7fca8e8	too large (trace)
tr03-official-1/2317-cell-b-pack-0267-normal-s3/reference-10ms-differences.json.gz	352339	570ebe918af3d09f668cb121641051adaa4eda4f9fd6d6061e5bfab212e6db20	not a metric of this report
tr03-official-1/2317-cell-b-pack-0267-normal-s3/trace.jsonl.gz	73422059	4e3f279c038ae0787f81f426ffea11bb57094dd4fbefb54dd6872cbaf05ed280	too large (trace)
tr03-official-1/2318-cell-b-pack-0267-cycle-stop/reference-10ms-differences.json.gz	29291	2085971e44f043e99c3c5d5b8861070c4128bcb6b8c9636b7b6ab534ab32910d	not a metric of this report
tr03-official-1/2318-cell-b-pack-0267-cycle-stop/trace.jsonl.gz	2571135	f0559811c3fdc9039568ad233884b78b32acc25ac57a6d6f6ef9927f6cc183ea	too large (trace)
tr03-official-1/2319-cell-b-pack-0267-curtain/reference-10ms-differences.json.gz	21288	5e2e4b302bffda62cb15d4b7cf8121fb1b079698b2ff5a0c44147871f81cfee3	not a metric of this report
tr03-official-1/2319-cell-b-pack-0267-curtain/trace.jsonl.gz	1968180	c92186c483dd2fb2e6a431d5edf1012909805a28ee7b8ff64b272cfd5063aea5	too large (trace)
tr03-official-1/2320-cell-b-pack-0267-packfault/reference-10ms-differences.json.gz	195740	ce737df2be4ed7d0e475db5eaa61b31fd9738ea7e0801c80cec3cb52bb85eeac	not a metric of this report
tr03-official-1/2320-cell-b-pack-0267-packfault/trace.jsonl.gz	32528170	8bf7514a2528d299941e73fcfb2a65e4edd4c7498f8934e8596a86529087ce5f	too large (trace)
tr03-official-1/2321-cell-b-pack-0269-normal-s1/reference-10ms-differences.json.gz	23	f1101f8233b16d980af348db666cbdb1b9772fa79c6fa8d7d6d9550c1f6a546d	not a metric of this report
tr03-official-1/2321-cell-b-pack-0269-normal-s1/trace.jsonl.gz	73711010	abe9c7923358d19a502f6b3b7afae72feae94296b513eaae4a397e3d5a0d2ac6	too large (trace)
tr03-official-1/2322-cell-b-pack-0269-normal-s2/reference-10ms-differences.json.gz	23	f1101f8233b16d980af348db666cbdb1b9772fa79c6fa8d7d6d9550c1f6a546d	not a metric of this report
tr03-official-1/2322-cell-b-pack-0269-normal-s2/trace.jsonl.gz	73631267	af79aaaabe1678829470a6e4510acd4f28ca8ba7c89bfd10088fe3cd62fa1df3	too large (trace)
tr03-official-1/2323-cell-b-pack-0269-normal-s3/reference-10ms-differences.json.gz	23	f1101f8233b16d980af348db666cbdb1b9772fa79c6fa8d7d6d9550c1f6a546d	not a metric of this report
tr03-official-1/2323-cell-b-pack-0269-normal-s3/trace.jsonl.gz	73449156	bbe948538a7464b19a8660f1dbed4da5eb8dbdc0fa920199a3d5d6baef422af9	too large (trace)
tr03-official-1/2324-cell-b-pack-0269-cycle-stop/reference-10ms-differences.json.gz	23	f1101f8233b16d980af348db666cbdb1b9772fa79c6fa8d7d6d9550c1f6a546d	not a metric of this report
tr03-official-1/2324-cell-b-pack-0269-cycle-stop/trace.jsonl.gz	2582617	f8393482e08b52730694ce0006711dc4885d35331c79b792f1b19ab11927d8f1	too large (trace)
tr03-official-1/2325-cell-b-pack-0269-curtain/reference-10ms-differences.json.gz	23	f1101f8233b16d980af348db666cbdb1b9772fa79c6fa8d7d6d9550c1f6a546d	not a metric of this report
tr03-official-1/2325-cell-b-pack-0269-curtain/trace.jsonl.gz	1984041	f6d3530cd2d6bd1e1d0d33e460b640745db7cf016f117c105e0bc06fccedba29	too large (trace)
tr03-official-1/2326-cell-b-pack-0269-packfault/reference-10ms-differences.json.gz	23	f1101f8233b16d980af348db666cbdb1b9772fa79c6fa8d7d6d9550c1f6a546d	not a metric of this report
tr03-official-1/2326-cell-b-pack-0269-packfault/trace.jsonl.gz	32540658	4a868eae0cd31cf495fed4c31333bb214f659692329a56bd9d50552472716ce6	too large (trace)
tr03-official-1/2327-cell-b-pack-0272-normal-s1/reference-10ms-differences.json.gz	23	f1101f8233b16d980af348db666cbdb1b9772fa79c6fa8d7d6d9550c1f6a546d	not a metric of this report
tr03-official-1/2327-cell-b-pack-0272-normal-s1/trace.jsonl.gz	73695544	fc8af561f8c527dbcfaf6f27da408768c5d769ebf721c54eec29cdf4462967ee	too large (trace)
tr03-official-1/2328-cell-b-pack-0272-normal-s2/reference-10ms-differences.json.gz	23	f1101f8233b16d980af348db666cbdb1b9772fa79c6fa8d7d6d9550c1f6a546d	not a metric of this report
tr03-official-1/2328-cell-b-pack-0272-normal-s2/trace.jsonl.gz	73636153	1f470bb45d48d404d5abb800ae44d72c8e879f6547a15f96294def87ea5f5278	too large (trace)
tr03-official-1/2329-cell-b-pack-0272-normal-s3/reference-10ms-differences.json.gz	23	f1101f8233b16d980af348db666cbdb1b9772fa79c6fa8d7d6d9550c1f6a546d	not a metric of this report
tr03-official-1/2329-cell-b-pack-0272-normal-s3/trace.jsonl.gz	73445078	f909a766093579f3db3bae1e50423e271bedddf09b189ad0ae9c3d85e0d1c4e0	too large (trace)
tr03-official-1/2330-cell-b-pack-0272-cycle-stop/reference-10ms-differences.json.gz	23	f1101f8233b16d980af348db666cbdb1b9772fa79c6fa8d7d6d9550c1f6a546d	not a metric of this report
tr03-official-1/2330-cell-b-pack-0272-cycle-stop/trace.jsonl.gz	2569467	dba24204e44cad2f6077343c026522c79190ed989f16a99d61517815a57c480f	too large (trace)
tr03-official-1/2331-cell-b-pack-0272-curtain/reference-10ms-differences.json.gz	23	f1101f8233b16d980af348db666cbdb1b9772fa79c6fa8d7d6d9550c1f6a546d	not a metric of this report
tr03-official-1/2331-cell-b-pack-0272-curtain/trace.jsonl.gz	1970124	de20fdf563cd7d229b369dbfc7a9dc5ed59964d45dbfdd50844cc9ed9ca6dbea	too large (trace)
tr03-official-1/2332-cell-b-pack-0272-packfault/reference-10ms-differences.json.gz	23	f1101f8233b16d980af348db666cbdb1b9772fa79c6fa8d7d6d9550c1f6a546d	not a metric of this report
tr03-official-1/2332-cell-b-pack-0272-packfault/trace.jsonl.gz	32535072	bd8e9c99045350560134d2225f2a90e1d19e7e2b9056461cad33e4df21ad9db0	too large (trace)
tr03-official-1/2333-cell-b-pack-0273-normal-s1/reference-10ms-differences.json.gz	23	f1101f8233b16d980af348db666cbdb1b9772fa79c6fa8d7d6d9550c1f6a546d	not a metric of this report
tr03-official-1/2333-cell-b-pack-0273-normal-s1/trace.jsonl.gz	73698981	b17c98f548420cf871c668b9c0b8ce8a961deb675de415ff15fbd4bb8abe7a21	too large (trace)
tr03-official-1/2334-cell-b-pack-0273-normal-s2/reference-10ms-differences.json.gz	23	f1101f8233b16d980af348db666cbdb1b9772fa79c6fa8d7d6d9550c1f6a546d	not a metric of this report
tr03-official-1/2334-cell-b-pack-0273-normal-s2/trace.jsonl.gz	73632864	9ffc7316a1b9daa6f3cc54038ded601bc3d967485af126b710800740c984cbd3	too large (trace)
tr03-official-1/2335-cell-b-pack-0273-normal-s3/reference-10ms-differences.json.gz	23	f1101f8233b16d980af348db666cbdb1b9772fa79c6fa8d7d6d9550c1f6a546d	not a metric of this report
tr03-official-1/2335-cell-b-pack-0273-normal-s3/trace.jsonl.gz	73442672	d74a63385694fbb2fb2bcd1c9a5f496b970bccb582ce2634d178b88650681b18	too large (trace)
tr03-official-1/2336-cell-b-pack-0273-cycle-stop/reference-10ms-differences.json.gz	23	f1101f8233b16d980af348db666cbdb1b9772fa79c6fa8d7d6d9550c1f6a546d	not a metric of this report
tr03-official-1/2336-cell-b-pack-0273-cycle-stop/trace.jsonl.gz	2585138	eedfc9a788cf455211574d04c65f2d61836a8878573cef4e16848b4e62c62049	too large (trace)
tr03-official-1/2337-cell-b-pack-0273-curtain/reference-10ms-differences.json.gz	23	f1101f8233b16d980af348db666cbdb1b9772fa79c6fa8d7d6d9550c1f6a546d	not a metric of this report
tr03-official-1/2337-cell-b-pack-0273-curtain/trace.jsonl.gz	1972514	2bbcb112555a2e4c8244d97fd7e3b918a6d5ce2c5e5f1e2a655339ef0dd646b2	too large (trace)
tr03-official-1/2338-cell-b-pack-0273-packfault/reference-10ms-differences.json.gz	23	f1101f8233b16d980af348db666cbdb1b9772fa79c6fa8d7d6d9550c1f6a546d	not a metric of this report
tr03-official-1/2338-cell-b-pack-0273-packfault/trace.jsonl.gz	32540919	51a73104183456aaab2e700a9a3045c19f6d672cdfb71d59db42c392127223cb	too large (trace)
tr03-official-1/2339-cell-b-pack-0274-normal-s1/reference-10ms-differences.json.gz	23	f1101f8233b16d980af348db666cbdb1b9772fa79c6fa8d7d6d9550c1f6a546d	not a metric of this report
tr03-official-1/2339-cell-b-pack-0274-normal-s1/trace.jsonl.gz	73702990	ca843a09fd2bfbc2c630107960b358ede31b068d4f6f293f8fa58e1b951ee227	too large (trace)
tr03-official-1/2340-cell-b-pack-0274-normal-s2/reference-10ms-differences.json.gz	23	f1101f8233b16d980af348db666cbdb1b9772fa79c6fa8d7d6d9550c1f6a546d	not a metric of this report
tr03-official-1/2340-cell-b-pack-0274-normal-s2/trace.jsonl.gz	73629236	dafbe70d0f877e1d9e79b069ed41f3227073e07f23e234eb7edb591663598218	too large (trace)
tr03-official-1/2341-cell-b-pack-0274-normal-s3/reference-10ms-differences.json.gz	23	f1101f8233b16d980af348db666cbdb1b9772fa79c6fa8d7d6d9550c1f6a546d	not a metric of this report
tr03-official-1/2341-cell-b-pack-0274-normal-s3/trace.jsonl.gz	73457493	90ff09e7078cfcbd4783047e47844fd70b626592e0ac3799492356770f1044fc	too large (trace)
tr03-official-1/2342-cell-b-pack-0274-cycle-stop/reference-10ms-differences.json.gz	23	f1101f8233b16d980af348db666cbdb1b9772fa79c6fa8d7d6d9550c1f6a546d	not a metric of this report
tr03-official-1/2342-cell-b-pack-0274-cycle-stop/trace.jsonl.gz	2567209	6b126a9230c4cec9f6a72479eca4608e01f0a74dfebee57c5967f160379e7916	too large (trace)
tr03-official-1/2343-cell-b-pack-0274-curtain/reference-10ms-differences.json.gz	23	f1101f8233b16d980af348db666cbdb1b9772fa79c6fa8d7d6d9550c1f6a546d	not a metric of this report
tr03-official-1/2343-cell-b-pack-0274-curtain/trace.jsonl.gz	1959827	cc22cafea06544de185a02909feda72ffa07a0bd7faaba93b79fe6d75d19b192	too large (trace)
tr03-official-1/2344-cell-b-pack-0274-packfault/reference-10ms-differences.json.gz	23	f1101f8233b16d980af348db666cbdb1b9772fa79c6fa8d7d6d9550c1f6a546d	not a metric of this report
tr03-official-1/2344-cell-b-pack-0274-packfault/trace.jsonl.gz	32534610	303adb1d4f243e253dfef4f7c7985553956a62cedae262a0b685cd8bb85fe56a	too large (trace)
tr03-official-1/2345-cell-b-pack-0275-normal-s1/reference-10ms-differences.json.gz	305072	f7d47ef1d7fa68cee86544d12200f1a1e29dab2f449e9a849b24c34e7408f67d	not a metric of this report
tr03-official-1/2345-cell-b-pack-0275-normal-s1/trace.jsonl.gz	19911583	32526412a213653186b39e34682b6b73754d112668d8a489aa6f86d33dab744a	too large (trace)
tr03-official-1/2346-cell-b-pack-0275-normal-s2/reference-10ms-differences.json.gz	305072	f7d47ef1d7fa68cee86544d12200f1a1e29dab2f449e9a849b24c34e7408f67d	not a metric of this report
tr03-official-1/2346-cell-b-pack-0275-normal-s2/trace.jsonl.gz	19842728	769bc721955a1e683f4d54bde513fef164ec4cfd3c7565ae6a29e1d4228e99a8	too large (trace)
tr03-official-1/2347-cell-b-pack-0275-normal-s3/reference-10ms-differences.json.gz	305072	f7d47ef1d7fa68cee86544d12200f1a1e29dab2f449e9a849b24c34e7408f67d	not a metric of this report
tr03-official-1/2347-cell-b-pack-0275-normal-s3/trace.jsonl.gz	19840301	33caac23fc595c0d4326da1cc9f7e09e82c43f5abeb5128303eb26443eac20a1	too large (trace)
tr03-official-1/2348-cell-b-pack-0275-cycle-stop/reference-10ms-differences.json.gz	26805	e88f494b26243344151a854a0a3e4eb1f4cd3193b941b7a8404676a1dfe76c24	not a metric of this report
tr03-official-1/2348-cell-b-pack-0275-cycle-stop/trace.jsonl.gz	2326709	71d8902c4caaf309fd400fb1015c74619a9851790a0d9765e4b46c2874283ec9	too large (trace)
tr03-official-1/2349-cell-b-pack-0275-curtain/reference-10ms-differences.json.gz	20837	43f4855427a4ebfba9e79596aeaac9670a1c973b163258d47a95308ea298feed	not a metric of this report
tr03-official-1/2349-cell-b-pack-0275-curtain/trace.jsonl.gz	1950203	a11bca6bdf2d5e47c674e6ac22319a2c6171ac4d49850f6a33e40346c80e3fd9	too large (trace)
tr03-official-1/2350-cell-b-pack-0275-packfault/reference-10ms-differences.json.gz	181901	98a6dbe5f182b9ca9f11c617e42ca842c4abd001d788f951697af1675e3e8292	not a metric of this report
tr03-official-1/2350-cell-b-pack-0275-packfault/trace.jsonl.gz	11812110	b289fa2cc7c81da3585a53583b7fbefb2a319993d5452579d1fb490dee77b481	too large (trace)
tr03-official-1/2351-cell-b-pack-0277-normal-s1/reference-10ms-differences.json.gz	211164	b6a09f4a0c5732b22ae5d3c9f692c40556f7bdc011950b7c39f2fc5f61f5b431	not a metric of this report
tr03-official-1/2351-cell-b-pack-0277-normal-s1/trace.jsonl.gz	19721416	75020ace1bfff7a7cd21242054acbe8fe65830230a94d0a9208ab3d5bdb98578	too large (trace)
tr03-official-1/2352-cell-b-pack-0277-normal-s2/reference-10ms-differences.json.gz	209099	f349b3e436457ac79322890075bdcf55f9f04be428aa0143e01cd696ab04663f	not a metric of this report
tr03-official-1/2352-cell-b-pack-0277-normal-s2/trace.jsonl.gz	19896396	2af1e02eabbe326f833d4527450bf9bc6e681f2305acf5ecb66de16c78e1b56e	too large (trace)
tr03-official-1/2353-cell-b-pack-0277-normal-s3/reference-10ms-differences.json.gz	203880	1bfc3c253dbda2b6d30476b2da38393f3c860e7e59e0099c9c7cbef658a606d2	not a metric of this report
tr03-official-1/2353-cell-b-pack-0277-normal-s3/trace.jsonl.gz	46068571	83042d446952bc9e92cabacac841e5fb6b307f7e3bba502c3801cc448f68eeb6	too large (trace)
tr03-official-1/2354-cell-b-pack-0277-cycle-stop/reference-10ms-differences.json.gz	17179	f93050903ff334e90ee0bcb3292d18ea8a619790890141201608c328bf47cc14	not a metric of this report
tr03-official-1/2354-cell-b-pack-0277-cycle-stop/trace.jsonl.gz	2388340	22f773213243ffde87e7711444f099049ed07930ddf43df9b620b24b3ab3d6f7	too large (trace)
tr03-official-1/2355-cell-b-pack-0277-curtain/reference-10ms-differences.json.gz	12130	f74e7221b65738d6501bfd36608b641b9342900efd7f0184a4b262ad37b72d9e	not a metric of this report
tr03-official-1/2355-cell-b-pack-0277-curtain/trace.jsonl.gz	2031074	7e0bf4984f40e3a556330073da6d665b86123951d61f1307fac0d97070765ff0	too large (trace)
tr03-official-1/2356-cell-b-pack-0277-packfault/reference-10ms-differences.json.gz	126022	72116fb758cd47eb59132c88202c94f79e1fd264a6a8c14956dae21a8014759d	not a metric of this report
tr03-official-1/2356-cell-b-pack-0277-packfault/trace.jsonl.gz	11814146	3e1cd0c4400bd7da80226b27303032c26e31aaa0642a221efb0db0bdeabb8b84	too large (trace)
tr03-official-1/2357-cell-b-pack-0279-normal-s1/reference-10ms-differences.json.gz	23	f1101f8233b16d980af348db666cbdb1b9772fa79c6fa8d7d6d9550c1f6a546d	not a metric of this report
tr03-official-1/2357-cell-b-pack-0279-normal-s1/trace.jsonl.gz	73696756	ac618cebd8184e6af65fe46d67ae7fc1c495cc5391991d7367ce3ad0d19722aa	too large (trace)
tr03-official-1/2358-cell-b-pack-0279-normal-s2/reference-10ms-differences.json.gz	23	f1101f8233b16d980af348db666cbdb1b9772fa79c6fa8d7d6d9550c1f6a546d	not a metric of this report
tr03-official-1/2358-cell-b-pack-0279-normal-s2/trace.jsonl.gz	73631064	c9515b893907a59369ed0d4a0b873e8c6a4eed982c066a23a1262fe2681960e5	too large (trace)
tr03-official-1/2359-cell-b-pack-0279-normal-s3/reference-10ms-differences.json.gz	23	f1101f8233b16d980af348db666cbdb1b9772fa79c6fa8d7d6d9550c1f6a546d	not a metric of this report
tr03-official-1/2359-cell-b-pack-0279-normal-s3/trace.jsonl.gz	73456285	13b6309cdaf1310da2cb8dec5a095b434f4303a9d2a6c1af83cc78fa6cdeaeac	too large (trace)
tr03-official-1/2360-cell-b-pack-0279-cycle-stop/reference-10ms-differences.json.gz	23	f1101f8233b16d980af348db666cbdb1b9772fa79c6fa8d7d6d9550c1f6a546d	not a metric of this report
tr03-official-1/2360-cell-b-pack-0279-cycle-stop/trace.jsonl.gz	2578755	347a30145c5fb5493aac8e6e8be151f3308ba8efbb79088d37a3dc77bd661e9f	too large (trace)
tr03-official-1/2361-cell-b-pack-0279-curtain/reference-10ms-differences.json.gz	23	f1101f8233b16d980af348db666cbdb1b9772fa79c6fa8d7d6d9550c1f6a546d	not a metric of this report
tr03-official-1/2361-cell-b-pack-0279-curtain/trace.jsonl.gz	1977025	a06590036fe013804f8fd06f4c01bba9c9cb7d0451699863cd71accaf29d3ec7	too large (trace)
tr03-official-1/2362-cell-b-pack-0279-packfault/reference-10ms-differences.json.gz	23	f1101f8233b16d980af348db666cbdb1b9772fa79c6fa8d7d6d9550c1f6a546d	not a metric of this report
tr03-official-1/2362-cell-b-pack-0279-packfault/trace.jsonl.gz	32539984	0bcc0bf7b987ec37ce2315be96c9e3a61fdd0d93e1d4079072c877e807cd687a	too large (trace)
tr03-official-1/2363-cell-b-pack-0281-normal-s1/reference-10ms-differences.json.gz	211164	b6a09f4a0c5732b22ae5d3c9f692c40556f7bdc011950b7c39f2fc5f61f5b431	not a metric of this report
tr03-official-1/2363-cell-b-pack-0281-normal-s1/trace.jsonl.gz	19695303	3c749305c765e54be0e6016b7e14a620c712a267007dbd975bd95775352e78ca	too large (trace)
tr03-official-1/2364-cell-b-pack-0281-normal-s2/reference-10ms-differences.json.gz	209099	f349b3e436457ac79322890075bdcf55f9f04be428aa0143e01cd696ab04663f	not a metric of this report
tr03-official-1/2364-cell-b-pack-0281-normal-s2/trace.jsonl.gz	19851898	0074e4f7514499bc5d6ba4e872a880e369a24d1c026d63c0c98a7381940d9ca0	too large (trace)
tr03-official-1/2365-cell-b-pack-0281-normal-s3/reference-10ms-differences.json.gz	203880	1bfc3c253dbda2b6d30476b2da38393f3c860e7e59e0099c9c7cbef658a606d2	not a metric of this report
tr03-official-1/2365-cell-b-pack-0281-normal-s3/trace.jsonl.gz	46044077	19676d7b1a90ff4665896cb73b3828fd97c02237cbe4c4c2a9be25001a889324	too large (trace)
tr03-official-1/2366-cell-b-pack-0281-cycle-stop/reference-10ms-differences.json.gz	17179	f93050903ff334e90ee0bcb3292d18ea8a619790890141201608c328bf47cc14	not a metric of this report
tr03-official-1/2366-cell-b-pack-0281-cycle-stop/trace.jsonl.gz	2390220	e27f9e1cbfc30e90b10b57007f3614b14b716455056df2a9860bfeec09ab2c37	too large (trace)
tr03-official-1/2367-cell-b-pack-0281-curtain/reference-10ms-differences.json.gz	12130	f74e7221b65738d6501bfd36608b641b9342900efd7f0184a4b262ad37b72d9e	not a metric of this report
tr03-official-1/2367-cell-b-pack-0281-curtain/trace.jsonl.gz	2028661	d6806d70a7de28f2e39a16dcc57f4327615252c73a201aa65d0e353d98be0058	too large (trace)
tr03-official-1/2368-cell-b-pack-0281-packfault/reference-10ms-differences.json.gz	126022	72116fb758cd47eb59132c88202c94f79e1fd264a6a8c14956dae21a8014759d	not a metric of this report
tr03-official-1/2368-cell-b-pack-0281-packfault/trace.jsonl.gz	11779198	2423ca5ed60809dddfcd0cb96a7f1e8fcae2e8e5790d519b12d83c06c67c49b0	too large (trace)
tr03-official-1/2369-cell-b-pack-0283-normal-s1/reference-10ms-differences.json.gz	23	f1101f8233b16d980af348db666cbdb1b9772fa79c6fa8d7d6d9550c1f6a546d	not a metric of this report
tr03-official-1/2369-cell-b-pack-0283-normal-s1/trace.jsonl.gz	73707129	8fabca4d244d735a51d3d90cc72d04540d40f440379b404d76dd216b18344d1a	too large (trace)
tr03-official-1/2370-cell-b-pack-0283-normal-s2/reference-10ms-differences.json.gz	23	f1101f8233b16d980af348db666cbdb1b9772fa79c6fa8d7d6d9550c1f6a546d	not a metric of this report
tr03-official-1/2370-cell-b-pack-0283-normal-s2/trace.jsonl.gz	73629115	aaee781b5ff9c6d7c7bb1c976f6f14f82c9d8bebebd72296dc9f1b62da871cde	too large (trace)
tr03-official-1/2371-cell-b-pack-0283-normal-s3/reference-10ms-differences.json.gz	23	f1101f8233b16d980af348db666cbdb1b9772fa79c6fa8d7d6d9550c1f6a546d	not a metric of this report
tr03-official-1/2371-cell-b-pack-0283-normal-s3/trace.jsonl.gz	73455122	6eaeb7739e73a20e6607765a3a55dc569235ec6eb975bf1ef71c6d9e06565d6e	too large (trace)
tr03-official-1/2372-cell-b-pack-0283-cycle-stop/reference-10ms-differences.json.gz	23	f1101f8233b16d980af348db666cbdb1b9772fa79c6fa8d7d6d9550c1f6a546d	not a metric of this report
tr03-official-1/2372-cell-b-pack-0283-cycle-stop/trace.jsonl.gz	2582520	4dcbfc6d3d7272c594b14b01052fa46b6262b3680b7b683c58b8ec895fec27f7	too large (trace)
tr03-official-1/2373-cell-b-pack-0283-curtain/reference-10ms-differences.json.gz	23	f1101f8233b16d980af348db666cbdb1b9772fa79c6fa8d7d6d9550c1f6a546d	not a metric of this report
tr03-official-1/2373-cell-b-pack-0283-curtain/trace.jsonl.gz	1973796	ac8592a34781062833b753b5497c5576fe88afbdd676a782c264136285ed656b	too large (trace)
tr03-official-1/2374-cell-b-pack-0283-packfault/reference-10ms-differences.json.gz	23	f1101f8233b16d980af348db666cbdb1b9772fa79c6fa8d7d6d9550c1f6a546d	not a metric of this report
tr03-official-1/2374-cell-b-pack-0283-packfault/trace.jsonl.gz	32543796	fc339418c3c5f35225952c88373bfe8d9bc707f368e65cabbbd77fee24ed4454	too large (trace)
tr03-official-1/2375-cell-b-pack-0286-normal-s1/reference-10ms-differences.json.gz	223875	8279cb8952f7e16d106e25774405fdfea706b6749437705416605f6a434cca59	not a metric of this report
tr03-official-1/2375-cell-b-pack-0286-normal-s1/trace.jsonl.gz	18832218	9b776020fccd2ffbae615423386e53bc6f334c6eb3a61a98bdb59cd168ac41a1	too large (trace)
tr03-official-1/2376-cell-b-pack-0286-normal-s2/reference-10ms-differences.json.gz	223875	8279cb8952f7e16d106e25774405fdfea706b6749437705416605f6a434cca59	not a metric of this report
tr03-official-1/2376-cell-b-pack-0286-normal-s2/trace.jsonl.gz	18776654	61a516c36fd13ba1ed5b3f0c5c9c18b1de736aedd930a56006d71df609cce7b1	too large (trace)
tr03-official-1/2377-cell-b-pack-0286-normal-s3/reference-10ms-differences.json.gz	223875	8279cb8952f7e16d106e25774405fdfea706b6749437705416605f6a434cca59	not a metric of this report
tr03-official-1/2377-cell-b-pack-0286-normal-s3/trace.jsonl.gz	18705110	0a9c89cb6def288405c7ac779f04a43b24ba8bae0b33f7693c71d2f9382d0877	too large (trace)
tr03-official-1/2378-cell-b-pack-0286-cycle-stop/reference-10ms-differences.json.gz	29583	5a5229b811250b3996811965a23ea1304023429e8c6c3f6c8da0c2fa86ca5ee7	not a metric of this report
tr03-official-1/2378-cell-b-pack-0286-cycle-stop/trace.jsonl.gz	2216454	b7576d629acaa7e0471ba94aaf7db8d93ae7d6dc4df3713949450495dc0ad4fe	too large (trace)
tr03-official-1/2379-cell-b-pack-0286-curtain/reference-10ms-differences.json.gz	25071	e7e624625e7d20e2683441fa72c1ed90f20cb04a8d059d036307e3149467dbb1	not a metric of this report
tr03-official-1/2379-cell-b-pack-0286-curtain/trace.jsonl.gz	1855308	784e0bc708dd27ab2760d53ae459ce9977feef6014a7ae5a87d1302faa91cbc4	too large (trace)
tr03-official-1/2380-cell-b-pack-0286-packfault/reference-10ms-differences.json.gz	138611	812c5d8eadfe872f8e6184ad4f21332b1803907668d378abbf1b616eccbda6a8	not a metric of this report
tr03-official-1/2380-cell-b-pack-0286-packfault/trace.jsonl.gz	11217531	b3d74929568c3249fb8ce348f6078f1a758c908470b7e94b08b12820ce8b21aa	too large (trace)
tr03-official-1/2381-cell-b-pack-0288-normal-s1/reference-10ms-differences.json.gz	223875	8279cb8952f7e16d106e25774405fdfea706b6749437705416605f6a434cca59	not a metric of this report
tr03-official-1/2381-cell-b-pack-0288-normal-s1/trace.jsonl.gz	18797902	d6318ec755ae7f8fb1692d2831d4dbc590777047329e9a7d23617f7ebc0fc115	too large (trace)
tr03-official-1/2382-cell-b-pack-0288-normal-s2/reference-10ms-differences.json.gz	223875	8279cb8952f7e16d106e25774405fdfea706b6749437705416605f6a434cca59	not a metric of this report
tr03-official-1/2382-cell-b-pack-0288-normal-s2/trace.jsonl.gz	18752986	1733722e3661d1ba944a416eda9e5dae9f9469176c63f857f41f42f729b95137	too large (trace)
tr03-official-1/2383-cell-b-pack-0288-normal-s3/reference-10ms-differences.json.gz	223875	8279cb8952f7e16d106e25774405fdfea706b6749437705416605f6a434cca59	not a metric of this report
tr03-official-1/2383-cell-b-pack-0288-normal-s3/trace.jsonl.gz	18733382	2eecb093715d0a920dea0ed23632411820bbed16f6b29851e6177c368aa68547	too large (trace)
tr03-official-1/2384-cell-b-pack-0288-cycle-stop/reference-10ms-differences.json.gz	29583	5a5229b811250b3996811965a23ea1304023429e8c6c3f6c8da0c2fa86ca5ee7	not a metric of this report
tr03-official-1/2384-cell-b-pack-0288-cycle-stop/trace.jsonl.gz	2212233	6c2b5934020ae58d511ffbf77d80fe8b86a56afb89ab4cbba07c5719a373210e	too large (trace)
tr03-official-1/2385-cell-b-pack-0288-curtain/reference-10ms-differences.json.gz	25071	e7e624625e7d20e2683441fa72c1ed90f20cb04a8d059d036307e3149467dbb1	not a metric of this report
tr03-official-1/2385-cell-b-pack-0288-curtain/trace.jsonl.gz	1848137	1e1c83aa63a0a8fa8276be45e4537ff59ca087e25f4022de894045528a2828b5	too large (trace)
tr03-official-1/2386-cell-b-pack-0288-packfault/reference-10ms-differences.json.gz	138611	812c5d8eadfe872f8e6184ad4f21332b1803907668d378abbf1b616eccbda6a8	not a metric of this report
tr03-official-1/2386-cell-b-pack-0288-packfault/trace.jsonl.gz	11205181	6fbfe633620a4f198d74b06237025b2d095aec04f4e01911d16e1561149d0a8a	too large (trace)
tr03-official-1/2387-cell-b-pack-0289-normal-s1/reference-10ms-differences.json.gz	221100	5d77e098590316bd7f59ab06443bbb206ba1de4673b6bfff1d2825c4d76b3332	not a metric of this report
tr03-official-1/2387-cell-b-pack-0289-normal-s1/trace.jsonl.gz	18670902	49760fe26caaf7a4717fa49cd0609c7a7f2e7370cb439777acb6da37f9e9130b	too large (trace)
tr03-official-1/2388-cell-b-pack-0289-normal-s2/reference-10ms-differences.json.gz	221100	5d77e098590316bd7f59ab06443bbb206ba1de4673b6bfff1d2825c4d76b3332	not a metric of this report
tr03-official-1/2388-cell-b-pack-0289-normal-s2/trace.jsonl.gz	18616986	a35c2c4035558970282cf0f7406ea9a8902c7f32bc85a258fa76e5ab28c8fc51	too large (trace)
tr03-official-1/2389-cell-b-pack-0289-normal-s3/reference-10ms-differences.json.gz	221100	5d77e098590316bd7f59ab06443bbb206ba1de4673b6bfff1d2825c4d76b3332	not a metric of this report
tr03-official-1/2389-cell-b-pack-0289-normal-s3/trace.jsonl.gz	18575208	ded8994ad4e94a4f2ac057ca0eb95c0262e049d981a83d4f2ff7e9e7bebe2a07	too large (trace)
tr03-official-1/2390-cell-b-pack-0289-cycle-stop/reference-10ms-differences.json.gz	26893	252921b8fd389c8e9b96bea92cd07253ad08b7da2ca580bc92673cbcd68821c2	not a metric of this report
tr03-official-1/2390-cell-b-pack-0289-cycle-stop/trace.jsonl.gz	2190120	a8814a2bfe8986f054d79fa9e01b37e7593ab7b7e8cddff456164216b5ae5d72	too large (trace)
tr03-official-1/2391-cell-b-pack-0289-curtain/reference-10ms-differences.json.gz	22270	5e7e0350a051f21b38237d0f174367d35b5e22d882a1a8e79c2b765096c6339e	not a metric of this report
tr03-official-1/2391-cell-b-pack-0289-curtain/trace.jsonl.gz	1835312	22f4e11c70265b1804beb608c6c9939bf13a8222496b0794cbe7c7088e32080c	too large (trace)
tr03-official-1/2392-cell-b-pack-0289-packfault/reference-10ms-differences.json.gz	136094	bb7a803c7010f0f4c2d6c679fb82b9711e887243ea0b3073d28b59b2bd8c92bd	not a metric of this report
tr03-official-1/2392-cell-b-pack-0289-packfault/trace.jsonl.gz	11138812	fe191826bf4b404f755bbfc22b40b5c7822491a93e9e2d397e317f5006acfba1	too large (trace)
tr03-official-1/2393-cell-b-pack-0291-normal-s1/reference-10ms-differences.json.gz	23	f1101f8233b16d980af348db666cbdb1b9772fa79c6fa8d7d6d9550c1f6a546d	not a metric of this report
tr03-official-1/2393-cell-b-pack-0291-normal-s1/trace.jsonl.gz	73696648	61a22e4c54e148ca890710d24916e01e8c86820c164206530a727424451fb070	too large (trace)
tr03-official-1/2394-cell-b-pack-0291-normal-s2/reference-10ms-differences.json.gz	23	f1101f8233b16d980af348db666cbdb1b9772fa79c6fa8d7d6d9550c1f6a546d	not a metric of this report
tr03-official-1/2394-cell-b-pack-0291-normal-s2/trace.jsonl.gz	73646435	23b387366e2ee833a8bdca5a6d6587637398f929f4318668a97d4bd76a73b8cb	too large (trace)
tr03-official-1/2395-cell-b-pack-0291-normal-s3/reference-10ms-differences.json.gz	23	f1101f8233b16d980af348db666cbdb1b9772fa79c6fa8d7d6d9550c1f6a546d	not a metric of this report
tr03-official-1/2395-cell-b-pack-0291-normal-s3/trace.jsonl.gz	73436471	b3bffe21adfeae04510277a5b28aea6b3a37a2b7748f2fbcf20be3a4c21dd292	too large (trace)
tr03-official-1/2396-cell-b-pack-0291-cycle-stop/reference-10ms-differences.json.gz	23	f1101f8233b16d980af348db666cbdb1b9772fa79c6fa8d7d6d9550c1f6a546d	not a metric of this report
tr03-official-1/2396-cell-b-pack-0291-cycle-stop/trace.jsonl.gz	2569769	b546ebe07b97c14380dc51d47e71c00b6de87c563777372a611b16595ab1f20a	too large (trace)
tr03-official-1/2397-cell-b-pack-0291-curtain/reference-10ms-differences.json.gz	23	f1101f8233b16d980af348db666cbdb1b9772fa79c6fa8d7d6d9550c1f6a546d	not a metric of this report
tr03-official-1/2397-cell-b-pack-0291-curtain/trace.jsonl.gz	1970857	ed8e1bf94e12686b697028be6234d3e36146f44f11b8e10d9b343a5d7f618f62	too large (trace)
tr03-official-1/2398-cell-b-pack-0291-packfault/reference-10ms-differences.json.gz	23	f1101f8233b16d980af348db666cbdb1b9772fa79c6fa8d7d6d9550c1f6a546d	not a metric of this report
tr03-official-1/2398-cell-b-pack-0291-packfault/trace.jsonl.gz	32529188	659853b0ffa8a5f4d957e1b546cbd459303dc12019558ece75f9f059998174ec	too large (trace)
tr03-official-1/2399-cell-b-pack-0292-normal-s1/reference-10ms-differences.json.gz	23	f1101f8233b16d980af348db666cbdb1b9772fa79c6fa8d7d6d9550c1f6a546d	not a metric of this report
tr03-official-1/2399-cell-b-pack-0292-normal-s1/trace.jsonl.gz	73700727	0c8b9355374c479e0952a7e721e7d83d171402cd24486046cc42215bd61990bb	too large (trace)
tr03-official-1/2400-cell-b-pack-0292-normal-s2/reference-10ms-differences.json.gz	23	f1101f8233b16d980af348db666cbdb1b9772fa79c6fa8d7d6d9550c1f6a546d	not a metric of this report
tr03-official-1/2400-cell-b-pack-0292-normal-s2/trace.jsonl.gz	73631322	434fd4711919b3d4cf2a305f2593e4d4406f138ec00b2fcebcbf1b494fbaa3ce	too large (trace)
tr03-official-1/2401-cell-b-pack-0292-normal-s3/reference-10ms-differences.json.gz	23	f1101f8233b16d980af348db666cbdb1b9772fa79c6fa8d7d6d9550c1f6a546d	not a metric of this report
tr03-official-1/2401-cell-b-pack-0292-normal-s3/trace.jsonl.gz	73443791	1b6258fa9f714efea07cd3c9763049e323f2127552a8767a18e67f909480124a	too large (trace)
tr03-official-1/2402-cell-b-pack-0292-cycle-stop/reference-10ms-differences.json.gz	23	f1101f8233b16d980af348db666cbdb1b9772fa79c6fa8d7d6d9550c1f6a546d	not a metric of this report
tr03-official-1/2402-cell-b-pack-0292-cycle-stop/trace.jsonl.gz	2580531	79d9946ff0f42e18d799ff397cf4fe8e27e0f58e61d9f931282eb5294c6f95d2	too large (trace)
tr03-official-1/2403-cell-b-pack-0292-curtain/reference-10ms-differences.json.gz	23	f1101f8233b16d980af348db666cbdb1b9772fa79c6fa8d7d6d9550c1f6a546d	not a metric of this report
tr03-official-1/2403-cell-b-pack-0292-curtain/trace.jsonl.gz	1982442	b7b89db62b8a712691e1222eb61c13466655f4e994f91fe12500c371a4d710d7	too large (trace)
tr03-official-1/2404-cell-b-pack-0292-packfault/reference-10ms-differences.json.gz	23	f1101f8233b16d980af348db666cbdb1b9772fa79c6fa8d7d6d9550c1f6a546d	not a metric of this report
tr03-official-1/2404-cell-b-pack-0292-packfault/trace.jsonl.gz	32537027	d339668c83e3689956651633dca40035f57ba42cb880c6ea40369e6e746a05da	too large (trace)
tr03-official-1/2405-cell-b-pack-0295-normal-s1/reference-10ms-differences.json.gz	224129	a91b6e5b3f9f251262b7d60a11aa4529a80562fb329a9b2d22d48f627977b0e8	not a metric of this report
tr03-official-1/2405-cell-b-pack-0295-normal-s1/trace.jsonl.gz	18766702	b67f4360c7c4e6f53a813b9edfdf1117c26627ea0289c058974e5e222cb2a5dc	too large (trace)
tr03-official-1/2406-cell-b-pack-0295-normal-s2/reference-10ms-differences.json.gz	224129	a91b6e5b3f9f251262b7d60a11aa4529a80562fb329a9b2d22d48f627977b0e8	not a metric of this report
tr03-official-1/2406-cell-b-pack-0295-normal-s2/trace.jsonl.gz	18750076	c8a9ec2a9a9b75ab661b05b50c541ea490ff63140c3af2330981adbdc08a3b65	too large (trace)
tr03-official-1/2407-cell-b-pack-0295-normal-s3/reference-10ms-differences.json.gz	224129	a91b6e5b3f9f251262b7d60a11aa4529a80562fb329a9b2d22d48f627977b0e8	not a metric of this report
tr03-official-1/2407-cell-b-pack-0295-normal-s3/trace.jsonl.gz	18717810	ffb122e64abf28fd1a1a8469c33f8ef047c923c5fa342cc2f8154a336a674332	too large (trace)
tr03-official-1/2408-cell-b-pack-0295-cycle-stop/reference-10ms-differences.json.gz	29837	6f2a06a3bbadbaeabd4ba71c063da8562ef3b6c1e5779cceb73c0240ea022865	not a metric of this report
tr03-official-1/2408-cell-b-pack-0295-cycle-stop/trace.jsonl.gz	2214857	357aca433d72e060eef0a1219a55b61f9fab2d7747c6e39f3fae4fc86ce31eb5	too large (trace)
tr03-official-1/2409-cell-b-pack-0295-curtain/reference-10ms-differences.json.gz	25325	79e8a846dd3ac2b6a2e6a2d491576f6e90722a1a4f3c4b9fb4492230579dc814	not a metric of this report
tr03-official-1/2409-cell-b-pack-0295-curtain/trace.jsonl.gz	1841151	df2313a1aa23943c8200429018a6b3d7239c46abed92ab689073a47b4fc00911	too large (trace)
tr03-official-1/2410-cell-b-pack-0295-packfault/reference-10ms-differences.json.gz	138884	1ad436fdbf8e91752f18f14e66a6385f84ced17a6f4445e8e35011ed02a60f66	not a metric of this report
tr03-official-1/2410-cell-b-pack-0295-packfault/trace.jsonl.gz	11206087	4925aba9c82a7e67ce9dda2e014b8c2e97ec5c13d2a415941107086a48310c84	too large (trace)
tr03-official-1/2411-cell-b-pack-0296-normal-s1/reference-10ms-differences.json.gz	221100	5d77e098590316bd7f59ab06443bbb206ba1de4673b6bfff1d2825c4d76b3332	not a metric of this report
tr03-official-1/2411-cell-b-pack-0296-normal-s1/trace.jsonl.gz	18654551	4b7579ea26077952d5d0b4982f8834963937b6090ac240d7ceb93b1153a33714	too large (trace)
tr03-official-1/2412-cell-b-pack-0296-normal-s2/reference-10ms-differences.json.gz	221100	5d77e098590316bd7f59ab06443bbb206ba1de4673b6bfff1d2825c4d76b3332	not a metric of this report
tr03-official-1/2412-cell-b-pack-0296-normal-s2/trace.jsonl.gz	18597849	0accf1726e8f5676d35b2a2015522a019d788c10671c2bd9cb4623c2c08d93c2	too large (trace)
tr03-official-1/2413-cell-b-pack-0296-normal-s3/reference-10ms-differences.json.gz	221100	5d77e098590316bd7f59ab06443bbb206ba1de4673b6bfff1d2825c4d76b3332	not a metric of this report
tr03-official-1/2413-cell-b-pack-0296-normal-s3/trace.jsonl.gz	18571184	1aaf9725b35e814b081186e7d108ea9c215b2c6bac93c91063a5ce750b35c73b	too large (trace)
tr03-official-1/2414-cell-b-pack-0296-cycle-stop/reference-10ms-differences.json.gz	26893	252921b8fd389c8e9b96bea92cd07253ad08b7da2ca580bc92673cbcd68821c2	not a metric of this report
tr03-official-1/2414-cell-b-pack-0296-cycle-stop/trace.jsonl.gz	2196734	cb1a4531ffe3d5c37f19eff9267f3d2ffabd28f5c8689f25150dd7453bfc3aa2	too large (trace)
tr03-official-1/2415-cell-b-pack-0296-curtain/reference-10ms-differences.json.gz	22270	5e7e0350a051f21b38237d0f174367d35b5e22d882a1a8e79c2b765096c6339e	not a metric of this report
tr03-official-1/2415-cell-b-pack-0296-curtain/trace.jsonl.gz	1823584	ff1d21ff50725c043f9b33cbf113ff1be8313db4ffc7be6bf7733f3b1b193130	too large (trace)
tr03-official-1/2416-cell-b-pack-0296-packfault/reference-10ms-differences.json.gz	136094	bb7a803c7010f0f4c2d6c679fb82b9711e887243ea0b3073d28b59b2bd8c92bd	not a metric of this report
tr03-official-1/2416-cell-b-pack-0296-packfault/trace.jsonl.gz	11121086	92785274ee2acdf610de9e249f3914f6542aa0a8665a2e03b476e039e8b205a1	too large (trace)
tr03-official-1/2417-cell-b-pack-0298-normal-s1/reference-10ms-differences.json.gz	23	f1101f8233b16d980af348db666cbdb1b9772fa79c6fa8d7d6d9550c1f6a546d	not a metric of this report
tr03-official-1/2417-cell-b-pack-0298-normal-s1/trace.jsonl.gz	73693459	87d81a8131e535644f1ea3b3572a2dc970aa1f4f8c4090c5656fd302acbd7420	too large (trace)
tr03-official-1/2418-cell-b-pack-0298-normal-s2/reference-10ms-differences.json.gz	23	f1101f8233b16d980af348db666cbdb1b9772fa79c6fa8d7d6d9550c1f6a546d	not a metric of this report
tr03-official-1/2418-cell-b-pack-0298-normal-s2/trace.jsonl.gz	73642996	9e3f1f95f625a44a0463e9e2b9bcfffc52e5247805f29bcc60746ffcb7466deb	too large (trace)
tr03-official-1/2419-cell-b-pack-0298-normal-s3/reference-10ms-differences.json.gz	23	f1101f8233b16d980af348db666cbdb1b9772fa79c6fa8d7d6d9550c1f6a546d	not a metric of this report
tr03-official-1/2419-cell-b-pack-0298-normal-s3/trace.jsonl.gz	73459153	3bb8c09c58ae8644e8a4dd6e15d6a18694c4303e33ee10319e8499408fce3029	too large (trace)
tr03-official-1/2420-cell-b-pack-0298-cycle-stop/reference-10ms-differences.json.gz	23	f1101f8233b16d980af348db666cbdb1b9772fa79c6fa8d7d6d9550c1f6a546d	not a metric of this report
tr03-official-1/2420-cell-b-pack-0298-cycle-stop/trace.jsonl.gz	2576857	c7e5020128c85bcf76530e8bf49957ae987e44aa63eeeb482a2142274929cdc3	too large (trace)
tr03-official-1/2421-cell-b-pack-0298-curtain/reference-10ms-differences.json.gz	23	f1101f8233b16d980af348db666cbdb1b9772fa79c6fa8d7d6d9550c1f6a546d	not a metric of this report
tr03-official-1/2421-cell-b-pack-0298-curtain/trace.jsonl.gz	1973754	996d9f4109b4ee03c165eff13d1ccd458f818b782bfbf16d899e1cfc51d6e080	too large (trace)
tr03-official-1/2422-cell-b-pack-0298-packfault/reference-10ms-differences.json.gz	23	f1101f8233b16d980af348db666cbdb1b9772fa79c6fa8d7d6d9550c1f6a546d	not a metric of this report
tr03-official-1/2422-cell-b-pack-0298-packfault/trace.jsonl.gz	32536563	03ec77e6d35741c24cedd645782ac0c17f2fd5661f949d70eae5c62a8366a390	too large (trace)
tr03-official-1/2423-cell-b-pack-0300-normal-s1/reference-10ms-differences.json.gz	224090	eca9e3b8081344e7594dd579deb6514bcc78fbc85776e8e5ad807f5120c441a5	not a metric of this report
tr03-official-1/2423-cell-b-pack-0300-normal-s1/trace.jsonl.gz	18810775	262db4630d7d9c4ff8a76d4e9e6b26affd2929aecf376760472275c1d1b0fea5	too large (trace)
tr03-official-1/2424-cell-b-pack-0300-normal-s2/reference-10ms-differences.json.gz	224090	eca9e3b8081344e7594dd579deb6514bcc78fbc85776e8e5ad807f5120c441a5	not a metric of this report
tr03-official-1/2424-cell-b-pack-0300-normal-s2/trace.jsonl.gz	18759707	25ea79fecea9d58206ffb15e3169522c0aae8e1d214be912fd3fe0e94f70ea4c	too large (trace)
tr03-official-1/2425-cell-b-pack-0300-normal-s3/reference-10ms-differences.json.gz	224090	eca9e3b8081344e7594dd579deb6514bcc78fbc85776e8e5ad807f5120c441a5	not a metric of this report
tr03-official-1/2425-cell-b-pack-0300-normal-s3/trace.jsonl.gz	18731157	2b6ab4ffd46889a822d168795e834d7bc81d00f6d4f208bf7fc124e3722e75cd	too large (trace)
tr03-official-1/2426-cell-b-pack-0300-cycle-stop/reference-10ms-differences.json.gz	29799	c30f8dcd358cae6216b8a747813bcdab833cfcb364e2780d369d5042e03a21d5	not a metric of this report
tr03-official-1/2426-cell-b-pack-0300-cycle-stop/trace.jsonl.gz	2205311	479d2dafbee94fd88d00ce86d8f99237abc1b05502c227317300de8b22fe3752	too large (trace)
tr03-official-1/2427-cell-b-pack-0300-curtain/reference-10ms-differences.json.gz	25292	7e924f9ed316057825f380134cc5a4ecee6a5de620cea2cface493d058af6194	not a metric of this report
tr03-official-1/2427-cell-b-pack-0300-curtain/trace.jsonl.gz	1845863	0ab3c2958b29ce7053e29a5ec2df38a8df7e4b31b5f090160f8c9064e6593d03	too large (trace)
tr03-official-1/2428-cell-b-pack-0300-packfault/reference-10ms-differences.json.gz	138845	c8b416a2526ad6311628b3905f8121df0f357bacb7925278845eb034319f19b7	not a metric of this report
tr03-official-1/2428-cell-b-pack-0300-packfault/trace.jsonl.gz	11217322	f25237c5c41751520f69dc5491b2769213bed9534bee511311236ea6c6799fcd	too large (trace)
tr03-official-1/2429-cell-b-pack-0305-normal-s1/reference-10ms-differences.json.gz	23	f1101f8233b16d980af348db666cbdb1b9772fa79c6fa8d7d6d9550c1f6a546d	not a metric of this report
tr03-official-1/2429-cell-b-pack-0305-normal-s1/trace.jsonl.gz	73699758	31139b3b9a8241e88fb944ade09f4603083be7f859089872054b36660f05db5b	too large (trace)
tr03-official-1/2430-cell-b-pack-0305-normal-s2/reference-10ms-differences.json.gz	23	f1101f8233b16d980af348db666cbdb1b9772fa79c6fa8d7d6d9550c1f6a546d	not a metric of this report
tr03-official-1/2430-cell-b-pack-0305-normal-s2/trace.jsonl.gz	73628213	8ee4675d9938aaef04cbb141ce7d47e6f8368a6c4dc8e5ff4fae059d3253d138	too large (trace)
tr03-official-1/2431-cell-b-pack-0305-normal-s3/reference-10ms-differences.json.gz	23	f1101f8233b16d980af348db666cbdb1b9772fa79c6fa8d7d6d9550c1f6a546d	not a metric of this report
tr03-official-1/2431-cell-b-pack-0305-normal-s3/trace.jsonl.gz	73450139	32b9fe660be0539a303edef4b563b687acf6121349b91752703c04d785d0ae3e	too large (trace)
tr03-official-1/2432-cell-b-pack-0305-cycle-stop/reference-10ms-differences.json.gz	23	f1101f8233b16d980af348db666cbdb1b9772fa79c6fa8d7d6d9550c1f6a546d	not a metric of this report
tr03-official-1/2432-cell-b-pack-0305-cycle-stop/trace.jsonl.gz	2570010	f462020615bfd6fe2b4b031d9aff9894b283c7ee3d45d45489ec2c08f90ac54c	too large (trace)
tr03-official-1/2433-cell-b-pack-0305-curtain/reference-10ms-differences.json.gz	23	f1101f8233b16d980af348db666cbdb1b9772fa79c6fa8d7d6d9550c1f6a546d	not a metric of this report
tr03-official-1/2433-cell-b-pack-0305-curtain/trace.jsonl.gz	1978716	96ba3806790b5edce38231eb9271b4e5cd9f593eec0158f99252f9ace19b4ae1	too large (trace)
tr03-official-1/2434-cell-b-pack-0305-packfault/reference-10ms-differences.json.gz	23	f1101f8233b16d980af348db666cbdb1b9772fa79c6fa8d7d6d9550c1f6a546d	not a metric of this report
tr03-official-1/2434-cell-b-pack-0305-packfault/trace.jsonl.gz	32536687	d62188b6bf5dc0e8940fa97036f3cf9027cafb9c7ad9dc971c3b206b2c3686ba	too large (trace)
tr03-official-1/2435-cell-b-pack-0306-normal-s1/reference-10ms-differences.json.gz	210472	577fc7fbcb77a340f1dee9d3483e8f631845b4a6342d856716cad2fae25e7978	not a metric of this report
tr03-official-1/2435-cell-b-pack-0306-normal-s1/trace.jsonl.gz	19466260	32a066ae59acfa805fddc74f759828bd93419585a0e4bf96fc78b055e950dcdb	too large (trace)
tr03-official-1/2436-cell-b-pack-0306-normal-s2/reference-10ms-differences.json.gz	207691	d5402301178c5e6d7f11bcb79cc0f1b92d2c666572a8bc5d3f38fbd7b2accbe7	not a metric of this report
tr03-official-1/2436-cell-b-pack-0306-normal-s2/trace.jsonl.gz	19593152	0180b4a8927e1424fa90c1b9d115c57d43dcf9e21f1009e67550cdc424238570	too large (trace)
tr03-official-1/2437-cell-b-pack-0306-normal-s3/reference-10ms-differences.json.gz	203200	0e8c6739a43e07fab144855ad6a3793af2c57374f732bcf7fc7ed5239dc67e3d	not a metric of this report
tr03-official-1/2437-cell-b-pack-0306-normal-s3/trace.jsonl.gz	20061388	ea4b2cbb42b676ff4580c7eccdb1e2193b481654677accf720743786a43ba96a	too large (trace)
tr03-official-1/2438-cell-b-pack-0306-cycle-stop/reference-10ms-differences.json.gz	16027	1556f8315b40702a39d8585bd9e8f3513d0253349e0eebec3ce6fbd1c99d2973	not a metric of this report
tr03-official-1/2438-cell-b-pack-0306-cycle-stop/trace.jsonl.gz	2333460	0e128ce489acbf339aa4c4477da7c3f4001c4304a1431ffd8a0423fe9e73e3f3	too large (trace)
tr03-official-1/2439-cell-b-pack-0306-curtain/reference-10ms-differences.json.gz	11493	5e19bc585c44c3d0c7385d95e055221f2ebc0b2931e9d6ee4913131606e6cda4	not a metric of this report
tr03-official-1/2439-cell-b-pack-0306-curtain/trace.jsonl.gz	1955876	edd084891a7ad5ceebc8e93c791f5fa600f5d46bc9a8e407fe2c912f666e2930	too large (trace)
tr03-official-1/2440-cell-b-pack-0306-packfault/reference-10ms-differences.json.gz	125337	64e9671ae2cdbde522903b170c47464823073511794ae177ae1e05a136b027c6	not a metric of this report
tr03-official-1/2440-cell-b-pack-0306-packfault/trace.jsonl.gz	11640763	658a28a0789a7bf0aa5a1b94c33e8a123e67807b94725cc6bb85d45be82b525b	too large (trace)
tr03-official-1/2441-cell-b-pack-0307-normal-s1/reference-10ms-differences.json.gz	23	f1101f8233b16d980af348db666cbdb1b9772fa79c6fa8d7d6d9550c1f6a546d	not a metric of this report
tr03-official-1/2441-cell-b-pack-0307-normal-s1/trace.jsonl.gz	73692299	f913595c18ccc8bb897d35ee39b0b0cc457474a6d16b0ddb3ec95e6a2a7cc4c7	too large (trace)
tr03-official-1/2442-cell-b-pack-0307-normal-s2/reference-10ms-differences.json.gz	23	f1101f8233b16d980af348db666cbdb1b9772fa79c6fa8d7d6d9550c1f6a546d	not a metric of this report
tr03-official-1/2442-cell-b-pack-0307-normal-s2/trace.jsonl.gz	73627756	01ecddace91b36035f4c5c250d1abe89b51addec9f2ee3caa529d7fee7fca9ce	too large (trace)
tr03-official-1/2443-cell-b-pack-0307-normal-s3/reference-10ms-differences.json.gz	23	f1101f8233b16d980af348db666cbdb1b9772fa79c6fa8d7d6d9550c1f6a546d	not a metric of this report
tr03-official-1/2443-cell-b-pack-0307-normal-s3/trace.jsonl.gz	73456961	62a5502f4dbe7c284ef1a4203c16326eb4fbc17664086d4c0562b67f6734c00a	too large (trace)
tr03-official-1/2444-cell-b-pack-0307-cycle-stop/reference-10ms-differences.json.gz	23	f1101f8233b16d980af348db666cbdb1b9772fa79c6fa8d7d6d9550c1f6a546d	not a metric of this report
tr03-official-1/2444-cell-b-pack-0307-cycle-stop/trace.jsonl.gz	2566459	52314872337a4416cc9bb3b1e0076bd7c0396932c6e5b52d1c692170a0a52cd8	too large (trace)
tr03-official-1/2445-cell-b-pack-0307-curtain/reference-10ms-differences.json.gz	23	f1101f8233b16d980af348db666cbdb1b9772fa79c6fa8d7d6d9550c1f6a546d	not a metric of this report
tr03-official-1/2445-cell-b-pack-0307-curtain/trace.jsonl.gz	1968127	a1dc5b5575bdb469bb6568bb744258d45ae9bef9bceab8c24c04b983de4580c7	too large (trace)
tr03-official-1/2446-cell-b-pack-0307-packfault/reference-10ms-differences.json.gz	23	f1101f8233b16d980af348db666cbdb1b9772fa79c6fa8d7d6d9550c1f6a546d	not a metric of this report
tr03-official-1/2446-cell-b-pack-0307-packfault/trace.jsonl.gz	32533914	1b2ec9e4c706c45fcc64db10358cc33182f365d8062bbe2dfd540c524060fd0d	too large (trace)
tr03-official-1/2447-cell-b-pack-0308-normal-s1/reference-10ms-differences.json.gz	23	f1101f8233b16d980af348db666cbdb1b9772fa79c6fa8d7d6d9550c1f6a546d	not a metric of this report
tr03-official-1/2447-cell-b-pack-0308-normal-s1/trace.jsonl.gz	73691541	26e74103abb2924c7d455cded7663bbfaacaa7936df72b7c42238453d6ced9a1	too large (trace)
tr03-official-1/2448-cell-b-pack-0308-normal-s2/reference-10ms-differences.json.gz	23	f1101f8233b16d980af348db666cbdb1b9772fa79c6fa8d7d6d9550c1f6a546d	not a metric of this report
tr03-official-1/2448-cell-b-pack-0308-normal-s2/trace.jsonl.gz	73634024	4bc993d9d37568d0f14c5f98f991a3069ed63b26f72572b3e4ba2e0a8976e4b3	too large (trace)
tr03-official-1/2449-cell-b-pack-0308-normal-s3/reference-10ms-differences.json.gz	23	f1101f8233b16d980af348db666cbdb1b9772fa79c6fa8d7d6d9550c1f6a546d	not a metric of this report
tr03-official-1/2449-cell-b-pack-0308-normal-s3/trace.jsonl.gz	73434898	a16f4d9c0f4b9cd1d8bc501a82327e08d720e12a78305094872c1df78e5c2bf8	too large (trace)
tr03-official-1/2450-cell-b-pack-0308-cycle-stop/reference-10ms-differences.json.gz	23	f1101f8233b16d980af348db666cbdb1b9772fa79c6fa8d7d6d9550c1f6a546d	not a metric of this report
tr03-official-1/2450-cell-b-pack-0308-cycle-stop/trace.jsonl.gz	2573293	681fd800c00df2b1bd7995576743e43a6c6e03e818d5535d90291fc5aeb23938	too large (trace)
tr03-official-1/2451-cell-b-pack-0308-curtain/reference-10ms-differences.json.gz	23	f1101f8233b16d980af348db666cbdb1b9772fa79c6fa8d7d6d9550c1f6a546d	not a metric of this report
tr03-official-1/2451-cell-b-pack-0308-curtain/trace.jsonl.gz	1970027	af49d32fc27d113ba00eb797f923c8a86d882d30eb94dff536f3be1de00bca60	too large (trace)
tr03-official-1/2452-cell-b-pack-0308-packfault/reference-10ms-differences.json.gz	23	f1101f8233b16d980af348db666cbdb1b9772fa79c6fa8d7d6d9550c1f6a546d	not a metric of this report
tr03-official-1/2452-cell-b-pack-0308-packfault/trace.jsonl.gz	32539352	621217a2cd816c79f31c8804a5f3d46d0b54c055068829b075e2c5b6bc4eb9e7	too large (trace)
tr03-official-1/2453-cell-b-pack-0309-normal-s1/reference-10ms-differences.json.gz	23	f1101f8233b16d980af348db666cbdb1b9772fa79c6fa8d7d6d9550c1f6a546d	not a metric of this report
tr03-official-1/2453-cell-b-pack-0309-normal-s1/trace.jsonl.gz	73697989	29480a6bb23ea06addb7a2116dfdca688d61389e0c7b96b1844ac86c486221d4	too large (trace)
tr03-official-1/2454-cell-b-pack-0309-normal-s2/reference-10ms-differences.json.gz	23	f1101f8233b16d980af348db666cbdb1b9772fa79c6fa8d7d6d9550c1f6a546d	not a metric of this report
tr03-official-1/2454-cell-b-pack-0309-normal-s2/trace.jsonl.gz	73631389	2dca56b50663396be4cbd5e1dbb2988e33f6a326e18237159337f7c9faa63a84	too large (trace)
tr03-official-1/2455-cell-b-pack-0309-normal-s3/reference-10ms-differences.json.gz	23	f1101f8233b16d980af348db666cbdb1b9772fa79c6fa8d7d6d9550c1f6a546d	not a metric of this report
tr03-official-1/2455-cell-b-pack-0309-normal-s3/trace.jsonl.gz	73446192	eab1d2ccf3e088f089dce6bd2e192e9bbe0f6d097c42203dbd3ff9d09343747c	too large (trace)
tr03-official-1/2456-cell-b-pack-0309-cycle-stop/reference-10ms-differences.json.gz	23	f1101f8233b16d980af348db666cbdb1b9772fa79c6fa8d7d6d9550c1f6a546d	not a metric of this report
tr03-official-1/2456-cell-b-pack-0309-cycle-stop/trace.jsonl.gz	2576424	9bb5891ff3c92d9db6eafe0048676e7880ab44832656d53a2bc3a3d02840b71e	too large (trace)
tr03-official-1/2457-cell-b-pack-0309-curtain/reference-10ms-differences.json.gz	23	f1101f8233b16d980af348db666cbdb1b9772fa79c6fa8d7d6d9550c1f6a546d	not a metric of this report
tr03-official-1/2457-cell-b-pack-0309-curtain/trace.jsonl.gz	1971703	ea5d067587d801fbcbf94153f66518b00402774651d83f7aa89a35df10bb8601	too large (trace)
tr03-official-1/2458-cell-b-pack-0309-packfault/reference-10ms-differences.json.gz	23	f1101f8233b16d980af348db666cbdb1b9772fa79c6fa8d7d6d9550c1f6a546d	not a metric of this report
tr03-official-1/2458-cell-b-pack-0309-packfault/trace.jsonl.gz	32536179	c679bd8a1750f37dfb64030e03284cd1a7131beb31f57e46b211951b4fac1442	too large (trace)
tr03-official-1/2459-cell-b-pack-0311-normal-s1/reference-10ms-differences.json.gz	23	f1101f8233b16d980af348db666cbdb1b9772fa79c6fa8d7d6d9550c1f6a546d	not a metric of this report
tr03-official-1/2459-cell-b-pack-0311-normal-s1/trace.jsonl.gz	73709204	217e1d64a35ef1cb44a165f33b6f16144ebe017b5442bc487289beb3cfde0b48	too large (trace)
tr03-official-1/2460-cell-b-pack-0311-normal-s2/reference-10ms-differences.json.gz	23	f1101f8233b16d980af348db666cbdb1b9772fa79c6fa8d7d6d9550c1f6a546d	not a metric of this report
tr03-official-1/2460-cell-b-pack-0311-normal-s2/trace.jsonl.gz	73641556	772f6439cfab4cfc1cbd45d209a64c6f94e2a52970f688050477513c53e1d721	too large (trace)
tr03-official-1/2461-cell-b-pack-0311-normal-s3/reference-10ms-differences.json.gz	23	f1101f8233b16d980af348db666cbdb1b9772fa79c6fa8d7d6d9550c1f6a546d	not a metric of this report
tr03-official-1/2461-cell-b-pack-0311-normal-s3/trace.jsonl.gz	73458461	783d171d9dabb2ce39a0f0f586658e2ca0f2562d0eac45151fdebf4ce7c668ef	too large (trace)
tr03-official-1/2462-cell-b-pack-0311-cycle-stop/reference-10ms-differences.json.gz	23	f1101f8233b16d980af348db666cbdb1b9772fa79c6fa8d7d6d9550c1f6a546d	not a metric of this report
tr03-official-1/2462-cell-b-pack-0311-cycle-stop/trace.jsonl.gz	2587481	6f7137a205b4c7d37f935e68fb080f017880364d5bd5355fe1f909c742875327	too large (trace)
tr03-official-1/2463-cell-b-pack-0311-curtain/reference-10ms-differences.json.gz	23	f1101f8233b16d980af348db666cbdb1b9772fa79c6fa8d7d6d9550c1f6a546d	not a metric of this report
tr03-official-1/2463-cell-b-pack-0311-curtain/trace.jsonl.gz	1979366	fee45434f8914c1e95bb1ee66c0127dd7bd86b3e8ebd13d100a31a0224979c51	too large (trace)
tr03-official-1/2464-cell-b-pack-0311-packfault/reference-10ms-differences.json.gz	23	f1101f8233b16d980af348db666cbdb1b9772fa79c6fa8d7d6d9550c1f6a546d	not a metric of this report
tr03-official-1/2464-cell-b-pack-0311-packfault/trace.jsonl.gz	32548706	bce044b9aeedae3dfcbc22812fcc9146e95818ffa6811bd0a6286c0c088070c8	too large (trace)
tr03-official-1/2465-cell-b-pack-0315-normal-s1/reference-10ms-differences.json.gz	23	f1101f8233b16d980af348db666cbdb1b9772fa79c6fa8d7d6d9550c1f6a546d	not a metric of this report
tr03-official-1/2465-cell-b-pack-0315-normal-s1/trace.jsonl.gz	73695172	4fce857f9d2b1856471b54b2d106aa9fa6d75f98f64988267391bcb763e85e2f	too large (trace)
tr03-official-1/2466-cell-b-pack-0315-normal-s2/reference-10ms-differences.json.gz	23	f1101f8233b16d980af348db666cbdb1b9772fa79c6fa8d7d6d9550c1f6a546d	not a metric of this report
tr03-official-1/2466-cell-b-pack-0315-normal-s2/trace.jsonl.gz	73636132	a99090d744c4ff0c4dafbf7ef74cba7fec394c3187d3dd11335d960b591c7093	too large (trace)
tr03-official-1/2467-cell-b-pack-0315-normal-s3/reference-10ms-differences.json.gz	23	f1101f8233b16d980af348db666cbdb1b9772fa79c6fa8d7d6d9550c1f6a546d	not a metric of this report
tr03-official-1/2467-cell-b-pack-0315-normal-s3/trace.jsonl.gz	73448317	7724ad57ed8874e54d37221427603da88bd4cc58ad13d073d405caefe98d85e5	too large (trace)
tr03-official-1/2468-cell-b-pack-0315-cycle-stop/reference-10ms-differences.json.gz	23	f1101f8233b16d980af348db666cbdb1b9772fa79c6fa8d7d6d9550c1f6a546d	not a metric of this report
tr03-official-1/2468-cell-b-pack-0315-cycle-stop/trace.jsonl.gz	2579869	cc9209219934bd8a1c79b441082b734246dc4a5ed8d460c7f8f8b542bfd7c8da	too large (trace)
tr03-official-1/2469-cell-b-pack-0315-curtain/reference-10ms-differences.json.gz	23	f1101f8233b16d980af348db666cbdb1b9772fa79c6fa8d7d6d9550c1f6a546d	not a metric of this report
tr03-official-1/2469-cell-b-pack-0315-curtain/trace.jsonl.gz	1981983	8fb293062b4201e1b475bd8d407c8cee9143acfbcff05bdb8e35952d65bbc154	too large (trace)
tr03-official-1/2470-cell-b-pack-0315-packfault/reference-10ms-differences.json.gz	23	f1101f8233b16d980af348db666cbdb1b9772fa79c6fa8d7d6d9550c1f6a546d	not a metric of this report
tr03-official-1/2470-cell-b-pack-0315-packfault/trace.jsonl.gz	32538102	49f939bbf413695ddde6c5ba37f8bc08a60180f8d23924a8fa21bf51d7e8f1c7	too large (trace)
tr03-official-1/2471-cell-b-pack-0316-normal-s1/reference-10ms-differences.json.gz	214998	31936ff49c27d19b63ecf9d29169b2397fec38c76252e4a3933f4a77a7606a89	not a metric of this report
tr03-official-1/2471-cell-b-pack-0316-normal-s1/trace.jsonl.gz	18775550	a8fbb3c532b8cc1eeed375d0f284cd38a792464d994e4884f70cb9dc5f3ab401	too large (trace)
tr03-official-1/2472-cell-b-pack-0316-normal-s2/reference-10ms-differences.json.gz	214998	31936ff49c27d19b63ecf9d29169b2397fec38c76252e4a3933f4a77a7606a89	not a metric of this report
tr03-official-1/2472-cell-b-pack-0316-normal-s2/trace.jsonl.gz	18705643	c74b462017a814ad8fe4a80f53ead86c97b0964f9785fef699fa7276cfc303f5	too large (trace)
tr03-official-1/2473-cell-b-pack-0316-normal-s3/reference-10ms-differences.json.gz	214998	31936ff49c27d19b63ecf9d29169b2397fec38c76252e4a3933f4a77a7606a89	not a metric of this report
tr03-official-1/2473-cell-b-pack-0316-normal-s3/trace.jsonl.gz	18713322	0d59aa67ab9b638072bf4743d0f3bd84dd8ea511f680250325cb1fc49de8b753	too large (trace)
tr03-official-1/2474-cell-b-pack-0316-cycle-stop/reference-10ms-differences.json.gz	20585	ff471121b38ebfed7c4c5e81c4eb7e2012ca4790ad77eebb9b8236f9a26b84fa	not a metric of this report
tr03-official-1/2474-cell-b-pack-0316-cycle-stop/trace.jsonl.gz	2210358	a69709a2e259ba0430903318f63d4ee969c0c72483e22c20e4fdce0e70b22947	too large (trace)
tr03-official-1/2475-cell-b-pack-0316-curtain/reference-10ms-differences.json.gz	16051	7be771ea29864dbf59093ba9f96869e9e72c22c1dff29ce51555ba6fc7dd2525	not a metric of this report
tr03-official-1/2475-cell-b-pack-0316-curtain/trace.jsonl.gz	1838048	b2cae43adfdaa38bf5f5b5b1a4023c5a3cb0f5f9304aed9fead7a029dd7d464a	too large (trace)
tr03-official-1/2476-cell-b-pack-0316-packfault/reference-10ms-differences.json.gz	129852	c8f1b91de80a49dd966e15fd612a8fcbd30f77448a6f5fe94f7e0b51235ca18c	not a metric of this report
tr03-official-1/2476-cell-b-pack-0316-packfault/trace.jsonl.gz	11227084	32e46cfa6c30f762ed1338179e818ddaf5f111547847cf14f12df561fcdecb2d	too large (trace)
tr03-official-1/2477-cell-b-pack-0318-normal-s1/reference-10ms-differences.json.gz	223717	e926f12cd71cabdb4539d61515ab61583537960ebb50e7fd9cb9aac2bf64c1ad	not a metric of this report
tr03-official-1/2477-cell-b-pack-0318-normal-s1/trace.jsonl.gz	18798142	04cb125f41fdc457fa12162136746654d0bcde51649f6796511664ae94cafff4	too large (trace)
tr03-official-1/2478-cell-b-pack-0318-normal-s2/reference-10ms-differences.json.gz	223717	e926f12cd71cabdb4539d61515ab61583537960ebb50e7fd9cb9aac2bf64c1ad	not a metric of this report
tr03-official-1/2478-cell-b-pack-0318-normal-s2/trace.jsonl.gz	18711931	55a6744705c807d41f2c8a7e757dbc4a30d408ab9eb8d1161ba62e1f4c73ee07	too large (trace)
tr03-official-1/2479-cell-b-pack-0318-normal-s3/reference-10ms-differences.json.gz	223717	e926f12cd71cabdb4539d61515ab61583537960ebb50e7fd9cb9aac2bf64c1ad	not a metric of this report
tr03-official-1/2479-cell-b-pack-0318-normal-s3/trace.jsonl.gz	18712691	4da217a0aa78fdb4ef4347d1dbf50d6dfbf651e5d11264e1f1aa4219324fffc7	too large (trace)
tr03-official-1/2480-cell-b-pack-0318-cycle-stop/reference-10ms-differences.json.gz	29423	5a0f6b44eb542e4cbf372658890a1b8cc3f57fb433a2ad595511dd86c99ed691	not a metric of this report
tr03-official-1/2480-cell-b-pack-0318-cycle-stop/trace.jsonl.gz	2221429	a88ace1ccabaa4cfe13028ddc8c252a9be2e613ca7371e15f3f90efc7874dc56	too large (trace)
tr03-official-1/2481-cell-b-pack-0318-curtain/reference-10ms-differences.json.gz	24906	83460718960d4318c5648a65b541028a580484b342d987ed86c1475acff8fdd4	not a metric of this report
tr03-official-1/2481-cell-b-pack-0318-curtain/trace.jsonl.gz	1849369	70020a1e14c2d52c7c06f7abb54dfec4a389e76b845ebc6e7e2160204a1b7c13	too large (trace)
tr03-official-1/2482-cell-b-pack-0318-packfault/reference-10ms-differences.json.gz	138464	708d21db2eb162e2081d18c48aea59cb2898a252341e782a9295d1e9fced4cf0	not a metric of this report
tr03-official-1/2482-cell-b-pack-0318-packfault/trace.jsonl.gz	11234891	b3cb2d2da2ed7ecb33a7f7433bcf0662e597d9b660784f3fcf466ab3bcdcf085	too large (trace)
tr03-official-1/2483-cell-b-pack-0319-normal-s1/reference-10ms-differences.json.gz	23	f1101f8233b16d980af348db666cbdb1b9772fa79c6fa8d7d6d9550c1f6a546d	not a metric of this report
tr03-official-1/2483-cell-b-pack-0319-normal-s1/trace.jsonl.gz	73698748	335cc9f9b73b5d226bb71d73056b557556469f70919c0356a54ef07f37b35d70	too large (trace)
tr03-official-1/2484-cell-b-pack-0319-normal-s2/reference-10ms-differences.json.gz	23	f1101f8233b16d980af348db666cbdb1b9772fa79c6fa8d7d6d9550c1f6a546d	not a metric of this report
tr03-official-1/2484-cell-b-pack-0319-normal-s2/trace.jsonl.gz	73638670	1d9384eb1721bad24cf5ce75de4f7820e670c37e54d5c08e47d3de5804160611	too large (trace)
tr03-official-1/2485-cell-b-pack-0319-normal-s3/reference-10ms-differences.json.gz	23	f1101f8233b16d980af348db666cbdb1b9772fa79c6fa8d7d6d9550c1f6a546d	not a metric of this report
tr03-official-1/2485-cell-b-pack-0319-normal-s3/trace.jsonl.gz	73453723	8e608cba0f9c4238ba5edef9297e0a7121a3f9cca2c698bca9ddc01d1bfc4341	too large (trace)
tr03-official-1/2486-cell-b-pack-0319-cycle-stop/reference-10ms-differences.json.gz	23	f1101f8233b16d980af348db666cbdb1b9772fa79c6fa8d7d6d9550c1f6a546d	not a metric of this report
tr03-official-1/2486-cell-b-pack-0319-cycle-stop/trace.jsonl.gz	2569911	bfedd7762c68ecade6d69fdd35c22f4c687c8addd6f0a2caea90dd45601154a2	too large (trace)
tr03-official-1/2487-cell-b-pack-0319-curtain/reference-10ms-differences.json.gz	23	f1101f8233b16d980af348db666cbdb1b9772fa79c6fa8d7d6d9550c1f6a546d	not a metric of this report
tr03-official-1/2487-cell-b-pack-0319-curtain/trace.jsonl.gz	1970341	1845b54968f9ed7ac7a892c8659382b612e4d288ce612e842f519516b2c9a795	too large (trace)
tr03-official-1/2488-cell-b-pack-0319-packfault/reference-10ms-differences.json.gz	23	f1101f8233b16d980af348db666cbdb1b9772fa79c6fa8d7d6d9550c1f6a546d	not a metric of this report
tr03-official-1/2488-cell-b-pack-0319-packfault/trace.jsonl.gz	32535921	342bb43134f312aa2a373d554fa8456a3abd5301e75f4ed3c6430effb8fa76eb	too large (trace)
tr03-official-1/2489-cell-b-pack-0320-normal-s1/reference-10ms-differences.json.gz	223717	e926f12cd71cabdb4539d61515ab61583537960ebb50e7fd9cb9aac2bf64c1ad	not a metric of this report
tr03-official-1/2489-cell-b-pack-0320-normal-s1/trace.jsonl.gz	18772535	7dba11f077714928c6cf44bb78bbfc7275934962dcee0799105990e369ad4357	too large (trace)
tr03-official-1/2490-cell-b-pack-0320-normal-s2/reference-10ms-differences.json.gz	223717	e926f12cd71cabdb4539d61515ab61583537960ebb50e7fd9cb9aac2bf64c1ad	not a metric of this report
tr03-official-1/2490-cell-b-pack-0320-normal-s2/trace.jsonl.gz	18750618	26959f6ca862d0e2bc90b334746169ef6a6a618443a94e9a23f7d6d427127702	too large (trace)
tr03-official-1/2491-cell-b-pack-0320-normal-s3/reference-10ms-differences.json.gz	223717	e926f12cd71cabdb4539d61515ab61583537960ebb50e7fd9cb9aac2bf64c1ad	not a metric of this report
tr03-official-1/2491-cell-b-pack-0320-normal-s3/trace.jsonl.gz	18708573	5c47cb6e82a6336a6ab930666eb0bf97d86a406e1cc334942d93abf0608f29a3	too large (trace)
tr03-official-1/2492-cell-b-pack-0320-cycle-stop/reference-10ms-differences.json.gz	29423	5a0f6b44eb542e4cbf372658890a1b8cc3f57fb433a2ad595511dd86c99ed691	not a metric of this report
tr03-official-1/2492-cell-b-pack-0320-cycle-stop/trace.jsonl.gz	2216236	ab646c64be0b22899025a3f333209138142122a7937b74b9253ef4ba118dc89a	too large (trace)
tr03-official-1/2493-cell-b-pack-0320-curtain/reference-10ms-differences.json.gz	24906	83460718960d4318c5648a65b541028a580484b342d987ed86c1475acff8fdd4	not a metric of this report
tr03-official-1/2493-cell-b-pack-0320-curtain/trace.jsonl.gz	1851818	ef5773a2c0178eb377e68fd4c238dede5466434adc198841cc0673f70969c5ba	too large (trace)
tr03-official-1/2494-cell-b-pack-0320-packfault/reference-10ms-differences.json.gz	138464	708d21db2eb162e2081d18c48aea59cb2898a252341e782a9295d1e9fced4cf0	not a metric of this report
tr03-official-1/2494-cell-b-pack-0320-packfault/trace.jsonl.gz	11199406	0e43a60300d14110fbba083b2ad7ebb30f5dbd96a70df587cfb0617dc2b0b710	too large (trace)
tr03-official-1/2495-cell-b-pack-0322-normal-s1/reference-10ms-differences.json.gz	23	f1101f8233b16d980af348db666cbdb1b9772fa79c6fa8d7d6d9550c1f6a546d	not a metric of this report
tr03-official-1/2495-cell-b-pack-0322-normal-s1/trace.jsonl.gz	73695139	9872138bb7e3db026cc021b1bf5fead46a954862486e5586702a35606a80ca88	too large (trace)
tr03-official-1/2496-cell-b-pack-0322-normal-s2/reference-10ms-differences.json.gz	23	f1101f8233b16d980af348db666cbdb1b9772fa79c6fa8d7d6d9550c1f6a546d	not a metric of this report
tr03-official-1/2496-cell-b-pack-0322-normal-s2/trace.jsonl.gz	73636184	b8f8b6b5721d1dec94a06145c2e883785ac15a43a0f146b9ccf564aa49010110	too large (trace)
tr03-official-1/2497-cell-b-pack-0322-normal-s3/reference-10ms-differences.json.gz	23	f1101f8233b16d980af348db666cbdb1b9772fa79c6fa8d7d6d9550c1f6a546d	not a metric of this report
tr03-official-1/2497-cell-b-pack-0322-normal-s3/trace.jsonl.gz	73459623	4678a2f208b61e53b5805f374340ee659f61e16fecaf79c60b2851b72cc2f5b4	too large (trace)
tr03-official-1/2498-cell-b-pack-0322-cycle-stop/reference-10ms-differences.json.gz	23	f1101f8233b16d980af348db666cbdb1b9772fa79c6fa8d7d6d9550c1f6a546d	not a metric of this report
tr03-official-1/2498-cell-b-pack-0322-cycle-stop/trace.jsonl.gz	2578951	4ba63f7fbb624ad73fe35b41c94e4845240c95d71e43725da9df1f78f0db25bc	too large (trace)
tr03-official-1/2499-cell-b-pack-0322-curtain/reference-10ms-differences.json.gz	23	f1101f8233b16d980af348db666cbdb1b9772fa79c6fa8d7d6d9550c1f6a546d	not a metric of this report
tr03-official-1/2499-cell-b-pack-0322-curtain/trace.jsonl.gz	1975815	e01a47d005345fa955cc92a10a363c7ef8fb2726ae9683333d1ed8c996a818c8	too large (trace)
tr03-official-1/2500-cell-b-pack-0322-packfault/reference-10ms-differences.json.gz	90219	6dcff7ff554d817b8132db8fc9b6078730d465ec98b8179e9ab0af26b3c8f696	not a metric of this report
tr03-official-1/2500-cell-b-pack-0322-packfault/trace.jsonl.gz	32543722	967fb4fee952154aadd41d7a60d5dfd86c4530964578365954c7c1700519bf82	too large (trace)
tr03-official-1/2501-cell-b-pack-0323-normal-s1/reference-10ms-differences.json.gz	23	f1101f8233b16d980af348db666cbdb1b9772fa79c6fa8d7d6d9550c1f6a546d	not a metric of this report
tr03-official-1/2501-cell-b-pack-0323-normal-s1/trace.jsonl.gz	73700551	d81718816ca1faae47c11c51c1749f38952d874cff3e214d57d34ed024103717	too large (trace)
tr03-official-1/2502-cell-b-pack-0323-normal-s2/reference-10ms-differences.json.gz	23	f1101f8233b16d980af348db666cbdb1b9772fa79c6fa8d7d6d9550c1f6a546d	not a metric of this report
tr03-official-1/2502-cell-b-pack-0323-normal-s2/trace.jsonl.gz	73628914	635e52ea44b03a415c088deeb5d30e7bb0de0e7ded5dbee35e4fc05343c89056	too large (trace)
tr03-official-1/2503-cell-b-pack-0323-normal-s3/reference-10ms-differences.json.gz	23	f1101f8233b16d980af348db666cbdb1b9772fa79c6fa8d7d6d9550c1f6a546d	not a metric of this report
tr03-official-1/2503-cell-b-pack-0323-normal-s3/trace.jsonl.gz	73443107	391864cf42ba3c764e4d7899d01dfee408593af3d3e0d73bda400428d187024e	too large (trace)
tr03-official-1/2504-cell-b-pack-0323-cycle-stop/reference-10ms-differences.json.gz	23	f1101f8233b16d980af348db666cbdb1b9772fa79c6fa8d7d6d9550c1f6a546d	not a metric of this report
tr03-official-1/2504-cell-b-pack-0323-cycle-stop/trace.jsonl.gz	2574278	7f541e4854a55ff7ae0b0715a3b74c1c33bd8290ad0d94c3a8859393b92aa06a	too large (trace)
tr03-official-1/2505-cell-b-pack-0323-curtain/reference-10ms-differences.json.gz	23	f1101f8233b16d980af348db666cbdb1b9772fa79c6fa8d7d6d9550c1f6a546d	not a metric of this report
tr03-official-1/2505-cell-b-pack-0323-curtain/trace.jsonl.gz	1973679	2298ee46f05c547118585d678a601c72deaba19fff8cd6eb70d7b663e75b0921	too large (trace)
tr03-official-1/2506-cell-b-pack-0323-packfault/reference-10ms-differences.json.gz	23	f1101f8233b16d980af348db666cbdb1b9772fa79c6fa8d7d6d9550c1f6a546d	not a metric of this report
tr03-official-1/2506-cell-b-pack-0323-packfault/trace.jsonl.gz	32537484	44b22d82c6b404ddc65545dfa1c2626262292f05c4e6fc7ae226c35628f5c8f8	too large (trace)
tr03-official-1/2507-cell-b-pack-0324-normal-s1/reference-10ms-differences.json.gz	23	f1101f8233b16d980af348db666cbdb1b9772fa79c6fa8d7d6d9550c1f6a546d	not a metric of this report
tr03-official-1/2507-cell-b-pack-0324-normal-s1/trace.jsonl.gz	73697939	bca2c23c59edadc01e80c1b5d72009aa1e7e2faaf74f68315a882d6e411b6148	too large (trace)
tr03-official-1/2508-cell-b-pack-0324-normal-s2/reference-10ms-differences.json.gz	23	f1101f8233b16d980af348db666cbdb1b9772fa79c6fa8d7d6d9550c1f6a546d	not a metric of this report
tr03-official-1/2508-cell-b-pack-0324-normal-s2/trace.jsonl.gz	73637663	635c9d1f6532196a1a0c36bee3a037126a90b20b6ff09a45252b86608a427035	too large (trace)
tr03-official-1/2509-cell-b-pack-0324-normal-s3/reference-10ms-differences.json.gz	23	f1101f8233b16d980af348db666cbdb1b9772fa79c6fa8d7d6d9550c1f6a546d	not a metric of this report
tr03-official-1/2509-cell-b-pack-0324-normal-s3/trace.jsonl.gz	73457978	2e8c416443cc012ee6e157d80cc98b47073ab93c5ad1cdba2167152d47cc5379	too large (trace)
tr03-official-1/2510-cell-b-pack-0324-cycle-stop/reference-10ms-differences.json.gz	23	f1101f8233b16d980af348db666cbdb1b9772fa79c6fa8d7d6d9550c1f6a546d	not a metric of this report
tr03-official-1/2510-cell-b-pack-0324-cycle-stop/trace.jsonl.gz	2573516	77745f5d571b9fca83b3c9b769a57390bc50eb6adc3102239632a34ac63028ba	too large (trace)
tr03-official-1/2511-cell-b-pack-0324-curtain/reference-10ms-differences.json.gz	23	f1101f8233b16d980af348db666cbdb1b9772fa79c6fa8d7d6d9550c1f6a546d	not a metric of this report
tr03-official-1/2511-cell-b-pack-0324-curtain/trace.jsonl.gz	1984367	6f9cd55a1d9dee435f2cc8a52d386c9aef6be7164d04783d58a5b141bfd3fb0f	too large (trace)
tr03-official-1/2512-cell-b-pack-0324-packfault/reference-10ms-differences.json.gz	23	f1101f8233b16d980af348db666cbdb1b9772fa79c6fa8d7d6d9550c1f6a546d	not a metric of this report
tr03-official-1/2512-cell-b-pack-0324-packfault/trace.jsonl.gz	32541227	52b229138515bd2844c9ab36c8df9385c806e7e62f006efd470e7b37fcb2da11	too large (trace)
tr03-official-1/2513-cell-b-pack-0326-normal-s1/reference-10ms-differences.json.gz	23	f1101f8233b16d980af348db666cbdb1b9772fa79c6fa8d7d6d9550c1f6a546d	not a metric of this report
tr03-official-1/2513-cell-b-pack-0326-normal-s1/trace.jsonl.gz	73708807	7cadaaf21da42c61a57521fad74bf996853c24fad01830b056d8bdf9c71ae677	too large (trace)
tr03-official-1/2514-cell-b-pack-0326-normal-s2/reference-10ms-differences.json.gz	23	f1101f8233b16d980af348db666cbdb1b9772fa79c6fa8d7d6d9550c1f6a546d	not a metric of this report
tr03-official-1/2514-cell-b-pack-0326-normal-s2/trace.jsonl.gz	73634633	9bc04c4a1c1be826498b0c7308fa70ce55cdb0bab7fa509b032497e05f4d1183	too large (trace)
tr03-official-1/2515-cell-b-pack-0326-normal-s3/reference-10ms-differences.json.gz	23	f1101f8233b16d980af348db666cbdb1b9772fa79c6fa8d7d6d9550c1f6a546d	not a metric of this report
tr03-official-1/2515-cell-b-pack-0326-normal-s3/trace.jsonl.gz	73435367	a9eea9b01f0d62df250577de643111ba8076c2cc73bcc544ebfc957853e12685	too large (trace)
tr03-official-1/2516-cell-b-pack-0326-cycle-stop/reference-10ms-differences.json.gz	23	f1101f8233b16d980af348db666cbdb1b9772fa79c6fa8d7d6d9550c1f6a546d	not a metric of this report
tr03-official-1/2516-cell-b-pack-0326-cycle-stop/trace.jsonl.gz	2577214	ac45f9c3da04ca0c42ee538cdc25066086c8a82c8da28170393cf151315c4572	too large (trace)
tr03-official-1/2517-cell-b-pack-0326-curtain/reference-10ms-differences.json.gz	23	f1101f8233b16d980af348db666cbdb1b9772fa79c6fa8d7d6d9550c1f6a546d	not a metric of this report
tr03-official-1/2517-cell-b-pack-0326-curtain/trace.jsonl.gz	1980719	ea7dcb5bf66efcdf5927a954b65c80c1eeb03a63ce3899d2dc293dbcf56cc57d	too large (trace)
tr03-official-1/2518-cell-b-pack-0326-packfault/reference-10ms-differences.json.gz	23	f1101f8233b16d980af348db666cbdb1b9772fa79c6fa8d7d6d9550c1f6a546d	not a metric of this report
tr03-official-1/2518-cell-b-pack-0326-packfault/trace.jsonl.gz	32544783	dc2a13a707a045d7d3cd9ca72d61f90bdb069eff2281c203cf8d23fc83d1a4ed	too large (trace)
tr03-official-1/2519-cell-b-pack-0327-normal-s1/reference-10ms-differences.json.gz	223777	e4cb0015c9213075230fc904963e88f7b8c9cdfaf9bbea80b4d8999479d9649c	not a metric of this report
tr03-official-1/2519-cell-b-pack-0327-normal-s1/trace.jsonl.gz	18790901	317205484697f30c0c328b3b492894b1060c435d9e2f7cf280501e6c90feed5d	too large (trace)
tr03-official-1/2520-cell-b-pack-0327-normal-s2/reference-10ms-differences.json.gz	223777	e4cb0015c9213075230fc904963e88f7b8c9cdfaf9bbea80b4d8999479d9649c	not a metric of this report
tr03-official-1/2520-cell-b-pack-0327-normal-s2/trace.jsonl.gz	18756386	033cb054d1b818ded39b93fd310bd27239b30e52ae5b2d53b54b20ea88ed1d87	too large (trace)
tr03-official-1/2521-cell-b-pack-0327-normal-s3/reference-10ms-differences.json.gz	223777	e4cb0015c9213075230fc904963e88f7b8c9cdfaf9bbea80b4d8999479d9649c	not a metric of this report
tr03-official-1/2521-cell-b-pack-0327-normal-s3/trace.jsonl.gz	18753347	0d764af29f0a45b3df677128c00365086adc945f674f1f66041c631f3d6365b8	too large (trace)
tr03-official-1/2522-cell-b-pack-0327-cycle-stop/reference-10ms-differences.json.gz	29483	23e5f2d66506ac7e3a841adf5694d651140b47d003ae84bf3cdb966673d5704c	not a metric of this report
tr03-official-1/2522-cell-b-pack-0327-cycle-stop/trace.jsonl.gz	2212261	26f76ccacddd86319f4ab2bd67e561275efcd7ff45a53395e5d25aa45dd5f7d1	too large (trace)
tr03-official-1/2523-cell-b-pack-0327-curtain/reference-10ms-differences.json.gz	24968	af39aba20f6bfe747f70e8046d58eeaf68fe18ac197555394d6c2f5e13db3fe0	not a metric of this report
tr03-official-1/2523-cell-b-pack-0327-curtain/trace.jsonl.gz	1850094	ed4c19fccbc090cf381b69378f0c9273ca5fffa0c85ac5c12e2a735ba528be29	too large (trace)
tr03-official-1/2524-cell-b-pack-0327-packfault/reference-10ms-differences.json.gz	138533	dddd0efec23a010bfc24584efb6a4fcbfe978409627138807912607fa6bc8fba	not a metric of this report
tr03-official-1/2524-cell-b-pack-0327-packfault/trace.jsonl.gz	11213653	b68332be693ebcd39809297fb4126a3dc093ab7e03e017cdd74b243503f244e6	too large (trace)
tr03-official-1/2525-cell-b-pack-0328-normal-s1/reference-10ms-differences.json.gz	221100	5d77e098590316bd7f59ab06443bbb206ba1de4673b6bfff1d2825c4d76b3332	not a metric of this report
tr03-official-1/2525-cell-b-pack-0328-normal-s1/trace.jsonl.gz	18668994	3ff10871a823a6e089cf2342f37b7552ac1057723addecee2dff90dba51f4c6c	too large (trace)
tr03-official-1/2526-cell-b-pack-0328-normal-s2/reference-10ms-differences.json.gz	221100	5d77e098590316bd7f59ab06443bbb206ba1de4673b6bfff1d2825c4d76b3332	not a metric of this report
tr03-official-1/2526-cell-b-pack-0328-normal-s2/trace.jsonl.gz	18595503	16b6a25e14bbb71d61a7bb0413850e5ba07dec6d37f74641cf6795f2a84bb5e3	too large (trace)
tr03-official-1/2527-cell-b-pack-0328-normal-s3/reference-10ms-differences.json.gz	221100	5d77e098590316bd7f59ab06443bbb206ba1de4673b6bfff1d2825c4d76b3332	not a metric of this report
tr03-official-1/2527-cell-b-pack-0328-normal-s3/trace.jsonl.gz	18583854	bac1bb627d76db9594d4f9004c062ef725d148ed0725f69a92cfdd17b80c16a3	too large (trace)
tr03-official-1/2528-cell-b-pack-0328-cycle-stop/reference-10ms-differences.json.gz	26893	252921b8fd389c8e9b96bea92cd07253ad08b7da2ca580bc92673cbcd68821c2	not a metric of this report
tr03-official-1/2528-cell-b-pack-0328-cycle-stop/trace.jsonl.gz	2192215	4c063ca56ac5092d763eecc886a22b5d3f6091ff39f27822af5c89939711e54f	too large (trace)
tr03-official-1/2529-cell-b-pack-0328-curtain/reference-10ms-differences.json.gz	22270	5e7e0350a051f21b38237d0f174367d35b5e22d882a1a8e79c2b765096c6339e	not a metric of this report
tr03-official-1/2529-cell-b-pack-0328-curtain/trace.jsonl.gz	1829498	24be34578df2dc1d02d1d6c8071618c7cb257813917f29a4f70e6657d1cb9708	too large (trace)
tr03-official-1/2530-cell-b-pack-0328-packfault/reference-10ms-differences.json.gz	136094	bb7a803c7010f0f4c2d6c679fb82b9711e887243ea0b3073d28b59b2bd8c92bd	not a metric of this report
tr03-official-1/2530-cell-b-pack-0328-packfault/trace.jsonl.gz	11131073	6d96427ae1618341c5897608596fe8495281bedfe3d293023c0819ec103e5070	too large (trace)
tr03-official-1/2531-cell-b-pack-0329-normal-s1/reference-10ms-differences.json.gz	23	f1101f8233b16d980af348db666cbdb1b9772fa79c6fa8d7d6d9550c1f6a546d	not a metric of this report
tr03-official-1/2531-cell-b-pack-0329-normal-s1/trace.jsonl.gz	73695759	c977e12a091e6ad9602e60ae1255d40c32f072a3eec9224976ee71801744275d	too large (trace)
tr03-official-1/2532-cell-b-pack-0329-normal-s2/reference-10ms-differences.json.gz	23	f1101f8233b16d980af348db666cbdb1b9772fa79c6fa8d7d6d9550c1f6a546d	not a metric of this report
tr03-official-1/2532-cell-b-pack-0329-normal-s2/trace.jsonl.gz	73637505	f627845671a59530f86004b28e6650a98e90dba826f6e532609a82f871a18d03	too large (trace)
tr03-official-1/2533-cell-b-pack-0329-normal-s3/reference-10ms-differences.json.gz	23	f1101f8233b16d980af348db666cbdb1b9772fa79c6fa8d7d6d9550c1f6a546d	not a metric of this report
tr03-official-1/2533-cell-b-pack-0329-normal-s3/trace.jsonl.gz	73454645	4da089df8633eb6425c7471ae1b0fe492b7ea8362c17004805220f9fb849be98	too large (trace)
tr03-official-1/2534-cell-b-pack-0329-cycle-stop/reference-10ms-differences.json.gz	23	f1101f8233b16d980af348db666cbdb1b9772fa79c6fa8d7d6d9550c1f6a546d	not a metric of this report
tr03-official-1/2534-cell-b-pack-0329-cycle-stop/trace.jsonl.gz	2581997	1ceb77d9919edc1eb3d981d3b245745a2084edee9dbc348cdd1dc994209e070e	too large (trace)
tr03-official-1/2535-cell-b-pack-0329-curtain/reference-10ms-differences.json.gz	23	f1101f8233b16d980af348db666cbdb1b9772fa79c6fa8d7d6d9550c1f6a546d	not a metric of this report
tr03-official-1/2535-cell-b-pack-0329-curtain/trace.jsonl.gz	1985452	db8e90cef74ef4d23765aeee10d091542c42c4dd9dc533d50d39e1d0a5b17971	too large (trace)
tr03-official-1/2536-cell-b-pack-0329-packfault/reference-10ms-differences.json.gz	90219	6dcff7ff554d817b8132db8fc9b6078730d465ec98b8179e9ab0af26b3c8f696	not a metric of this report
tr03-official-1/2536-cell-b-pack-0329-packfault/trace.jsonl.gz	32549232	51f64e8cd05d6c00cd900db8ec6b8ebfd9c90702588ee5600e943f065b4ce8fa	too large (trace)
tr03-official-1/2537-cell-b-pack-0330-normal-s1/reference-10ms-differences.json.gz	23	f1101f8233b16d980af348db666cbdb1b9772fa79c6fa8d7d6d9550c1f6a546d	not a metric of this report
tr03-official-1/2537-cell-b-pack-0330-normal-s1/trace.jsonl.gz	73694134	098d5f69355b224b3a4c0b3eaac427ed08b881062544fd07e2fb5fa7bf505647	too large (trace)
tr03-official-1/2538-cell-b-pack-0330-normal-s2/reference-10ms-differences.json.gz	23	f1101f8233b16d980af348db666cbdb1b9772fa79c6fa8d7d6d9550c1f6a546d	not a metric of this report
tr03-official-1/2538-cell-b-pack-0330-normal-s2/trace.jsonl.gz	73626059	5de13cdb09e1b62e8914b8e62e5c3d89d30a27d8241e63581628a69470e7d709	too large (trace)
tr03-official-1/2539-cell-b-pack-0330-normal-s3/reference-10ms-differences.json.gz	23	f1101f8233b16d980af348db666cbdb1b9772fa79c6fa8d7d6d9550c1f6a546d	not a metric of this report
tr03-official-1/2539-cell-b-pack-0330-normal-s3/trace.jsonl.gz	73450346	5ce1b2a6aa6dc1e4d7132f9652bf4732e94453c5c6b9c88094b9ccba48ce67fa	too large (trace)
tr03-official-1/2540-cell-b-pack-0330-cycle-stop/reference-10ms-differences.json.gz	23	f1101f8233b16d980af348db666cbdb1b9772fa79c6fa8d7d6d9550c1f6a546d	not a metric of this report
tr03-official-1/2540-cell-b-pack-0330-cycle-stop/trace.jsonl.gz	2575998	b5e86cecf0c23f9bd145a38978cba6936e13b3844dd0e6275f4e6dfe00d0cd59	too large (trace)
tr03-official-1/2541-cell-b-pack-0330-curtain/reference-10ms-differences.json.gz	23	f1101f8233b16d980af348db666cbdb1b9772fa79c6fa8d7d6d9550c1f6a546d	not a metric of this report
tr03-official-1/2541-cell-b-pack-0330-curtain/trace.jsonl.gz	1976562	f793741e3260537a0b74a38902fc0698b2c8d6ee98ff4eeec7eb1997f23bb91b	too large (trace)
tr03-official-1/2542-cell-b-pack-0330-packfault/reference-10ms-differences.json.gz	23	f1101f8233b16d980af348db666cbdb1b9772fa79c6fa8d7d6d9550c1f6a546d	not a metric of this report
tr03-official-1/2542-cell-b-pack-0330-packfault/trace.jsonl.gz	32536230	0dcf07634c9eec5cc7e5b8c4937fdf9d313552f1ec14039262e3a07ddde45fca	too large (trace)
tr03-official-1/2543-cell-b-pack-0331-normal-s1/reference-10ms-differences.json.gz	206167	bef07b649e415f658f22e525df18c62a5089f76e0e08618aa83d1aceaf94dd3a	not a metric of this report
tr03-official-1/2543-cell-b-pack-0331-normal-s1/trace.jsonl.gz	20468825	187cdac42e857c6139c1f4b78c1066f61c7d164cff3d5827ae2d1e50d3297e25	too large (trace)
tr03-official-1/2544-cell-b-pack-0331-normal-s2/reference-10ms-differences.json.gz	207661	c7dbbf1b67cf171c08100b24a2581ca908d3d32d30e97c4a3f9bf6c5f3869a33	not a metric of this report
tr03-official-1/2544-cell-b-pack-0331-normal-s2/trace.jsonl.gz	20437997	62d23cff2cc97fac518c19333498d5456235c3caf75c915a1d60943cc9458b49	too large (trace)
tr03-official-1/2545-cell-b-pack-0331-normal-s3/reference-10ms-differences.json.gz	207661	c7dbbf1b67cf171c08100b24a2581ca908d3d32d30e97c4a3f9bf6c5f3869a33	not a metric of this report
tr03-official-1/2545-cell-b-pack-0331-normal-s3/trace.jsonl.gz	19667007	258d44db317e350c295f18f24848b5ef351a86447be486bcfe12ee3a1ce74f5e	too large (trace)
tr03-official-1/2546-cell-b-pack-0331-cycle-stop/reference-10ms-differences.json.gz	11603	ef96ed095f281ac930ede482970daf10282bede36bd90abb09111f3daae8d680	not a metric of this report
tr03-official-1/2546-cell-b-pack-0331-cycle-stop/trace.jsonl.gz	2506047	df147df40c38636b60e8bfeaaadda5f2e2bf0013bb656c6d0c51afe64ca5badb	too large (trace)
tr03-official-1/2547-cell-b-pack-0331-curtain/reference-10ms-differences.json.gz	23	f1101f8233b16d980af348db666cbdb1b9772fa79c6fa8d7d6d9550c1f6a546d	not a metric of this report
tr03-official-1/2547-cell-b-pack-0331-curtain/trace.jsonl.gz	1976248	071761e5e57ee9139dd8093b665f1f87a2505623e573812178c83f66b9ae264d	too large (trace)
tr03-official-1/2548-cell-b-pack-0331-packfault/reference-10ms-differences.json.gz	121176	afeed21a250c77335364fbd57fdcdc2a0f3d753c37d29f78cc1320c2a339d037	not a metric of this report
tr03-official-1/2548-cell-b-pack-0331-packfault/trace.jsonl.gz	12268191	d89fa9f0f0611d71e820c8c8df84aa693c9e2a7c2114d37885a2d1a8ac5571ec	too large (trace)
tr03-official-1/2549-cell-b-pack-0332-normal-s1/reference-10ms-differences.json.gz	204598	93ffff2d9b3746427e100a39bc61ca030f1a8a51446a4055d85056e0b7c737be	not a metric of this report
tr03-official-1/2549-cell-b-pack-0332-normal-s1/trace.jsonl.gz	20446434	baa957c5f2b372ac6cebaa0a51f7e80d014f0a4d608c22762eb93c560e2d4867	too large (trace)
tr03-official-1/2550-cell-b-pack-0332-normal-s2/reference-10ms-differences.json.gz	206121	6bae78571327f8b48931cd24095eb264ee5c67ddcdf7d762dc9e0ea6aaf7ec16	not a metric of this report
tr03-official-1/2550-cell-b-pack-0332-normal-s2/trace.jsonl.gz	20396119	026c8d3009e0dd699225fc47b2b9a8e2d9efbc7171d104872029b51234d1bf1d	too large (trace)
tr03-official-1/2551-cell-b-pack-0332-normal-s3/reference-10ms-differences.json.gz	206121	6bae78571327f8b48931cd24095eb264ee5c67ddcdf7d762dc9e0ea6aaf7ec16	not a metric of this report
tr03-official-1/2551-cell-b-pack-0332-normal-s3/trace.jsonl.gz	19638912	7f4e318c444c1e6867a920e15384983c97787e17ddf9e4a1e5d2e8b13dd2f5b7	too large (trace)
tr03-official-1/2552-cell-b-pack-0332-cycle-stop/reference-10ms-differences.json.gz	10177	1dd642a52e6eda9362fae6c1a227f6dbb66cc7ac99b1d4a311849cfb2c9cd20c	not a metric of this report
tr03-official-1/2552-cell-b-pack-0332-cycle-stop/trace.jsonl.gz	2504514	7fc555ba27487c6298f9e1246318141fd58028385aca28ae75566ce90bcfc272	too large (trace)
tr03-official-1/2553-cell-b-pack-0332-curtain/reference-10ms-differences.json.gz	23	f1101f8233b16d980af348db666cbdb1b9772fa79c6fa8d7d6d9550c1f6a546d	not a metric of this report
tr03-official-1/2553-cell-b-pack-0332-curtain/trace.jsonl.gz	1983108	1459b9f786e45108f824cc8ab2370235a64486182714a5b38df018ba178310c2	too large (trace)
tr03-official-1/2554-cell-b-pack-0332-packfault/reference-10ms-differences.json.gz	119474	5f6d5adaacc94d85f1a9f63bd6e927b081ea131e8c4439a68dd8786938f5a7de	not a metric of this report
tr03-official-1/2554-cell-b-pack-0332-packfault/trace.jsonl.gz	12243919	8cc51a5ba04cc24b4598926598a334d1da468be4e0b9361ed8e8f349a1e78e33	too large (trace)
tr03-official-1/2555-cell-b-pack-0333-normal-s1/reference-10ms-differences.json.gz	208378	1b7c232e50ae32b415b0f04139768c7e7648fc8b0796448cffc2483364cfe7cb	not a metric of this report
tr03-official-1/2555-cell-b-pack-0333-normal-s1/trace.jsonl.gz	20087909	6b1ac5020455bfed80997d10c5504dc6dbdf5c64473e95beda98559388b9cb46	too large (trace)
tr03-official-1/2556-cell-b-pack-0333-normal-s2/reference-10ms-differences.json.gz	206121	6bae78571327f8b48931cd24095eb264ee5c67ddcdf7d762dc9e0ea6aaf7ec16	not a metric of this report
tr03-official-1/2556-cell-b-pack-0333-normal-s2/trace.jsonl.gz	20386011	1dd71cf34465d11f3079e9cd54d8f9abd917e8312e04af9a5fcca8d0cd92f37f	too large (trace)
tr03-official-1/2557-cell-b-pack-0333-normal-s3/reference-10ms-differences.json.gz	206121	6bae78571327f8b48931cd24095eb264ee5c67ddcdf7d762dc9e0ea6aaf7ec16	not a metric of this report
tr03-official-1/2557-cell-b-pack-0333-normal-s3/trace.jsonl.gz	19677261	651b5b4d04ecdea77faedfefb4457d948b8dcfe7ba32a36b07641a3ed8396ae5	too large (trace)
tr03-official-1/2558-cell-b-pack-0333-cycle-stop/reference-10ms-differences.json.gz	13876	db08d7f87c7e92b434e13b8347eb5086778d54cbd99e160c6f1c9c0cc0d9b7cc	not a metric of this report
tr03-official-1/2558-cell-b-pack-0333-cycle-stop/trace.jsonl.gz	2467272	d71be2a09f00a69f8a0948cb44754e03f663c5d14c1f49de892af02522073d30	too large (trace)
tr03-official-1/2559-cell-b-pack-0333-curtain/reference-10ms-differences.json.gz	23	f1101f8233b16d980af348db666cbdb1b9772fa79c6fa8d7d6d9550c1f6a546d	not a metric of this report
tr03-official-1/2559-cell-b-pack-0333-curtain/trace.jsonl.gz	1979150	c78dfd2e5a19b8dad214d08e15a58f0d5de4771de39aee16554f069ac6a52823	too large (trace)
tr03-official-1/2560-cell-b-pack-0333-packfault/reference-10ms-differences.json.gz	123362	f6d44922f12a57e434874eb8de38f10055d8d7f5917c2357151dfee59deff342	not a metric of this report
tr03-official-1/2560-cell-b-pack-0333-packfault/trace.jsonl.gz	11986579	6fa76a0f1101bf97497f6724d528a5546a361c47ae68471a6130cde2b277672b	too large (trace)
tr03-official-1/2561-cell-b-pack-0334-normal-s1/reference-10ms-differences.json.gz	203043	96c33ef36dce17f0c750e9c3211976035a8b890fbb7c59fac0bab8e6d393753a	not a metric of this report
tr03-official-1/2561-cell-b-pack-0334-normal-s1/trace.jsonl.gz	20125635	18d37e5ca93e36563795d094033827185c5df7daa98acae9a760e302cd1ead56	too large (trace)
tr03-official-1/2562-cell-b-pack-0334-normal-s2/reference-10ms-differences.json.gz	206045	77c556ed9733f9915ae13255675d26c7f1408c7327a0c5f7082de3957633c9e5	not a metric of this report
tr03-official-1/2562-cell-b-pack-0334-normal-s2/trace.jsonl.gz	20459646	699fe4028385107d5cca846fadfe5f6af05d5a7da312cd174821d31db54f590a	too large (trace)
tr03-official-1/2563-cell-b-pack-0334-normal-s3/reference-10ms-differences.json.gz	204613	ea70945a789258a9246c9183548d84be990cd7eac6b1751a37bca2e192bdef50	not a metric of this report
tr03-official-1/2563-cell-b-pack-0334-normal-s3/trace.jsonl.gz	19818239	e1b537536a189d0c20d8f4048244bff050e3c1c7ad840ef7ad2c33541127fad9	too large (trace)
tr03-official-1/2564-cell-b-pack-0334-cycle-stop/reference-10ms-differences.json.gz	10090	866ee4bc7575ee91c13bd105d184693d76272d809b5ab94e2343352662a3e7a7	not a metric of this report
tr03-official-1/2564-cell-b-pack-0334-cycle-stop/trace.jsonl.gz	2512732	a0b711169008ce40dba736f1f4073a2bc2ac178632220996e61b0024d1e74087	too large (trace)
tr03-official-1/2565-cell-b-pack-0334-curtain/reference-10ms-differences.json.gz	23	f1101f8233b16d980af348db666cbdb1b9772fa79c6fa8d7d6d9550c1f6a546d	not a metric of this report
tr03-official-1/2565-cell-b-pack-0334-curtain/trace.jsonl.gz	1981735	76390c3cc141354da83dac2f59c7c8150d000b7f6c475515eb018412707aab05	too large (trace)
tr03-official-1/2566-cell-b-pack-0334-packfault/reference-10ms-differences.json.gz	117957	6f76987dacb1c32dcc9d796f053dc55fbee19afad30580f9aaab35587a88dac8	not a metric of this report
tr03-official-1/2566-cell-b-pack-0334-packfault/trace.jsonl.gz	11953136	2cdeffbf8fbcefe6986de144d2e0b88f515bb53aa519add8bd84baa978bf31f0	too large (trace)
tr03-official-1/2567-cell-b-pack-0335-normal-s1/reference-10ms-differences.json.gz	201577	7a0e02dc2fb3dc26df26ab148212ecdedfd119fb6a0928a736b5a5aafa667dd2	not a metric of this report
tr03-official-1/2567-cell-b-pack-0335-normal-s1/trace.jsonl.gz	21148265	459c3ed640c39d216e85d40dc9f3d9fad00cb1fb9dce137cb55e28d4977ae7b0	too large (trace)
tr03-official-1/2568-cell-b-pack-0335-normal-s2/reference-10ms-differences.json.gz	197176	babd130b7c303b03365d9a11ca0119aff586f699143ec2587b5b3eb6045ab7d5	not a metric of this report
tr03-official-1/2568-cell-b-pack-0335-normal-s2/trace.jsonl.gz	40198444	e42a111aedf17ce96d48752bdfe2220d75fe6d50a10dc435b670506e30fdbef0	too large (trace)
tr03-official-1/2569-cell-b-pack-0335-normal-s3/reference-10ms-differences.json.gz	203123	8846be3e4c2a28b57e21a3264b469c128b5703bace5826d7e1ce4a0530ac7926	not a metric of this report
tr03-official-1/2569-cell-b-pack-0335-normal-s3/trace.jsonl.gz	19869310	246f01bcb1ddec5738f34cf2f001c98edff47fbd7ef3a94e9b74c9ecead400e7	too large (trace)
tr03-official-1/2570-cell-b-pack-0335-cycle-stop/reference-10ms-differences.json.gz	23	f1101f8233b16d980af348db666cbdb1b9772fa79c6fa8d7d6d9550c1f6a546d	not a metric of this report
tr03-official-1/2570-cell-b-pack-0335-cycle-stop/trace.jsonl.gz	2577165	ea8661d9c49033cb095a283eaf0accabbc82afc570d8d85a5dfdaa8e8d59aa9e	too large (trace)
tr03-official-1/2571-cell-b-pack-0335-curtain/reference-10ms-differences.json.gz	23	f1101f8233b16d980af348db666cbdb1b9772fa79c6fa8d7d6d9550c1f6a546d	not a metric of this report
tr03-official-1/2571-cell-b-pack-0335-curtain/trace.jsonl.gz	1975634	a42a94871cef435c2a90a8f48d4cf7ee6363396e66e59e5960161c6c761a887e	too large (trace)
tr03-official-1/2572-cell-b-pack-0335-packfault/reference-10ms-differences.json.gz	116481	b38235d37c2275bd8859b38e8f45c4f6fbc5da05c9d09c2159753925dd33b47d	not a metric of this report
tr03-official-1/2572-cell-b-pack-0335-packfault/trace.jsonl.gz	12609097	9171e589153227069804da21e09265bddc76d120e294f4bb831affce41eea91c	too large (trace)
tr03-official-1/2573-cell-b-pack-0336-normal-s1/reference-10ms-differences.json.gz	201524	a04f0140da8ea8118291509bfc206b289644da7e1780add0ba159c87f8e71f60	not a metric of this report
tr03-official-1/2573-cell-b-pack-0336-normal-s1/trace.jsonl.gz	21158398	8b70ec6a20a63c5decc9ba7530dc49b4ea9fc6070b5f3b9f34eb03a93a4dbff1	too large (trace)
tr03-official-1/2574-cell-b-pack-0336-normal-s2/reference-10ms-differences.json.gz	197102	857f962c9416733329679e31f2fcecc6100c755c2e86e0b03129caf2ef7704e1	not a metric of this report
tr03-official-1/2574-cell-b-pack-0336-normal-s2/trace.jsonl.gz	40364707	79cc5545fc9741db46629ad8ac99c656ff442936e29656a3c8679d992ef980b3	too large (trace)
tr03-official-1/2575-cell-b-pack-0336-normal-s3/reference-10ms-differences.json.gz	203165	11f23f696532d06ad2f9eb7de1f509ae365cbcee1f029b1b9474df8220355ed5	not a metric of this report
tr03-official-1/2575-cell-b-pack-0336-normal-s3/trace.jsonl.gz	20065131	0432f49be6acb6bd7ab567210ded8cf6e3f3fc7747234f2b513fc9670d4ca073	too large (trace)
tr03-official-1/2576-cell-b-pack-0336-cycle-stop/reference-10ms-differences.json.gz	23	f1101f8233b16d980af348db666cbdb1b9772fa79c6fa8d7d6d9550c1f6a546d	not a metric of this report
tr03-official-1/2576-cell-b-pack-0336-cycle-stop/trace.jsonl.gz	2572342	03dced93e46a210ec7fb6a1435ee728198650997a1c1c3be0dc41f728e223e7b	too large (trace)
tr03-official-1/2577-cell-b-pack-0336-curtain/reference-10ms-differences.json.gz	23	f1101f8233b16d980af348db666cbdb1b9772fa79c6fa8d7d6d9550c1f6a546d	not a metric of this report
tr03-official-1/2577-cell-b-pack-0336-curtain/trace.jsonl.gz	1981974	a0e54574ca2eeaff88865335e1e16e9de79a88eb38d2ca694eaf90c93c91877a	too large (trace)
tr03-official-1/2578-cell-b-pack-0336-packfault/reference-10ms-differences.json.gz	116418	05a92e4054f4945a59fe0c0073f03794bbb3872fa1a17ed41b15cea2f658c1b9	not a metric of this report
tr03-official-1/2578-cell-b-pack-0336-packfault/trace.jsonl.gz	12641056	e36fdd882ff9922f8febc7cfdd1386b98babe38188bdc7352df3f6e78b502cfa	too large (trace)
tr03-official-1/2579-cell-b-pack-0337-normal-s1/reference-10ms-differences.json.gz	23	f1101f8233b16d980af348db666cbdb1b9772fa79c6fa8d7d6d9550c1f6a546d	not a metric of this report
tr03-official-1/2579-cell-b-pack-0337-normal-s1/trace.jsonl.gz	73697239	efe875741d207e7af302d1e41bfacde7dbfbd942dcf5ca36fb81368aaa3d7954	too large (trace)
tr03-official-1/2580-cell-b-pack-0337-normal-s2/reference-10ms-differences.json.gz	23	f1101f8233b16d980af348db666cbdb1b9772fa79c6fa8d7d6d9550c1f6a546d	not a metric of this report
tr03-official-1/2580-cell-b-pack-0337-normal-s2/trace.jsonl.gz	73640471	4b05e715e09eee1ddddcc153d4e3341427e7e573ff1805ac3b42d370fb9c94bf	too large (trace)
tr03-official-1/2581-cell-b-pack-0337-normal-s3/reference-10ms-differences.json.gz	23	f1101f8233b16d980af348db666cbdb1b9772fa79c6fa8d7d6d9550c1f6a546d	not a metric of this report
tr03-official-1/2581-cell-b-pack-0337-normal-s3/trace.jsonl.gz	73461665	44d03cb908dad81f38df016bde197170d298d2b7a4dbb601503bd1426a187c07	too large (trace)
tr03-official-1/2582-cell-b-pack-0337-cycle-stop/reference-10ms-differences.json.gz	23	f1101f8233b16d980af348db666cbdb1b9772fa79c6fa8d7d6d9550c1f6a546d	not a metric of this report
tr03-official-1/2582-cell-b-pack-0337-cycle-stop/trace.jsonl.gz	2579750	be73073a6a5a7149ab04c01a71325d4ccbf328dfc39f2e6e6b640867edaf02ed	too large (trace)
tr03-official-1/2583-cell-b-pack-0337-curtain/reference-10ms-differences.json.gz	23	f1101f8233b16d980af348db666cbdb1b9772fa79c6fa8d7d6d9550c1f6a546d	not a metric of this report
tr03-official-1/2583-cell-b-pack-0337-curtain/trace.jsonl.gz	1978909	f5246a92463b23fc0e4574cc5d4344516f1c2c9635ea2767d90b6bf644dc92d0	too large (trace)
tr03-official-1/2584-cell-b-pack-0337-packfault/reference-10ms-differences.json.gz	23	f1101f8233b16d980af348db666cbdb1b9772fa79c6fa8d7d6d9550c1f6a546d	not a metric of this report
tr03-official-1/2584-cell-b-pack-0337-packfault/trace.jsonl.gz	32542142	a1ed6bdf6ca01581a090a427b5967b821ba0e7a0e5aa7ef7bcd7c564a75f61ec	too large (trace)
tr03-official-1/2585-cell-b-pack-0338-normal-s1/reference-10ms-differences.json.gz	23	f1101f8233b16d980af348db666cbdb1b9772fa79c6fa8d7d6d9550c1f6a546d	not a metric of this report
tr03-official-1/2585-cell-b-pack-0338-normal-s1/trace.jsonl.gz	73706094	9f075be2ff742ee87ad0508ef59541a61c7cfe44cf5d461943b473d53f71a2fa	too large (trace)
tr03-official-1/2586-cell-b-pack-0338-normal-s2/reference-10ms-differences.json.gz	23	f1101f8233b16d980af348db666cbdb1b9772fa79c6fa8d7d6d9550c1f6a546d	not a metric of this report
tr03-official-1/2586-cell-b-pack-0338-normal-s2/trace.jsonl.gz	73636794	f6a0f23d834e49603be040fe6d5ad41ef2769bdc1e472606b3aa47a535db4d9d	too large (trace)
tr03-official-1/2587-cell-b-pack-0338-normal-s3/reference-10ms-differences.json.gz	23	f1101f8233b16d980af348db666cbdb1b9772fa79c6fa8d7d6d9550c1f6a546d	not a metric of this report
tr03-official-1/2587-cell-b-pack-0338-normal-s3/trace.jsonl.gz	73445962	6f24fcc1a7b808075e7e4cc83ca94c9b3fcff6404ab46ea7694435a3ed73c110	too large (trace)
tr03-official-1/2588-cell-b-pack-0338-cycle-stop/reference-10ms-differences.json.gz	23	f1101f8233b16d980af348db666cbdb1b9772fa79c6fa8d7d6d9550c1f6a546d	not a metric of this report
tr03-official-1/2588-cell-b-pack-0338-cycle-stop/trace.jsonl.gz	2574531	e899afb80636b8fcef04aeab284f56ec6c5e5a32ec0c5478b45e7af56351c13c	too large (trace)
tr03-official-1/2589-cell-b-pack-0338-curtain/reference-10ms-differences.json.gz	23	f1101f8233b16d980af348db666cbdb1b9772fa79c6fa8d7d6d9550c1f6a546d	not a metric of this report
tr03-official-1/2589-cell-b-pack-0338-curtain/trace.jsonl.gz	1975971	20a0add3729b3b4037e74926779fdef5cabbb39dc7abe82c84e2d92ac8d09bd2	too large (trace)
tr03-official-1/2590-cell-b-pack-0338-packfault/reference-10ms-differences.json.gz	23	f1101f8233b16d980af348db666cbdb1b9772fa79c6fa8d7d6d9550c1f6a546d	not a metric of this report
tr03-official-1/2590-cell-b-pack-0338-packfault/trace.jsonl.gz	32541125	ced9de43e03f4e3843595163c004dc1c827debc6e4abaaf783963156c5b7e27d	too large (trace)
tr03-official-1/2591-cell-b-pack-0339-normal-s1/reference-10ms-differences.json.gz	23	f1101f8233b16d980af348db666cbdb1b9772fa79c6fa8d7d6d9550c1f6a546d	not a metric of this report
tr03-official-1/2591-cell-b-pack-0339-normal-s1/trace.jsonl.gz	73709263	b8e506a652e30adef91a69d3db6167d8c2b9038794ab5433ac9312435e39d574	too large (trace)
tr03-official-1/2592-cell-b-pack-0339-normal-s2/reference-10ms-differences.json.gz	23	f1101f8233b16d980af348db666cbdb1b9772fa79c6fa8d7d6d9550c1f6a546d	not a metric of this report
tr03-official-1/2592-cell-b-pack-0339-normal-s2/trace.jsonl.gz	73634598	2b0d73030031696acdd56aa7ce7fd636721ad6ba77136f64aa3ff61607f337f0	too large (trace)
tr03-official-1/2593-cell-b-pack-0339-normal-s3/reference-10ms-differences.json.gz	23	f1101f8233b16d980af348db666cbdb1b9772fa79c6fa8d7d6d9550c1f6a546d	not a metric of this report
tr03-official-1/2593-cell-b-pack-0339-normal-s3/trace.jsonl.gz	73462227	8591cb42aa6add826210e4c6f5a318fbfb080fc55fa747189d7d258d7c015bb2	too large (trace)
tr03-official-1/2594-cell-b-pack-0339-cycle-stop/reference-10ms-differences.json.gz	23	f1101f8233b16d980af348db666cbdb1b9772fa79c6fa8d7d6d9550c1f6a546d	not a metric of this report
tr03-official-1/2594-cell-b-pack-0339-cycle-stop/trace.jsonl.gz	2579497	43dec7cc61238b24f3d786d1b0f8dc0a6d434fb7500aff0c00cf5c7a07e85662	too large (trace)
tr03-official-1/2595-cell-b-pack-0339-curtain/reference-10ms-differences.json.gz	23	f1101f8233b16d980af348db666cbdb1b9772fa79c6fa8d7d6d9550c1f6a546d	not a metric of this report
tr03-official-1/2595-cell-b-pack-0339-curtain/trace.jsonl.gz	1977590	086ef864d521c05bfafa4911c7ed884273ef143061bb2c780c2c29e8f30e71c0	too large (trace)
tr03-official-1/2596-cell-b-pack-0339-packfault/reference-10ms-differences.json.gz	23	f1101f8233b16d980af348db666cbdb1b9772fa79c6fa8d7d6d9550c1f6a546d	not a metric of this report
tr03-official-1/2596-cell-b-pack-0339-packfault/trace.jsonl.gz	32545918	2dabcf69ae9a0a4135e50b773a4763b587fbccaefd386b4fc1c882836b53e4dd	too large (trace)
tr03-official-1/2597-cell-b-pack-0340-normal-s1/reference-10ms-differences.json.gz	204598	93ffff2d9b3746427e100a39bc61ca030f1a8a51446a4055d85056e0b7c737be	not a metric of this report
tr03-official-1/2597-cell-b-pack-0340-normal-s1/trace.jsonl.gz	20451401	02338840e2e4c6e23a2dfee93c0affe22ee66d181cb88cd4a65ed583f9cefbb3	too large (trace)
tr03-official-1/2598-cell-b-pack-0340-normal-s2/reference-10ms-differences.json.gz	206121	6bae78571327f8b48931cd24095eb264ee5c67ddcdf7d762dc9e0ea6aaf7ec16	not a metric of this report
tr03-official-1/2598-cell-b-pack-0340-normal-s2/trace.jsonl.gz	20395833	f3f5959ef4915d054f6cf919d34fdddc1c1de4ed86bffe53c92c781aaade3478	too large (trace)
tr03-official-1/2599-cell-b-pack-0340-normal-s3/reference-10ms-differences.json.gz	206121	6bae78571327f8b48931cd24095eb264ee5c67ddcdf7d762dc9e0ea6aaf7ec16	not a metric of this report
tr03-official-1/2599-cell-b-pack-0340-normal-s3/trace.jsonl.gz	19636184	a801b1b1c318ac96c299c3162b4e89067ddacfb6e0fa312666867c78dcd8ff00	too large (trace)
tr03-official-1/2600-cell-b-pack-0340-cycle-stop/reference-10ms-differences.json.gz	10177	1dd642a52e6eda9362fae6c1a227f6dbb66cc7ac99b1d4a311849cfb2c9cd20c	not a metric of this report
tr03-official-1/2600-cell-b-pack-0340-cycle-stop/trace.jsonl.gz	2512941	717c44c82d9825d04921752f5504c2bc3c72df9182fffcb61bbb741316849a60	too large (trace)
tr03-official-1/2601-cell-b-pack-0340-curtain/reference-10ms-differences.json.gz	23	f1101f8233b16d980af348db666cbdb1b9772fa79c6fa8d7d6d9550c1f6a546d	not a metric of this report
tr03-official-1/2601-cell-b-pack-0340-curtain/trace.jsonl.gz	1980148	8fb40c5a188c5973b0a5dff259984ee63dee6f15f1895d59ab3ba4e9cfc4113c	too large (trace)
tr03-official-1/2602-cell-b-pack-0340-packfault/reference-10ms-differences.json.gz	119474	5f6d5adaacc94d85f1a9f63bd6e927b081ea131e8c4439a68dd8786938f5a7de	not a metric of this report
tr03-official-1/2602-cell-b-pack-0340-packfault/trace.jsonl.gz	12242382	88980897d4aed9caf87fc62aa41e6e270f1cd5cc4b310de35444e7573cffe992	too large (trace)
tr03-official-1/2603-cell-b-pack-0341-normal-s1/reference-10ms-differences.json.gz	23	f1101f8233b16d980af348db666cbdb1b9772fa79c6fa8d7d6d9550c1f6a546d	not a metric of this report
tr03-official-1/2603-cell-b-pack-0341-normal-s1/trace.jsonl.gz	73725175	af1b092af9e7a5d2d91f4f3a5814d9560490bc553307c13f9714cf5ae04c1bf4	too large (trace)
tr03-official-1/2604-cell-b-pack-0341-normal-s2/reference-10ms-differences.json.gz	23	f1101f8233b16d980af348db666cbdb1b9772fa79c6fa8d7d6d9550c1f6a546d	not a metric of this report
tr03-official-1/2604-cell-b-pack-0341-normal-s2/trace.jsonl.gz	73642697	31b65401fd54573b1968d3309be1f47c9057bba0e31337b00370ca93269fb060	too large (trace)
tr03-official-1/2605-cell-b-pack-0341-normal-s3/reference-10ms-differences.json.gz	23	f1101f8233b16d980af348db666cbdb1b9772fa79c6fa8d7d6d9550c1f6a546d	not a metric of this report
tr03-official-1/2605-cell-b-pack-0341-normal-s3/trace.jsonl.gz	73474079	6ebf8780ab5a4cc018161c2d1f8408060abc6edcdd06f82f25e1f377194f9290	too large (trace)
tr03-official-1/2606-cell-b-pack-0341-cycle-stop/reference-10ms-differences.json.gz	23	f1101f8233b16d980af348db666cbdb1b9772fa79c6fa8d7d6d9550c1f6a546d	not a metric of this report
tr03-official-1/2606-cell-b-pack-0341-cycle-stop/trace.jsonl.gz	2581211	7e22f31bb8c50733bbd4c208881724b7812d9ee46f8b1c4f7e4d55ba5d72f0b9	too large (trace)
tr03-official-1/2607-cell-b-pack-0341-curtain/reference-10ms-differences.json.gz	23	f1101f8233b16d980af348db666cbdb1b9772fa79c6fa8d7d6d9550c1f6a546d	not a metric of this report
tr03-official-1/2607-cell-b-pack-0341-curtain/trace.jsonl.gz	1986691	f3291921c9f3d9a9dd8dc9177a316e1b1b8779378c48d77d9869f57477fada4c	too large (trace)
tr03-official-1/2608-cell-b-pack-0341-packfault/reference-10ms-differences.json.gz	23	f1101f8233b16d980af348db666cbdb1b9772fa79c6fa8d7d6d9550c1f6a546d	not a metric of this report
tr03-official-1/2608-cell-b-pack-0341-packfault/trace.jsonl.gz	32556282	2f323564400c2116cd9b7abb6c03131f09d19f22154bde253bff1d3304e0f8c4	too large (trace)
tr03-official-1/2609-cell-b-pack-0342-normal-s1/reference-10ms-differences.json.gz	335274	7dc98fb434ed5c87ff52b24490ea87d8d0c7dac1e3a6119f8efd495a4a902733	not a metric of this report
tr03-official-1/2609-cell-b-pack-0342-normal-s1/trace.jsonl.gz	73970703	4e2dae3306f3d6f9eca3ea50e64734e7ac68751be279d64bc0b74c1d0e8adb2f	too large (trace)
tr03-official-1/2610-cell-b-pack-0342-normal-s2/reference-10ms-differences.json.gz	316357	9ecacb35796071a0812d9d6fb6b223f6ca438c5642608699a811034df14f6a30	not a metric of this report
tr03-official-1/2610-cell-b-pack-0342-normal-s2/trace.jsonl.gz	73856793	1692070a484f3786527067b1dabd28819d1177183d38d461768fdf1b379d9704	too large (trace)
tr03-official-1/2611-cell-b-pack-0342-normal-s3/reference-10ms-differences.json.gz	376614	5da88cc8f6f1bd7690097770a69491b92906a656c1dad822bc8dbc8dc83a3dac	not a metric of this report
tr03-official-1/2611-cell-b-pack-0342-normal-s3/trace.jsonl.gz	73789927	6654e165bd05d51bf1c7c8bd33686e80356f9306b33c6ffb20fcdf00c2d642f8	too large (trace)
tr03-official-1/2612-cell-b-pack-0342-cycle-stop/reference-10ms-differences.json.gz	37845	d840d6975836f5f515d3456f9463c9a74ec825f5f3afa44750193ce37f3a562f	not a metric of this report
tr03-official-1/2612-cell-b-pack-0342-cycle-stop/trace.jsonl.gz	2613617	e7bdeb7979d5d249f681e8c58d821d8e526e3f2b99de4dedbc8318eaa64c7575	too large (trace)
tr03-official-1/2613-cell-b-pack-0342-curtain/reference-10ms-differences.json.gz	29597	dacf6cf220aa968936c7c7111ab9b9b865181260679a0c93300b801754281d4e	not a metric of this report
tr03-official-1/2613-cell-b-pack-0342-curtain/trace.jsonl.gz	1985034	f0b36aaa91681a5253db72796444032d877a5de4f80a9fe842c848caf455ab64	too large (trace)
tr03-official-1/2614-cell-b-pack-0342-packfault/reference-10ms-differences.json.gz	194611	31a5ac3e3fca6f27e46966b5eeee821f2e13bf4909b8d7fc4a1064989827d0f8	not a metric of this report
tr03-official-1/2614-cell-b-pack-0342-packfault/trace.jsonl.gz	32725440	8e3d64f0ce108043b3e00f237b4318e1a299da0f48bd5cc32b4c061fa5f4aabf	too large (trace)
tr03-official-1/2615-cell-b-pack-0343-normal-s1/reference-10ms-differences.json.gz	23	f1101f8233b16d980af348db666cbdb1b9772fa79c6fa8d7d6d9550c1f6a546d	not a metric of this report
tr03-official-1/2615-cell-b-pack-0343-normal-s1/trace.jsonl.gz	73697504	a7972df8a4d825631e7f2ac5dbdc55139570b535a6ce8e6f959b219cfa89ebd2	too large (trace)
tr03-official-1/2616-cell-b-pack-0343-normal-s2/reference-10ms-differences.json.gz	23	f1101f8233b16d980af348db666cbdb1b9772fa79c6fa8d7d6d9550c1f6a546d	not a metric of this report
tr03-official-1/2616-cell-b-pack-0343-normal-s2/trace.jsonl.gz	73633551	a18bf2d6e72685dc8aed628c0ee4f3d3658a8f84375d5763fd16888ae8b5ccf6	too large (trace)
tr03-official-1/2617-cell-b-pack-0343-normal-s3/reference-10ms-differences.json.gz	23	f1101f8233b16d980af348db666cbdb1b9772fa79c6fa8d7d6d9550c1f6a546d	not a metric of this report
tr03-official-1/2617-cell-b-pack-0343-normal-s3/trace.jsonl.gz	73447747	8377e467a16b22780f0afea49da21e4c387ae05c7c1c464a4a0f2f38cadf2c8c	too large (trace)
tr03-official-1/2618-cell-b-pack-0343-cycle-stop/reference-10ms-differences.json.gz	23	f1101f8233b16d980af348db666cbdb1b9772fa79c6fa8d7d6d9550c1f6a546d	not a metric of this report
tr03-official-1/2618-cell-b-pack-0343-cycle-stop/trace.jsonl.gz	2575764	ac9fd806f5b3195085410412849bcc81887a1de2ce60243fd8a79ccb90678fb8	too large (trace)
tr03-official-1/2619-cell-b-pack-0343-curtain/reference-10ms-differences.json.gz	23	f1101f8233b16d980af348db666cbdb1b9772fa79c6fa8d7d6d9550c1f6a546d	not a metric of this report
tr03-official-1/2619-cell-b-pack-0343-curtain/trace.jsonl.gz	1973831	69c120db3be7285eb4eeb79a7c2113244a991b0e3b78d3c251175d627e298a7f	too large (trace)
tr03-official-1/2620-cell-b-pack-0343-packfault/reference-10ms-differences.json.gz	23	f1101f8233b16d980af348db666cbdb1b9772fa79c6fa8d7d6d9550c1f6a546d	not a metric of this report
tr03-official-1/2620-cell-b-pack-0343-packfault/trace.jsonl.gz	32539690	cf9a9addcd1064f3298dfd4001cbaf5da994082d19acf689a0da233e523b67f4	too large (trace)
tr03-official-1/2621-cell-b-pack-0344-normal-s1/reference-10ms-differences.json.gz	214970	348d7293d96ad4f88903f2fd8374f4060d945c1a043c1266a01075f7ce4512ad	not a metric of this report
tr03-official-1/2621-cell-b-pack-0344-normal-s1/trace.jsonl.gz	18790620	031760649432f038433598ca54644735091f78b250602bc2ca59c43e8b98fc41	too large (trace)
tr03-official-1/2622-cell-b-pack-0344-normal-s2/reference-10ms-differences.json.gz	214970	348d7293d96ad4f88903f2fd8374f4060d945c1a043c1266a01075f7ce4512ad	not a metric of this report
tr03-official-1/2622-cell-b-pack-0344-normal-s2/trace.jsonl.gz	18724971	7dae8ca2761a8f40acdcf63a32faaa84875ec4a037dbd44c616a2d181bcf793b	too large (trace)
tr03-official-1/2623-cell-b-pack-0344-normal-s3/reference-10ms-differences.json.gz	214970	348d7293d96ad4f88903f2fd8374f4060d945c1a043c1266a01075f7ce4512ad	not a metric of this report
tr03-official-1/2623-cell-b-pack-0344-normal-s3/trace.jsonl.gz	18668253	74492aa504825b510d4afcf0aedec94972734ef4b3d9ae8de5359bce8781feca	too large (trace)
tr03-official-1/2624-cell-b-pack-0344-cycle-stop/reference-10ms-differences.json.gz	20557	33ef30e1a6a52b31ff0419b81750db5684b23801cb4cd34bf3cbee9144a3079c	not a metric of this report
tr03-official-1/2624-cell-b-pack-0344-cycle-stop/trace.jsonl.gz	2200722	e7810234ab7fa0528502c471f05d8a29c769e6f2406d7f991518d761d7c6a0fe	too large (trace)
tr03-official-1/2625-cell-b-pack-0344-curtain/reference-10ms-differences.json.gz	16019	f0ef734fc72b40a7e5d1f8b0f41f406a150c084e4374b2dbb45964529d3b5d74	not a metric of this report
tr03-official-1/2625-cell-b-pack-0344-curtain/trace.jsonl.gz	1839965	8fad0ee83986d4a1b9723371a460a9bd3015133998ef91deda7d95b12973fb61	too large (trace)
tr03-official-1/2626-cell-b-pack-0344-packfault/reference-10ms-differences.json.gz	129824	f097b4cefa8a631a9ba823feb777c5fb88946b17f8996ecd0ee44fea32ebf009	not a metric of this report
tr03-official-1/2626-cell-b-pack-0344-packfault/trace.jsonl.gz	11195779	711ffd6dc12555279e74d6f29f21e20e1272d3d2c478def4433c5de9934ecbda	too large (trace)
tr03-official-1/2627-cell-b-pack-0347-normal-s1/reference-10ms-differences.json.gz	23	f1101f8233b16d980af348db666cbdb1b9772fa79c6fa8d7d6d9550c1f6a546d	not a metric of this report
tr03-official-1/2627-cell-b-pack-0347-normal-s1/trace.jsonl.gz	73698371	9334809a480b7378d7419796239f6a7e93bbc55968cfd007ddd4f00d223a0c78	too large (trace)
tr03-official-1/2628-cell-b-pack-0347-normal-s2/reference-10ms-differences.json.gz	23	f1101f8233b16d980af348db666cbdb1b9772fa79c6fa8d7d6d9550c1f6a546d	not a metric of this report
tr03-official-1/2628-cell-b-pack-0347-normal-s2/trace.jsonl.gz	73633506	3f23bd855e853329f3caf4b44c36e8d658c4d2b59b93a28a181780fad9e9cf60	too large (trace)
tr03-official-1/2629-cell-b-pack-0347-normal-s3/reference-10ms-differences.json.gz	23	f1101f8233b16d980af348db666cbdb1b9772fa79c6fa8d7d6d9550c1f6a546d	not a metric of this report
tr03-official-1/2629-cell-b-pack-0347-normal-s3/trace.jsonl.gz	73450232	e007f2445fca5929f8fd8057041b25445b56f36d63f39962069ff4ec42202aad	too large (trace)
tr03-official-1/2630-cell-b-pack-0347-cycle-stop/reference-10ms-differences.json.gz	23	f1101f8233b16d980af348db666cbdb1b9772fa79c6fa8d7d6d9550c1f6a546d	not a metric of this report
tr03-official-1/2630-cell-b-pack-0347-cycle-stop/trace.jsonl.gz	2578000	619a50506bf86297908ecdc0b5f8251f627867d887cb91975aed8ce9a156e2d0	too large (trace)
tr03-official-1/2631-cell-b-pack-0347-curtain/reference-10ms-differences.json.gz	23	f1101f8233b16d980af348db666cbdb1b9772fa79c6fa8d7d6d9550c1f6a546d	not a metric of this report
tr03-official-1/2631-cell-b-pack-0347-curtain/trace.jsonl.gz	1974624	2354799d02a0c6ae738dba77b2ab8c5b9d6ab14aa283233d9db793f83d2d309e	too large (trace)
tr03-official-1/2632-cell-b-pack-0347-packfault/reference-10ms-differences.json.gz	23	f1101f8233b16d980af348db666cbdb1b9772fa79c6fa8d7d6d9550c1f6a546d	not a metric of this report
tr03-official-1/2632-cell-b-pack-0347-packfault/trace.jsonl.gz	32533326	ed858f04cc1130e2a9745a58f72f86bdbcc0cb00bd7422efed631409a3bea0b2	too large (trace)
tr03-official-1/2633-cell-b-pack-0348-normal-s1/reference-10ms-differences.json.gz	223827	f58e6875aa77b577298cc253b647dbc7d810d6227e9bda5dedc3aafbbe1a5672	not a metric of this report
tr03-official-1/2633-cell-b-pack-0348-normal-s1/trace.jsonl.gz	18793743	c5e889ae7d2b5d9a01b2d67252b18c7a0eb331957b2a4c8ee3e68745cecce357	too large (trace)
tr03-official-1/2634-cell-b-pack-0348-normal-s2/reference-10ms-differences.json.gz	223827	f58e6875aa77b577298cc253b647dbc7d810d6227e9bda5dedc3aafbbe1a5672	not a metric of this report
tr03-official-1/2634-cell-b-pack-0348-normal-s2/trace.jsonl.gz	18771375	5ab1bda46d2cdaf0f70bedf9e036c07b13d6812ca370042cb4da66ed44b3b92e	too large (trace)
tr03-official-1/2635-cell-b-pack-0348-normal-s3/reference-10ms-differences.json.gz	223827	f58e6875aa77b577298cc253b647dbc7d810d6227e9bda5dedc3aafbbe1a5672	not a metric of this report
tr03-official-1/2635-cell-b-pack-0348-normal-s3/trace.jsonl.gz	18729390	d6a7ac56acedf886be2c2e809e08845f8535663e763645e5f5eb823ae478724f	too large (trace)
tr03-official-1/2636-cell-b-pack-0348-cycle-stop/reference-10ms-differences.json.gz	29535	e5a46c6bdd37676699437efbf89136cc30e5d9a988f633947b925a7323b005f4	not a metric of this report
tr03-official-1/2636-cell-b-pack-0348-cycle-stop/trace.jsonl.gz	2214340	b82b5b9cc2071856c9406b01a8a9414274e2747309ccad395f5856be4d61f600	too large (trace)
tr03-official-1/2637-cell-b-pack-0348-curtain/reference-10ms-differences.json.gz	25020	ab96a49fa572678ce243ad9607e09d7336ccf98d7d4cc6354422b6d56d7dee98	not a metric of this report
tr03-official-1/2637-cell-b-pack-0348-curtain/trace.jsonl.gz	1845471	abd4f1f211e6ef987bec90bd985fd6c4ef21c00a91981ef8e1784b42c6301ca2	too large (trace)
tr03-official-1/2638-cell-b-pack-0348-packfault/reference-10ms-differences.json.gz	138577	35b5a0515d4efacf1c7ad484b63f39eb2c190e1f9be45955ad9ae5c9a9d2f2a0	not a metric of this report
tr03-official-1/2638-cell-b-pack-0348-packfault/trace.jsonl.gz	11200816	b980caa9514f72731afb2d0b3dfa507a1f076e50be8450776580e4d773e23cd2	too large (trace)
tr03-official-1/2639-cell-b-pack-0349-normal-s1/reference-10ms-differences.json.gz	221100	5d77e098590316bd7f59ab06443bbb206ba1de4673b6bfff1d2825c4d76b3332	not a metric of this report
tr03-official-1/2639-cell-b-pack-0349-normal-s1/trace.jsonl.gz	18650086	216041cf950a1f7d10e4da699ad60294202c742606a6236eb18e53e2f8f02d92	too large (trace)
tr03-official-1/2640-cell-b-pack-0349-normal-s2/reference-10ms-differences.json.gz	221100	5d77e098590316bd7f59ab06443bbb206ba1de4673b6bfff1d2825c4d76b3332	not a metric of this report
tr03-official-1/2640-cell-b-pack-0349-normal-s2/trace.jsonl.gz	18630740	df54a75ccfda105b3dd391557378b36213c4ee3ebb3443a667bdfe3497828471	too large (trace)
tr03-official-1/2641-cell-b-pack-0349-normal-s3/reference-10ms-differences.json.gz	221100	5d77e098590316bd7f59ab06443bbb206ba1de4673b6bfff1d2825c4d76b3332	not a metric of this report
tr03-official-1/2641-cell-b-pack-0349-normal-s3/trace.jsonl.gz	18596024	0615aa538bf3604af68f0e10be380d9cefb293995b8fcd427563882ca1210ddc	too large (trace)
tr03-official-1/2642-cell-b-pack-0349-cycle-stop/reference-10ms-differences.json.gz	26893	252921b8fd389c8e9b96bea92cd07253ad08b7da2ca580bc92673cbcd68821c2	not a metric of this report
tr03-official-1/2642-cell-b-pack-0349-cycle-stop/trace.jsonl.gz	2185323	83ca62695d2468b9dea7600bcb5b4e9c90818f8aa9bbe741154dcfea19589c5c	too large (trace)
tr03-official-1/2643-cell-b-pack-0349-curtain/reference-10ms-differences.json.gz	22270	5e7e0350a051f21b38237d0f174367d35b5e22d882a1a8e79c2b765096c6339e	not a metric of this report
tr03-official-1/2643-cell-b-pack-0349-curtain/trace.jsonl.gz	1833718	2d83b054f46bf8c62a8b98d55abf52d7583d7f479d223a01a821cf0e56300f0f	too large (trace)
tr03-official-1/2644-cell-b-pack-0349-packfault/reference-10ms-differences.json.gz	136094	bb7a803c7010f0f4c2d6c679fb82b9711e887243ea0b3073d28b59b2bd8c92bd	not a metric of this report
tr03-official-1/2644-cell-b-pack-0349-packfault/trace.jsonl.gz	11123026	8fff5cbe1fa9a48058e3591870be38c85b94e66385d001bf549cf2b8f9486b97	too large (trace)
tr03-official-1/2645-cell-b-pack-0350-normal-s1/reference-10ms-differences.json.gz	23	f1101f8233b16d980af348db666cbdb1b9772fa79c6fa8d7d6d9550c1f6a546d	not a metric of this report
tr03-official-1/2645-cell-b-pack-0350-normal-s1/trace.jsonl.gz	73697739	5dc6a87ac20b47620ab86cec31f5451096bb4b3cf826d49f7137ae026d5e418f	too large (trace)
tr03-official-1/2646-cell-b-pack-0350-normal-s2/reference-10ms-differences.json.gz	23	f1101f8233b16d980af348db666cbdb1b9772fa79c6fa8d7d6d9550c1f6a546d	not a metric of this report
tr03-official-1/2646-cell-b-pack-0350-normal-s2/trace.jsonl.gz	73651352	2e4f06cf56f4b57aa9346b391c9f95dbd21e7c91f22cdc462a632ac2a6c1d6ca	too large (trace)
tr03-official-1/2647-cell-b-pack-0350-normal-s3/reference-10ms-differences.json.gz	23	f1101f8233b16d980af348db666cbdb1b9772fa79c6fa8d7d6d9550c1f6a546d	not a metric of this report
tr03-official-1/2647-cell-b-pack-0350-normal-s3/trace.jsonl.gz	73461255	778ed2a2a3bb9d66780c85defab9ad1690aed5886d71c2ea639b4d8880f80144	too large (trace)
tr03-official-1/2648-cell-b-pack-0350-cycle-stop/reference-10ms-differences.json.gz	23	f1101f8233b16d980af348db666cbdb1b9772fa79c6fa8d7d6d9550c1f6a546d	not a metric of this report
tr03-official-1/2648-cell-b-pack-0350-cycle-stop/trace.jsonl.gz	2580831	75dea3f13a7d53aa644b2e8d0276d67287a5d0d33718d47eecba4fcb539097e1	too large (trace)
tr03-official-1/2649-cell-b-pack-0350-curtain/reference-10ms-differences.json.gz	23	f1101f8233b16d980af348db666cbdb1b9772fa79c6fa8d7d6d9550c1f6a546d	not a metric of this report
tr03-official-1/2649-cell-b-pack-0350-curtain/trace.jsonl.gz	1983081	48d36fc4ec3ba6f4f49b63d4a49d8f5bac0c6c3f0b71149f3ab9642347442436	too large (trace)
tr03-official-1/2650-cell-b-pack-0350-packfault/reference-10ms-differences.json.gz	90219	6dcff7ff554d817b8132db8fc9b6078730d465ec98b8179e9ab0af26b3c8f696	not a metric of this report
tr03-official-1/2650-cell-b-pack-0350-packfault/trace.jsonl.gz	32550834	28e902a56486598ccb2627c450cd6ad27467839305228443aaa094102c486803	too large (trace)
tr03-official-1/2651-cell-b-pack-0351-normal-s1/reference-10ms-differences.json.gz	23	f1101f8233b16d980af348db666cbdb1b9772fa79c6fa8d7d6d9550c1f6a546d	not a metric of this report
tr03-official-1/2651-cell-b-pack-0351-normal-s1/trace.jsonl.gz	73700371	5fc0f32b2d808578ebc466c82c77d5af891c1a0206dc77beea8af8c9dacd44b3	too large (trace)
tr03-official-1/2652-cell-b-pack-0351-normal-s2/reference-10ms-differences.json.gz	23	f1101f8233b16d980af348db666cbdb1b9772fa79c6fa8d7d6d9550c1f6a546d	not a metric of this report
tr03-official-1/2652-cell-b-pack-0351-normal-s2/trace.jsonl.gz	73630928	ce448b81c4b80ffe6ac78dffc96d1c60c7205d3538944ce65c1ac3ff04209edf	too large (trace)
tr03-official-1/2653-cell-b-pack-0351-normal-s3/reference-10ms-differences.json.gz	23	f1101f8233b16d980af348db666cbdb1b9772fa79c6fa8d7d6d9550c1f6a546d	not a metric of this report
tr03-official-1/2653-cell-b-pack-0351-normal-s3/trace.jsonl.gz	73445572	682c306d67e2005d9753dc3851716bec21afda4bec9a125baeaa3ef5aaee306d	too large (trace)
tr03-official-1/2654-cell-b-pack-0351-cycle-stop/reference-10ms-differences.json.gz	23	f1101f8233b16d980af348db666cbdb1b9772fa79c6fa8d7d6d9550c1f6a546d	not a metric of this report
tr03-official-1/2654-cell-b-pack-0351-cycle-stop/trace.jsonl.gz	2575677	b0e4af73968a31a4c64a9443477e21916fcfb8f38e554dedf0cfbca49c206971	too large (trace)
tr03-official-1/2655-cell-b-pack-0351-curtain/reference-10ms-differences.json.gz	23	f1101f8233b16d980af348db666cbdb1b9772fa79c6fa8d7d6d9550c1f6a546d	not a metric of this report
tr03-official-1/2655-cell-b-pack-0351-curtain/trace.jsonl.gz	1973089	2e560252128883983d84858e5d297ad4c304ce5b191e7943ec16ecae3658c072	too large (trace)
tr03-official-1/2656-cell-b-pack-0351-packfault/reference-10ms-differences.json.gz	90219	6dcff7ff554d817b8132db8fc9b6078730d465ec98b8179e9ab0af26b3c8f696	not a metric of this report
tr03-official-1/2656-cell-b-pack-0351-packfault/trace.jsonl.gz	32545603	6debc2baafdba58396dac6604f49c3d9338a22ab5bb6175107a519e71571c0d1	too large (trace)
tr03-official-1/2657-cell-b-pack-0352-normal-s1/reference-10ms-differences.json.gz	23	f1101f8233b16d980af348db666cbdb1b9772fa79c6fa8d7d6d9550c1f6a546d	not a metric of this report
tr03-official-1/2657-cell-b-pack-0352-normal-s1/trace.jsonl.gz	73708324	042ba42bfd8ac241b66ad749fd7bcddd1716a22f2c69229ae083126cf06d0fb9	too large (trace)
tr03-official-1/2658-cell-b-pack-0352-normal-s2/reference-10ms-differences.json.gz	23	f1101f8233b16d980af348db666cbdb1b9772fa79c6fa8d7d6d9550c1f6a546d	not a metric of this report
tr03-official-1/2658-cell-b-pack-0352-normal-s2/trace.jsonl.gz	73638075	692dc4e88e3a999097e9894d451d1fc0dd37460742729c340983a955192db081	too large (trace)
tr03-official-1/2659-cell-b-pack-0352-normal-s3/reference-10ms-differences.json.gz	23	f1101f8233b16d980af348db666cbdb1b9772fa79c6fa8d7d6d9550c1f6a546d	not a metric of this report
tr03-official-1/2659-cell-b-pack-0352-normal-s3/trace.jsonl.gz	73453519	e38cd9bf8d7d445e44ce45b6a81031f5627a0abbfb2a2d305997e95f3c225d69	too large (trace)
tr03-official-1/2660-cell-b-pack-0352-cycle-stop/reference-10ms-differences.json.gz	23	f1101f8233b16d980af348db666cbdb1b9772fa79c6fa8d7d6d9550c1f6a546d	not a metric of this report
tr03-official-1/2660-cell-b-pack-0352-cycle-stop/trace.jsonl.gz	2581607	0152a95ddc9cb5db1a20ff15e8a4957a6bf0b821ac0cbaa9e5e7fa08b387ee00	too large (trace)
tr03-official-1/2661-cell-b-pack-0352-curtain/reference-10ms-differences.json.gz	23	f1101f8233b16d980af348db666cbdb1b9772fa79c6fa8d7d6d9550c1f6a546d	not a metric of this report
tr03-official-1/2661-cell-b-pack-0352-curtain/trace.jsonl.gz	1985550	48135c7c9ff8ee31c05f0d180ce2528deef1d6192858f34dda51141df233a605	too large (trace)
tr03-official-1/2662-cell-b-pack-0352-packfault/reference-10ms-differences.json.gz	23	f1101f8233b16d980af348db666cbdb1b9772fa79c6fa8d7d6d9550c1f6a546d	not a metric of this report
tr03-official-1/2662-cell-b-pack-0352-packfault/trace.jsonl.gz	32548514	37c830fc1e784895a25d24afe0ba5d9de4754a08cd6fd1d98fd4977f274ab12b	too large (trace)
tr03-official-1/2663-cell-b-pack-0354-normal-s1/reference-10ms-differences.json.gz	23	f1101f8233b16d980af348db666cbdb1b9772fa79c6fa8d7d6d9550c1f6a546d	not a metric of this report
tr03-official-1/2663-cell-b-pack-0354-normal-s1/trace.jsonl.gz	73701639	7b6fa6cd10df615dce4f3e98bf9fb3221b2392fe3b1364ef6bcf3422d0d458af	too large (trace)
tr03-official-1/2664-cell-b-pack-0354-normal-s2/reference-10ms-differences.json.gz	23	f1101f8233b16d980af348db666cbdb1b9772fa79c6fa8d7d6d9550c1f6a546d	not a metric of this report
tr03-official-1/2664-cell-b-pack-0354-normal-s2/trace.jsonl.gz	73638605	d2685072c98ba7cdd7172ec7ab369a2e413558c52ce0593ff655698b8b5c748a	too large (trace)
tr03-official-1/2665-cell-b-pack-0354-normal-s3/reference-10ms-differences.json.gz	23	f1101f8233b16d980af348db666cbdb1b9772fa79c6fa8d7d6d9550c1f6a546d	not a metric of this report
tr03-official-1/2665-cell-b-pack-0354-normal-s3/trace.jsonl.gz	73446114	5ca378351344aae3a9ea6fdd9cc702176c66fd5d5dc242471857521a7a651c9b	too large (trace)
tr03-official-1/2666-cell-b-pack-0354-cycle-stop/reference-10ms-differences.json.gz	23	f1101f8233b16d980af348db666cbdb1b9772fa79c6fa8d7d6d9550c1f6a546d	not a metric of this report
tr03-official-1/2666-cell-b-pack-0354-cycle-stop/trace.jsonl.gz	2574278	4b6170f12142ab788297b7d0d69494ed2fd42cf42c6649a435e28c639ef5f5d2	too large (trace)
tr03-official-1/2667-cell-b-pack-0354-curtain/reference-10ms-differences.json.gz	23	f1101f8233b16d980af348db666cbdb1b9772fa79c6fa8d7d6d9550c1f6a546d	not a metric of this report
tr03-official-1/2667-cell-b-pack-0354-curtain/trace.jsonl.gz	1973634	fb267cd7aa7964b40a63cf7141ecff509c835e9a715069218688375974a2fd24	too large (trace)
tr03-official-1/2668-cell-b-pack-0354-packfault/reference-10ms-differences.json.gz	23	f1101f8233b16d980af348db666cbdb1b9772fa79c6fa8d7d6d9550c1f6a546d	not a metric of this report
tr03-official-1/2668-cell-b-pack-0354-packfault/trace.jsonl.gz	32540641	611efaa1629c63aba1862d3341f34fcdf30cf091064a503a68760944381bd6b6	too large (trace)
tr03-official-1/2669-cell-b-pack-0355-normal-s1/reference-10ms-differences.json.gz	224076	3c68e1e2f2d021299c27923eef108ceb9003bf8896799390b50765e5b4c35594	not a metric of this report
tr03-official-1/2669-cell-b-pack-0355-normal-s1/trace.jsonl.gz	18804889	1f10ec8e33feba389f831eacf8d97c5e7c401a7a4e8e976a886b230e34c41910	too large (trace)
tr03-official-1/2670-cell-b-pack-0355-normal-s2/reference-10ms-differences.json.gz	224076	3c68e1e2f2d021299c27923eef108ceb9003bf8896799390b50765e5b4c35594	not a metric of this report
tr03-official-1/2670-cell-b-pack-0355-normal-s2/trace.jsonl.gz	18737931	8eebdc1858a234322651fd0cc2f3d57a9bf0d4a15ec26de196b9ae037ac93f49	too large (trace)
tr03-official-1/2671-cell-b-pack-0355-normal-s3/reference-10ms-differences.json.gz	224076	3c68e1e2f2d021299c27923eef108ceb9003bf8896799390b50765e5b4c35594	not a metric of this report
tr03-official-1/2671-cell-b-pack-0355-normal-s3/trace.jsonl.gz	18748752	6189218a4572c8842c6f4fa50801ede042bd7552ef75fc7a024b8d38b1491a49	too large (trace)
tr03-official-1/2672-cell-b-pack-0355-cycle-stop/reference-10ms-differences.json.gz	29784	8c2210b28280b05c2d55fd008d8c4a4c91c4ab7c96fca82a71d3856176eb414c	not a metric of this report
tr03-official-1/2672-cell-b-pack-0355-cycle-stop/trace.jsonl.gz	2229979	4476970d3430aee64111d1b183836d952354434547161563eaa007e5122ae7c2	too large (trace)
tr03-official-1/2673-cell-b-pack-0355-curtain/reference-10ms-differences.json.gz	25276	30c14ec6a38b0036f2b373a53cc7b68231ceb9f16bbea36b235e1b21a7c3e77b	not a metric of this report
tr03-official-1/2673-cell-b-pack-0355-curtain/trace.jsonl.gz	1845903	674a8d7e3a2f9abf38d4977bf0272e0edc7905bad6b1ae09708e15008867ea58	too large (trace)
tr03-official-1/2674-cell-b-pack-0355-packfault/reference-10ms-differences.json.gz	138829	970ded0184bd123da60810019a730933fa45ceca451bb100f70d1955ffaf192d	not a metric of this report
tr03-official-1/2674-cell-b-pack-0355-packfault/trace.jsonl.gz	11216583	b8487d5b3cc8c9054c089c9c5d1a9b0d4d8055e581ea5f67d2add3f2a1e539ee	too large (trace)
tr03-official-1/2675-cell-b-pack-0357-normal-s1/reference-10ms-differences.json.gz	23	f1101f8233b16d980af348db666cbdb1b9772fa79c6fa8d7d6d9550c1f6a546d	not a metric of this report
tr03-official-1/2675-cell-b-pack-0357-normal-s1/trace.jsonl.gz	73697130	19c4b661c63952e5f2e7f2c1f20d92395410dfe7a65c56690176589d0ceaa1b3	too large (trace)
tr03-official-1/2676-cell-b-pack-0357-normal-s2/reference-10ms-differences.json.gz	23	f1101f8233b16d980af348db666cbdb1b9772fa79c6fa8d7d6d9550c1f6a546d	not a metric of this report
tr03-official-1/2676-cell-b-pack-0357-normal-s2/trace.jsonl.gz	73644540	1265f3dc95f35425be790be66911de8ae330d67a04a65c68dc5b9e66b2272282	too large (trace)
tr03-official-1/2677-cell-b-pack-0357-normal-s3/reference-10ms-differences.json.gz	23	f1101f8233b16d980af348db666cbdb1b9772fa79c6fa8d7d6d9550c1f6a546d	not a metric of this report
tr03-official-1/2677-cell-b-pack-0357-normal-s3/trace.jsonl.gz	73455445	eac96badbe4977433f5a44a1044d6ec7d186e4bcf229a5ea1c1de843b89a9251	too large (trace)
tr03-official-1/2678-cell-b-pack-0357-cycle-stop/reference-10ms-differences.json.gz	23	f1101f8233b16d980af348db666cbdb1b9772fa79c6fa8d7d6d9550c1f6a546d	not a metric of this report
tr03-official-1/2678-cell-b-pack-0357-cycle-stop/trace.jsonl.gz	2574129	703c268783a51116d5de80438c7c020a372b93b34464ac36be627defe76133f4	too large (trace)
tr03-official-1/2679-cell-b-pack-0357-curtain/reference-10ms-differences.json.gz	23	f1101f8233b16d980af348db666cbdb1b9772fa79c6fa8d7d6d9550c1f6a546d	not a metric of this report
tr03-official-1/2679-cell-b-pack-0357-curtain/trace.jsonl.gz	1975513	8d319329f83b1232daed82398b3ae14fcf78c1bd0d804150b90379a496cfc3f7	too large (trace)
tr03-official-1/2680-cell-b-pack-0357-packfault/reference-10ms-differences.json.gz	90219	6dcff7ff554d817b8132db8fc9b6078730d465ec98b8179e9ab0af26b3c8f696	not a metric of this report
tr03-official-1/2680-cell-b-pack-0357-packfault/trace.jsonl.gz	32551403	3085e0f08106ffebe99bc3aeb639aeae6ff1af2259535a0a2305943810a92435	too large (trace)
tr03-official-1/2681-cell-b-pack-0358-normal-s1/reference-10ms-differences.json.gz	23	f1101f8233b16d980af348db666cbdb1b9772fa79c6fa8d7d6d9550c1f6a546d	not a metric of this report
tr03-official-1/2681-cell-b-pack-0358-normal-s1/trace.jsonl.gz	73705929	5cdcbbc29297b16b70c3260cb0dd6f60015e992e904e6cb861939e80399c1068	too large (trace)
tr03-official-1/2682-cell-b-pack-0358-normal-s2/reference-10ms-differences.json.gz	23	f1101f8233b16d980af348db666cbdb1b9772fa79c6fa8d7d6d9550c1f6a546d	not a metric of this report
tr03-official-1/2682-cell-b-pack-0358-normal-s2/trace.jsonl.gz	73632527	03bb27edd1330d39cf9230a52580e38c7e5776665724ce21fe291c2f40c57fa8	too large (trace)
tr03-official-1/2683-cell-b-pack-0358-normal-s3/reference-10ms-differences.json.gz	23	f1101f8233b16d980af348db666cbdb1b9772fa79c6fa8d7d6d9550c1f6a546d	not a metric of this report
tr03-official-1/2683-cell-b-pack-0358-normal-s3/trace.jsonl.gz	73449609	a4992c2836fc90af0e450197b5e70d81e52646e190d4061960bc8f194a0b4685	too large (trace)
tr03-official-1/2684-cell-b-pack-0358-cycle-stop/reference-10ms-differences.json.gz	23	f1101f8233b16d980af348db666cbdb1b9772fa79c6fa8d7d6d9550c1f6a546d	not a metric of this report
tr03-official-1/2684-cell-b-pack-0358-cycle-stop/trace.jsonl.gz	2581770	7d19018a426d86f120c23fae27d4ca0b63825c5b9b3c76bea83305bb8474669b	too large (trace)
tr03-official-1/2685-cell-b-pack-0358-curtain/reference-10ms-differences.json.gz	23	f1101f8233b16d980af348db666cbdb1b9772fa79c6fa8d7d6d9550c1f6a546d	not a metric of this report
tr03-official-1/2685-cell-b-pack-0358-curtain/trace.jsonl.gz	1976414	7ed414c0f180de3a9e29b256ba4d73c2847dbfa79a7015d0b9c0b81e5bede2c9	too large (trace)
tr03-official-1/2686-cell-b-pack-0358-packfault/reference-10ms-differences.json.gz	93763	9d9a6cd4aebefbd11b00ab5296d2a6499c0b5430ef82263e0d54cceb4a3bc629	not a metric of this report
tr03-official-1/2686-cell-b-pack-0358-packfault/trace.jsonl.gz	32536335	16957ac6e968d2a7272fd00227b05df620bc1ee19ccae07941aece6fbcf8be2c	too large (trace)
tr03-official-1/2687-cell-b-pack-0359-normal-s1/reference-10ms-differences.json.gz	208317	bca2177e196dcd6c1b34076eeb742515ff6866c2f8900471714d14bc83be67ec	not a metric of this report
tr03-official-1/2687-cell-b-pack-0359-normal-s1/trace.jsonl.gz	20200328	ff66b35b925e83b532245ef0a56da176d21bd7f17e630a560a86b66e0d2158f1	too large (trace)
tr03-official-1/2688-cell-b-pack-0359-normal-s2/reference-10ms-differences.json.gz	205422	8c8691856e7eadb4c78f9b281f58f34cd53f7eb65f19596d6381e15c2fb00a22	not a metric of this report
tr03-official-1/2688-cell-b-pack-0359-normal-s2/trace.jsonl.gz	21322681	d2f2b77022422ca52f581f3c2cc9894ad72ca53e1585845ff970ae2da8628b87	too large (trace)
tr03-official-1/2689-cell-b-pack-0359-normal-s3/reference-10ms-differences.json.gz	200944	02a1bce60c1ce728d8a15b5d6edc8120e3a6428dfdc520bcc0ba7b2ce1178541	not a metric of this report
tr03-official-1/2689-cell-b-pack-0359-normal-s3/trace.jsonl.gz	39547080	8d46d9fbb20bda261938f010eb8a9ef148df8a45ce07b92c0338c1f38e7d477e	too large (trace)
tr03-official-1/2690-cell-b-pack-0359-cycle-stop/reference-10ms-differences.json.gz	13776	7d79aa7ab2e9f56df7737993d52a46e7f12eaefa71bcf30e03fc2cd9ae7d9450	not a metric of this report
tr03-official-1/2690-cell-b-pack-0359-cycle-stop/trace.jsonl.gz	2484874	0d5262abfc217badc448cc38a1638ebac772264150e48a652add2945d0a57e16	too large (trace)
tr03-official-1/2691-cell-b-pack-0359-curtain/reference-10ms-differences.json.gz	23	f1101f8233b16d980af348db666cbdb1b9772fa79c6fa8d7d6d9550c1f6a546d	not a metric of this report
tr03-official-1/2691-cell-b-pack-0359-curtain/trace.jsonl.gz	1975351	d94e9622062c59514842e1afa7ad8e4a57ccf1f27f423ba17ae5168aabf66a4d	too large (trace)
tr03-official-1/2692-cell-b-pack-0359-packfault/reference-10ms-differences.json.gz	123312	448b1ed3afb0578e64acc7f4b5cbe24447517df2b27cf81e01148d0df0f70285	not a metric of this report
tr03-official-1/2692-cell-b-pack-0359-packfault/trace.jsonl.gz	12067966	6203a6c043e436796f345c2b2a7516337205cfb8f1b97de06487c7873349e878	too large (trace)
tr03-official-1/2693-cell-b-pack-0360-normal-s1/reference-10ms-differences.json.gz	206955	cd888d3d2d3e3e4f2a438122dad90bea12bf5b02647cad90c5aa31209754b4f5	not a metric of this report
tr03-official-1/2693-cell-b-pack-0360-normal-s1/trace.jsonl.gz	20213270	3796894e4130a86740ad45c84166f24095a9465c4ad166ced47515ddb5433042	too large (trace)
tr03-official-1/2694-cell-b-pack-0360-normal-s2/reference-10ms-differences.json.gz	203965	f6915acab06ff4f582e897ea77eaf6039cb5f81043616601871adc7445c294b7	not a metric of this report
tr03-official-1/2694-cell-b-pack-0360-normal-s2/trace.jsonl.gz	21331016	f59cd0902f50ceab388b00f89dcce50f4a410046f9a4c83836a3dd217e90dc3c	too large (trace)
tr03-official-1/2695-cell-b-pack-0360-normal-s3/reference-10ms-differences.json.gz	199503	a3d99df0c4f471264d7932b926413f68948ecbab9197f76d48ea70be0f890e17	not a metric of this report
tr03-official-1/2695-cell-b-pack-0360-normal-s3/trace.jsonl.gz	39619627	05ada812ac82059dee90f2ea51171d2ada9a7ac775b8e154f7324f52d0949446	too large (trace)
tr03-official-1/2696-cell-b-pack-0360-cycle-stop/reference-10ms-differences.json.gz	12489	0a90df450c5d926e5fcd7933056715e0d3251a42c0838991ef57a60cbc39bb44	not a metric of this report
tr03-official-1/2696-cell-b-pack-0360-cycle-stop/trace.jsonl.gz	2484851	324b09bdcbd42e858b0f37cd0e6898e280548d630f3a2d9357c633c677ac552d	too large (trace)
tr03-official-1/2697-cell-b-pack-0360-curtain/reference-10ms-differences.json.gz	23	f1101f8233b16d980af348db666cbdb1b9772fa79c6fa8d7d6d9550c1f6a546d	not a metric of this report
tr03-official-1/2697-cell-b-pack-0360-curtain/trace.jsonl.gz	1972640	5b35bd8c32f6517487132f7128c6ab5d25a829953c25089e9d46b4cebbd8c733	too large (trace)
tr03-official-1/2698-cell-b-pack-0360-packfault/reference-10ms-differences.json.gz	121836	c6c0030e3c78ab0bef6ff90410217a5b6fc4ef886376ca054d21d736bfb13059	not a metric of this report
tr03-official-1/2698-cell-b-pack-0360-packfault/trace.jsonl.gz	12102056	a93bd5c4d00742018aa74c85d8721689f1f4806803295615ccff99419ef47fa8	too large (trace)
tr03-official-1/2699-cell-b-pack-0361-normal-s1/reference-10ms-differences.json.gz	211271	0a5dcdfabca9fda3a8c892eac78e044cff78a5a3fbc9c4523b82fc69ecbc72f2	not a metric of this report
tr03-official-1/2699-cell-b-pack-0361-normal-s1/trace.jsonl.gz	19320042	8708cd46482bd086702cab04e7a2a070f15a40385634ca06f0fba087ea4cd25d	too large (trace)
tr03-official-1/2700-cell-b-pack-0361-normal-s2/reference-10ms-differences.json.gz	208304	d7306d4abb2ca6b8cb239c3cc3d062b3a411c329f84898bd221544e21498b8de	not a metric of this report
tr03-official-1/2700-cell-b-pack-0361-normal-s2/trace.jsonl.gz	19157803	38e3b36b3d7ab9cdd5baa877f90bbe8139af032d22645f67aad8d56856e78d8c	too large (trace)
tr03-official-1/2701-cell-b-pack-0361-normal-s3/reference-10ms-differences.json.gz	203821	ee8592d0a0d2546b56f6b395114c5688a134ddcf0fae165679636794e913b568	not a metric of this report
tr03-official-1/2701-cell-b-pack-0361-normal-s3/trace.jsonl.gz	19630997	0d91ec5fb40db4295785af8bd2f4eaf6c207ad94314710f7e46fb601fcda0ee8	too large (trace)
tr03-official-1/2702-cell-b-pack-0361-cycle-stop/reference-10ms-differences.json.gz	16823	9bbc6b949f28e6a3ad822f83f22b508ab2aab8dbedfb1ab373e673ad28d072b4	not a metric of this report
tr03-official-1/2702-cell-b-pack-0361-cycle-stop/trace.jsonl.gz	2310156	a5bf2bfd87a47511e5292f7377a14b213a04b79b0a1659616c96c0c633f1dd37	too large (trace)
tr03-official-1/2703-cell-b-pack-0361-curtain/reference-10ms-differences.json.gz	12287	c4123ae2d5fa165f8c600201e25c72977f86abf981b65db25a2bb9cb43a7d6dc	not a metric of this report
tr03-official-1/2703-cell-b-pack-0361-curtain/trace.jsonl.gz	1927054	62adc4310efa0a12dd97906e7fce41e9e4650ba202d321d4d82c4e269d8fedfd	too large (trace)
tr03-official-1/2704-cell-b-pack-0361-packfault/reference-10ms-differences.json.gz	126126	d73d30d8a8070b99c012ab05141db7575d56bdbd52ad892834ffc4534895e5f9	not a metric of this report
tr03-official-1/2704-cell-b-pack-0361-packfault/trace.jsonl.gz	11478033	166f41c2a5c8e40a396665478686eeef61b507c45fb1d6bbdc23e84616d69e14	too large (trace)
tr03-official-1/2705-cell-b-pack-0363-normal-s1/reference-10ms-differences.json.gz	23	f1101f8233b16d980af348db666cbdb1b9772fa79c6fa8d7d6d9550c1f6a546d	not a metric of this report
tr03-official-1/2705-cell-b-pack-0363-normal-s1/trace.jsonl.gz	73697474	f2a9538337a91dca3ed22c7b0f92c8cf4080e7c109bf4d0e8aa9e8164eaabce3	too large (trace)
tr03-official-1/2706-cell-b-pack-0363-normal-s2/reference-10ms-differences.json.gz	23	f1101f8233b16d980af348db666cbdb1b9772fa79c6fa8d7d6d9550c1f6a546d	not a metric of this report
tr03-official-1/2706-cell-b-pack-0363-normal-s2/trace.jsonl.gz	73639051	6d9cd45b23bb3588b92cdf9aa67424655f7a3c166fafe8e9af715e8afecb59d1	too large (trace)
tr03-official-1/2707-cell-b-pack-0363-normal-s3/reference-10ms-differences.json.gz	23	f1101f8233b16d980af348db666cbdb1b9772fa79c6fa8d7d6d9550c1f6a546d	not a metric of this report
tr03-official-1/2707-cell-b-pack-0363-normal-s3/trace.jsonl.gz	73451312	10787e505ac7c80054990f004a405362c9205afe2119f289c7d7c2b61663cdb7	too large (trace)
tr03-official-1/2708-cell-b-pack-0363-cycle-stop/reference-10ms-differences.json.gz	23	f1101f8233b16d980af348db666cbdb1b9772fa79c6fa8d7d6d9550c1f6a546d	not a metric of this report
tr03-official-1/2708-cell-b-pack-0363-cycle-stop/trace.jsonl.gz	2572284	df7e1c3df87ae99ed5720103a7e4fb489513d3d3b25e3c886b4a28c9047999fd	too large (trace)
tr03-official-1/2709-cell-b-pack-0363-curtain/reference-10ms-differences.json.gz	23	f1101f8233b16d980af348db666cbdb1b9772fa79c6fa8d7d6d9550c1f6a546d	not a metric of this report
tr03-official-1/2709-cell-b-pack-0363-curtain/trace.jsonl.gz	1985300	841aaa0d74cfecda0944a5dbac9ab4a6d215939f6ae0cacd5aa3fa1a5b79fcd7	too large (trace)
tr03-official-1/2710-cell-b-pack-0363-packfault/reference-10ms-differences.json.gz	23	f1101f8233b16d980af348db666cbdb1b9772fa79c6fa8d7d6d9550c1f6a546d	not a metric of this report
tr03-official-1/2710-cell-b-pack-0363-packfault/trace.jsonl.gz	32531475	5b36b6a7699bd4238a02f24a919497a89a13d5a9e8cd9c90db2cab3178d4fa24	too large (trace)
tr03-official-1/2711-cell-b-pack-0365-normal-s1/reference-10ms-differences.json.gz	23	f1101f8233b16d980af348db666cbdb1b9772fa79c6fa8d7d6d9550c1f6a546d	not a metric of this report
tr03-official-1/2711-cell-b-pack-0365-normal-s1/trace.jsonl.gz	73699675	fa02902da48867e5c530f368640762c45ddf86f23be62a359ea2c2fe6e774564	too large (trace)
tr03-official-1/2712-cell-b-pack-0365-normal-s2/reference-10ms-differences.json.gz	23	f1101f8233b16d980af348db666cbdb1b9772fa79c6fa8d7d6d9550c1f6a546d	not a metric of this report
tr03-official-1/2712-cell-b-pack-0365-normal-s2/trace.jsonl.gz	73626150	cbf41e6bd9289b1e25bc89c8608eb9ed950811adfe9a341dac89167a9df843bc	too large (trace)
tr03-official-1/2713-cell-b-pack-0365-normal-s3/reference-10ms-differences.json.gz	23	f1101f8233b16d980af348db666cbdb1b9772fa79c6fa8d7d6d9550c1f6a546d	not a metric of this report
tr03-official-1/2713-cell-b-pack-0365-normal-s3/trace.jsonl.gz	73446803	376fe3ac176b887f2018448a65c48ebbcbcb7606ef082b7e19122f7e20696c5a	too large (trace)
tr03-official-1/2714-cell-b-pack-0365-cycle-stop/reference-10ms-differences.json.gz	23	f1101f8233b16d980af348db666cbdb1b9772fa79c6fa8d7d6d9550c1f6a546d	not a metric of this report
tr03-official-1/2714-cell-b-pack-0365-cycle-stop/trace.jsonl.gz	2570268	4f96c37682b5fe18a60851a26e67072eb75e2121c09c4613d98c2a054d2c938e	too large (trace)
tr03-official-1/2715-cell-b-pack-0365-curtain/reference-10ms-differences.json.gz	23	f1101f8233b16d980af348db666cbdb1b9772fa79c6fa8d7d6d9550c1f6a546d	not a metric of this report
tr03-official-1/2715-cell-b-pack-0365-curtain/trace.jsonl.gz	1966461	b651f6838da1f6431590a0e7839e69c68d9c3f4f719546e5ee445737f3e67128	too large (trace)
tr03-official-1/2716-cell-b-pack-0365-packfault/reference-10ms-differences.json.gz	23	f1101f8233b16d980af348db666cbdb1b9772fa79c6fa8d7d6d9550c1f6a546d	not a metric of this report
tr03-official-1/2716-cell-b-pack-0365-packfault/trace.jsonl.gz	32541751	7dc1948790bb902e5d27a107ea374c80c0c9a70ebacc498130d6d291215fe237	too large (trace)
tr03-official-1/2717-cell-b-pack-0366-normal-s1/reference-10ms-differences.json.gz	23	f1101f8233b16d980af348db666cbdb1b9772fa79c6fa8d7d6d9550c1f6a546d	not a metric of this report
tr03-official-1/2717-cell-b-pack-0366-normal-s1/trace.jsonl.gz	73704070	40a0e8bc0fe4ce3174cbf53d1ccd3e14275c0fa6db5877d06995a8aa2ec07861	too large (trace)
tr03-official-1/2718-cell-b-pack-0366-normal-s2/reference-10ms-differences.json.gz	23	f1101f8233b16d980af348db666cbdb1b9772fa79c6fa8d7d6d9550c1f6a546d	not a metric of this report
tr03-official-1/2718-cell-b-pack-0366-normal-s2/trace.jsonl.gz	73631943	274738890314359540b15c15a92888cfb10bdfd1015d190169d9d7e27a14d7ee	too large (trace)
tr03-official-1/2719-cell-b-pack-0366-normal-s3/reference-10ms-differences.json.gz	23	f1101f8233b16d980af348db666cbdb1b9772fa79c6fa8d7d6d9550c1f6a546d	not a metric of this report
tr03-official-1/2719-cell-b-pack-0366-normal-s3/trace.jsonl.gz	73459257	939b6c8bf819a3098a90ae5cbd204c67779e8decb61cd7c5dcb6182fdab59dff	too large (trace)
tr03-official-1/2720-cell-b-pack-0366-cycle-stop/reference-10ms-differences.json.gz	23	f1101f8233b16d980af348db666cbdb1b9772fa79c6fa8d7d6d9550c1f6a546d	not a metric of this report
tr03-official-1/2720-cell-b-pack-0366-cycle-stop/trace.jsonl.gz	2582013	0e4b5e2b82d535396d93bbe0b3c25f73c82d215ceb27330bfd21dd1595a0ad55	too large (trace)
tr03-official-1/2721-cell-b-pack-0366-curtain/reference-10ms-differences.json.gz	23	f1101f8233b16d980af348db666cbdb1b9772fa79c6fa8d7d6d9550c1f6a546d	not a metric of this report
tr03-official-1/2721-cell-b-pack-0366-curtain/trace.jsonl.gz	1980804	c4a699307e2d0d4afdc603d4a911963cbb0345d0ab69f404cba45e45f561df84	too large (trace)
tr03-official-1/2722-cell-b-pack-0366-packfault/reference-10ms-differences.json.gz	23	f1101f8233b16d980af348db666cbdb1b9772fa79c6fa8d7d6d9550c1f6a546d	not a metric of this report
tr03-official-1/2722-cell-b-pack-0366-packfault/trace.jsonl.gz	32538740	195301cf35c78d4cf787d58db46962e46d45714253561092b39c146c812d7b2c	too large (trace)
tr03-official-1/2723-cell-b-pack-0367-normal-s1/reference-10ms-differences.json.gz	23	f1101f8233b16d980af348db666cbdb1b9772fa79c6fa8d7d6d9550c1f6a546d	not a metric of this report
tr03-official-1/2723-cell-b-pack-0367-normal-s1/trace.jsonl.gz	73694215	8d6d7a60098acb35fa5a2c6c902eeb58c54dccdc62b367a52dd07b989ebb8424	too large (trace)
tr03-official-1/2724-cell-b-pack-0367-normal-s2/reference-10ms-differences.json.gz	23	f1101f8233b16d980af348db666cbdb1b9772fa79c6fa8d7d6d9550c1f6a546d	not a metric of this report
tr03-official-1/2724-cell-b-pack-0367-normal-s2/trace.jsonl.gz	73637050	c3ba1c93d68b812dba2fdfff55612d5abf0f42dd3bb944dad01d56db67ab63d4	too large (trace)
tr03-official-1/2725-cell-b-pack-0367-normal-s3/reference-10ms-differences.json.gz	23	f1101f8233b16d980af348db666cbdb1b9772fa79c6fa8d7d6d9550c1f6a546d	not a metric of this report
tr03-official-1/2725-cell-b-pack-0367-normal-s3/trace.jsonl.gz	73450651	7e197ae745569d44492d49b79a074dfcfbcbc493cafc6e0f2d59c2b140b3160b	too large (trace)
tr03-official-1/2726-cell-b-pack-0367-cycle-stop/reference-10ms-differences.json.gz	23	f1101f8233b16d980af348db666cbdb1b9772fa79c6fa8d7d6d9550c1f6a546d	not a metric of this report
tr03-official-1/2726-cell-b-pack-0367-cycle-stop/trace.jsonl.gz	2571830	43b0289586af6d2ebb4354f9be9627b034a7d868ca85f26995a419e407dbd8fe	too large (trace)
tr03-official-1/2727-cell-b-pack-0367-curtain/reference-10ms-differences.json.gz	23	f1101f8233b16d980af348db666cbdb1b9772fa79c6fa8d7d6d9550c1f6a546d	not a metric of this report
tr03-official-1/2727-cell-b-pack-0367-curtain/trace.jsonl.gz	1977965	ddca0f64af8dab4423df5654050405cef83b66ad6f072415a5d8756bd56c147e	too large (trace)
tr03-official-1/2728-cell-b-pack-0367-packfault/reference-10ms-differences.json.gz	23	f1101f8233b16d980af348db666cbdb1b9772fa79c6fa8d7d6d9550c1f6a546d	not a metric of this report
tr03-official-1/2728-cell-b-pack-0367-packfault/trace.jsonl.gz	32534964	eb1f10f5731d9627cf33440900107d780aa4fb0bc4ccbdb832bac291125e51e6	too large (trace)
tr03-official-1/2729-cell-b-pack-0368-normal-s1/reference-10ms-differences.json.gz	206955	cd888d3d2d3e3e4f2a438122dad90bea12bf5b02647cad90c5aa31209754b4f5	not a metric of this report
tr03-official-1/2729-cell-b-pack-0368-normal-s1/trace.jsonl.gz	20208299	52dc6cff74218068e78aca5ab780debdece17e31fb197b70924fd416494f6b53	too large (trace)
tr03-official-1/2730-cell-b-pack-0368-normal-s2/reference-10ms-differences.json.gz	203965	f6915acab06ff4f582e897ea77eaf6039cb5f81043616601871adc7445c294b7	not a metric of this report
tr03-official-1/2730-cell-b-pack-0368-normal-s2/trace.jsonl.gz	21337911	a40be81a82674ef1e4154dbef318deca39e7efccceb400f8749be16b33ea646e	too large (trace)
tr03-official-1/2731-cell-b-pack-0368-normal-s3/reference-10ms-differences.json.gz	199503	a3d99df0c4f471264d7932b926413f68948ecbab9197f76d48ea70be0f890e17	not a metric of this report
tr03-official-1/2731-cell-b-pack-0368-normal-s3/trace.jsonl.gz	39635402	6b5a148078434763d6d57cbce793bcef98c566cdd72b10364293a1960a8373cd	too large (trace)
tr03-official-1/2732-cell-b-pack-0368-cycle-stop/reference-10ms-differences.json.gz	12489	0a90df450c5d926e5fcd7933056715e0d3251a42c0838991ef57a60cbc39bb44	not a metric of this report
tr03-official-1/2732-cell-b-pack-0368-cycle-stop/trace.jsonl.gz	2495224	10a99c1044ec361429dd05034e18564a11d20a9368705c34b974e69dbd368e80	too large (trace)
tr03-official-1/2733-cell-b-pack-0368-curtain/reference-10ms-differences.json.gz	23	f1101f8233b16d980af348db666cbdb1b9772fa79c6fa8d7d6d9550c1f6a546d	not a metric of this report
tr03-official-1/2733-cell-b-pack-0368-curtain/trace.jsonl.gz	1989176	1818d41a43904905132f505c5813de599b8bb5763bdc3ee697d257129e763217	too large (trace)
tr03-official-1/2734-cell-b-pack-0368-packfault/reference-10ms-differences.json.gz	121836	c6c0030e3c78ab0bef6ff90410217a5b6fc4ef886376ca054d21d736bfb13059	not a metric of this report
tr03-official-1/2734-cell-b-pack-0368-packfault/trace.jsonl.gz	12131888	21cee061c553a8c01008b70d845da04ee4c34d9ad99dacd9b59a146ffcdcd43a	too large (trace)
tr03-official-1/2735-cell-b-pack-0369-normal-s1/reference-10ms-differences.json.gz	23	f1101f8233b16d980af348db666cbdb1b9772fa79c6fa8d7d6d9550c1f6a546d	not a metric of this report
tr03-official-1/2735-cell-b-pack-0369-normal-s1/trace.jsonl.gz	73734692	7ccb03df6159f59fed34898541099bea793e0f6c683b53bd138aa0db6606abd7	too large (trace)
tr03-official-1/2736-cell-b-pack-0369-normal-s2/reference-10ms-differences.json.gz	23	f1101f8233b16d980af348db666cbdb1b9772fa79c6fa8d7d6d9550c1f6a546d	not a metric of this report
tr03-official-1/2736-cell-b-pack-0369-normal-s2/trace.jsonl.gz	73646748	d3a5037890c27718cf085a777c25879fdb69c91bb28c2a8413f51ef45ee987c5	too large (trace)
tr03-official-1/2737-cell-b-pack-0369-normal-s3/reference-10ms-differences.json.gz	23	f1101f8233b16d980af348db666cbdb1b9772fa79c6fa8d7d6d9550c1f6a546d	not a metric of this report
tr03-official-1/2737-cell-b-pack-0369-normal-s3/trace.jsonl.gz	73463469	6f8b3c0e0d70ba78343274524bcf655f19422ed31e31df5d1cc0a96553492aac	too large (trace)
tr03-official-1/2738-cell-b-pack-0369-cycle-stop/reference-10ms-differences.json.gz	23	f1101f8233b16d980af348db666cbdb1b9772fa79c6fa8d7d6d9550c1f6a546d	not a metric of this report
tr03-official-1/2738-cell-b-pack-0369-cycle-stop/trace.jsonl.gz	2585292	9cd7b93c670c1101d74f72edc89afeb405241aaf810c0712992f3822bd88e3b5	too large (trace)
tr03-official-1/2739-cell-b-pack-0369-curtain/reference-10ms-differences.json.gz	23	f1101f8233b16d980af348db666cbdb1b9772fa79c6fa8d7d6d9550c1f6a546d	not a metric of this report
tr03-official-1/2739-cell-b-pack-0369-curtain/trace.jsonl.gz	1974850	4a8e518c3afe049c31193006cb8250e6db7ab8076d465d7ccdbe38bd652b8958	too large (trace)
tr03-official-1/2740-cell-b-pack-0369-packfault/reference-10ms-differences.json.gz	23	f1101f8233b16d980af348db666cbdb1b9772fa79c6fa8d7d6d9550c1f6a546d	not a metric of this report
tr03-official-1/2740-cell-b-pack-0369-packfault/trace.jsonl.gz	32548651	7449d7d62d547cf00bc42b9586804719f7ed493a70311e03a93b6d90d24d249d	too large (trace)
tr03-official-1/2741-cell-b-pack-0371-normal-s1/reference-10ms-differences.json.gz	223900	6d8e755c5022b3856edbe646a14733dc9cab4d5c3a7cb8fbd6ea834cfed7f143	not a metric of this report
tr03-official-1/2741-cell-b-pack-0371-normal-s1/trace.jsonl.gz	18784624	93f67f6498e50f2d72e27e5eafab6878b8d91ca9bfba887427b6a91c4a5b4b63	too large (trace)
tr03-official-1/2742-cell-b-pack-0371-normal-s2/reference-10ms-differences.json.gz	223900	6d8e755c5022b3856edbe646a14733dc9cab4d5c3a7cb8fbd6ea834cfed7f143	not a metric of this report
tr03-official-1/2742-cell-b-pack-0371-normal-s2/trace.jsonl.gz	18748241	4f4991520603464db3cc19330df32b400f21784a49401d4359da1cee6afebfd3	too large (trace)
tr03-official-1/2743-cell-b-pack-0371-normal-s3/reference-10ms-differences.json.gz	223900	6d8e755c5022b3856edbe646a14733dc9cab4d5c3a7cb8fbd6ea834cfed7f143	not a metric of this report
tr03-official-1/2743-cell-b-pack-0371-normal-s3/trace.jsonl.gz	18697753	876496efbab41701b0b1d6048ca1c823d7b18250c5378932b5a6cd48aef2295a	too large (trace)
tr03-official-1/2744-cell-b-pack-0371-cycle-stop/reference-10ms-differences.json.gz	29609	2c880def83fbaa413508d1839363a38596664095e076caf4c4dc51b36aced434	not a metric of this report
tr03-official-1/2744-cell-b-pack-0371-cycle-stop/trace.jsonl.gz	2211914	5ea67c70177e2e2d638726c81dd0631eacff236bb39ab953b2eb1d9d129a92f3	too large (trace)
tr03-official-1/2745-cell-b-pack-0371-curtain/reference-10ms-differences.json.gz	25098	4cfdf4cf1c0fc2dd5fc89fbab5d381ef17bf033622a063e357631f07c4696264	not a metric of this report
tr03-official-1/2745-cell-b-pack-0371-curtain/trace.jsonl.gz	1841482	80cc20601013dffdbc687f65ac1a7d28ea1df63e1cef975f8b05bf1119dc114e	too large (trace)
tr03-official-1/2746-cell-b-pack-0371-packfault/reference-10ms-differences.json.gz	138971	fd944acfe139d95a0c72f35978418051c70b0b4b08624ee57154298c0200526b	not a metric of this report
tr03-official-1/2746-cell-b-pack-0371-packfault/trace.jsonl.gz	11192117	c3a836fd84e761b10e237c481317e197d7180118c03cde20868511ef974d81e3	too large (trace)
tr03-official-1/2747-cell-b-pack-0372-normal-s1/reference-10ms-differences.json.gz	116502	ade3d19c48c6a299f737a2a4e0c8c996996d71bb94bd0e6e89f1db165dc74f41	not a metric of this report
tr03-official-1/2747-cell-b-pack-0372-normal-s1/trace.jsonl.gz	74067795	da80a26a22582f9668327464e86e3d463ed1b6b52c8dc19e0a00c4122a112293	too large (trace)
tr03-official-1/2748-cell-b-pack-0372-normal-s2/reference-10ms-differences.json.gz	117019	120eb58837dfa4ac2859644760561b5a33b24ba74559a5518a0b692cf1be8536	not a metric of this report
tr03-official-1/2748-cell-b-pack-0372-normal-s2/trace.jsonl.gz	74010548	333873d40383ddae62d53303b50db5a19a20d5bdd9199b7926b46b5e88c306d2	too large (trace)
tr03-official-1/2749-cell-b-pack-0372-normal-s3/reference-10ms-differences.json.gz	167118	12150c5869e985a04f034dc22869e4239e11797d07d1f5b6162f08088db3e232	not a metric of this report
tr03-official-1/2749-cell-b-pack-0372-normal-s3/trace.jsonl.gz	73562470	256ce1068af7620207690c31e12372b437955dfb362b0ae9b9b7baf9c8777fba	too large (trace)
tr03-official-1/2750-cell-b-pack-0372-cycle-stop/reference-10ms-differences.json.gz	4990	126654718273a037086cd6f464af66fab53feddb493b89b3ba8ebfeae6acaa42	not a metric of this report
tr03-official-1/2750-cell-b-pack-0372-cycle-stop/trace.jsonl.gz	2615661	4009d43fe688c85099bf5ab3acb014ae2817428e560363a596947ae6994c4ae8	too large (trace)
tr03-official-1/2751-cell-b-pack-0372-curtain/reference-10ms-differences.json.gz	23	f1101f8233b16d980af348db666cbdb1b9772fa79c6fa8d7d6d9550c1f6a546d	not a metric of this report
tr03-official-1/2751-cell-b-pack-0372-curtain/trace.jsonl.gz	1973832	55897741ab2bc134f1b7d80d5fbba3b599c1612b388b7cf81cadc4f9ba948dc9	too large (trace)
tr03-official-1/2752-cell-b-pack-0372-packfault/reference-10ms-differences.json.gz	23	f1101f8233b16d980af348db666cbdb1b9772fa79c6fa8d7d6d9550c1f6a546d	not a metric of this report
tr03-official-1/2752-cell-b-pack-0372-packfault/trace.jsonl.gz	32545528	029be2fda39609575ee464bda74d23729193f017daf9b2e0e22dc34b4571f880	too large (trace)
tr03-official-1/2753-cell-b-pack-0374-normal-s1/reference-10ms-differences.json.gz	119679	a5a56f5d33b22d3905bf66ba671038d66fb45d2d3059d4650ca75fb9d51cfbe7	not a metric of this report
tr03-official-1/2753-cell-b-pack-0374-normal-s1/trace.jsonl.gz	73854434	27af0d86f640a6c0a17d21f4b4e24ee64e0ab32b44a287455b81ce1fb05991b2	too large (trace)
tr03-official-1/2754-cell-b-pack-0374-normal-s2/reference-10ms-differences.json.gz	119125	8dc4887133280ba8300794f34eff1061de32c976f195e14c18ec6e4318a5800e	not a metric of this report
tr03-official-1/2754-cell-b-pack-0374-normal-s2/trace.jsonl.gz	73921372	a00f78663b1a8d081a6a1354ae75d71a65669120e7b6ceef657b1307ab81aa3e	too large (trace)
tr03-official-1/2755-cell-b-pack-0374-normal-s3/reference-10ms-differences.json.gz	167771	749178d08454175c674387de293b6de833d2c93d3dbc7997972de0d5a0482eb3	not a metric of this report
tr03-official-1/2755-cell-b-pack-0374-normal-s3/trace.jsonl.gz	73420241	6e95e44f9a9ec6b5d4c68e07efe904f0f0bec913edc3bae42d3f23614c16af4d	too large (trace)
tr03-official-1/2756-cell-b-pack-0374-cycle-stop/reference-10ms-differences.json.gz	23	f1101f8233b16d980af348db666cbdb1b9772fa79c6fa8d7d6d9550c1f6a546d	not a metric of this report
tr03-official-1/2756-cell-b-pack-0374-cycle-stop/trace.jsonl.gz	2577140	081ceec3294946604f932d48a3fbdd2508e3f65f2819089c90dfaf29a8d1fdfc	too large (trace)
tr03-official-1/2757-cell-b-pack-0374-curtain/reference-10ms-differences.json.gz	23	f1101f8233b16d980af348db666cbdb1b9772fa79c6fa8d7d6d9550c1f6a546d	not a metric of this report
tr03-official-1/2757-cell-b-pack-0374-curtain/trace.jsonl.gz	1974944	de10b65547fcf376a34115c7d02686b5ab75a8a576bc7da5b4be13afcb92447d	too large (trace)
tr03-official-1/2758-cell-b-pack-0374-packfault/reference-10ms-differences.json.gz	23	f1101f8233b16d980af348db666cbdb1b9772fa79c6fa8d7d6d9550c1f6a546d	not a metric of this report
tr03-official-1/2758-cell-b-pack-0374-packfault/trace.jsonl.gz	32538435	8b86e0a4c0cf333ea00cdef187db4b0e23e255c4a2d70929795e73597ce98c64	too large (trace)
tr03-official-1/2759-cell-b-pack-0375-normal-s1/reference-10ms-differences.json.gz	23	f1101f8233b16d980af348db666cbdb1b9772fa79c6fa8d7d6d9550c1f6a546d	not a metric of this report
tr03-official-1/2759-cell-b-pack-0375-normal-s1/trace.jsonl.gz	73695972	6e883fa07fa082d2d8c1edbd70f1923cc62d2f13258c19b7722dc766fde792b8	too large (trace)
tr03-official-1/2760-cell-b-pack-0375-normal-s2/reference-10ms-differences.json.gz	23	f1101f8233b16d980af348db666cbdb1b9772fa79c6fa8d7d6d9550c1f6a546d	not a metric of this report
tr03-official-1/2760-cell-b-pack-0375-normal-s2/trace.jsonl.gz	73636719	633649280e798790e4a43ae6798a6e2630965c7749ca25665b3e69d571fcfaaf	too large (trace)
tr03-official-1/2761-cell-b-pack-0375-normal-s3/reference-10ms-differences.json.gz	23	f1101f8233b16d980af348db666cbdb1b9772fa79c6fa8d7d6d9550c1f6a546d	not a metric of this report
tr03-official-1/2761-cell-b-pack-0375-normal-s3/trace.jsonl.gz	73447635	e39275f992d264e53a4e0969621786af22fc0c4e0ced4cf3b9a5ea6f08c49d89	too large (trace)
tr03-official-1/2762-cell-b-pack-0375-cycle-stop/reference-10ms-differences.json.gz	23	f1101f8233b16d980af348db666cbdb1b9772fa79c6fa8d7d6d9550c1f6a546d	not a metric of this report
tr03-official-1/2762-cell-b-pack-0375-cycle-stop/trace.jsonl.gz	2571803	5eeabacabc8c93ecb4a4487b6ace998f0e42faa93b5e7b356dc9a43ab7a03d9d	too large (trace)
tr03-official-1/2763-cell-b-pack-0375-curtain/reference-10ms-differences.json.gz	23	f1101f8233b16d980af348db666cbdb1b9772fa79c6fa8d7d6d9550c1f6a546d	not a metric of this report
tr03-official-1/2763-cell-b-pack-0375-curtain/trace.jsonl.gz	1983439	35763739a727dda399f157c998291810ebf189e561114b1e257f93c1cd98fdd5	too large (trace)
tr03-official-1/2764-cell-b-pack-0375-packfault/reference-10ms-differences.json.gz	23	f1101f8233b16d980af348db666cbdb1b9772fa79c6fa8d7d6d9550c1f6a546d	not a metric of this report
tr03-official-1/2764-cell-b-pack-0375-packfault/trace.jsonl.gz	32538655	ca91e9b9edccfede3db11e84e7f88bc0ca8e69ed6adf9030cbcb3c1e66bde280	too large (trace)
tr03-official-1/2765-cell-b-pack-0377-normal-s1/reference-10ms-differences.json.gz	133741	8703e7a27d68d2fd3febb2185e29289fa66ff697fa22facdde91026fb1c0af4c	not a metric of this report
tr03-official-1/2765-cell-b-pack-0377-normal-s1/trace.jsonl.gz	74012060	a54798c7008dba26229ef71a2ae69e4b45e5cebe5b84fcbc872480de366df643	too large (trace)
tr03-official-1/2766-cell-b-pack-0377-normal-s2/reference-10ms-differences.json.gz	132850	9c48fc2166f50eb4d189bab822e69e301a5b4c49df135990441161546adac1fe	not a metric of this report
tr03-official-1/2766-cell-b-pack-0377-normal-s2/trace.jsonl.gz	74042978	0979956c767180415ed13b43351c987edcaa26c064fe924327a7d1074ee7679b	too large (trace)
tr03-official-1/2767-cell-b-pack-0377-normal-s3/reference-10ms-differences.json.gz	181137	5be9c9335ff888e59a6e9572eaad548fb5218751ba0d7d079e3093f667524c69	not a metric of this report
tr03-official-1/2767-cell-b-pack-0377-normal-s3/trace.jsonl.gz	73523812	349cccf955cd3d716376b8ae4629f4bdd4bc873288e14d7f4e2a44004f65c05d	too large (trace)
tr03-official-1/2768-cell-b-pack-0377-cycle-stop/reference-10ms-differences.json.gz	23	f1101f8233b16d980af348db666cbdb1b9772fa79c6fa8d7d6d9550c1f6a546d	not a metric of this report
tr03-official-1/2768-cell-b-pack-0377-cycle-stop/trace.jsonl.gz	2572223	74fc3a484c61fb021503cbfbede08ca941391917f3fa765dcfe10cf43eaf02ab	too large (trace)
tr03-official-1/2769-cell-b-pack-0377-curtain/reference-10ms-differences.json.gz	23	f1101f8233b16d980af348db666cbdb1b9772fa79c6fa8d7d6d9550c1f6a546d	not a metric of this report
tr03-official-1/2769-cell-b-pack-0377-curtain/trace.jsonl.gz	1976446	75de1bd734bb3ec52fe3bbd8414558817ae6648bb3665e9194ab93c11b318f52	too large (trace)
tr03-official-1/2770-cell-b-pack-0377-packfault/reference-10ms-differences.json.gz	23	f1101f8233b16d980af348db666cbdb1b9772fa79c6fa8d7d6d9550c1f6a546d	not a metric of this report
tr03-official-1/2770-cell-b-pack-0377-packfault/trace.jsonl.gz	32540415	21c27b4448cf856612ec096945d714a43f38f7fe63c111562d3861c98efaa132	too large (trace)
tr03-official-1/2771-cell-b-pack-0379-normal-s1/reference-10ms-differences.json.gz	23	f1101f8233b16d980af348db666cbdb1b9772fa79c6fa8d7d6d9550c1f6a546d	not a metric of this report
tr03-official-1/2771-cell-b-pack-0379-normal-s1/trace.jsonl.gz	73717847	08012e5b2dcb187a29a55b9bfa6ca285293da38ccd91775d20b2f4c189025524	too large (trace)
tr03-official-1/2772-cell-b-pack-0379-normal-s2/reference-10ms-differences.json.gz	23	f1101f8233b16d980af348db666cbdb1b9772fa79c6fa8d7d6d9550c1f6a546d	not a metric of this report
tr03-official-1/2772-cell-b-pack-0379-normal-s2/trace.jsonl.gz	73632206	2c1c21a5e18eebf429fe411a9a76a749433f41dc8915a13d850fb11a440a5644	too large (trace)
tr03-official-1/2773-cell-b-pack-0379-normal-s3/reference-10ms-differences.json.gz	23	f1101f8233b16d980af348db666cbdb1b9772fa79c6fa8d7d6d9550c1f6a546d	not a metric of this report
tr03-official-1/2773-cell-b-pack-0379-normal-s3/trace.jsonl.gz	73454989	a4f33aa70bf4d861a0877131d4df6af12bdea132241ed1448fb12c46ea9823e6	too large (trace)
tr03-official-1/2774-cell-b-pack-0379-cycle-stop/reference-10ms-differences.json.gz	23	f1101f8233b16d980af348db666cbdb1b9772fa79c6fa8d7d6d9550c1f6a546d	not a metric of this report
tr03-official-1/2774-cell-b-pack-0379-cycle-stop/trace.jsonl.gz	2583448	2d18dcf1cfbe0356795830caa472dd87076158e3f65439b2156c80c69de501cf	too large (trace)
tr03-official-1/2775-cell-b-pack-0379-curtain/reference-10ms-differences.json.gz	23	f1101f8233b16d980af348db666cbdb1b9772fa79c6fa8d7d6d9550c1f6a546d	not a metric of this report
tr03-official-1/2775-cell-b-pack-0379-curtain/trace.jsonl.gz	1985772	78dacc586c473d6428ad0c77c63771ee48dd95201461889ce026640acae6a8e5	too large (trace)
tr03-official-1/2776-cell-b-pack-0379-packfault/reference-10ms-differences.json.gz	23	f1101f8233b16d980af348db666cbdb1b9772fa79c6fa8d7d6d9550c1f6a546d	not a metric of this report
tr03-official-1/2776-cell-b-pack-0379-packfault/trace.jsonl.gz	32540019	69b74fca78295359c441c6c692239aafcdc4ad84bac58e36876a83f5bd0453a4	too large (trace)
tr03-official-1/2777-cell-b-pack-0380-normal-s1/reference-10ms-differences.json.gz	257130	e35b96273df34e73d4768555b4de9b07362a3ce212a2fc03827d5a616d0fab27	not a metric of this report
tr03-official-1/2777-cell-b-pack-0380-normal-s1/trace.jsonl.gz	73582031	d56ec97a05228e68f62ae488fed1f4e4bddcdc29592350d1d2dff09e2de01c6c	too large (trace)
tr03-official-1/2778-cell-b-pack-0380-normal-s2/reference-10ms-differences.json.gz	258435	048dac79c2b1810affe494c30dea7f37f3f6ff287d9edf19877fcbaac4863068	not a metric of this report
tr03-official-1/2778-cell-b-pack-0380-normal-s2/trace.jsonl.gz	73576524	4e8c1bc37948028a2c00188685d8bf9aa039a82715c3132b40a4c004003c1c60	too large (trace)
tr03-official-1/2779-cell-b-pack-0380-normal-s3/reference-10ms-differences.json.gz	305764	6e25f49eacd81ac7a06d2a51bbb20f11e6adf88b3be0bc4ba31db6629db4abaa	not a metric of this report
tr03-official-1/2779-cell-b-pack-0380-normal-s3/trace.jsonl.gz	73408374	26a784b87e1902dcd0fdd51954cae6676c39c9677113fb100d54858ce598488d	too large (trace)
tr03-official-1/2780-cell-b-pack-0380-cycle-stop/reference-10ms-differences.json.gz	10732	df7865e33c58d9e41e47111cfdca01bc98a7c90cb6c76e9f62579a93b061f824	not a metric of this report
tr03-official-1/2780-cell-b-pack-0380-cycle-stop/trace.jsonl.gz	2571881	c99b1cd349ab6976f8410207a49ac6aaa71544b312c8f92cd20c33f7a4b3ac13	too large (trace)
tr03-official-1/2781-cell-b-pack-0380-curtain/reference-10ms-differences.json.gz	23	f1101f8233b16d980af348db666cbdb1b9772fa79c6fa8d7d6d9550c1f6a546d	not a metric of this report
tr03-official-1/2781-cell-b-pack-0380-curtain/trace.jsonl.gz	1985778	30df4d53294e702d7c811a71a10fb2baf52edb216d369f5bbeacc50853cab7f9	too large (trace)
tr03-official-1/2782-cell-b-pack-0380-packfault/reference-10ms-differences.json.gz	144218	cd9d416672113782a8e9902418b8aebd9362745bc5e6c228b2274451f5879d0f	not a metric of this report
tr03-official-1/2782-cell-b-pack-0380-packfault/trace.jsonl.gz	32483462	1de9579986dcccc011dbaa6c736a8d440cbd6368803b49f2f6402b8dabab7af4	too large (trace)
tr03-official-1/2783-cell-b-pack-0381-normal-s1/reference-10ms-differences.json.gz	255217	dcefb12a7669ecd07b1d47187f1a2b044cec3d5b0eb91c5896b946e4a3802645	not a metric of this report
tr03-official-1/2783-cell-b-pack-0381-normal-s1/trace.jsonl.gz	73652682	9e1489a34180abb16342588d92ebcf2b0b2f45dcaf7defc20415429c2c696fcb	too large (trace)
tr03-official-1/2784-cell-b-pack-0381-normal-s2/reference-10ms-differences.json.gz	249271	c44c4c09074b7f0c1e815652d707f68c81b1002da72653aefa4fe8ce564cc96e	not a metric of this report
tr03-official-1/2784-cell-b-pack-0381-normal-s2/trace.jsonl.gz	73594058	a534851263ba26cb90100b99b64245b87d20f24eb3d87f66222b10054eac6d07	too large (trace)
tr03-official-1/2785-cell-b-pack-0381-normal-s3/reference-10ms-differences.json.gz	289040	9cd55e8df6b620cd84fd8bb9e52d6eea7e840c3e7018afc0bc87bded7511b1b8	not a metric of this report
tr03-official-1/2785-cell-b-pack-0381-normal-s3/trace.jsonl.gz	73390060	20a54beff905100b367d13cd7a3fc557a02293f303fc2c1d9a13cd4299d4b14b	too large (trace)
tr03-official-1/2786-cell-b-pack-0381-cycle-stop/reference-10ms-differences.json.gz	14722	fa11847fc5b186261ceb5b68ccaf81933674e02871a9d00bc2b7fe591a179c72	not a metric of this report
tr03-official-1/2786-cell-b-pack-0381-cycle-stop/trace.jsonl.gz	2572276	8a26c46d1e01e4cdcec67b043f17f9327f0428ebdf0a0ab2475aedd9eadb85a2	too large (trace)
tr03-official-1/2787-cell-b-pack-0381-curtain/reference-10ms-differences.json.gz	23	f1101f8233b16d980af348db666cbdb1b9772fa79c6fa8d7d6d9550c1f6a546d	not a metric of this report
tr03-official-1/2787-cell-b-pack-0381-curtain/trace.jsonl.gz	1967729	ba35f4933913d83a156c87752f4061bbe96f5f849cbf2a0ffae161a6cd95bc30	too large (trace)
tr03-official-1/2788-cell-b-pack-0381-packfault/reference-10ms-differences.json.gz	139231	212254d72c318ab0ecc1e1321c738a062daa0a5158be87d18b65d99fa584771a	not a metric of this report
tr03-official-1/2788-cell-b-pack-0381-packfault/trace.jsonl.gz	32468167	938d35dc6ed22bcfac6535d3ae3d3ffecf1718d2652e0ef473900729e55661d5	too large (trace)
tr03-official-1/2789-cell-b-pack-0383-normal-s1/reference-10ms-differences.json.gz	23	f1101f8233b16d980af348db666cbdb1b9772fa79c6fa8d7d6d9550c1f6a546d	not a metric of this report
tr03-official-1/2789-cell-b-pack-0383-normal-s1/trace.jsonl.gz	73704599	3a97bd73551e3bc00fc23f35160842666885771f10c932ca8a2967b836b87c8a	too large (trace)
tr03-official-1/2790-cell-b-pack-0383-normal-s2/reference-10ms-differences.json.gz	23	f1101f8233b16d980af348db666cbdb1b9772fa79c6fa8d7d6d9550c1f6a546d	not a metric of this report
tr03-official-1/2790-cell-b-pack-0383-normal-s2/trace.jsonl.gz	73631871	37023120834e13ff3bf98da5b960dec4171957e1ee57209e29975ada50bd21dc	too large (trace)
tr03-official-1/2791-cell-b-pack-0383-normal-s3/reference-10ms-differences.json.gz	23	f1101f8233b16d980af348db666cbdb1b9772fa79c6fa8d7d6d9550c1f6a546d	not a metric of this report
tr03-official-1/2791-cell-b-pack-0383-normal-s3/trace.jsonl.gz	73450851	c2404eb83f0b3c458e17633d8213ba7974d5175b43bea2e02869070be68d2c79	too large (trace)
tr03-official-1/2792-cell-b-pack-0383-cycle-stop/reference-10ms-differences.json.gz	23	f1101f8233b16d980af348db666cbdb1b9772fa79c6fa8d7d6d9550c1f6a546d	not a metric of this report
tr03-official-1/2792-cell-b-pack-0383-cycle-stop/trace.jsonl.gz	2580100	63709fbed93431bad4b50d10493c19f01c783350793f6d9d0d54318cc386a574	too large (trace)
tr03-official-1/2793-cell-b-pack-0383-curtain/reference-10ms-differences.json.gz	23	f1101f8233b16d980af348db666cbdb1b9772fa79c6fa8d7d6d9550c1f6a546d	not a metric of this report
tr03-official-1/2793-cell-b-pack-0383-curtain/trace.jsonl.gz	1979781	90c3665f920cdec471fb219624911d48d00c6efd8439b6c87726dc91bf40518a	too large (trace)
tr03-official-1/2794-cell-b-pack-0383-packfault/reference-10ms-differences.json.gz	23	f1101f8233b16d980af348db666cbdb1b9772fa79c6fa8d7d6d9550c1f6a546d	not a metric of this report
tr03-official-1/2794-cell-b-pack-0383-packfault/trace.jsonl.gz	32539535	5773fb02fa5fca69e2cdef0fa695f2aa1a032b3b3e6b6713d147c17abaa897ba	too large (trace)
tr03-official-1/2795-cell-b-pack-0384-normal-s1/reference-10ms-differences.json.gz	23	f1101f8233b16d980af348db666cbdb1b9772fa79c6fa8d7d6d9550c1f6a546d	not a metric of this report
tr03-official-1/2795-cell-b-pack-0384-normal-s1/trace.jsonl.gz	73704644	f1f7edbed10f712170855fba50b42226344425de0af39534ca255aadfa7f0e9c	too large (trace)
tr03-official-1/2796-cell-b-pack-0384-normal-s2/reference-10ms-differences.json.gz	23	f1101f8233b16d980af348db666cbdb1b9772fa79c6fa8d7d6d9550c1f6a546d	not a metric of this report
tr03-official-1/2796-cell-b-pack-0384-normal-s2/trace.jsonl.gz	73628709	166795ab0d1d65bae260a16636160157f44462abcb0f2822aa0998bbbabd2cdf	too large (trace)
tr03-official-1/2797-cell-b-pack-0384-normal-s3/reference-10ms-differences.json.gz	23	f1101f8233b16d980af348db666cbdb1b9772fa79c6fa8d7d6d9550c1f6a546d	not a metric of this report
tr03-official-1/2797-cell-b-pack-0384-normal-s3/trace.jsonl.gz	73453995	52744ca758929a393a6c3cb5dabfd1f987fbf8f8ababa4d7118d07b26dc249d0	too large (trace)
tr03-official-1/2798-cell-b-pack-0384-cycle-stop/reference-10ms-differences.json.gz	23	f1101f8233b16d980af348db666cbdb1b9772fa79c6fa8d7d6d9550c1f6a546d	not a metric of this report
tr03-official-1/2798-cell-b-pack-0384-cycle-stop/trace.jsonl.gz	2578336	594d8fc5ddff313571f92d07737728c5bc366ccfcfa4f47480631747cdc4d5fb	too large (trace)
tr03-official-1/2799-cell-b-pack-0384-curtain/reference-10ms-differences.json.gz	23	f1101f8233b16d980af348db666cbdb1b9772fa79c6fa8d7d6d9550c1f6a546d	not a metric of this report
tr03-official-1/2799-cell-b-pack-0384-curtain/trace.jsonl.gz	1981539	a1a1f80e7c54ee2d7cb4f000651d0abe316557e8ff91872ed93e7f71651745c1	too large (trace)
tr03-official-1/2800-cell-b-pack-0384-packfault/reference-10ms-differences.json.gz	1512	903b72ed698e8aaa993a4175d2a14847ae0804f6c8eb9d59620a4b40b2ae7a7a	not a metric of this report
tr03-official-1/2800-cell-b-pack-0384-packfault/trace.jsonl.gz	32545002	f94e06f24af840a2cd192e3ee8f444dced8e2b30999e7e109975c0f727be7fa4	too large (trace)
tr03-official-1/2801-cell-b-pack-0385-normal-s1/reference-10ms-differences.json.gz	23	f1101f8233b16d980af348db666cbdb1b9772fa79c6fa8d7d6d9550c1f6a546d	not a metric of this report
tr03-official-1/2801-cell-b-pack-0385-normal-s1/trace.jsonl.gz	73702776	982434cdec4c7349fe1c9da625125e1bde959834defa1e1e6df9c3cf85c30130	too large (trace)
tr03-official-1/2802-cell-b-pack-0385-normal-s2/reference-10ms-differences.json.gz	23	f1101f8233b16d980af348db666cbdb1b9772fa79c6fa8d7d6d9550c1f6a546d	not a metric of this report
tr03-official-1/2802-cell-b-pack-0385-normal-s2/trace.jsonl.gz	73646298	392418fcb9dc59e62a92d5df071774dfb7cb353bdb389e0897c21f44620e1db6	too large (trace)
tr03-official-1/2803-cell-b-pack-0385-normal-s3/reference-10ms-differences.json.gz	23	f1101f8233b16d980af348db666cbdb1b9772fa79c6fa8d7d6d9550c1f6a546d	not a metric of this report
tr03-official-1/2803-cell-b-pack-0385-normal-s3/trace.jsonl.gz	73449116	7f8fd065a4882a6581d9ae40578af2e30ac2af390a17b224d76ba85bdde7e799	too large (trace)
tr03-official-1/2804-cell-b-pack-0385-cycle-stop/reference-10ms-differences.json.gz	23	f1101f8233b16d980af348db666cbdb1b9772fa79c6fa8d7d6d9550c1f6a546d	not a metric of this report
tr03-official-1/2804-cell-b-pack-0385-cycle-stop/trace.jsonl.gz	2572978	97f7e30fdf2d3c9a14d7f0e2999768029a6dfc8ca4d75e9eef19d324d85d2a56	too large (trace)
tr03-official-1/2805-cell-b-pack-0385-curtain/reference-10ms-differences.json.gz	23	f1101f8233b16d980af348db666cbdb1b9772fa79c6fa8d7d6d9550c1f6a546d	not a metric of this report
tr03-official-1/2805-cell-b-pack-0385-curtain/trace.jsonl.gz	1970218	da0fbadf833ebc5543337498ac84641de3042f7a1063cabdf9b39410c890c212	too large (trace)
tr03-official-1/2806-cell-b-pack-0385-packfault/reference-10ms-differences.json.gz	23	f1101f8233b16d980af348db666cbdb1b9772fa79c6fa8d7d6d9550c1f6a546d	not a metric of this report
tr03-official-1/2806-cell-b-pack-0385-packfault/trace.jsonl.gz	32542141	919b0f0533a00fdda8245c66cf584150d1c2060438cd7650ccf185057eb33f32	too large (trace)
tr03-official-1/2807-cell-b-pack-0386-normal-s1/reference-10ms-differences.json.gz	23	f1101f8233b16d980af348db666cbdb1b9772fa79c6fa8d7d6d9550c1f6a546d	not a metric of this report
tr03-official-1/2807-cell-b-pack-0386-normal-s1/trace.jsonl.gz	73701360	25f08039715a187364ff5a9cf89879621b808fbb686ec630691cb8b5b76ddab9	too large (trace)
tr03-official-1/2808-cell-b-pack-0386-normal-s2/reference-10ms-differences.json.gz	23	f1101f8233b16d980af348db666cbdb1b9772fa79c6fa8d7d6d9550c1f6a546d	not a metric of this report
tr03-official-1/2808-cell-b-pack-0386-normal-s2/trace.jsonl.gz	73642176	3c1c7db54038ae958c0aea63b0bef6d792288cdeeb20d839c8489145ecc5df9b	too large (trace)
tr03-official-1/2809-cell-b-pack-0386-normal-s3/reference-10ms-differences.json.gz	23	f1101f8233b16d980af348db666cbdb1b9772fa79c6fa8d7d6d9550c1f6a546d	not a metric of this report
tr03-official-1/2809-cell-b-pack-0386-normal-s3/trace.jsonl.gz	73457752	ac49b632e300d764e91778d409df7786aab2ddaf7a706a9519c512a72a09de5d	too large (trace)
tr03-official-1/2810-cell-b-pack-0386-cycle-stop/reference-10ms-differences.json.gz	23	f1101f8233b16d980af348db666cbdb1b9772fa79c6fa8d7d6d9550c1f6a546d	not a metric of this report
tr03-official-1/2810-cell-b-pack-0386-cycle-stop/trace.jsonl.gz	2576126	604eb7aebda34e05396abaf182846b76ee59b10add1621c0643648e7f753e9de	too large (trace)
tr03-official-1/2811-cell-b-pack-0386-curtain/reference-10ms-differences.json.gz	23	f1101f8233b16d980af348db666cbdb1b9772fa79c6fa8d7d6d9550c1f6a546d	not a metric of this report
tr03-official-1/2811-cell-b-pack-0386-curtain/trace.jsonl.gz	1969903	10becb1b23a3bdb2956e413788949dc4da43471730c1e8584275f3457246533b	too large (trace)
tr03-official-1/2812-cell-b-pack-0386-packfault/reference-10ms-differences.json.gz	23	f1101f8233b16d980af348db666cbdb1b9772fa79c6fa8d7d6d9550c1f6a546d	not a metric of this report
tr03-official-1/2812-cell-b-pack-0386-packfault/trace.jsonl.gz	32539242	7e9b26e6d12c3c1b297046ee0d39bc48f90fe8c70d162bd3b44cb0e21e83d459	too large (trace)
tr03-official-1/2813-cell-b-pack-0387-normal-s1/reference-10ms-differences.json.gz	23	f1101f8233b16d980af348db666cbdb1b9772fa79c6fa8d7d6d9550c1f6a546d	not a metric of this report
tr03-official-1/2813-cell-b-pack-0387-normal-s1/trace.jsonl.gz	73711424	4e5e756c6f17cffa25f4f9dee6096f8ec9f041016df8dee9bfd55537ee28390b	too large (trace)
tr03-official-1/2814-cell-b-pack-0387-normal-s2/reference-10ms-differences.json.gz	23	f1101f8233b16d980af348db666cbdb1b9772fa79c6fa8d7d6d9550c1f6a546d	not a metric of this report
tr03-official-1/2814-cell-b-pack-0387-normal-s2/trace.jsonl.gz	73632685	d684fd72df8e70aa0bff8a98bb7b1ec559b42ff546dda32fd7aeb1e3e688997f	too large (trace)
tr03-official-1/2815-cell-b-pack-0387-normal-s3/reference-10ms-differences.json.gz	23	f1101f8233b16d980af348db666cbdb1b9772fa79c6fa8d7d6d9550c1f6a546d	not a metric of this report
tr03-official-1/2815-cell-b-pack-0387-normal-s3/trace.jsonl.gz	73453480	547222d1ba05eb5236f66cb764d1abc25bcf5fc8d9324283a7c6ca4d3088e682	too large (trace)
tr03-official-1/2816-cell-b-pack-0387-cycle-stop/reference-10ms-differences.json.gz	23	f1101f8233b16d980af348db666cbdb1b9772fa79c6fa8d7d6d9550c1f6a546d	not a metric of this report
tr03-official-1/2816-cell-b-pack-0387-cycle-stop/trace.jsonl.gz	2584602	c358d19b792a5b4992acbccd612696c1b39b525fd36de205a301ca8637c61e85	too large (trace)
tr03-official-1/2817-cell-b-pack-0387-curtain/reference-10ms-differences.json.gz	23	f1101f8233b16d980af348db666cbdb1b9772fa79c6fa8d7d6d9550c1f6a546d	not a metric of this report
tr03-official-1/2817-cell-b-pack-0387-curtain/trace.jsonl.gz	1993426	997b186b5b1891ff961ccab81be135737be35fe11f15a8ffbfb86a5be2c79c9b	too large (trace)
tr03-official-1/2818-cell-b-pack-0387-packfault/reference-10ms-differences.json.gz	90411	a62bf012f3e5f962f99c04abb567cd8cac945ddb27e659211cdb58a20fa9b3e1	not a metric of this report
tr03-official-1/2818-cell-b-pack-0387-packfault/trace.jsonl.gz	32585655	98f53241b0d846548669fe9a188394c5a1c27c05b11e717d38d74f948ea57a60	too large (trace)
tr03-official-1/2819-cell-b-pack-0389-normal-s1/reference-10ms-differences.json.gz	88755	d6de1223bf1267f096daa048fc94a3c14d4c8ea60c313f2d4a31441375fc69e7	not a metric of this report
tr03-official-1/2819-cell-b-pack-0389-normal-s1/trace.jsonl.gz	73710590	6c5f29426f8018b0f6569a0697a902ef83e4aebcbfdf25984bce7bff751cf11b	too large (trace)
tr03-official-1/2820-cell-b-pack-0389-normal-s2/reference-10ms-differences.json.gz	88784	8ffbaf536a72e24a38861b2a0db9959de673a89c9d11e7663161146029f92e26	not a metric of this report
tr03-official-1/2820-cell-b-pack-0389-normal-s2/trace.jsonl.gz	73649904	6c771b6a25a3964d8980e9ca55119579def2fc5f4c161dcb08d768650b48f770	too large (trace)
tr03-official-1/2821-cell-b-pack-0389-normal-s3/reference-10ms-differences.json.gz	87315	8faff7d303059339308bf3e83b3605e7ee824a92f0b53fabc67a5d00eba5c0f3	not a metric of this report
tr03-official-1/2821-cell-b-pack-0389-normal-s3/trace.jsonl.gz	73460456	8f2eeff44e288628d6d14cbd80456643427da52d61f64e2f83f2447af6acdd67	too large (trace)
tr03-official-1/2822-cell-b-pack-0389-cycle-stop/reference-10ms-differences.json.gz	11721	70d69a730033eafd0f08e5197721d2426ca96ba2da77b0c0a6050d24d95a001e	not a metric of this report
tr03-official-1/2822-cell-b-pack-0389-cycle-stop/trace.jsonl.gz	2585693	70e2d4d100e8a8f7c42a392955d7451fe517ca8ada7f27a62f70e6adacee30b1	too large (trace)
tr03-official-1/2823-cell-b-pack-0389-curtain/reference-10ms-differences.json.gz	14370	9bc2d420ae48cb2f66921a0037f5b54ecf593ac5469ccef56bf0c92bea4015c1	not a metric of this report
tr03-official-1/2823-cell-b-pack-0389-curtain/trace.jsonl.gz	1984201	03e91e4f4bf91d5b89f6c770b466cc99a23ab6a8b603ed01101fa0f5b80cabab	too large (trace)
tr03-official-1/2824-cell-b-pack-0389-packfault/reference-10ms-differences.json.gz	129730	32b0d0446461fb1287a63db3b72b3de7c97fa4198bd3b7bae5779919064832ae	not a metric of this report
tr03-official-1/2824-cell-b-pack-0389-packfault/trace.jsonl.gz	32575875	3e4cd5bb92ae870b01daaf420a9cbdcc7ef19052dd0f17e918af69faee18da88	too large (trace)
tr03-official-1/2825-cell-b-pack-0390-normal-s1/reference-10ms-differences.json.gz	23	f1101f8233b16d980af348db666cbdb1b9772fa79c6fa8d7d6d9550c1f6a546d	not a metric of this report
tr03-official-1/2825-cell-b-pack-0390-normal-s1/trace.jsonl.gz	73704781	1004e39507bc06729d474d874601d9690975b023c44007cfe9308299efb34743	too large (trace)
tr03-official-1/2826-cell-b-pack-0390-normal-s2/reference-10ms-differences.json.gz	23	f1101f8233b16d980af348db666cbdb1b9772fa79c6fa8d7d6d9550c1f6a546d	not a metric of this report
tr03-official-1/2826-cell-b-pack-0390-normal-s2/trace.jsonl.gz	73641821	e05c44db81467b2edcf4afbb1540aed464ee22dcda741d77430fefabbced7d67	too large (trace)
tr03-official-1/2827-cell-b-pack-0390-normal-s3/reference-10ms-differences.json.gz	23	f1101f8233b16d980af348db666cbdb1b9772fa79c6fa8d7d6d9550c1f6a546d	not a metric of this report
tr03-official-1/2827-cell-b-pack-0390-normal-s3/trace.jsonl.gz	73448939	fc9bfc47c02f31aa06a9246bb9b7978edb9d9389715a8873806e137d854f1a26	too large (trace)
tr03-official-1/2828-cell-b-pack-0390-cycle-stop/reference-10ms-differences.json.gz	23	f1101f8233b16d980af348db666cbdb1b9772fa79c6fa8d7d6d9550c1f6a546d	not a metric of this report
tr03-official-1/2828-cell-b-pack-0390-cycle-stop/trace.jsonl.gz	2583290	d5e4c3abc5ec390484dcab245213b41166b91ae46b35ed5755bdbd3ba0d6cdb5	too large (trace)
tr03-official-1/2829-cell-b-pack-0390-curtain/reference-10ms-differences.json.gz	23	f1101f8233b16d980af348db666cbdb1b9772fa79c6fa8d7d6d9550c1f6a546d	not a metric of this report
tr03-official-1/2829-cell-b-pack-0390-curtain/trace.jsonl.gz	1980688	4493496817700d00736b928c5cd13d3984982871ad09bfa8705525985a65fcbf	too large (trace)
tr03-official-1/2830-cell-b-pack-0390-packfault/reference-10ms-differences.json.gz	23	f1101f8233b16d980af348db666cbdb1b9772fa79c6fa8d7d6d9550c1f6a546d	not a metric of this report
tr03-official-1/2830-cell-b-pack-0390-packfault/trace.jsonl.gz	32536678	9ad3d9aa4190881c4f2a1b4912cb10dc403e7cf2845be1190ae5367d9c38a5db	too large (trace)
tr03-official-1/2831-cell-b-pack-0391-normal-s1/reference-10ms-differences.json.gz	23	f1101f8233b16d980af348db666cbdb1b9772fa79c6fa8d7d6d9550c1f6a546d	not a metric of this report
tr03-official-1/2831-cell-b-pack-0391-normal-s1/trace.jsonl.gz	73694907	73c0739fe4b091806a9b17f484cdcc35b3b3ed3ec16ec71f7373ed1aca66c127	too large (trace)
tr03-official-1/2832-cell-b-pack-0391-normal-s2/reference-10ms-differences.json.gz	23	f1101f8233b16d980af348db666cbdb1b9772fa79c6fa8d7d6d9550c1f6a546d	not a metric of this report
tr03-official-1/2832-cell-b-pack-0391-normal-s2/trace.jsonl.gz	73636173	df999c314299dfe8729052824a1567b93b6bd9f5829e82339f68204495094a01	too large (trace)
tr03-official-1/2833-cell-b-pack-0391-normal-s3/reference-10ms-differences.json.gz	23	f1101f8233b16d980af348db666cbdb1b9772fa79c6fa8d7d6d9550c1f6a546d	not a metric of this report
tr03-official-1/2833-cell-b-pack-0391-normal-s3/trace.jsonl.gz	73453937	e5860d928a3d2ea10d2f5ca97873b135d3f8ee796bae3987f36d50be3aa40eda	too large (trace)
tr03-official-1/2834-cell-b-pack-0391-cycle-stop/reference-10ms-differences.json.gz	23	f1101f8233b16d980af348db666cbdb1b9772fa79c6fa8d7d6d9550c1f6a546d	not a metric of this report
tr03-official-1/2834-cell-b-pack-0391-cycle-stop/trace.jsonl.gz	2573995	71e2465c89425f1e2df42f84cac478ba5f1b74cb639b96c006ce5f6d52d4ab79	too large (trace)
tr03-official-1/2835-cell-b-pack-0391-curtain/reference-10ms-differences.json.gz	23	f1101f8233b16d980af348db666cbdb1b9772fa79c6fa8d7d6d9550c1f6a546d	not a metric of this report
tr03-official-1/2835-cell-b-pack-0391-curtain/trace.jsonl.gz	1977900	f8a0de22b47accd1e1d0b1fd2e6569dc50358329a39f02ee426bbf626c69cd71	too large (trace)
tr03-official-1/2836-cell-b-pack-0391-packfault/reference-10ms-differences.json.gz	23	f1101f8233b16d980af348db666cbdb1b9772fa79c6fa8d7d6d9550c1f6a546d	not a metric of this report
tr03-official-1/2836-cell-b-pack-0391-packfault/trace.jsonl.gz	32534835	8feb64f3ab3c8bbb1dfe543fe32ba1a4064804501ebe6ef5faae3e57e19cf3b0	too large (trace)
tr03-official-1/2837-cell-b-pack-0392-normal-s1/reference-10ms-differences.json.gz	23	f1101f8233b16d980af348db666cbdb1b9772fa79c6fa8d7d6d9550c1f6a546d	not a metric of this report
tr03-official-1/2837-cell-b-pack-0392-normal-s1/trace.jsonl.gz	73705513	ff683b48e2f167522f541117bc54c98fb05dd46ed7873085ecb9c5cda8093dfb	too large (trace)
tr03-official-1/2838-cell-b-pack-0392-normal-s2/reference-10ms-differences.json.gz	23	f1101f8233b16d980af348db666cbdb1b9772fa79c6fa8d7d6d9550c1f6a546d	not a metric of this report
tr03-official-1/2838-cell-b-pack-0392-normal-s2/trace.jsonl.gz	73623556	86ce2a051faec6296015531ed9a5981d3d52593274cd8a34d2e876ecbe79f9a1	too large (trace)
tr03-official-1/2839-cell-b-pack-0392-normal-s3/reference-10ms-differences.json.gz	23	f1101f8233b16d980af348db666cbdb1b9772fa79c6fa8d7d6d9550c1f6a546d	not a metric of this report
tr03-official-1/2839-cell-b-pack-0392-normal-s3/trace.jsonl.gz	73454573	e45b7899dfdacc13a4ce31824ba1035cce2c7a49e740ed22938c9663188722b7	too large (trace)
tr03-official-1/2840-cell-b-pack-0392-cycle-stop/reference-10ms-differences.json.gz	23	f1101f8233b16d980af348db666cbdb1b9772fa79c6fa8d7d6d9550c1f6a546d	not a metric of this report
tr03-official-1/2840-cell-b-pack-0392-cycle-stop/trace.jsonl.gz	2569388	c3f476b3848f42cd0bf143b8dfd5c5b1858309cc17db8d30a5f306e32cf50dd4	too large (trace)
tr03-official-1/2841-cell-b-pack-0392-curtain/reference-10ms-differences.json.gz	23	f1101f8233b16d980af348db666cbdb1b9772fa79c6fa8d7d6d9550c1f6a546d	not a metric of this report
tr03-official-1/2841-cell-b-pack-0392-curtain/trace.jsonl.gz	1968952	39237d2573440935089fbf5856a671ad703f058e9065f575e82d8d6c0ab90231	too large (trace)
tr03-official-1/2842-cell-b-pack-0392-packfault/reference-10ms-differences.json.gz	23	f1101f8233b16d980af348db666cbdb1b9772fa79c6fa8d7d6d9550c1f6a546d	not a metric of this report
tr03-official-1/2842-cell-b-pack-0392-packfault/trace.jsonl.gz	32541846	9f2eaf496e25bf2338c1ea97d135e73597b1da251a94adb4bea0246c310e4e91	too large (trace)
tr03-official-1/2843-cell-b-pack-0394-normal-s1/reference-10ms-differences.json.gz	23	f1101f8233b16d980af348db666cbdb1b9772fa79c6fa8d7d6d9550c1f6a546d	not a metric of this report
tr03-official-1/2843-cell-b-pack-0394-normal-s1/trace.jsonl.gz	73705335	66e975119eec80a63050944ec3c086fe411c52a4b72ca322c937c6bc4a6cc3de	too large (trace)
tr03-official-1/2844-cell-b-pack-0394-normal-s2/reference-10ms-differences.json.gz	23	f1101f8233b16d980af348db666cbdb1b9772fa79c6fa8d7d6d9550c1f6a546d	not a metric of this report
tr03-official-1/2844-cell-b-pack-0394-normal-s2/trace.jsonl.gz	73636710	cb1f36a5164c1220f59f7d4db9e754406b4936d69aeb1426141cce1006b7f196	too large (trace)
tr03-official-1/2845-cell-b-pack-0394-normal-s3/reference-10ms-differences.json.gz	23	f1101f8233b16d980af348db666cbdb1b9772fa79c6fa8d7d6d9550c1f6a546d	not a metric of this report
tr03-official-1/2845-cell-b-pack-0394-normal-s3/trace.jsonl.gz	73447718	e620e59afbcc86b28cae7c793d658c7a9049e32bd414100dcdf60dbc3f09d988	too large (trace)
tr03-official-1/2846-cell-b-pack-0394-cycle-stop/reference-10ms-differences.json.gz	23	f1101f8233b16d980af348db666cbdb1b9772fa79c6fa8d7d6d9550c1f6a546d	not a metric of this report
tr03-official-1/2846-cell-b-pack-0394-cycle-stop/trace.jsonl.gz	2582810	4ebc0f16be7550357c35ef6e123cd0823326051f8778b4a62c0d383686126b2f	too large (trace)
tr03-official-1/2847-cell-b-pack-0394-curtain/reference-10ms-differences.json.gz	23	f1101f8233b16d980af348db666cbdb1b9772fa79c6fa8d7d6d9550c1f6a546d	not a metric of this report
tr03-official-1/2847-cell-b-pack-0394-curtain/trace.jsonl.gz	1975258	3fde3d217a8c7428b1adffb15ee0c9446ffe12a90e8903831da3541db993f9a3	too large (trace)
tr03-official-1/2848-cell-b-pack-0394-packfault/reference-10ms-differences.json.gz	23	f1101f8233b16d980af348db666cbdb1b9772fa79c6fa8d7d6d9550c1f6a546d	not a metric of this report
tr03-official-1/2848-cell-b-pack-0394-packfault/trace.jsonl.gz	32536026	82ed4e016cf09c42369e956664ca64ecb5db29e6f367830d2464bb7e5d2c6884	too large (trace)
tr03-official-1/2849-cell-b-pack-0395-normal-s1/reference-10ms-differences.json.gz	23	f1101f8233b16d980af348db666cbdb1b9772fa79c6fa8d7d6d9550c1f6a546d	not a metric of this report
tr03-official-1/2849-cell-b-pack-0395-normal-s1/trace.jsonl.gz	73705708	ee833cf608f651747a3f1fa772659dae85f4ace7a55c9c8f4ef7d83894216eda	too large (trace)
tr03-official-1/2850-cell-b-pack-0395-normal-s2/reference-10ms-differences.json.gz	23	f1101f8233b16d980af348db666cbdb1b9772fa79c6fa8d7d6d9550c1f6a546d	not a metric of this report
tr03-official-1/2850-cell-b-pack-0395-normal-s2/trace.jsonl.gz	73638894	103d5e8516c57710688132575cc806fd94f5c175b3e7c63764c0c93d40b7bbb1	too large (trace)
tr03-official-1/2851-cell-b-pack-0395-normal-s3/reference-10ms-differences.json.gz	23	f1101f8233b16d980af348db666cbdb1b9772fa79c6fa8d7d6d9550c1f6a546d	not a metric of this report
tr03-official-1/2851-cell-b-pack-0395-normal-s3/trace.jsonl.gz	73452055	f2a24914c74668bb956504226781bf9a6e057b54c320e1ee8f1657a9730e8b41	too large (trace)
tr03-official-1/2852-cell-b-pack-0395-cycle-stop/reference-10ms-differences.json.gz	23	f1101f8233b16d980af348db666cbdb1b9772fa79c6fa8d7d6d9550c1f6a546d	not a metric of this report
tr03-official-1/2852-cell-b-pack-0395-cycle-stop/trace.jsonl.gz	2586940	9c8a85de7e06bfb8973560d1bc63947e8d0ad6c46742c35c12dae1bd4c30c3ea	too large (trace)
tr03-official-1/2853-cell-b-pack-0395-curtain/reference-10ms-differences.json.gz	23	f1101f8233b16d980af348db666cbdb1b9772fa79c6fa8d7d6d9550c1f6a546d	not a metric of this report
tr03-official-1/2853-cell-b-pack-0395-curtain/trace.jsonl.gz	1978758	960f182e47fac7711836fbbac5ee41864f4cbbcef677713eac1220c873ef91aa	too large (trace)
tr03-official-1/2854-cell-b-pack-0395-packfault/reference-10ms-differences.json.gz	23	f1101f8233b16d980af348db666cbdb1b9772fa79c6fa8d7d6d9550c1f6a546d	not a metric of this report
tr03-official-1/2854-cell-b-pack-0395-packfault/trace.jsonl.gz	32543240	0ffd1fc226e47163b1891228740e6e7101914f8c33c537f43a5e81fcee865a28	too large (trace)
tr03-official-1/2855-cell-b-pack-0396-normal-s1/reference-10ms-differences.json.gz	23	f1101f8233b16d980af348db666cbdb1b9772fa79c6fa8d7d6d9550c1f6a546d	not a metric of this report
tr03-official-1/2855-cell-b-pack-0396-normal-s1/trace.jsonl.gz	73707790	a2d72df2338801f14c77d626975ce92179345967631df5e850c5313fc0238a56	too large (trace)
tr03-official-1/2856-cell-b-pack-0396-normal-s2/reference-10ms-differences.json.gz	23	f1101f8233b16d980af348db666cbdb1b9772fa79c6fa8d7d6d9550c1f6a546d	not a metric of this report
tr03-official-1/2856-cell-b-pack-0396-normal-s2/trace.jsonl.gz	73638604	97ff7f9b2298073a1903026ade4dc5e26359fed2925d3ccfc0aca9e2f4284111	too large (trace)
tr03-official-1/2857-cell-b-pack-0396-normal-s3/reference-10ms-differences.json.gz	23	f1101f8233b16d980af348db666cbdb1b9772fa79c6fa8d7d6d9550c1f6a546d	not a metric of this report
tr03-official-1/2857-cell-b-pack-0396-normal-s3/trace.jsonl.gz	73448844	a116cfff2828a0eba98e51457139a67d7974775b0034bf39b31ea2e57aa64b19	too large (trace)
tr03-official-1/2858-cell-b-pack-0396-cycle-stop/reference-10ms-differences.json.gz	23	f1101f8233b16d980af348db666cbdb1b9772fa79c6fa8d7d6d9550c1f6a546d	not a metric of this report
tr03-official-1/2858-cell-b-pack-0396-cycle-stop/trace.jsonl.gz	2575642	70b4f46049a0e47f6ec3a0733aa3945ed2552bcb26afc2d16b9a2c5a188329ea	too large (trace)
tr03-official-1/2859-cell-b-pack-0396-curtain/reference-10ms-differences.json.gz	23	f1101f8233b16d980af348db666cbdb1b9772fa79c6fa8d7d6d9550c1f6a546d	not a metric of this report
tr03-official-1/2859-cell-b-pack-0396-curtain/trace.jsonl.gz	1985762	88e23ed3f2a0e93932c41ce3ab5020e483fc1c5becf2f211efef39c27be995e2	too large (trace)
tr03-official-1/2860-cell-b-pack-0396-packfault/reference-10ms-differences.json.gz	23	f1101f8233b16d980af348db666cbdb1b9772fa79c6fa8d7d6d9550c1f6a546d	not a metric of this report
tr03-official-1/2860-cell-b-pack-0396-packfault/trace.jsonl.gz	32547448	19adc0946a288c254c292da1687db662e26efa2cba7df04ae9114e1e37537a47	too large (trace)
tr03-official-1/2861-cell-b-pack-0397-normal-s1/reference-10ms-differences.json.gz	23	f1101f8233b16d980af348db666cbdb1b9772fa79c6fa8d7d6d9550c1f6a546d	not a metric of this report
tr03-official-1/2861-cell-b-pack-0397-normal-s1/trace.jsonl.gz	73701325	133b8a159b67f95aab263550fe90ed6fa0936dfc2e135f2f167f5947ff2c8684	too large (trace)
tr03-official-1/2862-cell-b-pack-0397-normal-s2/reference-10ms-differences.json.gz	23	f1101f8233b16d980af348db666cbdb1b9772fa79c6fa8d7d6d9550c1f6a546d	not a metric of this report
tr03-official-1/2862-cell-b-pack-0397-normal-s2/trace.jsonl.gz	73640150	71e23e1251f3e22f2c8f29b0cb103e2240532dfaa71409aac819c75812659006	too large (trace)
tr03-official-1/2863-cell-b-pack-0397-normal-s3/reference-10ms-differences.json.gz	23	f1101f8233b16d980af348db666cbdb1b9772fa79c6fa8d7d6d9550c1f6a546d	not a metric of this report
tr03-official-1/2863-cell-b-pack-0397-normal-s3/trace.jsonl.gz	73452811	18abaf3f8d6b4365dd588d82f1104c19302d9c918885f28f7af6da135319ecd7	too large (trace)
tr03-official-1/2864-cell-b-pack-0397-cycle-stop/reference-10ms-differences.json.gz	23	f1101f8233b16d980af348db666cbdb1b9772fa79c6fa8d7d6d9550c1f6a546d	not a metric of this report
tr03-official-1/2864-cell-b-pack-0397-cycle-stop/trace.jsonl.gz	2574984	ddf0af6b0ce78db6932dcbf63f8391e0dca76a8b14a509e4622a9916ca2d0fa9	too large (trace)
tr03-official-1/2865-cell-b-pack-0397-curtain/reference-10ms-differences.json.gz	23	f1101f8233b16d980af348db666cbdb1b9772fa79c6fa8d7d6d9550c1f6a546d	not a metric of this report
tr03-official-1/2865-cell-b-pack-0397-curtain/trace.jsonl.gz	1970452	7f6340afeaa541e4698f822b7a5a965e688000d845825828c207b1ae3df0bf56	too large (trace)
tr03-official-1/2866-cell-b-pack-0397-packfault/reference-10ms-differences.json.gz	23	f1101f8233b16d980af348db666cbdb1b9772fa79c6fa8d7d6d9550c1f6a546d	not a metric of this report
tr03-official-1/2866-cell-b-pack-0397-packfault/trace.jsonl.gz	32537174	ea3ed9bffca64b8b17717095b76d951630087f9a2e8ae1231bc22be2af53c049	too large (trace)
tr03-official-1/2867-cell-b-pack-0398-normal-s1/reference-10ms-differences.json.gz	23	f1101f8233b16d980af348db666cbdb1b9772fa79c6fa8d7d6d9550c1f6a546d	not a metric of this report
tr03-official-1/2867-cell-b-pack-0398-normal-s1/trace.jsonl.gz	73710713	e8de6b784864470acf599a90224b6766e9beeb1f6170268cd2ddf03982c4263f	too large (trace)
tr03-official-1/2868-cell-b-pack-0398-normal-s2/reference-10ms-differences.json.gz	23	f1101f8233b16d980af348db666cbdb1b9772fa79c6fa8d7d6d9550c1f6a546d	not a metric of this report
tr03-official-1/2868-cell-b-pack-0398-normal-s2/trace.jsonl.gz	73637728	7bde4fe3a8b9d4312c0e56c96ae0963ac46cda989bc8d73c161f8711286a8677	too large (trace)
tr03-official-1/2869-cell-b-pack-0398-normal-s3/reference-10ms-differences.json.gz	23	f1101f8233b16d980af348db666cbdb1b9772fa79c6fa8d7d6d9550c1f6a546d	not a metric of this report
tr03-official-1/2869-cell-b-pack-0398-normal-s3/trace.jsonl.gz	73456515	e85a9b56403148bdc78aae1816492097547d3951b1871843944f28a927dcce6d	too large (trace)
tr03-official-1/2870-cell-b-pack-0398-cycle-stop/reference-10ms-differences.json.gz	23	f1101f8233b16d980af348db666cbdb1b9772fa79c6fa8d7d6d9550c1f6a546d	not a metric of this report
tr03-official-1/2870-cell-b-pack-0398-cycle-stop/trace.jsonl.gz	2584650	b7c4fb544a2466b15c1bd978d7647467807af06b00151f3e9c1b758f67dcc9e9	too large (trace)
tr03-official-1/2871-cell-b-pack-0398-curtain/reference-10ms-differences.json.gz	23	f1101f8233b16d980af348db666cbdb1b9772fa79c6fa8d7d6d9550c1f6a546d	not a metric of this report
tr03-official-1/2871-cell-b-pack-0398-curtain/trace.jsonl.gz	1981461	a5543eb517f75905dba9c13d13a24e478ab52156f0f6f9ec9e09bf68f10b5b54	too large (trace)
tr03-official-1/2872-cell-b-pack-0398-packfault/reference-10ms-differences.json.gz	23	f1101f8233b16d980af348db666cbdb1b9772fa79c6fa8d7d6d9550c1f6a546d	not a metric of this report
tr03-official-1/2872-cell-b-pack-0398-packfault/trace.jsonl.gz	32540570	e13c0cbbb7b3d812dbd83927f9b5a1e92c5416111f6b0e726792a0e3dc9480a4	too large (trace)
tr03-official-1/2873-cell-b-pack-0399-normal-s1/reference-10ms-differences.json.gz	23	f1101f8233b16d980af348db666cbdb1b9772fa79c6fa8d7d6d9550c1f6a546d	not a metric of this report
tr03-official-1/2873-cell-b-pack-0399-normal-s1/trace.jsonl.gz	73711296	dcd21e4cf5123cb12d8731037d36e1c8af27c6f852a3873f4362ee50bfda0ba4	too large (trace)
tr03-official-1/2874-cell-b-pack-0399-normal-s2/reference-10ms-differences.json.gz	23	f1101f8233b16d980af348db666cbdb1b9772fa79c6fa8d7d6d9550c1f6a546d	not a metric of this report
tr03-official-1/2874-cell-b-pack-0399-normal-s2/trace.jsonl.gz	73637074	500a032c5fa8fee753010a27795e22762dae369bd7e7bcf030837de1b697971d	too large (trace)
tr03-official-1/2875-cell-b-pack-0399-normal-s3/reference-10ms-differences.json.gz	23	f1101f8233b16d980af348db666cbdb1b9772fa79c6fa8d7d6d9550c1f6a546d	not a metric of this report
tr03-official-1/2875-cell-b-pack-0399-normal-s3/trace.jsonl.gz	73458803	8184a54b5b249dd50aaa3360eae14d3a93980143282d181730cbb91d2a620792	too large (trace)
tr03-official-1/2876-cell-b-pack-0399-cycle-stop/reference-10ms-differences.json.gz	23	f1101f8233b16d980af348db666cbdb1b9772fa79c6fa8d7d6d9550c1f6a546d	not a metric of this report
tr03-official-1/2876-cell-b-pack-0399-cycle-stop/trace.jsonl.gz	2590425	402e8a162137f3cf6ccfa02cc7f0d68dd53bcc346efb20236386184b567cbb80	too large (trace)
tr03-official-1/2877-cell-b-pack-0399-curtain/reference-10ms-differences.json.gz	23	f1101f8233b16d980af348db666cbdb1b9772fa79c6fa8d7d6d9550c1f6a546d	not a metric of this report
tr03-official-1/2877-cell-b-pack-0399-curtain/trace.jsonl.gz	1986919	b454907e712858314553b2de65c50a6265d874133e05856546a9ebc8709b86b3	too large (trace)
tr03-official-1/2878-cell-b-pack-0399-packfault/reference-10ms-differences.json.gz	23	f1101f8233b16d980af348db666cbdb1b9772fa79c6fa8d7d6d9550c1f6a546d	not a metric of this report
tr03-official-1/2878-cell-b-pack-0399-packfault/trace.jsonl.gz	32548655	e8e906915aaeaa4ce307a64bdb90d24288c59ebbf71a9ddc802431a30320248f	too large (trace)
tr03-official-1/2879-cell-b-pack-0400-normal-s1/reference-10ms-differences.json.gz	23	f1101f8233b16d980af348db666cbdb1b9772fa79c6fa8d7d6d9550c1f6a546d	not a metric of this report
tr03-official-1/2879-cell-b-pack-0400-normal-s1/trace.jsonl.gz	73708348	f6cca42633cb3f9acee657b2bf4e0d65760c9898064aaa9e5d30685c70eea388	too large (trace)
tr03-official-1/2880-cell-b-pack-0400-normal-s2/reference-10ms-differences.json.gz	23	f1101f8233b16d980af348db666cbdb1b9772fa79c6fa8d7d6d9550c1f6a546d	not a metric of this report
tr03-official-1/2880-cell-b-pack-0400-normal-s2/trace.jsonl.gz	73635477	00e642d93fe6fa2d0493d19220e96076a2ebac0b06d4b70cf7c1c4c17c84c6e0	too large (trace)
tr03-official-1/2881-cell-b-pack-0400-normal-s3/reference-10ms-differences.json.gz	23	f1101f8233b16d980af348db666cbdb1b9772fa79c6fa8d7d6d9550c1f6a546d	not a metric of this report
tr03-official-1/2881-cell-b-pack-0400-normal-s3/trace.jsonl.gz	73452380	7c0c12e85668fe9b93a0836c63d6a601821dc6d96e8d19db1e1c83f598fe66f9	too large (trace)
tr03-official-1/2882-cell-b-pack-0400-cycle-stop/reference-10ms-differences.json.gz	23	f1101f8233b16d980af348db666cbdb1b9772fa79c6fa8d7d6d9550c1f6a546d	not a metric of this report
tr03-official-1/2882-cell-b-pack-0400-cycle-stop/trace.jsonl.gz	2573985	0129a6c1f504a3fc28e3c7dc8c8fc6560b91c0a4d3180d65cde262187c9f8915	too large (trace)
tr03-official-1/2883-cell-b-pack-0400-curtain/reference-10ms-differences.json.gz	23	f1101f8233b16d980af348db666cbdb1b9772fa79c6fa8d7d6d9550c1f6a546d	not a metric of this report
tr03-official-1/2883-cell-b-pack-0400-curtain/trace.jsonl.gz	1975898	e113321302497d29c850380f8e540db014b309a3ebbe4fa1b0a4ca2e54c9dde0	too large (trace)
tr03-official-1/2884-cell-b-pack-0400-packfault/reference-10ms-differences.json.gz	23	f1101f8233b16d980af348db666cbdb1b9772fa79c6fa8d7d6d9550c1f6a546d	not a metric of this report
tr03-official-1/2884-cell-b-pack-0400-packfault/trace.jsonl.gz	32542213	5ac477b9b8640a39e2ba651881a500b5a8cc5a52ab65baa8a4ad797d2c3a3a10	too large (trace)
tr03-official-1/2885-cell-b-pack-0401-normal-s1/reference-10ms-differences.json.gz	23	f1101f8233b16d980af348db666cbdb1b9772fa79c6fa8d7d6d9550c1f6a546d	not a metric of this report
tr03-official-1/2885-cell-b-pack-0401-normal-s1/trace.jsonl.gz	73696018	321992272f7b0042d883420791bfe930743ef1bcc25856f2b049a8cc155f50ef	too large (trace)
tr03-official-1/2886-cell-b-pack-0401-normal-s2/reference-10ms-differences.json.gz	23	f1101f8233b16d980af348db666cbdb1b9772fa79c6fa8d7d6d9550c1f6a546d	not a metric of this report
tr03-official-1/2886-cell-b-pack-0401-normal-s2/trace.jsonl.gz	73635005	5be1d3c49241cc6338b3905a739d9bf528846473ba8c3742921431556457476b	too large (trace)
tr03-official-1/2887-cell-b-pack-0401-normal-s3/reference-10ms-differences.json.gz	23	f1101f8233b16d980af348db666cbdb1b9772fa79c6fa8d7d6d9550c1f6a546d	not a metric of this report
tr03-official-1/2887-cell-b-pack-0401-normal-s3/trace.jsonl.gz	73452767	f2d9433c9978dfe806dd1ede8ebe6dc13433614ec53c060ae0f13b898e5e9a94	too large (trace)
tr03-official-1/2888-cell-b-pack-0401-cycle-stop/reference-10ms-differences.json.gz	23	f1101f8233b16d980af348db666cbdb1b9772fa79c6fa8d7d6d9550c1f6a546d	not a metric of this report
tr03-official-1/2888-cell-b-pack-0401-cycle-stop/trace.jsonl.gz	2572993	41e305e59e0c74e55ac205b74bfa35906444c840d4f0952ac4a7d63379cbd76e	too large (trace)
tr03-official-1/2889-cell-b-pack-0401-curtain/reference-10ms-differences.json.gz	23	f1101f8233b16d980af348db666cbdb1b9772fa79c6fa8d7d6d9550c1f6a546d	not a metric of this report
tr03-official-1/2889-cell-b-pack-0401-curtain/trace.jsonl.gz	1976663	11b73b06ac3ab62831af5b18b206b73db4f6468e4267c1827bef72155464e2b9	too large (trace)
tr03-official-1/2890-cell-b-pack-0401-packfault/reference-10ms-differences.json.gz	23	f1101f8233b16d980af348db666cbdb1b9772fa79c6fa8d7d6d9550c1f6a546d	not a metric of this report
tr03-official-1/2890-cell-b-pack-0401-packfault/trace.jsonl.gz	32539150	4df5e8e3a8eed95cd8394f05a2380a86ca1feada43e634bb3bd3d852ad79638d	too large (trace)
tr03-official-1/2891-cell-b-pack-0402-normal-s1/reference-10ms-differences.json.gz	23	f1101f8233b16d980af348db666cbdb1b9772fa79c6fa8d7d6d9550c1f6a546d	not a metric of this report
tr03-official-1/2891-cell-b-pack-0402-normal-s1/trace.jsonl.gz	73693030	23fe39172025789336d438991435243b68a1ebe2babbec314dae17322d6316da	too large (trace)
tr03-official-1/2892-cell-b-pack-0402-normal-s2/reference-10ms-differences.json.gz	23	f1101f8233b16d980af348db666cbdb1b9772fa79c6fa8d7d6d9550c1f6a546d	not a metric of this report
tr03-official-1/2892-cell-b-pack-0402-normal-s2/trace.jsonl.gz	73634302	e2d3467ffc55e323cfe0f364f233b99a617304bc5e6bf35fd412f92a9e9ede85	too large (trace)
tr03-official-1/2893-cell-b-pack-0402-normal-s3/reference-10ms-differences.json.gz	23	f1101f8233b16d980af348db666cbdb1b9772fa79c6fa8d7d6d9550c1f6a546d	not a metric of this report
tr03-official-1/2893-cell-b-pack-0402-normal-s3/trace.jsonl.gz	73451706	27f4089aab3f8266d5dfbcb0c0c68a43d21536c41e7c01866cdc190296119a4f	too large (trace)
tr03-official-1/2894-cell-b-pack-0402-cycle-stop/reference-10ms-differences.json.gz	23	f1101f8233b16d980af348db666cbdb1b9772fa79c6fa8d7d6d9550c1f6a546d	not a metric of this report
tr03-official-1/2894-cell-b-pack-0402-cycle-stop/trace.jsonl.gz	2569473	bc3750d02b2b48fdd8c8f823505d13e8b57fb0e6b67ce0386194ea51c6335994	too large (trace)
tr03-official-1/2895-cell-b-pack-0402-curtain/reference-10ms-differences.json.gz	23	f1101f8233b16d980af348db666cbdb1b9772fa79c6fa8d7d6d9550c1f6a546d	not a metric of this report
tr03-official-1/2895-cell-b-pack-0402-curtain/trace.jsonl.gz	1964653	46249343c4e4966d119575132981c528799fbd7cddcd18480b8693912ac80423	too large (trace)
tr03-official-1/2896-cell-b-pack-0402-packfault/reference-10ms-differences.json.gz	23	f1101f8233b16d980af348db666cbdb1b9772fa79c6fa8d7d6d9550c1f6a546d	not a metric of this report
tr03-official-1/2896-cell-b-pack-0402-packfault/trace.jsonl.gz	32535755	8d6b90ecd47665fff958cee503042a4fb5c359e428046214ab6564e1b5caa03f	too large (trace)
tr03-official-1/2897-cell-b-pack-0403-normal-s1/reference-10ms-differences.json.gz	23	f1101f8233b16d980af348db666cbdb1b9772fa79c6fa8d7d6d9550c1f6a546d	not a metric of this report
tr03-official-1/2897-cell-b-pack-0403-normal-s1/trace.jsonl.gz	73710086	ec61e6cc07eadfd98b3bee3278912192f186dba9c8e55068d2b7e0c1852a7d3a	too large (trace)
tr03-official-1/2898-cell-b-pack-0403-normal-s2/reference-10ms-differences.json.gz	23	f1101f8233b16d980af348db666cbdb1b9772fa79c6fa8d7d6d9550c1f6a546d	not a metric of this report
tr03-official-1/2898-cell-b-pack-0403-normal-s2/trace.jsonl.gz	73652737	e8bcde07e9e34ca8c0c3ebf4e1af2586b8c5c1d453ae7afd5018e3af41a2ebfc	too large (trace)
tr03-official-1/2899-cell-b-pack-0403-normal-s3/reference-10ms-differences.json.gz	23	f1101f8233b16d980af348db666cbdb1b9772fa79c6fa8d7d6d9550c1f6a546d	not a metric of this report
tr03-official-1/2899-cell-b-pack-0403-normal-s3/trace.jsonl.gz	73448783	ff540863687fe1ea3e436cc8b858b7300c8c18c0d1a8e7672a27843d65102d19	too large (trace)
tr03-official-1/2900-cell-b-pack-0403-cycle-stop/reference-10ms-differences.json.gz	23	f1101f8233b16d980af348db666cbdb1b9772fa79c6fa8d7d6d9550c1f6a546d	not a metric of this report
tr03-official-1/2900-cell-b-pack-0403-cycle-stop/trace.jsonl.gz	2584998	84cd927ca7dcbc79500e6aae703e07d302fa1244cd9477431c9d15b83418e2f2	too large (trace)
tr03-official-1/2901-cell-b-pack-0403-curtain/reference-10ms-differences.json.gz	23	f1101f8233b16d980af348db666cbdb1b9772fa79c6fa8d7d6d9550c1f6a546d	not a metric of this report
tr03-official-1/2901-cell-b-pack-0403-curtain/trace.jsonl.gz	1986023	7d4a293bf48edbac0c5a238a8f73d0d4a88b37c4ce673ab31683aeab91ef3018	too large (trace)
tr03-official-1/2902-cell-b-pack-0403-packfault/reference-10ms-differences.json.gz	23	f1101f8233b16d980af348db666cbdb1b9772fa79c6fa8d7d6d9550c1f6a546d	not a metric of this report
tr03-official-1/2902-cell-b-pack-0403-packfault/trace.jsonl.gz	32552206	6bfb47386ed7fa99d2c5453fa252c8ba4ee2179e4d39bc44489cbfedefc71a95	too large (trace)
tr03-official-1/2903-cell-b-pack-0405-normal-s1/reference-10ms-differences.json.gz	23	f1101f8233b16d980af348db666cbdb1b9772fa79c6fa8d7d6d9550c1f6a546d	not a metric of this report
tr03-official-1/2903-cell-b-pack-0405-normal-s1/trace.jsonl.gz	73702413	a96b2affbc9cf1fcb02f8d6309522b6e81a9cc9ed97bb538e567fc01cec91935	too large (trace)
tr03-official-1/2904-cell-b-pack-0405-normal-s2/reference-10ms-differences.json.gz	23	f1101f8233b16d980af348db666cbdb1b9772fa79c6fa8d7d6d9550c1f6a546d	not a metric of this report
tr03-official-1/2904-cell-b-pack-0405-normal-s2/trace.jsonl.gz	73628716	7c6ff882dca1341f6351f63f53b8d90b4db8df10b792ec9f10fd92dbdd0c149a	too large (trace)
tr03-official-1/2905-cell-b-pack-0405-normal-s3/reference-10ms-differences.json.gz	23	f1101f8233b16d980af348db666cbdb1b9772fa79c6fa8d7d6d9550c1f6a546d	not a metric of this report
tr03-official-1/2905-cell-b-pack-0405-normal-s3/trace.jsonl.gz	73445954	53f817101cea6e96b14700b47bf18cbaae84036c1f4595623df6d87e7abef6fd	too large (trace)
tr03-official-1/2906-cell-b-pack-0405-cycle-stop/reference-10ms-differences.json.gz	23	f1101f8233b16d980af348db666cbdb1b9772fa79c6fa8d7d6d9550c1f6a546d	not a metric of this report
tr03-official-1/2906-cell-b-pack-0405-cycle-stop/trace.jsonl.gz	2573247	0954ada0a512f413cfcac8313dd14be55ad653e6ab776de29e40261f4e5d2bd0	too large (trace)
tr03-official-1/2907-cell-b-pack-0405-curtain/reference-10ms-differences.json.gz	23	f1101f8233b16d980af348db666cbdb1b9772fa79c6fa8d7d6d9550c1f6a546d	not a metric of this report
tr03-official-1/2907-cell-b-pack-0405-curtain/trace.jsonl.gz	1983212	8edd04baa2830da542ed65e1389fa6263fbc834f6843a989baaa98595faed176	too large (trace)
tr03-official-1/2908-cell-b-pack-0405-packfault/reference-10ms-differences.json.gz	23	f1101f8233b16d980af348db666cbdb1b9772fa79c6fa8d7d6d9550c1f6a546d	not a metric of this report
tr03-official-1/2908-cell-b-pack-0405-packfault/trace.jsonl.gz	32542972	d31a0d1aebf20dcf6b2a1c302165495e87d979ba1059d889326fb7d75aa785ec	too large (trace)
tr03-official-1/2909-cell-b-pack-0407-normal-s1/reference-10ms-differences.json.gz	88755	d6de1223bf1267f096daa048fc94a3c14d4c8ea60c313f2d4a31441375fc69e7	not a metric of this report
tr03-official-1/2909-cell-b-pack-0407-normal-s1/trace.jsonl.gz	73700799	7541aaf77c10f490fdffbe22df622f7b4e1113a0b64aa739c172c014dc9f3a3c	too large (trace)
tr03-official-1/2910-cell-b-pack-0407-normal-s2/reference-10ms-differences.json.gz	88784	8ffbaf536a72e24a38861b2a0db9959de673a89c9d11e7663161146029f92e26	not a metric of this report
tr03-official-1/2910-cell-b-pack-0407-normal-s2/trace.jsonl.gz	73636582	9c3ce97ea4264f0a61b17b336b0339dba3b0b45fa837e1b7118e919c7de39876	too large (trace)
tr03-official-1/2911-cell-b-pack-0407-normal-s3/reference-10ms-differences.json.gz	87315	8faff7d303059339308bf3e83b3605e7ee824a92f0b53fabc67a5d00eba5c0f3	not a metric of this report
tr03-official-1/2911-cell-b-pack-0407-normal-s3/trace.jsonl.gz	73461239	4c31c8640f0bb63ebf7e6f1e0243ad24200b7dccb3e5f5d976f55d94f193f6f1	too large (trace)
tr03-official-1/2912-cell-b-pack-0407-cycle-stop/reference-10ms-differences.json.gz	11721	70d69a730033eafd0f08e5197721d2426ca96ba2da77b0c0a6050d24d95a001e	not a metric of this report
tr03-official-1/2912-cell-b-pack-0407-cycle-stop/trace.jsonl.gz	2578069	5cf9283c52682b3ff47f4de1166ee8744172158688b4bf5497d849d91bc2eaaa	too large (trace)
tr03-official-1/2913-cell-b-pack-0407-curtain/reference-10ms-differences.json.gz	14370	9bc2d420ae48cb2f66921a0037f5b54ecf593ac5469ccef56bf0c92bea4015c1	not a metric of this report
tr03-official-1/2913-cell-b-pack-0407-curtain/trace.jsonl.gz	1975650	b6d95d81a39ece33e8e3cdb4a8473c54793c3b9b8d1c24dd2bcb23e6388fa8fc	too large (trace)
tr03-official-1/2914-cell-b-pack-0407-packfault/reference-10ms-differences.json.gz	129730	32b0d0446461fb1287a63db3b72b3de7c97fa4198bd3b7bae5779919064832ae	not a metric of this report
tr03-official-1/2914-cell-b-pack-0407-packfault/trace.jsonl.gz	32557434	d25af5a878b72c28d10748a024a088ca25ed2b50da18eecff4656f1c552f868b	too large (trace)
tr03-official-1/2915-cell-b-pack-0408-normal-s1/reference-10ms-differences.json.gz	23	f1101f8233b16d980af348db666cbdb1b9772fa79c6fa8d7d6d9550c1f6a546d	not a metric of this report
tr03-official-1/2915-cell-b-pack-0408-normal-s1/trace.jsonl.gz	73713410	1a6d5b5882cf51c1bc42c6611f7a7cec65864dce0ce9535488aa005d68f6119d	too large (trace)
tr03-official-1/2916-cell-b-pack-0408-normal-s2/reference-10ms-differences.json.gz	23	f1101f8233b16d980af348db666cbdb1b9772fa79c6fa8d7d6d9550c1f6a546d	not a metric of this report
tr03-official-1/2916-cell-b-pack-0408-normal-s2/trace.jsonl.gz	73632178	4b1a5e813d66e7e28fea0c69d30323fc36072ae7a91786d3d3ced533eea4555c	too large (trace)
tr03-official-1/2917-cell-b-pack-0408-normal-s3/reference-10ms-differences.json.gz	23	f1101f8233b16d980af348db666cbdb1b9772fa79c6fa8d7d6d9550c1f6a546d	not a metric of this report
tr03-official-1/2917-cell-b-pack-0408-normal-s3/trace.jsonl.gz	73450608	08311af72a37eb0af998767a44ce82942e20e07d352bce67087049ec6ec1d5bf	too large (trace)
tr03-official-1/2918-cell-b-pack-0408-cycle-stop/reference-10ms-differences.json.gz	23	f1101f8233b16d980af348db666cbdb1b9772fa79c6fa8d7d6d9550c1f6a546d	not a metric of this report
tr03-official-1/2918-cell-b-pack-0408-cycle-stop/trace.jsonl.gz	2586746	cefff2759c55bbdb700bf324ac83d2e7e2b197d587964953fce6d196d05105fc	too large (trace)
tr03-official-1/2919-cell-b-pack-0408-curtain/reference-10ms-differences.json.gz	23	f1101f8233b16d980af348db666cbdb1b9772fa79c6fa8d7d6d9550c1f6a546d	not a metric of this report
tr03-official-1/2919-cell-b-pack-0408-curtain/trace.jsonl.gz	1987194	8ae7bd39b14c14bdd05fc840ad3b3203bcb8b4a97884ad2fc253adbbd822395f	too large (trace)
tr03-official-1/2920-cell-b-pack-0408-packfault/reference-10ms-differences.json.gz	23	f1101f8233b16d980af348db666cbdb1b9772fa79c6fa8d7d6d9550c1f6a546d	not a metric of this report
tr03-official-1/2920-cell-b-pack-0408-packfault/trace.jsonl.gz	32555682	78bfc3d92d171b8fc305ce25b4289d9c886adb3410dc2efc674947c41c95fc61	too large (trace)
tr03-official-1/2921-cell-b-pack-0409-normal-s1/reference-10ms-differences.json.gz	23	f1101f8233b16d980af348db666cbdb1b9772fa79c6fa8d7d6d9550c1f6a546d	not a metric of this report
tr03-official-1/2921-cell-b-pack-0409-normal-s1/trace.jsonl.gz	73707721	92bcb1cba8a36f8f949b6915f940c3e720d24d556518402bb4c5c11431de53da	too large (trace)
tr03-official-1/2922-cell-b-pack-0409-normal-s2/reference-10ms-differences.json.gz	23	f1101f8233b16d980af348db666cbdb1b9772fa79c6fa8d7d6d9550c1f6a546d	not a metric of this report
tr03-official-1/2922-cell-b-pack-0409-normal-s2/trace.jsonl.gz	73648285	789de5158e399fd12c7987864dece48482f905440b16d2ba111b1d7c7cf336ce	too large (trace)
tr03-official-1/2923-cell-b-pack-0409-normal-s3/reference-10ms-differences.json.gz	23	f1101f8233b16d980af348db666cbdb1b9772fa79c6fa8d7d6d9550c1f6a546d	not a metric of this report
tr03-official-1/2923-cell-b-pack-0409-normal-s3/trace.jsonl.gz	73450897	7f42b8717e0983f7cac6c3fcc500dc825cb32de7cec5c718713342f459cc9679	too large (trace)
tr03-official-1/2924-cell-b-pack-0409-cycle-stop/reference-10ms-differences.json.gz	23	f1101f8233b16d980af348db666cbdb1b9772fa79c6fa8d7d6d9550c1f6a546d	not a metric of this report
tr03-official-1/2924-cell-b-pack-0409-cycle-stop/trace.jsonl.gz	2578532	97b92e49e398ab5fddc8672e9442212dbd1d190b02a01e33dfb4fd90f0250592	too large (trace)
tr03-official-1/2925-cell-b-pack-0409-curtain/reference-10ms-differences.json.gz	23	f1101f8233b16d980af348db666cbdb1b9772fa79c6fa8d7d6d9550c1f6a546d	not a metric of this report
tr03-official-1/2925-cell-b-pack-0409-curtain/trace.jsonl.gz	1975234	f40aa103509acd3094cd94b89aea442b9fbb4f4ce3253360f768516289a8fc88	too large (trace)
tr03-official-1/2926-cell-b-pack-0409-packfault/reference-10ms-differences.json.gz	23	f1101f8233b16d980af348db666cbdb1b9772fa79c6fa8d7d6d9550c1f6a546d	not a metric of this report
tr03-official-1/2926-cell-b-pack-0409-packfault/trace.jsonl.gz	32541674	25f1fbc9bc0511da98a766a56d8569fca538135dfb92e45d09cb2b81ef274e7e	too large (trace)
tr03-official-1/2927-cell-b-pack-0410-normal-s1/reference-10ms-differences.json.gz	23	f1101f8233b16d980af348db666cbdb1b9772fa79c6fa8d7d6d9550c1f6a546d	not a metric of this report
tr03-official-1/2927-cell-b-pack-0410-normal-s1/trace.jsonl.gz	73699211	075e4717c86f00e952bf0014188fc91add8350a22ad3facef523905bb648f999	too large (trace)
tr03-official-1/2928-cell-b-pack-0410-normal-s2/reference-10ms-differences.json.gz	23	f1101f8233b16d980af348db666cbdb1b9772fa79c6fa8d7d6d9550c1f6a546d	not a metric of this report
tr03-official-1/2928-cell-b-pack-0410-normal-s2/trace.jsonl.gz	73629610	82e3b15bc7752d16e26ece0ad6a53a5822abb8f12fddc78cd4f0ca9cbbe96fc0	too large (trace)
tr03-official-1/2929-cell-b-pack-0410-normal-s3/reference-10ms-differences.json.gz	23	f1101f8233b16d980af348db666cbdb1b9772fa79c6fa8d7d6d9550c1f6a546d	not a metric of this report
tr03-official-1/2929-cell-b-pack-0410-normal-s3/trace.jsonl.gz	73459779	1e99e3dc4305e053976b440ccaf90ef05c8efa77a54bb87584ad0c168f4cc7d0	too large (trace)
tr03-official-1/2930-cell-b-pack-0410-cycle-stop/reference-10ms-differences.json.gz	23	f1101f8233b16d980af348db666cbdb1b9772fa79c6fa8d7d6d9550c1f6a546d	not a metric of this report
tr03-official-1/2930-cell-b-pack-0410-cycle-stop/trace.jsonl.gz	2576673	2f086156257e15c6c330357f4d17189885a7a6ac79796b39bbc9d112322bf815	too large (trace)
tr03-official-1/2931-cell-b-pack-0410-curtain/reference-10ms-differences.json.gz	23	f1101f8233b16d980af348db666cbdb1b9772fa79c6fa8d7d6d9550c1f6a546d	not a metric of this report
tr03-official-1/2931-cell-b-pack-0410-curtain/trace.jsonl.gz	1973616	b5ae1a1fe899e3742354a58b0537970961f7974503a733a3c6386ac2faaa0526	too large (trace)
tr03-official-1/2932-cell-b-pack-0410-packfault/reference-10ms-differences.json.gz	23	f1101f8233b16d980af348db666cbdb1b9772fa79c6fa8d7d6d9550c1f6a546d	not a metric of this report
tr03-official-1/2932-cell-b-pack-0410-packfault/trace.jsonl.gz	32541244	a2f47153105ffafcdc268fc32e2bfb5e9c1872a6aeac2e7ddf256e38c3076067	too large (trace)
tr03-official-1/2933-cell-b-pack-0411-normal-s1/reference-10ms-differences.json.gz	23	f1101f8233b16d980af348db666cbdb1b9772fa79c6fa8d7d6d9550c1f6a546d	not a metric of this report
tr03-official-1/2933-cell-b-pack-0411-normal-s1/trace.jsonl.gz	73703946	1e47cba3ef91fadd89df814e606d5d465807f9d2696b766e7f7bbc9a031e6855	too large (trace)
tr03-official-1/2934-cell-b-pack-0411-normal-s2/reference-10ms-differences.json.gz	23	f1101f8233b16d980af348db666cbdb1b9772fa79c6fa8d7d6d9550c1f6a546d	not a metric of this report
tr03-official-1/2934-cell-b-pack-0411-normal-s2/trace.jsonl.gz	73627460	87216a7c120c81dd1d6b9be19823a0c7714cbb5f4ccd90b1547b9ae8c6fd224d	too large (trace)
tr03-official-1/2935-cell-b-pack-0411-normal-s3/reference-10ms-differences.json.gz	23	f1101f8233b16d980af348db666cbdb1b9772fa79c6fa8d7d6d9550c1f6a546d	not a metric of this report
tr03-official-1/2935-cell-b-pack-0411-normal-s3/trace.jsonl.gz	73444171	e607bb01fb19e19fea43a696d4857a8f8ec5f413df12853f2b071ba5289e6be4	too large (trace)
tr03-official-1/2936-cell-b-pack-0411-cycle-stop/reference-10ms-differences.json.gz	23	f1101f8233b16d980af348db666cbdb1b9772fa79c6fa8d7d6d9550c1f6a546d	not a metric of this report
tr03-official-1/2936-cell-b-pack-0411-cycle-stop/trace.jsonl.gz	2583032	980ec46bcde2f7464e160ca51842f44f54478a477cb19f1261d719609a255575	too large (trace)
tr03-official-1/2937-cell-b-pack-0411-curtain/reference-10ms-differences.json.gz	23	f1101f8233b16d980af348db666cbdb1b9772fa79c6fa8d7d6d9550c1f6a546d	not a metric of this report
tr03-official-1/2937-cell-b-pack-0411-curtain/trace.jsonl.gz	1980378	d874c90155334e9028ed7ab82db1c8e971f2f17c523e77e73d8de4f01a63f48c	too large (trace)
tr03-official-1/2938-cell-b-pack-0411-packfault/reference-10ms-differences.json.gz	23	f1101f8233b16d980af348db666cbdb1b9772fa79c6fa8d7d6d9550c1f6a546d	not a metric of this report
tr03-official-1/2938-cell-b-pack-0411-packfault/trace.jsonl.gz	32545759	90bb1bfceb7f581adc0cd794d94fe1810c87ca19c0d9246daab914392924df1e	too large (trace)
tr03-official-1/2939-cell-b-pack-0412-normal-s1/reference-10ms-differences.json.gz	23	f1101f8233b16d980af348db666cbdb1b9772fa79c6fa8d7d6d9550c1f6a546d	not a metric of this report
tr03-official-1/2939-cell-b-pack-0412-normal-s1/trace.jsonl.gz	73705953	55e90f9d3ca09787104eee46c5568d7f8cd7073f753d43c39afcccfe05625657	too large (trace)
tr03-official-1/2940-cell-b-pack-0412-normal-s2/reference-10ms-differences.json.gz	23	f1101f8233b16d980af348db666cbdb1b9772fa79c6fa8d7d6d9550c1f6a546d	not a metric of this report
tr03-official-1/2940-cell-b-pack-0412-normal-s2/trace.jsonl.gz	73635807	e87f47ec6357a677e1ba5a465be9f9649b90dfd78087c9b75919bcddb423a592	too large (trace)
tr03-official-1/2941-cell-b-pack-0412-normal-s3/reference-10ms-differences.json.gz	23	f1101f8233b16d980af348db666cbdb1b9772fa79c6fa8d7d6d9550c1f6a546d	not a metric of this report
tr03-official-1/2941-cell-b-pack-0412-normal-s3/trace.jsonl.gz	73463478	070065d565857be3b56df56e1b4c630e681a612d9e94bb9f92ea3023459c6add	too large (trace)
tr03-official-1/2942-cell-b-pack-0412-cycle-stop/reference-10ms-differences.json.gz	23	f1101f8233b16d980af348db666cbdb1b9772fa79c6fa8d7d6d9550c1f6a546d	not a metric of this report
tr03-official-1/2942-cell-b-pack-0412-cycle-stop/trace.jsonl.gz	2584519	0b03adb0d14401141b5f1955845120d548e2dfbfbd0055ee4b26d875d0b3365f	too large (trace)
tr03-official-1/2943-cell-b-pack-0412-curtain/reference-10ms-differences.json.gz	23	f1101f8233b16d980af348db666cbdb1b9772fa79c6fa8d7d6d9550c1f6a546d	not a metric of this report
tr03-official-1/2943-cell-b-pack-0412-curtain/trace.jsonl.gz	1985466	e142a42d58f03cb9d7219d740ce1eaf7d1e1cfafb483f723be89eb9805b68894	too large (trace)
tr03-official-1/2944-cell-b-pack-0412-packfault/reference-10ms-differences.json.gz	23	f1101f8233b16d980af348db666cbdb1b9772fa79c6fa8d7d6d9550c1f6a546d	not a metric of this report
tr03-official-1/2944-cell-b-pack-0412-packfault/trace.jsonl.gz	32543848	f85c06316b119a7728a4451308ee974db8db507f7ec540fb9e786f26e6d9b9c2	too large (trace)
tr03-official-1/2945-cell-b-pack-0414-normal-s1/reference-10ms-differences.json.gz	23	f1101f8233b16d980af348db666cbdb1b9772fa79c6fa8d7d6d9550c1f6a546d	not a metric of this report
tr03-official-1/2945-cell-b-pack-0414-normal-s1/trace.jsonl.gz	73711677	6328ba8042b33c0a62e04417248b72fe74651fab5fb952b2d1a07c47c3318ca8	too large (trace)
tr03-official-1/2946-cell-b-pack-0414-normal-s2/reference-10ms-differences.json.gz	23	f1101f8233b16d980af348db666cbdb1b9772fa79c6fa8d7d6d9550c1f6a546d	not a metric of this report
tr03-official-1/2946-cell-b-pack-0414-normal-s2/trace.jsonl.gz	73642220	eac7ce345f0f6a0c53804b2a5d376d474748caf5563367964a59fe335987eea4	too large (trace)
tr03-official-1/2947-cell-b-pack-0414-normal-s3/reference-10ms-differences.json.gz	23	f1101f8233b16d980af348db666cbdb1b9772fa79c6fa8d7d6d9550c1f6a546d	not a metric of this report
tr03-official-1/2947-cell-b-pack-0414-normal-s3/trace.jsonl.gz	73452460	c745a743e048646d0f97afd346a7e63ebff460b49fe1150601296e895f0993de	too large (trace)
tr03-official-1/2948-cell-b-pack-0414-cycle-stop/reference-10ms-differences.json.gz	23	f1101f8233b16d980af348db666cbdb1b9772fa79c6fa8d7d6d9550c1f6a546d	not a metric of this report
tr03-official-1/2948-cell-b-pack-0414-cycle-stop/trace.jsonl.gz	2588584	886ac81a8a0a8def7f9cc7376fb8e77bf29c3d8d22cc2dc25d0746ae03e17a32	too large (trace)
tr03-official-1/2949-cell-b-pack-0414-curtain/reference-10ms-differences.json.gz	23	f1101f8233b16d980af348db666cbdb1b9772fa79c6fa8d7d6d9550c1f6a546d	not a metric of this report
tr03-official-1/2949-cell-b-pack-0414-curtain/trace.jsonl.gz	1983027	249506ee13c9b030c38823c7304282df725d9ce0d98ca896e1e39d12c198300f	too large (trace)
tr03-official-1/2950-cell-b-pack-0414-packfault/reference-10ms-differences.json.gz	23	f1101f8233b16d980af348db666cbdb1b9772fa79c6fa8d7d6d9550c1f6a546d	not a metric of this report
tr03-official-1/2950-cell-b-pack-0414-packfault/trace.jsonl.gz	32551788	3708d6b3bae059ad9d4568c4839a500684196dcee6dc93a798325afd06848f40	too large (trace)
tr03-official-1/2951-cell-b-pack-0416-normal-s1/reference-10ms-differences.json.gz	23	f1101f8233b16d980af348db666cbdb1b9772fa79c6fa8d7d6d9550c1f6a546d	not a metric of this report
tr03-official-1/2951-cell-b-pack-0416-normal-s1/trace.jsonl.gz	73702862	6192b55e3efc3f5440d92d9033d6760fc050b4dd59710344c896e48a84b8104f	too large (trace)
tr03-official-1/2952-cell-b-pack-0416-normal-s2/reference-10ms-differences.json.gz	23	f1101f8233b16d980af348db666cbdb1b9772fa79c6fa8d7d6d9550c1f6a546d	not a metric of this report
tr03-official-1/2952-cell-b-pack-0416-normal-s2/trace.jsonl.gz	73630343	f5f81d6a68b5860be873e40582b84e0bf49f2953384dae25d3adeb678aaada75	too large (trace)
tr03-official-1/2953-cell-b-pack-0416-normal-s3/reference-10ms-differences.json.gz	23	f1101f8233b16d980af348db666cbdb1b9772fa79c6fa8d7d6d9550c1f6a546d	not a metric of this report
tr03-official-1/2953-cell-b-pack-0416-normal-s3/trace.jsonl.gz	73442751	3c92264c5b530defee273db418beef8caa97abaef214b3618e5c05eae62cbc37	too large (trace)
tr03-official-1/2954-cell-b-pack-0416-cycle-stop/reference-10ms-differences.json.gz	23	f1101f8233b16d980af348db666cbdb1b9772fa79c6fa8d7d6d9550c1f6a546d	not a metric of this report
tr03-official-1/2954-cell-b-pack-0416-cycle-stop/trace.jsonl.gz	2576748	8b4f93d71555dc06a1014fa05cf927301fe1c6f1bdc04aebf900b051cc5266ff	too large (trace)
tr03-official-1/2955-cell-b-pack-0416-curtain/reference-10ms-differences.json.gz	23	f1101f8233b16d980af348db666cbdb1b9772fa79c6fa8d7d6d9550c1f6a546d	not a metric of this report
tr03-official-1/2955-cell-b-pack-0416-curtain/trace.jsonl.gz	1983098	a65629249db99ac469e3a734ec7b645aa847d672ce8e7851188ab708fdd2a240	too large (trace)
tr03-official-1/2956-cell-b-pack-0416-packfault/reference-10ms-differences.json.gz	23	f1101f8233b16d980af348db666cbdb1b9772fa79c6fa8d7d6d9550c1f6a546d	not a metric of this report
tr03-official-1/2956-cell-b-pack-0416-packfault/trace.jsonl.gz	32542899	69bdb9d81350269b9922607992b5677499eea1f54964f8f0dcbd8e056bb0e3b3	too large (trace)
tr03-official-1/2957-cell-b-pack-0417-normal-s1/reference-10ms-differences.json.gz	223880	2096a0f9c105fdd5890de62e828308a6b06d406740d12a84e296aa12a038f6a7	not a metric of this report
tr03-official-1/2957-cell-b-pack-0417-normal-s1/trace.jsonl.gz	18798294	6a11921aeac763a643a6747a9a5654853b64061e99ca0bfdf782b5bcc94c86d7	too large (trace)
tr03-official-1/2958-cell-b-pack-0417-normal-s2/reference-10ms-differences.json.gz	223880	2096a0f9c105fdd5890de62e828308a6b06d406740d12a84e296aa12a038f6a7	not a metric of this report
tr03-official-1/2958-cell-b-pack-0417-normal-s2/trace.jsonl.gz	18745678	698ce70c9b827c4564c8e27f044c84e34977f5e343316f961dc00f99f1fb48ff	too large (trace)
tr03-official-1/2959-cell-b-pack-0417-normal-s3/reference-10ms-differences.json.gz	223880	2096a0f9c105fdd5890de62e828308a6b06d406740d12a84e296aa12a038f6a7	not a metric of this report
tr03-official-1/2959-cell-b-pack-0417-normal-s3/trace.jsonl.gz	18721455	0de98c667ff3856b498f498562e2de31b183c7f013eaa7105c83d01479afe78f	too large (trace)
tr03-official-1/2960-cell-b-pack-0417-cycle-stop/reference-10ms-differences.json.gz	29588	73dc94a726cfa94b50c633fbd13d31f108c3b7421cabe4da25b47de5d0eb283f	not a metric of this report
tr03-official-1/2960-cell-b-pack-0417-cycle-stop/trace.jsonl.gz	2217540	43ca869340624fe50d78c8916b8056f6ccdfb2905aebfa0dc7a124f4d7c352b4	too large (trace)
tr03-official-1/2961-cell-b-pack-0417-curtain/reference-10ms-differences.json.gz	25074	e1f969a192f2d97d3ee1b01941c3d081b61dca0652470ae14df1eba658f59a9b	not a metric of this report
tr03-official-1/2961-cell-b-pack-0417-curtain/trace.jsonl.gz	1841712	4a00479857d4e155ae7b75412e395e2271d81436e142b656b1cfa10615445b41	too large (trace)
tr03-official-1/2962-cell-b-pack-0417-packfault/reference-10ms-differences.json.gz	138636	79dfd395784180454e23754845c00982c05f05dc431aaa544e415dadc9b78240	not a metric of this report
tr03-official-1/2962-cell-b-pack-0417-packfault/trace.jsonl.gz	11231191	c3423f8e4b3407bbaed623f0ba2cfac6e442f75c0f4d049e3b4f3bb226b8ae85	too large (trace)
tr03-official-1/2963-cell-b-pack-0418-normal-s1/reference-10ms-differences.json.gz	221100	5d77e098590316bd7f59ab06443bbb206ba1de4673b6bfff1d2825c4d76b3332	not a metric of this report
tr03-official-1/2963-cell-b-pack-0418-normal-s1/trace.jsonl.gz	18646052	60e31c989510d3b29f87c30172b635f25c7f6a99c9701163bc6d92bf013f2a9c	too large (trace)
tr03-official-1/2964-cell-b-pack-0418-normal-s2/reference-10ms-differences.json.gz	221100	5d77e098590316bd7f59ab06443bbb206ba1de4673b6bfff1d2825c4d76b3332	not a metric of this report
tr03-official-1/2964-cell-b-pack-0418-normal-s2/trace.jsonl.gz	18604520	352de6ea69dd8559d5a3dc921f3283e086e1ef453183117d9e0e00a66b2e6644	too large (trace)
tr03-official-1/2965-cell-b-pack-0418-normal-s3/reference-10ms-differences.json.gz	221100	5d77e098590316bd7f59ab06443bbb206ba1de4673b6bfff1d2825c4d76b3332	not a metric of this report
tr03-official-1/2965-cell-b-pack-0418-normal-s3/trace.jsonl.gz	18565251	de4465152994e6de458cfb554c8d1484bb22c13487f2df3dd37f984981c220fc	too large (trace)
tr03-official-1/2966-cell-b-pack-0418-cycle-stop/reference-10ms-differences.json.gz	26893	252921b8fd389c8e9b96bea92cd07253ad08b7da2ca580bc92673cbcd68821c2	not a metric of this report
tr03-official-1/2966-cell-b-pack-0418-cycle-stop/trace.jsonl.gz	2197241	3c99f4e325276ab6b58433eb7629f7dabbcae6833ba12b56a6790349b9b9303d	too large (trace)
tr03-official-1/2967-cell-b-pack-0418-curtain/reference-10ms-differences.json.gz	22270	5e7e0350a051f21b38237d0f174367d35b5e22d882a1a8e79c2b765096c6339e	not a metric of this report
tr03-official-1/2967-cell-b-pack-0418-curtain/trace.jsonl.gz	1834009	8f30edccc251127ab78874a71f7fd073878ae169b7219205f4639a5bd07a2ae3	too large (trace)
tr03-official-1/2968-cell-b-pack-0418-packfault/reference-10ms-differences.json.gz	136094	bb7a803c7010f0f4c2d6c679fb82b9711e887243ea0b3073d28b59b2bd8c92bd	not a metric of this report
tr03-official-1/2968-cell-b-pack-0418-packfault/trace.jsonl.gz	11134452	c3699bdde39cac16b1288d015ad65d3180801f67fb28ad6de3917220fb047bcc	too large (trace)
tr03-official-1/2969-cell-b-pack-0419-normal-s1/reference-10ms-differences.json.gz	23	f1101f8233b16d980af348db666cbdb1b9772fa79c6fa8d7d6d9550c1f6a546d	not a metric of this report
tr03-official-1/2969-cell-b-pack-0419-normal-s1/trace.jsonl.gz	73701360	c1ebbc7c04e28f7ea81f7c0490db61f41b07e9fd471b49b980df030a17cf415e	too large (trace)
tr03-official-1/2970-cell-b-pack-0419-normal-s2/reference-10ms-differences.json.gz	23	f1101f8233b16d980af348db666cbdb1b9772fa79c6fa8d7d6d9550c1f6a546d	not a metric of this report
tr03-official-1/2970-cell-b-pack-0419-normal-s2/trace.jsonl.gz	73637412	684f8f48662df17c6f1de3a11dc91cbc5f0cb711ae9a26fef7d09874edbd2c26	too large (trace)
tr03-official-1/2971-cell-b-pack-0419-normal-s3/reference-10ms-differences.json.gz	23	f1101f8233b16d980af348db666cbdb1b9772fa79c6fa8d7d6d9550c1f6a546d	not a metric of this report
tr03-official-1/2971-cell-b-pack-0419-normal-s3/trace.jsonl.gz	73465396	5ef61f41280e158fe7d3facd936dbf14d4b417c50f074506767d00bf6a14c857	too large (trace)
tr03-official-1/2972-cell-b-pack-0419-cycle-stop/reference-10ms-differences.json.gz	23	f1101f8233b16d980af348db666cbdb1b9772fa79c6fa8d7d6d9550c1f6a546d	not a metric of this report
tr03-official-1/2972-cell-b-pack-0419-cycle-stop/trace.jsonl.gz	2567664	d13853329d4885f0f8ee1a61c6c226d5172e49b2426580bc053dbb9292ff59d7	too large (trace)
tr03-official-1/2973-cell-b-pack-0419-curtain/reference-10ms-differences.json.gz	23	f1101f8233b16d980af348db666cbdb1b9772fa79c6fa8d7d6d9550c1f6a546d	not a metric of this report
tr03-official-1/2973-cell-b-pack-0419-curtain/trace.jsonl.gz	1974624	3800b68203cce3083ab07b10f75036308a12e9856499740c74952e216b5b3478	too large (trace)
tr03-official-1/2974-cell-b-pack-0419-packfault/reference-10ms-differences.json.gz	90415	7605a090cab5669db4c4143feed4d1d3dfba80370169da8c183f9385362226cf	not a metric of this report
tr03-official-1/2974-cell-b-pack-0419-packfault/trace.jsonl.gz	32546812	a8f835fe66c6b39f11bd90c4d30b9d1420dd82f93b8011b2b258cdd8b268e787	too large (trace)
tr03-official-1/2975-cell-b-pack-0420-normal-s1/reference-10ms-differences.json.gz	23	f1101f8233b16d980af348db666cbdb1b9772fa79c6fa8d7d6d9550c1f6a546d	not a metric of this report
tr03-official-1/2975-cell-b-pack-0420-normal-s1/trace.jsonl.gz	73695266	cc6e89fc7751092e839d1f8d80906d7769757b2c787d67100e6fdf395676e063	too large (trace)
tr03-official-1/2976-cell-b-pack-0420-normal-s2/reference-10ms-differences.json.gz	23	f1101f8233b16d980af348db666cbdb1b9772fa79c6fa8d7d6d9550c1f6a546d	not a metric of this report
tr03-official-1/2976-cell-b-pack-0420-normal-s2/trace.jsonl.gz	73627372	b2003b28eff2904e423a6926dd3059ee6d66230e1237f4abaec1f3d5170f681d	too large (trace)
tr03-official-1/2977-cell-b-pack-0420-normal-s3/reference-10ms-differences.json.gz	23	f1101f8233b16d980af348db666cbdb1b9772fa79c6fa8d7d6d9550c1f6a546d	not a metric of this report
tr03-official-1/2977-cell-b-pack-0420-normal-s3/trace.jsonl.gz	73442931	7cd56ae6f0f41ed6a6afb176842a4b63770deb662c12d6d7758cc1c74b6610da	too large (trace)
tr03-official-1/2978-cell-b-pack-0420-cycle-stop/reference-10ms-differences.json.gz	23	f1101f8233b16d980af348db666cbdb1b9772fa79c6fa8d7d6d9550c1f6a546d	not a metric of this report
tr03-official-1/2978-cell-b-pack-0420-cycle-stop/trace.jsonl.gz	2583041	2baac1e484c1210fddc1fe712d53c5c9515388ce02c35b7e0ecb5207c8323d9a	too large (trace)
tr03-official-1/2979-cell-b-pack-0420-curtain/reference-10ms-differences.json.gz	23	f1101f8233b16d980af348db666cbdb1b9772fa79c6fa8d7d6d9550c1f6a546d	not a metric of this report
tr03-official-1/2979-cell-b-pack-0420-curtain/trace.jsonl.gz	1971942	b7abe041f00bd89dec8d85bb479517d90d6673115f44719be4525af7b7b7ee5f	too large (trace)
tr03-official-1/2980-cell-b-pack-0420-packfault/reference-10ms-differences.json.gz	23	f1101f8233b16d980af348db666cbdb1b9772fa79c6fa8d7d6d9550c1f6a546d	not a metric of this report
tr03-official-1/2980-cell-b-pack-0420-packfault/trace.jsonl.gz	32541650	c0ae9b52222182f6fa9af307b1578fb4f15d3d5bf31b3f6df610172d464214f6	too large (trace)
tr03-official-1/2981-cell-b-pack-0421-normal-s1/reference-10ms-differences.json.gz	23	f1101f8233b16d980af348db666cbdb1b9772fa79c6fa8d7d6d9550c1f6a546d	not a metric of this report
tr03-official-1/2981-cell-b-pack-0421-normal-s1/trace.jsonl.gz	73701401	b50efeb728e1f0c9f38a04fb8d7b8a4b2b87c77d882ac818e199235125a6fdc7	too large (trace)
tr03-official-1/2982-cell-b-pack-0421-normal-s2/reference-10ms-differences.json.gz	23	f1101f8233b16d980af348db666cbdb1b9772fa79c6fa8d7d6d9550c1f6a546d	not a metric of this report
tr03-official-1/2982-cell-b-pack-0421-normal-s2/trace.jsonl.gz	73631700	f45829f6a5ba01a44d7c0729f0fe4b89b84b979ad78439541195f55504260688	too large (trace)
tr03-official-1/2983-cell-b-pack-0421-normal-s3/reference-10ms-differences.json.gz	23	f1101f8233b16d980af348db666cbdb1b9772fa79c6fa8d7d6d9550c1f6a546d	not a metric of this report
tr03-official-1/2983-cell-b-pack-0421-normal-s3/trace.jsonl.gz	73453579	31b279ec4c7b2f9d7e39991f4de26feab05354e212a0a1d1beb99fc04e50490d	too large (trace)
tr03-official-1/2984-cell-b-pack-0421-cycle-stop/reference-10ms-differences.json.gz	23	f1101f8233b16d980af348db666cbdb1b9772fa79c6fa8d7d6d9550c1f6a546d	not a metric of this report
tr03-official-1/2984-cell-b-pack-0421-cycle-stop/trace.jsonl.gz	2580226	ea4ff7af65adf4938bbfa5c4d3953f6999bb3d902995ce408cc70bd10756444f	too large (trace)
tr03-official-1/2985-cell-b-pack-0421-curtain/reference-10ms-differences.json.gz	23	f1101f8233b16d980af348db666cbdb1b9772fa79c6fa8d7d6d9550c1f6a546d	not a metric of this report
tr03-official-1/2985-cell-b-pack-0421-curtain/trace.jsonl.gz	1978980	701f57d4c01299af67a334acd34aecdd60670f698c673dd9789aa15cbecaf856	too large (trace)
tr03-official-1/2986-cell-b-pack-0421-packfault/reference-10ms-differences.json.gz	23	f1101f8233b16d980af348db666cbdb1b9772fa79c6fa8d7d6d9550c1f6a546d	not a metric of this report
tr03-official-1/2986-cell-b-pack-0421-packfault/trace.jsonl.gz	32544833	8900f055955d8dd0c4c47db51b8eb20b70bd7b20d2a310c62005aaea5e0aec9b	too large (trace)
tr03-official-1/2987-cell-b-pack-0422-normal-s1/reference-10ms-differences.json.gz	23	f1101f8233b16d980af348db666cbdb1b9772fa79c6fa8d7d6d9550c1f6a546d	not a metric of this report
tr03-official-1/2987-cell-b-pack-0422-normal-s1/trace.jsonl.gz	73698686	7042df20103d7882196606251a2e0eeba58a390a4a4f6aacbdd815267aa10bfa	too large (trace)
tr03-official-1/2988-cell-b-pack-0422-normal-s2/reference-10ms-differences.json.gz	23	f1101f8233b16d980af348db666cbdb1b9772fa79c6fa8d7d6d9550c1f6a546d	not a metric of this report
tr03-official-1/2988-cell-b-pack-0422-normal-s2/trace.jsonl.gz	73629437	f94655840677e5ba8dca151a89781158ccb78e6315131417d2ef02c0cb3c6f4b	too large (trace)
tr03-official-1/2989-cell-b-pack-0422-normal-s3/reference-10ms-differences.json.gz	23	f1101f8233b16d980af348db666cbdb1b9772fa79c6fa8d7d6d9550c1f6a546d	not a metric of this report
tr03-official-1/2989-cell-b-pack-0422-normal-s3/trace.jsonl.gz	73455488	338fe361baeb5223747235a2ea28d92dd61eb0205346026c03999134aec2ae59	too large (trace)
tr03-official-1/2990-cell-b-pack-0422-cycle-stop/reference-10ms-differences.json.gz	23	f1101f8233b16d980af348db666cbdb1b9772fa79c6fa8d7d6d9550c1f6a546d	not a metric of this report
tr03-official-1/2990-cell-b-pack-0422-cycle-stop/trace.jsonl.gz	2572391	4c6397666dfebb2df7fbd09d47bcc8b75befc3495c65104c9193e15c457e95f7	too large (trace)
tr03-official-1/2991-cell-b-pack-0422-curtain/reference-10ms-differences.json.gz	23	f1101f8233b16d980af348db666cbdb1b9772fa79c6fa8d7d6d9550c1f6a546d	not a metric of this report
tr03-official-1/2991-cell-b-pack-0422-curtain/trace.jsonl.gz	1973300	6ef89766297b9daa4a2ae9ccfb93949d1348a3d06bc3d3caa81b3f0f76919fca	too large (trace)
tr03-official-1/2992-cell-b-pack-0422-packfault/reference-10ms-differences.json.gz	23	f1101f8233b16d980af348db666cbdb1b9772fa79c6fa8d7d6d9550c1f6a546d	not a metric of this report
tr03-official-1/2992-cell-b-pack-0422-packfault/trace.jsonl.gz	32537911	c4dfefcf59d45b56b1ad2309d7cd8b6991b4978e6cc589a4630cdeba00f6a2c6	too large (trace)
tr03-official-1/2993-cell-b-pack-0424-normal-s1/reference-10ms-differences.json.gz	334995	ec522824974442556e547c355bb4c857fc864d1461c66abfb0dfa2519aab5d34	not a metric of this report
tr03-official-1/2993-cell-b-pack-0424-normal-s1/trace.jsonl.gz	20328469	9b7ad4c27bdb93bc63fba41e4efa23e53cb6deb4382513355837dbb20ded000f	too large (trace)
tr03-official-1/2994-cell-b-pack-0424-normal-s2/reference-10ms-differences.json.gz	334995	ec522824974442556e547c355bb4c857fc864d1461c66abfb0dfa2519aab5d34	not a metric of this report
tr03-official-1/2994-cell-b-pack-0424-normal-s2/trace.jsonl.gz	20304976	a2bc04e6597c1fd60fa8e0c19438c0ccc87d9e4b17f4002e572c0c86905756f9	too large (trace)
tr03-official-1/2995-cell-b-pack-0424-normal-s3/reference-10ms-differences.json.gz	334995	ec522824974442556e547c355bb4c857fc864d1461c66abfb0dfa2519aab5d34	not a metric of this report
tr03-official-1/2995-cell-b-pack-0424-normal-s3/trace.jsonl.gz	20273043	e25b8a696bf48f46e9e4af420951d32f7415577e75a899a679e31683af7b75be	too large (trace)
tr03-official-1/2996-cell-b-pack-0424-cycle-stop/reference-10ms-differences.json.gz	32717	efde1e0c622e416ad89727c5804d10c4caeff0c7207580b1297c7025dc94c2e7	not a metric of this report
tr03-official-1/2996-cell-b-pack-0424-cycle-stop/trace.jsonl.gz	2365035	e242d2b35489090568449c227ff8b2b4084f7da901ee63efd47a021ca7d9d334	too large (trace)
tr03-official-1/2997-cell-b-pack-0424-curtain/reference-10ms-differences.json.gz	25813	25bb81fd0e518397067d70b0ce37c5661b72d237b4927986c0fdd3c52ff7ed99	not a metric of this report
tr03-official-1/2997-cell-b-pack-0424-curtain/trace.jsonl.gz	1958233	cd0e2b10af75a445a2bd7406b99f01d65d4665f92a19ce327053f7ca122e7268	too large (trace)
tr03-official-1/2998-cell-b-pack-0424-packfault/reference-10ms-differences.json.gz	204052	c509b7e647fdb5166b160656fa94a96d597ee17317966299fc47ff82423f8d42	not a metric of this report
tr03-official-1/2998-cell-b-pack-0424-packfault/trace.jsonl.gz	12160001	7d610ede24ed2324f4a0f756bfc4ded0e375d10e9fc30ef23288bead2a65c7cf	too large (trace)
tr03-official-1/2999-cell-b-pack-0427-normal-s1/reference-10ms-differences.json.gz	23	f1101f8233b16d980af348db666cbdb1b9772fa79c6fa8d7d6d9550c1f6a546d	not a metric of this report
tr03-official-1/2999-cell-b-pack-0427-normal-s1/trace.jsonl.gz	73699442	2525f145e93512ce15d04e8bbac71bb2b3f6fc3363d9a6cab063500b1aa665c4	too large (trace)
tr03-official-1/3000-cell-b-pack-0427-normal-s2/reference-10ms-differences.json.gz	23	f1101f8233b16d980af348db666cbdb1b9772fa79c6fa8d7d6d9550c1f6a546d	not a metric of this report
tr03-official-1/3000-cell-b-pack-0427-normal-s2/trace.jsonl.gz	73633028	ad44085b2c691b5f42919800213a2c35b13e76dd14b6dc8b344c4987f098da03	too large (trace)
tr03-official-1/3001-cell-b-pack-0427-normal-s3/reference-10ms-differences.json.gz	23	f1101f8233b16d980af348db666cbdb1b9772fa79c6fa8d7d6d9550c1f6a546d	not a metric of this report
tr03-official-1/3001-cell-b-pack-0427-normal-s3/trace.jsonl.gz	73444719	cc0b5ec857b73ce180012f95b4532894999c1a39e3bfd7396ef0e6c5f8d0d07a	too large (trace)
tr03-official-1/3002-cell-b-pack-0427-cycle-stop/reference-10ms-differences.json.gz	23	f1101f8233b16d980af348db666cbdb1b9772fa79c6fa8d7d6d9550c1f6a546d	not a metric of this report
tr03-official-1/3002-cell-b-pack-0427-cycle-stop/trace.jsonl.gz	2573326	f77487fd2471de2c48d34db7f2351f3019432af68f5b44d10a9ef7020c05decd	too large (trace)
tr03-official-1/3003-cell-b-pack-0427-curtain/reference-10ms-differences.json.gz	23	f1101f8233b16d980af348db666cbdb1b9772fa79c6fa8d7d6d9550c1f6a546d	not a metric of this report
tr03-official-1/3003-cell-b-pack-0427-curtain/trace.jsonl.gz	1972238	9cfd34b5a68cf6b7feb204f3c60658a00eb6d438fb88d277cc29851f0da994fd	too large (trace)
tr03-official-1/3004-cell-b-pack-0427-packfault/reference-10ms-differences.json.gz	23	f1101f8233b16d980af348db666cbdb1b9772fa79c6fa8d7d6d9550c1f6a546d	not a metric of this report
tr03-official-1/3004-cell-b-pack-0427-packfault/trace.jsonl.gz	32537509	515fe7160d1d58dba1508de971d3a2fd40abc8e16ad2f9bee8c4e9785489b7c0	too large (trace)
tr03-official-1/3005-cell-b-pack-0429-normal-s1/reference-10ms-differences.json.gz	23	f1101f8233b16d980af348db666cbdb1b9772fa79c6fa8d7d6d9550c1f6a546d	not a metric of this report
tr03-official-1/3005-cell-b-pack-0429-normal-s1/trace.jsonl.gz	73701179	e20a341d99d8fa82988bc85064a57744779d66bac381f9dd044b4bff93ee1c08	too large (trace)
tr03-official-1/3006-cell-b-pack-0429-normal-s2/reference-10ms-differences.json.gz	23	f1101f8233b16d980af348db666cbdb1b9772fa79c6fa8d7d6d9550c1f6a546d	not a metric of this report
tr03-official-1/3006-cell-b-pack-0429-normal-s2/trace.jsonl.gz	73636331	888e8461331e216544754624b22f0afe5dc63c61b35b5eb1461c75c50478083e	too large (trace)
tr03-official-1/3007-cell-b-pack-0429-normal-s3/reference-10ms-differences.json.gz	23	f1101f8233b16d980af348db666cbdb1b9772fa79c6fa8d7d6d9550c1f6a546d	not a metric of this report
tr03-official-1/3007-cell-b-pack-0429-normal-s3/trace.jsonl.gz	73461916	c45b334bf662a9d0cb8b41231a891901f15ddf086df315976b88eda12c8db7f8	too large (trace)
tr03-official-1/3008-cell-b-pack-0429-cycle-stop/reference-10ms-differences.json.gz	23	f1101f8233b16d980af348db666cbdb1b9772fa79c6fa8d7d6d9550c1f6a546d	not a metric of this report
tr03-official-1/3008-cell-b-pack-0429-cycle-stop/trace.jsonl.gz	2581089	0210620c4ef1d8f41bfa021e5fcef248edf408cfd629fe840d9963929f40e028	too large (trace)
tr03-official-1/3009-cell-b-pack-0429-curtain/reference-10ms-differences.json.gz	23	f1101f8233b16d980af348db666cbdb1b9772fa79c6fa8d7d6d9550c1f6a546d	not a metric of this report
tr03-official-1/3009-cell-b-pack-0429-curtain/trace.jsonl.gz	1974453	b70251d7b045d5bda56cf61827545e1cc638f42cee407b66b45bd006686535a1	too large (trace)
tr03-official-1/3010-cell-b-pack-0429-packfault/reference-10ms-differences.json.gz	23	f1101f8233b16d980af348db666cbdb1b9772fa79c6fa8d7d6d9550c1f6a546d	not a metric of this report
tr03-official-1/3010-cell-b-pack-0429-packfault/trace.jsonl.gz	32545029	cd929a493058646a2b587d0ec6f2838997bd5f94c56f70629539def1ce2de063	too large (trace)
tr03-official-1/3011-cell-b-pack-0430-normal-s1/reference-10ms-differences.json.gz	23	f1101f8233b16d980af348db666cbdb1b9772fa79c6fa8d7d6d9550c1f6a546d	not a metric of this report
tr03-official-1/3011-cell-b-pack-0430-normal-s1/trace.jsonl.gz	73689228	771b1935a709e55682c9ad5831263db5e6d2bf4e16e8e620612847eb27c8d1f9	too large (trace)
tr03-official-1/3012-cell-b-pack-0430-normal-s2/reference-10ms-differences.json.gz	23	f1101f8233b16d980af348db666cbdb1b9772fa79c6fa8d7d6d9550c1f6a546d	not a metric of this report
tr03-official-1/3012-cell-b-pack-0430-normal-s2/trace.jsonl.gz	73639146	e6019339b4475746317964df65b217baf8c69e0a0406d6fa91fe620292d1ed15	too large (trace)
tr03-official-1/3013-cell-b-pack-0430-normal-s3/reference-10ms-differences.json.gz	23	f1101f8233b16d980af348db666cbdb1b9772fa79c6fa8d7d6d9550c1f6a546d	not a metric of this report
tr03-official-1/3013-cell-b-pack-0430-normal-s3/trace.jsonl.gz	73455393	4d929ec503d1ad6ce4b2c79fdadb73997bda160d85c447cfa54e741bca297682	too large (trace)
tr03-official-1/3014-cell-b-pack-0430-cycle-stop/reference-10ms-differences.json.gz	23	f1101f8233b16d980af348db666cbdb1b9772fa79c6fa8d7d6d9550c1f6a546d	not a metric of this report
tr03-official-1/3014-cell-b-pack-0430-cycle-stop/trace.jsonl.gz	2565543	2cff91a0bdca07df5802da6d25db7f3c0f8d787dc460cbd09e1417580824a305	too large (trace)
tr03-official-1/3015-cell-b-pack-0430-curtain/reference-10ms-differences.json.gz	23	f1101f8233b16d980af348db666cbdb1b9772fa79c6fa8d7d6d9550c1f6a546d	not a metric of this report
tr03-official-1/3015-cell-b-pack-0430-curtain/trace.jsonl.gz	1967242	ab1b70d50fac7a7bfd24a5180e76c368d9db875013270a06733b5f0233f009ee	too large (trace)
tr03-official-1/3016-cell-b-pack-0430-packfault/reference-10ms-differences.json.gz	23	f1101f8233b16d980af348db666cbdb1b9772fa79c6fa8d7d6d9550c1f6a546d	not a metric of this report
tr03-official-1/3016-cell-b-pack-0430-packfault/trace.jsonl.gz	32532892	a6bf45e2662f7897b812a67d0b8a50e977d436974e4e71f7767573fd938d1ffa	too large (trace)
tr03-official-1/3017-cell-b-pack-0431-normal-s1/reference-10ms-differences.json.gz	23	f1101f8233b16d980af348db666cbdb1b9772fa79c6fa8d7d6d9550c1f6a546d	not a metric of this report
tr03-official-1/3017-cell-b-pack-0431-normal-s1/trace.jsonl.gz	73703924	cfcc6fd0677b37a580cf6303ef48b720036afe8ed6d28c01dcd6d4126d5ae1b7	too large (trace)
tr03-official-1/3018-cell-b-pack-0431-normal-s2/reference-10ms-differences.json.gz	23	f1101f8233b16d980af348db666cbdb1b9772fa79c6fa8d7d6d9550c1f6a546d	not a metric of this report
tr03-official-1/3018-cell-b-pack-0431-normal-s2/trace.jsonl.gz	73638061	7dc672dd3cc15ced57e810976d2a6905face1be397fb7dd357a5b1408e800c94	too large (trace)
tr03-official-1/3019-cell-b-pack-0431-normal-s3/reference-10ms-differences.json.gz	23	f1101f8233b16d980af348db666cbdb1b9772fa79c6fa8d7d6d9550c1f6a546d	not a metric of this report
tr03-official-1/3019-cell-b-pack-0431-normal-s3/trace.jsonl.gz	73451818	fd5bb5b03e0cddd8de88afa74d3718f356b0b28736a1228827b5250482a135c1	too large (trace)
tr03-official-1/3020-cell-b-pack-0431-cycle-stop/reference-10ms-differences.json.gz	23	f1101f8233b16d980af348db666cbdb1b9772fa79c6fa8d7d6d9550c1f6a546d	not a metric of this report
tr03-official-1/3020-cell-b-pack-0431-cycle-stop/trace.jsonl.gz	2586246	0d6233518d0b341fd2bf54d89e9b05df39a5baad589c71533efebef76d3906e3	too large (trace)
tr03-official-1/3021-cell-b-pack-0431-curtain/reference-10ms-differences.json.gz	23	f1101f8233b16d980af348db666cbdb1b9772fa79c6fa8d7d6d9550c1f6a546d	not a metric of this report
tr03-official-1/3021-cell-b-pack-0431-curtain/trace.jsonl.gz	1988432	3e0ff2aea518aa60bdd8c9795e885347316846b5efcecb72d35dc64560bcd238	too large (trace)
tr03-official-1/3022-cell-b-pack-0431-packfault/reference-10ms-differences.json.gz	23	f1101f8233b16d980af348db666cbdb1b9772fa79c6fa8d7d6d9550c1f6a546d	not a metric of this report
tr03-official-1/3022-cell-b-pack-0431-packfault/trace.jsonl.gz	32544008	8a63e8f86ccd4090790eb3a32265dbeab59c30e3caf2956648863d18030c0a53	too large (trace)
tr03-official-1/3023-cell-b-pack-0433-normal-s1/reference-10ms-differences.json.gz	223677	aaab971006250f0ade97afcb652bf64d7b18b025d0417d1d0813139cfa76a224	not a metric of this report
tr03-official-1/3023-cell-b-pack-0433-normal-s1/trace.jsonl.gz	18792493	5ed9ea18fd47874a34aea7f98717ccf2af9d40b6f9428d01c5fee81d2b7928d8	too large (trace)
tr03-official-1/3024-cell-b-pack-0433-normal-s2/reference-10ms-differences.json.gz	223677	aaab971006250f0ade97afcb652bf64d7b18b025d0417d1d0813139cfa76a224	not a metric of this report
tr03-official-1/3024-cell-b-pack-0433-normal-s2/trace.jsonl.gz	18734999	22b135c714af889250cf2bf8a6a2e327d383fb39778313747af61103bfc18670	too large (trace)
tr03-official-1/3025-cell-b-pack-0433-normal-s3/reference-10ms-differences.json.gz	223677	aaab971006250f0ade97afcb652bf64d7b18b025d0417d1d0813139cfa76a224	not a metric of this report
tr03-official-1/3025-cell-b-pack-0433-normal-s3/trace.jsonl.gz	18703559	746c2bfc745fb81144f1c8bfb972d139e17c449e52e8ec8fcc6ed96a45d20c9f	too large (trace)
tr03-official-1/3026-cell-b-pack-0433-cycle-stop/reference-10ms-differences.json.gz	29383	8dabc3940c1353a38ebe868e3fbad23fdd55334ee4f1e27d1b6543ad56041e9b	not a metric of this report
tr03-official-1/3026-cell-b-pack-0433-cycle-stop/trace.jsonl.gz	2214940	75db7aae39bb4ac0e609e882c4de70ed673907b1291019f1510b9aa51d5f85f7	too large (trace)
tr03-official-1/3027-cell-b-pack-0433-curtain/reference-10ms-differences.json.gz	24866	b485dee005115c4e7b90b22f23a18bac276144a005d0e49d4391455af19cd6a5	not a metric of this report
tr03-official-1/3027-cell-b-pack-0433-curtain/trace.jsonl.gz	1848423	6cb6a4096cc0c4fcfa950b36293b3bdc9d1d26f162e67fbc5eb0632fa66ae96c	too large (trace)
tr03-official-1/3028-cell-b-pack-0433-packfault/reference-10ms-differences.json.gz	138424	6b43829449480b9b1254e71651d54843d05d22c8f93ba9891c2e1160cfa34b95	not a metric of this report
tr03-official-1/3028-cell-b-pack-0433-packfault/trace.jsonl.gz	11246386	cf09fe9d8d679974ae667083bc1b020cde13e1a0cdcf9e2c0b6f20a2ce5696d4	too large (trace)
tr03-official-1/3029-cell-b-pack-0434-normal-s1/reference-10ms-differences.json.gz	23	f1101f8233b16d980af348db666cbdb1b9772fa79c6fa8d7d6d9550c1f6a546d	not a metric of this report
tr03-official-1/3029-cell-b-pack-0434-normal-s1/trace.jsonl.gz	73690567	71e5bb668ee7c4649f3a75c9394c977114e26edb299ab9ec8b9b897ed1fff26e	too large (trace)
tr03-official-1/3030-cell-b-pack-0434-normal-s2/reference-10ms-differences.json.gz	23	f1101f8233b16d980af348db666cbdb1b9772fa79c6fa8d7d6d9550c1f6a546d	not a metric of this report
tr03-official-1/3030-cell-b-pack-0434-normal-s2/trace.jsonl.gz	73629759	e3cb11b1a6534ee8f0f89aae2a9b135dd35f14b8a5e4d99af69ee2580b6daa51	too large (trace)
tr03-official-1/3031-cell-b-pack-0434-normal-s3/reference-10ms-differences.json.gz	23	f1101f8233b16d980af348db666cbdb1b9772fa79c6fa8d7d6d9550c1f6a546d	not a metric of this report
tr03-official-1/3031-cell-b-pack-0434-normal-s3/trace.jsonl.gz	73443090	a0091cf602e3f383b01d769c42a3be42e720362958dbaeb94eadfbb74b148b52	too large (trace)
tr03-official-1/3032-cell-b-pack-0434-cycle-stop/reference-10ms-differences.json.gz	23	f1101f8233b16d980af348db666cbdb1b9772fa79c6fa8d7d6d9550c1f6a546d	not a metric of this report
tr03-official-1/3032-cell-b-pack-0434-cycle-stop/trace.jsonl.gz	2575184	363829e53d205299e6b5c3cd2aff85a9e1ba49314ab326d0dc4074b18a8f2087	too large (trace)
tr03-official-1/3033-cell-b-pack-0434-curtain/reference-10ms-differences.json.gz	23	f1101f8233b16d980af348db666cbdb1b9772fa79c6fa8d7d6d9550c1f6a546d	not a metric of this report
tr03-official-1/3033-cell-b-pack-0434-curtain/trace.jsonl.gz	1982718	aa23a49fada2fc72d6ea0ab960b27c6d1b6a2485c25fe583f8c2bd117f672c2b	too large (trace)
tr03-official-1/3034-cell-b-pack-0434-packfault/reference-10ms-differences.json.gz	23	f1101f8233b16d980af348db666cbdb1b9772fa79c6fa8d7d6d9550c1f6a546d	not a metric of this report
tr03-official-1/3034-cell-b-pack-0434-packfault/trace.jsonl.gz	32539874	24201ff623b147ca055c6f138fdc53832f8765f345af14f6389f299f50125751	too large (trace)
tr03-official-1/3035-cell-b-pack-0435-normal-s1/reference-10ms-differences.json.gz	223677	aaab971006250f0ade97afcb652bf64d7b18b025d0417d1d0813139cfa76a224	not a metric of this report
tr03-official-1/3035-cell-b-pack-0435-normal-s1/trace.jsonl.gz	18794712	fbb20dae13325273f5b340e823d724059fc617f179ab79302a06cbb1e176031b	too large (trace)
tr03-official-1/3036-cell-b-pack-0435-normal-s2/reference-10ms-differences.json.gz	223677	aaab971006250f0ade97afcb652bf64d7b18b025d0417d1d0813139cfa76a224	not a metric of this report
tr03-official-1/3036-cell-b-pack-0435-normal-s2/trace.jsonl.gz	18740913	702f704db88b23f3499f1a47624ec03a1c64a340f6909fd327414fef8751098d	too large (trace)
tr03-official-1/3037-cell-b-pack-0435-normal-s3/reference-10ms-differences.json.gz	223677	aaab971006250f0ade97afcb652bf64d7b18b025d0417d1d0813139cfa76a224	not a metric of this report
tr03-official-1/3037-cell-b-pack-0435-normal-s3/trace.jsonl.gz	18722060	64b8a93932a1d8e90519248b0f967264da982414963bf2f15cebf793ccccaf0c	too large (trace)
tr03-official-1/3038-cell-b-pack-0435-cycle-stop/reference-10ms-differences.json.gz	29383	8dabc3940c1353a38ebe868e3fbad23fdd55334ee4f1e27d1b6543ad56041e9b	not a metric of this report
tr03-official-1/3038-cell-b-pack-0435-cycle-stop/trace.jsonl.gz	2211910	92e265c15da7c10ace008d98e524f8f68acf010d0740991e1750c366fd23dd3c	too large (trace)
tr03-official-1/3039-cell-b-pack-0435-curtain/reference-10ms-differences.json.gz	24866	b485dee005115c4e7b90b22f23a18bac276144a005d0e49d4391455af19cd6a5	not a metric of this report
tr03-official-1/3039-cell-b-pack-0435-curtain/trace.jsonl.gz	1841999	e73be95c7bca1dda7b232fedbfcfc2ebcff15b44952317d7e3b8fa542c034586	too large (trace)
tr03-official-1/3040-cell-b-pack-0435-packfault/reference-10ms-differences.json.gz	138424	6b43829449480b9b1254e71651d54843d05d22c8f93ba9891c2e1160cfa34b95	not a metric of this report
tr03-official-1/3040-cell-b-pack-0435-packfault/trace.jsonl.gz	11204791	c7be1ad4e0674aabfbaf02efdbc25e1567386cf5077d558fbb4dccd3da30a1a0	too large (trace)
tr03-official-1/3041-cell-b-pack-0437-normal-s1/reference-10ms-differences.json.gz	23	f1101f8233b16d980af348db666cbdb1b9772fa79c6fa8d7d6d9550c1f6a546d	not a metric of this report
tr03-official-1/3041-cell-b-pack-0437-normal-s1/trace.jsonl.gz	73696403	dfdfc228e59caf735fc72c2136a93e4e142a5f42a8260655ec71ad9cef7db32b	too large (trace)
tr03-official-1/3042-cell-b-pack-0437-normal-s2/reference-10ms-differences.json.gz	23	f1101f8233b16d980af348db666cbdb1b9772fa79c6fa8d7d6d9550c1f6a546d	not a metric of this report
tr03-official-1/3042-cell-b-pack-0437-normal-s2/trace.jsonl.gz	73643125	39714ff88d4a692a96a514d689331d50e126c530a68450316a4cea90315797f4	too large (trace)
tr03-official-1/3043-cell-b-pack-0437-normal-s3/reference-10ms-differences.json.gz	23	f1101f8233b16d980af348db666cbdb1b9772fa79c6fa8d7d6d9550c1f6a546d	not a metric of this report
tr03-official-1/3043-cell-b-pack-0437-normal-s3/trace.jsonl.gz	73469686	8ffd2a7e14bee82c19c83e59028da0a0c4004139848d0c852d33d6725fea1bde	too large (trace)
tr03-official-1/3044-cell-b-pack-0437-cycle-stop/reference-10ms-differences.json.gz	23	f1101f8233b16d980af348db666cbdb1b9772fa79c6fa8d7d6d9550c1f6a546d	not a metric of this report
tr03-official-1/3044-cell-b-pack-0437-cycle-stop/trace.jsonl.gz	2573192	6db98680894657ed0c5a87bcad81115f384500495704c393120a17bbe1b8d059	too large (trace)
tr03-official-1/3045-cell-b-pack-0437-curtain/reference-10ms-differences.json.gz	23	f1101f8233b16d980af348db666cbdb1b9772fa79c6fa8d7d6d9550c1f6a546d	not a metric of this report
tr03-official-1/3045-cell-b-pack-0437-curtain/trace.jsonl.gz	1980254	eb8561bc71046dd9ba7aa79caa88b84509ef1afcdc5457c48e435ce00058feb7	too large (trace)
tr03-official-1/3046-cell-b-pack-0437-packfault/reference-10ms-differences.json.gz	90415	7605a090cab5669db4c4143feed4d1d3dfba80370169da8c183f9385362226cf	not a metric of this report
tr03-official-1/3046-cell-b-pack-0437-packfault/trace.jsonl.gz	32544097	414841ff16e4b510d22b5e50f376b93f6cfdc1099a2c38a20f98dffce1d667a1	too large (trace)
tr03-official-1/3047-cell-b-pack-0438-normal-s1/reference-10ms-differences.json.gz	23	f1101f8233b16d980af348db666cbdb1b9772fa79c6fa8d7d6d9550c1f6a546d	not a metric of this report
tr03-official-1/3047-cell-b-pack-0438-normal-s1/trace.jsonl.gz	73705097	6c3665c21d6d039d1f5ef9023d1eefdf94dbdd5d2e752a6d9613a7ff9ef2bfbc	too large (trace)
tr03-official-1/3048-cell-b-pack-0438-normal-s2/reference-10ms-differences.json.gz	23	f1101f8233b16d980af348db666cbdb1b9772fa79c6fa8d7d6d9550c1f6a546d	not a metric of this report
tr03-official-1/3048-cell-b-pack-0438-normal-s2/trace.jsonl.gz	73635065	4ad93357da063fc0ad56fbfeb82e827ec024657093856db2b221f65a51a25a2b	too large (trace)
tr03-official-1/3049-cell-b-pack-0438-normal-s3/reference-10ms-differences.json.gz	23	f1101f8233b16d980af348db666cbdb1b9772fa79c6fa8d7d6d9550c1f6a546d	not a metric of this report
tr03-official-1/3049-cell-b-pack-0438-normal-s3/trace.jsonl.gz	73468631	cad361f5cbda211eb6196633a9f932f4f886888282d9ec188615f3b0e9e008b8	too large (trace)
tr03-official-1/3050-cell-b-pack-0438-cycle-stop/reference-10ms-differences.json.gz	23	f1101f8233b16d980af348db666cbdb1b9772fa79c6fa8d7d6d9550c1f6a546d	not a metric of this report
tr03-official-1/3050-cell-b-pack-0438-cycle-stop/trace.jsonl.gz	2583978	4cc80c946c03ad0518f66827945528dda657b59d3a4c0a30facf2e806c7a8a9c	too large (trace)
tr03-official-1/3051-cell-b-pack-0438-curtain/reference-10ms-differences.json.gz	23	f1101f8233b16d980af348db666cbdb1b9772fa79c6fa8d7d6d9550c1f6a546d	not a metric of this report
tr03-official-1/3051-cell-b-pack-0438-curtain/trace.jsonl.gz	1982052	882964ee7f6dda02fc15cea66df50df12efdaa1143b94f77132173301803483b	too large (trace)
tr03-official-1/3052-cell-b-pack-0438-packfault/reference-10ms-differences.json.gz	23	f1101f8233b16d980af348db666cbdb1b9772fa79c6fa8d7d6d9550c1f6a546d	not a metric of this report
tr03-official-1/3052-cell-b-pack-0438-packfault/trace.jsonl.gz	32543796	b4fda906fa01090a5c96c08e45a0123d002cf9ccd79ff7c05362471ca972afe5	too large (trace)
tr03-official-1/3053-cell-b-pack-0439-normal-s1/reference-10ms-differences.json.gz	23	f1101f8233b16d980af348db666cbdb1b9772fa79c6fa8d7d6d9550c1f6a546d	not a metric of this report
tr03-official-1/3053-cell-b-pack-0439-normal-s1/trace.jsonl.gz	73702464	07c44bae8545777775969fbd6336ec4c43d5fa2c83e0dce949a060a9e1261896	too large (trace)
tr03-official-1/3054-cell-b-pack-0439-normal-s2/reference-10ms-differences.json.gz	23	f1101f8233b16d980af348db666cbdb1b9772fa79c6fa8d7d6d9550c1f6a546d	not a metric of this report
tr03-official-1/3054-cell-b-pack-0439-normal-s2/trace.jsonl.gz	73637856	49ee77f8d6739504324a21488ccdbeced34fe45b684d6dcd2e3613132e481c56	too large (trace)
tr03-official-1/3055-cell-b-pack-0439-normal-s3/reference-10ms-differences.json.gz	23	f1101f8233b16d980af348db666cbdb1b9772fa79c6fa8d7d6d9550c1f6a546d	not a metric of this report
tr03-official-1/3055-cell-b-pack-0439-normal-s3/trace.jsonl.gz	73456314	125b8af0b3ec860c0c82064c931d7495007bd74fd65c92f2e23a3f8fc0716acb	too large (trace)
tr03-official-1/3056-cell-b-pack-0439-cycle-stop/reference-10ms-differences.json.gz	23	f1101f8233b16d980af348db666cbdb1b9772fa79c6fa8d7d6d9550c1f6a546d	not a metric of this report
tr03-official-1/3056-cell-b-pack-0439-cycle-stop/trace.jsonl.gz	2583397	3b21d04d721f9c16d738349856e1b96af5ec05cc939dcf85ee2743cf80e48c80	too large (trace)
tr03-official-1/3057-cell-b-pack-0439-curtain/reference-10ms-differences.json.gz	23	f1101f8233b16d980af348db666cbdb1b9772fa79c6fa8d7d6d9550c1f6a546d	not a metric of this report
tr03-official-1/3057-cell-b-pack-0439-curtain/trace.jsonl.gz	1982381	cf5e135e3fa3023fa25322045ed4e7942a2bad4493916b68d6c72a1291f25179	too large (trace)
tr03-official-1/3058-cell-b-pack-0439-packfault/reference-10ms-differences.json.gz	23	f1101f8233b16d980af348db666cbdb1b9772fa79c6fa8d7d6d9550c1f6a546d	not a metric of this report
tr03-official-1/3058-cell-b-pack-0439-packfault/trace.jsonl.gz	32548746	c5f76e8b4401971a819a61ac671c1118d6119d0753e3a711ba6bab4adbdedd92	too large (trace)
tr03-official-1/3059-cell-b-pack-0440-normal-s1/reference-10ms-differences.json.gz	23	f1101f8233b16d980af348db666cbdb1b9772fa79c6fa8d7d6d9550c1f6a546d	not a metric of this report
tr03-official-1/3059-cell-b-pack-0440-normal-s1/trace.jsonl.gz	73693849	20cbe7e0666614094501462b00a315064157d77e5566f1fd7fb950c2f7f65581	too large (trace)
tr03-official-1/3060-cell-b-pack-0440-normal-s2/reference-10ms-differences.json.gz	23	f1101f8233b16d980af348db666cbdb1b9772fa79c6fa8d7d6d9550c1f6a546d	not a metric of this report
tr03-official-1/3060-cell-b-pack-0440-normal-s2/trace.jsonl.gz	73636951	e86b3b19d42c40f72c9b116cc9b1cc82e768c0a033dbfcaba32a94cc4880f9af	too large (trace)
tr03-official-1/3061-cell-b-pack-0440-normal-s3/reference-10ms-differences.json.gz	23	f1101f8233b16d980af348db666cbdb1b9772fa79c6fa8d7d6d9550c1f6a546d	not a metric of this report
tr03-official-1/3061-cell-b-pack-0440-normal-s3/trace.jsonl.gz	73441033	a8bd488a402b51a37d93ef5123acbdbf5e0f3a33db6b6e94014555063f83223f	too large (trace)
tr03-official-1/3062-cell-b-pack-0440-cycle-stop/reference-10ms-differences.json.gz	23	f1101f8233b16d980af348db666cbdb1b9772fa79c6fa8d7d6d9550c1f6a546d	not a metric of this report
tr03-official-1/3062-cell-b-pack-0440-cycle-stop/trace.jsonl.gz	2580392	9cd19382e654d4b3b2fae3af69efc2f8502c9157c0f6d2bccde6f84512fe6455	too large (trace)
tr03-official-1/3063-cell-b-pack-0440-curtain/reference-10ms-differences.json.gz	23	f1101f8233b16d980af348db666cbdb1b9772fa79c6fa8d7d6d9550c1f6a546d	not a metric of this report
tr03-official-1/3063-cell-b-pack-0440-curtain/trace.jsonl.gz	1976348	3814dea6fbbb68353567893f7c8dfd4b79522b69b55598a38411bb1a0b914768	too large (trace)
tr03-official-1/3064-cell-b-pack-0440-packfault/reference-10ms-differences.json.gz	23	f1101f8233b16d980af348db666cbdb1b9772fa79c6fa8d7d6d9550c1f6a546d	not a metric of this report
tr03-official-1/3064-cell-b-pack-0440-packfault/trace.jsonl.gz	32533689	5eb826e2689e1fba43d97821fd124bf28bb66cda2e6f66f41e0f9b70274f63e2	too large (trace)
tr03-official-1/3065-cell-b-pack-0443-normal-s1/reference-10ms-differences.json.gz	23	f1101f8233b16d980af348db666cbdb1b9772fa79c6fa8d7d6d9550c1f6a546d	not a metric of this report
tr03-official-1/3065-cell-b-pack-0443-normal-s1/trace.jsonl.gz	73705828	9158bbc8ae46a3f7285f2cdba2dd3b5c59bc762d6300b6940f27fba3e91e3d56	too large (trace)
tr03-official-1/3066-cell-b-pack-0443-normal-s2/reference-10ms-differences.json.gz	23	f1101f8233b16d980af348db666cbdb1b9772fa79c6fa8d7d6d9550c1f6a546d	not a metric of this report
tr03-official-1/3066-cell-b-pack-0443-normal-s2/trace.jsonl.gz	73635140	31420ff12e05b985ca8c4405c619597dbf3ecc3671147cc514f05939c42c48cf	too large (trace)
tr03-official-1/3067-cell-b-pack-0443-normal-s3/reference-10ms-differences.json.gz	23	f1101f8233b16d980af348db666cbdb1b9772fa79c6fa8d7d6d9550c1f6a546d	not a metric of this report
tr03-official-1/3067-cell-b-pack-0443-normal-s3/trace.jsonl.gz	73449299	5a06b3e3ba86ed745808ff28fe8794ac88488ef2a2b62e40122442b36911772b	too large (trace)
tr03-official-1/3068-cell-b-pack-0443-cycle-stop/reference-10ms-differences.json.gz	23	f1101f8233b16d980af348db666cbdb1b9772fa79c6fa8d7d6d9550c1f6a546d	not a metric of this report
tr03-official-1/3068-cell-b-pack-0443-cycle-stop/trace.jsonl.gz	2583595	98993e5905affbf0f032c40a40a683182b86d303fe7add8c5dc7067dc35def03	too large (trace)
tr03-official-1/3069-cell-b-pack-0443-curtain/reference-10ms-differences.json.gz	23	f1101f8233b16d980af348db666cbdb1b9772fa79c6fa8d7d6d9550c1f6a546d	not a metric of this report
tr03-official-1/3069-cell-b-pack-0443-curtain/trace.jsonl.gz	1979185	6a6bd9d5c2e4e5f8cfa027b261ebae9e46c61179550f1e796167ebc791f2309e	too large (trace)
tr03-official-1/3070-cell-b-pack-0443-packfault/reference-10ms-differences.json.gz	90415	7605a090cab5669db4c4143feed4d1d3dfba80370169da8c183f9385362226cf	not a metric of this report
tr03-official-1/3070-cell-b-pack-0443-packfault/trace.jsonl.gz	32554159	9770c15fe529d14100375fb262d8ff6d0cbdf6ec8f99870fa7d32e443aef5f17	too large (trace)
tr03-official-1/3071-cell-b-pack-0444-normal-s1/reference-10ms-differences.json.gz	211164	b6a09f4a0c5732b22ae5d3c9f692c40556f7bdc011950b7c39f2fc5f61f5b431	not a metric of this report
tr03-official-1/3071-cell-b-pack-0444-normal-s1/trace.jsonl.gz	19738073	8fb81e2d349ec5d3eae80e447cf42ae762a18f5b891df99442e1a02a942a4fea	too large (trace)
tr03-official-1/3072-cell-b-pack-0444-normal-s2/reference-10ms-differences.json.gz	209099	f349b3e436457ac79322890075bdcf55f9f04be428aa0143e01cd696ab04663f	not a metric of this report
tr03-official-1/3072-cell-b-pack-0444-normal-s2/trace.jsonl.gz	19853964	4a8774619aa7c459f90b79918ff1a33703ecd3ce1d3b1d3627be4cc6781a9fb3	too large (trace)
tr03-official-1/3073-cell-b-pack-0444-normal-s3/reference-10ms-differences.json.gz	203880	1bfc3c253dbda2b6d30476b2da38393f3c860e7e59e0099c9c7cbef658a606d2	not a metric of this report
tr03-official-1/3073-cell-b-pack-0444-normal-s3/trace.jsonl.gz	46050614	0c0156ddb5a50a522a6f2f0652c9e8f3655d719bb108cd366af0709098b7ad59	too large (trace)
tr03-official-1/3074-cell-b-pack-0444-cycle-stop/reference-10ms-differences.json.gz	17179	f93050903ff334e90ee0bcb3292d18ea8a619790890141201608c328bf47cc14	not a metric of this report
tr03-official-1/3074-cell-b-pack-0444-cycle-stop/trace.jsonl.gz	2390794	87dfeb69c059ea42aaf1d7d94d0168658eeb95279cf1d2f15d915503e4160046	too large (trace)
tr03-official-1/3075-cell-b-pack-0444-curtain/reference-10ms-differences.json.gz	12130	f74e7221b65738d6501bfd36608b641b9342900efd7f0184a4b262ad37b72d9e	not a metric of this report
tr03-official-1/3075-cell-b-pack-0444-curtain/trace.jsonl.gz	2032882	c98079a6b53790502a9f45c1dcec335bd8ff5aa4ab98e2a961858e568bf32202	too large (trace)
tr03-official-1/3076-cell-b-pack-0444-packfault/reference-10ms-differences.json.gz	126022	72116fb758cd47eb59132c88202c94f79e1fd264a6a8c14956dae21a8014759d	not a metric of this report
tr03-official-1/3076-cell-b-pack-0444-packfault/trace.jsonl.gz	11816442	a392f2945df15e233372684d8e0d66949e4070cb99b6752e5d069cc3a4222348	too large (trace)
tr03-official-1/3077-cell-b-pack-0445-normal-s1/reference-10ms-differences.json.gz	211164	b6a09f4a0c5732b22ae5d3c9f692c40556f7bdc011950b7c39f2fc5f61f5b431	not a metric of this report
tr03-official-1/3077-cell-b-pack-0445-normal-s1/trace.jsonl.gz	19691784	222d0e3a42d8e408bcf95c03fa58c7ccd97aa4266cdbcb4fdf7211937c5401a3	too large (trace)
tr03-official-1/3078-cell-b-pack-0445-normal-s2/reference-10ms-differences.json.gz	209099	f349b3e436457ac79322890075bdcf55f9f04be428aa0143e01cd696ab04663f	not a metric of this report
tr03-official-1/3078-cell-b-pack-0445-normal-s2/trace.jsonl.gz	19855236	0259432194b70e8fa1567da626c703274f2c64c4d71a6b4f560cf85a4fe86390	too large (trace)
tr03-official-1/3079-cell-b-pack-0445-normal-s3/reference-10ms-differences.json.gz	203880	1bfc3c253dbda2b6d30476b2da38393f3c860e7e59e0099c9c7cbef658a606d2	not a metric of this report
tr03-official-1/3079-cell-b-pack-0445-normal-s3/trace.jsonl.gz	46073582	364ed6879a200645d2118efe60e1e351d7ee08fb14bf2bf04c1dcb3d9085733f	too large (trace)
tr03-official-1/3080-cell-b-pack-0445-cycle-stop/reference-10ms-differences.json.gz	17179	f93050903ff334e90ee0bcb3292d18ea8a619790890141201608c328bf47cc14	not a metric of this report
tr03-official-1/3080-cell-b-pack-0445-cycle-stop/trace.jsonl.gz	2385989	1b1b41d7ab9c8c431589f45e24b132e2e6b4f134fc55839df1ec30003ac10fa7	too large (trace)
tr03-official-1/3081-cell-b-pack-0445-curtain/reference-10ms-differences.json.gz	12130	f74e7221b65738d6501bfd36608b641b9342900efd7f0184a4b262ad37b72d9e	not a metric of this report
tr03-official-1/3081-cell-b-pack-0445-curtain/trace.jsonl.gz	2020741	bd18ea905039c4d807c0c201ba349039f5f08632014c43f0766f06e7eff37a7a	too large (trace)
tr03-official-1/3082-cell-b-pack-0445-packfault/reference-10ms-differences.json.gz	126022	72116fb758cd47eb59132c88202c94f79e1fd264a6a8c14956dae21a8014759d	not a metric of this report
tr03-official-1/3082-cell-b-pack-0445-packfault/trace.jsonl.gz	11803341	da345715fb26b0091bb0136eecd0b28b343465765d4bf95ed76e80c620445909	too large (trace)
tr03-official-1/3083-cell-b-pack-0446-normal-s1/reference-10ms-differences.json.gz	204598	93ffff2d9b3746427e100a39bc61ca030f1a8a51446a4055d85056e0b7c737be	not a metric of this report
tr03-official-1/3083-cell-b-pack-0446-normal-s1/trace.jsonl.gz	20428049	7ecfdc41dd076580135e508477815271f39b641025429c6557de0c110547b38e	too large (trace)
tr03-official-1/3084-cell-b-pack-0446-normal-s2/reference-10ms-differences.json.gz	206121	6bae78571327f8b48931cd24095eb264ee5c67ddcdf7d762dc9e0ea6aaf7ec16	not a metric of this report
tr03-official-1/3084-cell-b-pack-0446-normal-s2/trace.jsonl.gz	20391498	ad9eed61654427fc68f13f90798f51ffaa52e1d62d414e346dece38b48ddcbee	too large (trace)
tr03-official-1/3085-cell-b-pack-0446-normal-s3/reference-10ms-differences.json.gz	206121	6bae78571327f8b48931cd24095eb264ee5c67ddcdf7d762dc9e0ea6aaf7ec16	not a metric of this report
tr03-official-1/3085-cell-b-pack-0446-normal-s3/trace.jsonl.gz	19665186	b868e150b5ecfd7d7abd52444fa7039d84a780095860050f2e2ce679dbbf2d06	too large (trace)
tr03-official-1/3086-cell-b-pack-0446-cycle-stop/reference-10ms-differences.json.gz	10177	1dd642a52e6eda9362fae6c1a227f6dbb66cc7ac99b1d4a311849cfb2c9cd20c	not a metric of this report
tr03-official-1/3086-cell-b-pack-0446-cycle-stop/trace.jsonl.gz	2495960	02df43138014efebc49e16769bcbe5e438437f54051c7713969d47ab938afb8c	too large (trace)
tr03-official-1/3087-cell-b-pack-0446-curtain/reference-10ms-differences.json.gz	23	f1101f8233b16d980af348db666cbdb1b9772fa79c6fa8d7d6d9550c1f6a546d	not a metric of this report
tr03-official-1/3087-cell-b-pack-0446-curtain/trace.jsonl.gz	1974738	c2e229460377c2553014a39de87e8e72175276c36ea6e8b47414cb6d038ef9d3	too large (trace)
tr03-official-1/3088-cell-b-pack-0446-packfault/reference-10ms-differences.json.gz	119474	5f6d5adaacc94d85f1a9f63bd6e927b081ea131e8c4439a68dd8786938f5a7de	not a metric of this report
tr03-official-1/3088-cell-b-pack-0446-packfault/trace.jsonl.gz	12256078	dc4ae5ef593ab213e98aba092d848de1511657de68076e62079883ce8ef56c08	too large (trace)
tr03-official-1/3089-cell-b-pack-0448-normal-s1/reference-10ms-differences.json.gz	133741	8703e7a27d68d2fd3febb2185e29289fa66ff697fa22facdde91026fb1c0af4c	not a metric of this report
tr03-official-1/3089-cell-b-pack-0448-normal-s1/trace.jsonl.gz	74010475	952a02c25f8f503bf8a29615572a988bd775a2a202a61ab46975a50ccbd04662	too large (trace)
tr03-official-1/3090-cell-b-pack-0448-normal-s2/reference-10ms-differences.json.gz	132850	9c48fc2166f50eb4d189bab822e69e301a5b4c49df135990441161546adac1fe	not a metric of this report
tr03-official-1/3090-cell-b-pack-0448-normal-s2/trace.jsonl.gz	74032666	9febb37c5bae5b902597a16f23d8bea86a9e85851192b8ece1e0f7cd2e274c0e	too large (trace)
tr03-official-1/3091-cell-b-pack-0448-normal-s3/reference-10ms-differences.json.gz	181137	5be9c9335ff888e59a6e9572eaad548fb5218751ba0d7d079e3093f667524c69	not a metric of this report
tr03-official-1/3091-cell-b-pack-0448-normal-s3/trace.jsonl.gz	73520171	30aa57df6e243683d2cd35026fcced36f8db14c28ebf3414405530a6483fee6b	too large (trace)
tr03-official-1/3092-cell-b-pack-0448-cycle-stop/reference-10ms-differences.json.gz	23	f1101f8233b16d980af348db666cbdb1b9772fa79c6fa8d7d6d9550c1f6a546d	not a metric of this report
tr03-official-1/3092-cell-b-pack-0448-cycle-stop/trace.jsonl.gz	2571963	23a8aebb7d59de3e053c87eed48f9ca2b3ae0d54ea1d8f01ad6d024a075e49bd	too large (trace)
tr03-official-1/3093-cell-b-pack-0448-curtain/reference-10ms-differences.json.gz	23	f1101f8233b16d980af348db666cbdb1b9772fa79c6fa8d7d6d9550c1f6a546d	not a metric of this report
tr03-official-1/3093-cell-b-pack-0448-curtain/trace.jsonl.gz	1972396	761475cd3cac2ad25514bcd01b61b8dcf793ffffbc27909a77a2ac45fc9ca26f	too large (trace)
tr03-official-1/3094-cell-b-pack-0448-packfault/reference-10ms-differences.json.gz	23	f1101f8233b16d980af348db666cbdb1b9772fa79c6fa8d7d6d9550c1f6a546d	not a metric of this report
tr03-official-1/3094-cell-b-pack-0448-packfault/trace.jsonl.gz	32533294	5dbe8c14e6d7aa91f1d36e0612346e4e7664ba0df0b2f04d5eabbce456a8c7fb	too large (trace)
tr03-official-1/3095-cell-b-pack-0449-normal-s1/reference-10ms-differences.json.gz	23	f1101f8233b16d980af348db666cbdb1b9772fa79c6fa8d7d6d9550c1f6a546d	not a metric of this report
tr03-official-1/3095-cell-b-pack-0449-normal-s1/trace.jsonl.gz	73696406	9d0379424a10c51fe77890c3fbc9712c00a4cfd9eb978829e8105fbc20e50a2e	too large (trace)
tr03-official-1/3096-cell-b-pack-0449-normal-s2/reference-10ms-differences.json.gz	23	f1101f8233b16d980af348db666cbdb1b9772fa79c6fa8d7d6d9550c1f6a546d	not a metric of this report
tr03-official-1/3096-cell-b-pack-0449-normal-s2/trace.jsonl.gz	73613646	6c16c15b9b508dc1ea8802ee4cca867492cc4810c230b729b89adefbaafa123c	too large (trace)
tr03-official-1/3097-cell-b-pack-0449-normal-s3/reference-10ms-differences.json.gz	23	f1101f8233b16d980af348db666cbdb1b9772fa79c6fa8d7d6d9550c1f6a546d	not a metric of this report
tr03-official-1/3097-cell-b-pack-0449-normal-s3/trace.jsonl.gz	73429527	7100dc231bded0545be06c77debfa0542edf7e86cdafd1ac656edf4268b75003	too large (trace)
tr03-official-1/3098-cell-b-pack-0449-cycle-stop/reference-10ms-differences.json.gz	23	f1101f8233b16d980af348db666cbdb1b9772fa79c6fa8d7d6d9550c1f6a546d	not a metric of this report
tr03-official-1/3098-cell-b-pack-0449-cycle-stop/trace.jsonl.gz	2575356	6969fff23a770214e845af5fe221abc68cd76439a9d4b7d02c1c95331636f494	too large (trace)
tr03-official-1/3099-cell-b-pack-0449-curtain/reference-10ms-differences.json.gz	23	f1101f8233b16d980af348db666cbdb1b9772fa79c6fa8d7d6d9550c1f6a546d	not a metric of this report
tr03-official-1/3099-cell-b-pack-0449-curtain/trace.jsonl.gz	1972897	7c5657a83df070a9e6de3631f6b4fa46722572dc7950c9afa7b5de39f0997c5b	too large (trace)
tr03-official-1/3100-cell-b-pack-0449-packfault/reference-10ms-differences.json.gz	23	f1101f8233b16d980af348db666cbdb1b9772fa79c6fa8d7d6d9550c1f6a546d	not a metric of this report
tr03-official-1/3100-cell-b-pack-0449-packfault/trace.jsonl.gz	32537058	bd3b06aa0daa177ac1d5d55980469d610a14614eed37aebefda730cd95b94eb2	too large (trace)
tr03-official-1/3101-cell-b-pack-0450-normal-s1/reference-10ms-differences.json.gz	23	f1101f8233b16d980af348db666cbdb1b9772fa79c6fa8d7d6d9550c1f6a546d	not a metric of this report
tr03-official-1/3101-cell-b-pack-0450-normal-s1/trace.jsonl.gz	73717351	94e632db4118e88077d5baf6fcea811fff83606c35c64fa5511e974fb50cf34b	too large (trace)
tr03-official-1/3102-cell-b-pack-0450-normal-s2/reference-10ms-differences.json.gz	23	f1101f8233b16d980af348db666cbdb1b9772fa79c6fa8d7d6d9550c1f6a546d	not a metric of this report
tr03-official-1/3102-cell-b-pack-0450-normal-s2/trace.jsonl.gz	73627063	b8502556f7ab300fc77f14635a7f7965200a11fb89994919c12b7735e4ffea67	too large (trace)
tr03-official-1/3103-cell-b-pack-0450-normal-s3/reference-10ms-differences.json.gz	23	f1101f8233b16d980af348db666cbdb1b9772fa79c6fa8d7d6d9550c1f6a546d	not a metric of this report
tr03-official-1/3103-cell-b-pack-0450-normal-s3/trace.jsonl.gz	73457638	0938a4748d3ea0ad649500686f90e539a5e08fd0227eee1aee4e8b5247b1f21b	too large (trace)
tr03-official-1/3104-cell-b-pack-0450-cycle-stop/reference-10ms-differences.json.gz	23	f1101f8233b16d980af348db666cbdb1b9772fa79c6fa8d7d6d9550c1f6a546d	not a metric of this report
tr03-official-1/3104-cell-b-pack-0450-cycle-stop/trace.jsonl.gz	2580070	d9057686709e298409d226c3c49c2f1889ed530adeca11baaa5526202aa80bd6	too large (trace)
tr03-official-1/3105-cell-b-pack-0450-curtain/reference-10ms-differences.json.gz	23	f1101f8233b16d980af348db666cbdb1b9772fa79c6fa8d7d6d9550c1f6a546d	not a metric of this report
tr03-official-1/3105-cell-b-pack-0450-curtain/trace.jsonl.gz	1978805	8572553ef8558e695f4013b1191df1c328983af90efdc0acf74d911f17395e35	too large (trace)
tr03-official-1/3106-cell-b-pack-0450-packfault/reference-10ms-differences.json.gz	23	f1101f8233b16d980af348db666cbdb1b9772fa79c6fa8d7d6d9550c1f6a546d	not a metric of this report
tr03-official-1/3106-cell-b-pack-0450-packfault/trace.jsonl.gz	32551195	31b0993b4e2a95cf6686a5d27ad7c287f01996ad008998d36010385de2bfeb13	too large (trace)
tr03-official-1/3107-cell-b-pack-0451-normal-s1/reference-10ms-differences.json.gz	209825	c706fb603744b95a199a58d7c2b21d7bad631c156127aac8cde9f8c974de8e62	not a metric of this report
tr03-official-1/3107-cell-b-pack-0451-normal-s1/trace.jsonl.gz	19967632	0285dbe9fff2b6a4a66a3de9f747a0da846311dc3e169c89ab1c1343367ab3db	too large (trace)
tr03-official-1/3108-cell-b-pack-0451-normal-s2/reference-10ms-differences.json.gz	206854	0bb7630a99f23d37c4373cacf5c7826a4b4ccf650fe6f5cb649fd92f69d73094	not a metric of this report
tr03-official-1/3108-cell-b-pack-0451-normal-s2/trace.jsonl.gz	20401773	2f2f13fdf701d7b13a89071176ac5539f5b655d3f3810b891de906a676784be3	too large (trace)
tr03-official-1/3109-cell-b-pack-0451-normal-s3/reference-10ms-differences.json.gz	202359	37f930bc0b66231c0e4a2ecc3e772a4add15a34e347ccb6e19254d4fe99c84ff	not a metric of this report
tr03-official-1/3109-cell-b-pack-0451-normal-s3/trace.jsonl.gz	38355263	310a7f0a0b8e9b62b8a3388cbff803720bf9a3116c0aff73268a5bc9369153a2	too large (trace)
tr03-official-1/3110-cell-b-pack-0451-cycle-stop/reference-10ms-differences.json.gz	15381	e3b779ff0e2d81cd142a23b4df56c3813222cc325a0af86292fb86cc8e667a21	not a metric of this report
tr03-official-1/3110-cell-b-pack-0451-cycle-stop/trace.jsonl.gz	2442692	d86aea33eb840fa2c1c6913bac9a0ac529b5e74dfab1825e1c25a31ee93261b9	too large (trace)
tr03-official-1/3111-cell-b-pack-0451-curtain/reference-10ms-differences.json.gz	23	f1101f8233b16d980af348db666cbdb1b9772fa79c6fa8d7d6d9550c1f6a546d	not a metric of this report
tr03-official-1/3111-cell-b-pack-0451-curtain/trace.jsonl.gz	1979322	b5c7cd1ca8bb5d35bb1b66df6fcd69433fad0ae72e3849da0d0acc15693f77f2	too large (trace)
tr03-official-1/3112-cell-b-pack-0451-packfault/reference-10ms-differences.json.gz	124689	47d4b4e30d9120d117d07aeca311cadaa57bbd9cb959fc49cd822bd743c57fff	not a metric of this report
tr03-official-1/3112-cell-b-pack-0451-packfault/trace.jsonl.gz	11921600	a1adcb1d4899361fb649e46e6a5bd059d54bf06766264810ba0b2428777eb3b3	too large (trace)
tr03-official-1/3113-cell-b-pack-0452-normal-s1/reference-10ms-differences.json.gz	23	f1101f8233b16d980af348db666cbdb1b9772fa79c6fa8d7d6d9550c1f6a546d	not a metric of this report
tr03-official-1/3113-cell-b-pack-0452-normal-s1/trace.jsonl.gz	73703126	281e31ca2339db912993d321f439f3b625acc8ccd2db7746df6dc482e89efa27	too large (trace)
tr03-official-1/3114-cell-b-pack-0452-normal-s2/reference-10ms-differences.json.gz	23	f1101f8233b16d980af348db666cbdb1b9772fa79c6fa8d7d6d9550c1f6a546d	not a metric of this report
tr03-official-1/3114-cell-b-pack-0452-normal-s2/trace.jsonl.gz	73637331	4c362f591d23fd4d5a4d8c714861a54cca9c0951fd4d24c62f3dfca089ff0936	too large (trace)
tr03-official-1/3115-cell-b-pack-0452-normal-s3/reference-10ms-differences.json.gz	23	f1101f8233b16d980af348db666cbdb1b9772fa79c6fa8d7d6d9550c1f6a546d	not a metric of this report
tr03-official-1/3115-cell-b-pack-0452-normal-s3/trace.jsonl.gz	73453982	834d848c173819ffe4157f950776d150595f3104244159e4f6e34d64110c1285	too large (trace)
tr03-official-1/3116-cell-b-pack-0452-cycle-stop/reference-10ms-differences.json.gz	23	f1101f8233b16d980af348db666cbdb1b9772fa79c6fa8d7d6d9550c1f6a546d	not a metric of this report
tr03-official-1/3116-cell-b-pack-0452-cycle-stop/trace.jsonl.gz	2581731	3ffcce7ff11572d0ff7ae692efdcfc1d426d61c9be11b3c90c80fff16e492ff3	too large (trace)
tr03-official-1/3117-cell-b-pack-0452-curtain/reference-10ms-differences.json.gz	23	f1101f8233b16d980af348db666cbdb1b9772fa79c6fa8d7d6d9550c1f6a546d	not a metric of this report
tr03-official-1/3117-cell-b-pack-0452-curtain/trace.jsonl.gz	1979805	644d0e1767f3cd2b5a4632ad831affc9cbbd152e2f562b3a0ef6aaae1fd5f4c1	too large (trace)
tr03-official-1/3118-cell-b-pack-0452-packfault/reference-10ms-differences.json.gz	23	f1101f8233b16d980af348db666cbdb1b9772fa79c6fa8d7d6d9550c1f6a546d	not a metric of this report
tr03-official-1/3118-cell-b-pack-0452-packfault/trace.jsonl.gz	32544613	260a5a439bc96aac75d1054430befb68f9b04705cef6513fceffb10261fbf024	too large (trace)
tr03-official-1/3119-cell-b-pack-0453-normal-s1/reference-10ms-differences.json.gz	23	f1101f8233b16d980af348db666cbdb1b9772fa79c6fa8d7d6d9550c1f6a546d	not a metric of this report
tr03-official-1/3119-cell-b-pack-0453-normal-s1/trace.jsonl.gz	73706797	2ecdaebf68f3d043b2962562e0624c01113aad9d23e7fa6b9935300cb34026af	too large (trace)
tr03-official-1/3120-cell-b-pack-0453-normal-s2/reference-10ms-differences.json.gz	23	f1101f8233b16d980af348db666cbdb1b9772fa79c6fa8d7d6d9550c1f6a546d	not a metric of this report
tr03-official-1/3120-cell-b-pack-0453-normal-s2/trace.jsonl.gz	73629688	5ac7476589fe824ed07a1f0d402f941f43ee6c760a6cf50ba4deceb8359e4a09	too large (trace)
tr03-official-1/3121-cell-b-pack-0453-normal-s3/reference-10ms-differences.json.gz	23	f1101f8233b16d980af348db666cbdb1b9772fa79c6fa8d7d6d9550c1f6a546d	not a metric of this report
tr03-official-1/3121-cell-b-pack-0453-normal-s3/trace.jsonl.gz	73442593	81d1bb6141ea56251a70d87db57b0eb67a42603bbcd4567d2f33ddc247ecaa37	too large (trace)
tr03-official-1/3122-cell-b-pack-0453-cycle-stop/reference-10ms-differences.json.gz	23	f1101f8233b16d980af348db666cbdb1b9772fa79c6fa8d7d6d9550c1f6a546d	not a metric of this report
tr03-official-1/3122-cell-b-pack-0453-cycle-stop/trace.jsonl.gz	2583349	2a579296580a80f2060fe2b1dba68236d97e96cb5de961564db2e0e489417cb3	too large (trace)
tr03-official-1/3123-cell-b-pack-0453-curtain/reference-10ms-differences.json.gz	23	f1101f8233b16d980af348db666cbdb1b9772fa79c6fa8d7d6d9550c1f6a546d	not a metric of this report
tr03-official-1/3123-cell-b-pack-0453-curtain/trace.jsonl.gz	1982034	bda1a2ddb1211135264cff0f643fd99227c6df5fe4acff66c02e8b5e030ace1e	too large (trace)
tr03-official-1/3124-cell-b-pack-0453-packfault/reference-10ms-differences.json.gz	23	f1101f8233b16d980af348db666cbdb1b9772fa79c6fa8d7d6d9550c1f6a546d	not a metric of this report
tr03-official-1/3124-cell-b-pack-0453-packfault/trace.jsonl.gz	32548028	188aed5764b9b7464692889dab936b0c7626e2b23e26574ff0a4d4e1606f4cb4	too large (trace)
tr03-official-1/3125-cell-b-pack-0454-normal-s1/reference-10ms-differences.json.gz	23	f1101f8233b16d980af348db666cbdb1b9772fa79c6fa8d7d6d9550c1f6a546d	not a metric of this report
tr03-official-1/3125-cell-b-pack-0454-normal-s1/trace.jsonl.gz	73702814	e1a803cdeeda7b23453b16b3b53860d1376d41f600a67509859047c57170ed8e	too large (trace)
tr03-official-1/3126-cell-b-pack-0454-normal-s2/reference-10ms-differences.json.gz	23	f1101f8233b16d980af348db666cbdb1b9772fa79c6fa8d7d6d9550c1f6a546d	not a metric of this report
tr03-official-1/3126-cell-b-pack-0454-normal-s2/trace.jsonl.gz	73632681	81412fd79b993232422d5e19affc93ad41a73ecd4df0b15dfb18084a48ac4726	too large (trace)
tr03-official-1/3127-cell-b-pack-0454-normal-s3/reference-10ms-differences.json.gz	23	f1101f8233b16d980af348db666cbdb1b9772fa79c6fa8d7d6d9550c1f6a546d	not a metric of this report
tr03-official-1/3127-cell-b-pack-0454-normal-s3/trace.jsonl.gz	73454600	ceb765b76d0edd89bce1b86f9de742a464c03b6db85bc1977c85174386d8c753	too large (trace)
tr03-official-1/3128-cell-b-pack-0454-cycle-stop/reference-10ms-differences.json.gz	23	f1101f8233b16d980af348db666cbdb1b9772fa79c6fa8d7d6d9550c1f6a546d	not a metric of this report
tr03-official-1/3128-cell-b-pack-0454-cycle-stop/trace.jsonl.gz	2574151	a6bf5ed3871cd253b34f2cecbde114ad137afdbacbb12ddd0f4cf3ba461ea00b	too large (trace)
tr03-official-1/3129-cell-b-pack-0454-curtain/reference-10ms-differences.json.gz	23	f1101f8233b16d980af348db666cbdb1b9772fa79c6fa8d7d6d9550c1f6a546d	not a metric of this report
tr03-official-1/3129-cell-b-pack-0454-curtain/trace.jsonl.gz	1978758	cf68e79e5ce0a800537e9e793850b55fde56b400cc5da1230ad87dd5774cd649	too large (trace)
tr03-official-1/3130-cell-b-pack-0454-packfault/reference-10ms-differences.json.gz	23	f1101f8233b16d980af348db666cbdb1b9772fa79c6fa8d7d6d9550c1f6a546d	not a metric of this report
tr03-official-1/3130-cell-b-pack-0454-packfault/trace.jsonl.gz	32533742	bd784fa763779022b2331d66b5191255c526472fcc6506b86a32d6eb898bbf35	too large (trace)
tr03-official-1/3131-cell-b-pack-0455-normal-s1/reference-10ms-differences.json.gz	23	f1101f8233b16d980af348db666cbdb1b9772fa79c6fa8d7d6d9550c1f6a546d	not a metric of this report
tr03-official-1/3131-cell-b-pack-0455-normal-s1/trace.jsonl.gz	73698014	9a6ee8212ec5df8768b8dc591db66da392671be3ad78bc4733491d1a9311a973	too large (trace)
tr03-official-1/3132-cell-b-pack-0455-normal-s2/reference-10ms-differences.json.gz	23	f1101f8233b16d980af348db666cbdb1b9772fa79c6fa8d7d6d9550c1f6a546d	not a metric of this report
tr03-official-1/3132-cell-b-pack-0455-normal-s2/trace.jsonl.gz	73636892	a0e988664553eedce3dbf54f4ef8d03aae68ef38cd305969d2e32c143e090eec	too large (trace)
tr03-official-1/3133-cell-b-pack-0455-normal-s3/reference-10ms-differences.json.gz	23	f1101f8233b16d980af348db666cbdb1b9772fa79c6fa8d7d6d9550c1f6a546d	not a metric of this report
tr03-official-1/3133-cell-b-pack-0455-normal-s3/trace.jsonl.gz	73455473	eb636d8a63b6fa94a63e6f220f58074c988c186a6f4d12346ae468f998802d9f	too large (trace)
tr03-official-1/3134-cell-b-pack-0455-cycle-stop/reference-10ms-differences.json.gz	23	f1101f8233b16d980af348db666cbdb1b9772fa79c6fa8d7d6d9550c1f6a546d	not a metric of this report
tr03-official-1/3134-cell-b-pack-0455-cycle-stop/trace.jsonl.gz	2575205	e414a3f2eb790cf96669d6ceb08616494ba1788c00bc2edda24a38f40a33dfd0	too large (trace)
tr03-official-1/3135-cell-b-pack-0455-curtain/reference-10ms-differences.json.gz	23	f1101f8233b16d980af348db666cbdb1b9772fa79c6fa8d7d6d9550c1f6a546d	not a metric of this report
tr03-official-1/3135-cell-b-pack-0455-curtain/trace.jsonl.gz	1970420	abdcc4eb82c40344dfbd28fe05b6ada857441c5327a429ac933a49ddd3052207	too large (trace)
tr03-official-1/3136-cell-b-pack-0455-packfault/reference-10ms-differences.json.gz	23	f1101f8233b16d980af348db666cbdb1b9772fa79c6fa8d7d6d9550c1f6a546d	not a metric of this report
tr03-official-1/3136-cell-b-pack-0455-packfault/trace.jsonl.gz	32534448	888b02aa7e9a1ae61043c188d086749b0a9b7aeddcd64ce13c98439229361f5f	too large (trace)
tr03-official-1/3137-cell-b-pack-0456-normal-s1/reference-10ms-differences.json.gz	23	f1101f8233b16d980af348db666cbdb1b9772fa79c6fa8d7d6d9550c1f6a546d	not a metric of this report
tr03-official-1/3137-cell-b-pack-0456-normal-s1/trace.jsonl.gz	73700211	056a8f8de1b05fb1df14bc0428d54da076298ccfae7344830ea4049d783289bc	too large (trace)
tr03-official-1/3138-cell-b-pack-0456-normal-s2/reference-10ms-differences.json.gz	23	f1101f8233b16d980af348db666cbdb1b9772fa79c6fa8d7d6d9550c1f6a546d	not a metric of this report
tr03-official-1/3138-cell-b-pack-0456-normal-s2/trace.jsonl.gz	73629905	8763bcfe000d12db46340bb3517ff63ea5221453ec35dba04730fdcd4c4b6315	too large (trace)
tr03-official-1/3139-cell-b-pack-0456-normal-s3/reference-10ms-differences.json.gz	23	f1101f8233b16d980af348db666cbdb1b9772fa79c6fa8d7d6d9550c1f6a546d	not a metric of this report
tr03-official-1/3139-cell-b-pack-0456-normal-s3/trace.jsonl.gz	73450843	5715e392973e55db8cc7f0b821c7fbfab60abee17b8373d82e21ebf07c21e073	too large (trace)
tr03-official-1/3140-cell-b-pack-0456-cycle-stop/reference-10ms-differences.json.gz	23	f1101f8233b16d980af348db666cbdb1b9772fa79c6fa8d7d6d9550c1f6a546d	not a metric of this report
tr03-official-1/3140-cell-b-pack-0456-cycle-stop/trace.jsonl.gz	2579863	50b40d1d0cb67022911d4fa3ead0c2665fbcb234a045436d7c694b20e4e9697e	too large (trace)
tr03-official-1/3141-cell-b-pack-0456-curtain/reference-10ms-differences.json.gz	11189	455413ffac0a4e8d97abfe501d365db2830a11e2f0c14a32e08f508a87447e6b	not a metric of this report
tr03-official-1/3141-cell-b-pack-0456-curtain/trace.jsonl.gz	1999883	5900d26b648d6a299b859b14721543557d5577b731d1dce8bd615859796eb196	too large (trace)
tr03-official-1/3142-cell-b-pack-0456-packfault/reference-10ms-differences.json.gz	23	f1101f8233b16d980af348db666cbdb1b9772fa79c6fa8d7d6d9550c1f6a546d	not a metric of this report
tr03-official-1/3142-cell-b-pack-0456-packfault/trace.jsonl.gz	32540983	1661f997fed0bfa883f1405757fe0bcf2d416985a06afb740540d3f52772abb8	too large (trace)
tr03-official-1/3143-cell-b-pack-0457-normal-s1/reference-10ms-differences.json.gz	23	f1101f8233b16d980af348db666cbdb1b9772fa79c6fa8d7d6d9550c1f6a546d	not a metric of this report
tr03-official-1/3143-cell-b-pack-0457-normal-s1/trace.jsonl.gz	73707131	6af6ba83f7832afe7844ca002879e406fcbe198415af15734151bc49ccb484ad	too large (trace)
tr03-official-1/3144-cell-b-pack-0457-normal-s2/reference-10ms-differences.json.gz	23	f1101f8233b16d980af348db666cbdb1b9772fa79c6fa8d7d6d9550c1f6a546d	not a metric of this report
tr03-official-1/3144-cell-b-pack-0457-normal-s2/trace.jsonl.gz	73634659	399a8f75d98da079ea58b83ca1f5641ff9dee6c81d64d5500c4504de2a8865a3	too large (trace)
tr03-official-1/3145-cell-b-pack-0457-normal-s3/reference-10ms-differences.json.gz	23	f1101f8233b16d980af348db666cbdb1b9772fa79c6fa8d7d6d9550c1f6a546d	not a metric of this report
tr03-official-1/3145-cell-b-pack-0457-normal-s3/trace.jsonl.gz	73449048	b810effdaf1babd590718aa2e3cad3488c148c94a3ebdf8a36e34919e111b945	too large (trace)
tr03-official-1/3146-cell-b-pack-0457-cycle-stop/reference-10ms-differences.json.gz	23	f1101f8233b16d980af348db666cbdb1b9772fa79c6fa8d7d6d9550c1f6a546d	not a metric of this report
tr03-official-1/3146-cell-b-pack-0457-cycle-stop/trace.jsonl.gz	2578270	89c289277c12d93e1efbe0add0cf7fc39b73f09b3af4362294166b049c1acc58	too large (trace)
tr03-official-1/3147-cell-b-pack-0457-curtain/reference-10ms-differences.json.gz	23	f1101f8233b16d980af348db666cbdb1b9772fa79c6fa8d7d6d9550c1f6a546d	not a metric of this report
tr03-official-1/3147-cell-b-pack-0457-curtain/trace.jsonl.gz	1979156	41f5b7dc8fe1f9e0c5248c409206726cbfc77f0623ac8497c42f1adcee0c45d7	too large (trace)
tr03-official-1/3148-cell-b-pack-0457-packfault/reference-10ms-differences.json.gz	23	f1101f8233b16d980af348db666cbdb1b9772fa79c6fa8d7d6d9550c1f6a546d	not a metric of this report
tr03-official-1/3148-cell-b-pack-0457-packfault/trace.jsonl.gz	32540194	0cd1266c24cade3c1a362974f6edd6d49d04b95f61435b4eb235bd8ea0611483	too large (trace)
tr03-official-1/3149-cell-b-pack-0458-normal-s1/reference-10ms-differences.json.gz	23	f1101f8233b16d980af348db666cbdb1b9772fa79c6fa8d7d6d9550c1f6a546d	not a metric of this report
tr03-official-1/3149-cell-b-pack-0458-normal-s1/trace.jsonl.gz	73705263	407faef3ae2a760d469ec0c7374bf2d6bd675495703e7f003431546715f8ad04	too large (trace)
tr03-official-1/3150-cell-b-pack-0458-normal-s2/reference-10ms-differences.json.gz	23	f1101f8233b16d980af348db666cbdb1b9772fa79c6fa8d7d6d9550c1f6a546d	not a metric of this report
tr03-official-1/3150-cell-b-pack-0458-normal-s2/trace.jsonl.gz	73623749	827f6c01ad84b022919041f920fefb9d3f25c4afafd59fd7130bca818cf84c3b	too large (trace)
tr03-official-1/3151-cell-b-pack-0458-normal-s3/reference-10ms-differences.json.gz	23	f1101f8233b16d980af348db666cbdb1b9772fa79c6fa8d7d6d9550c1f6a546d	not a metric of this report
tr03-official-1/3151-cell-b-pack-0458-normal-s3/trace.jsonl.gz	73445876	de6ad47d3dab270e8438ca7ebf7aa32991ab16057c6aef0b80ca85ed73f1ae97	too large (trace)
tr03-official-1/3152-cell-b-pack-0458-cycle-stop/reference-10ms-differences.json.gz	23	f1101f8233b16d980af348db666cbdb1b9772fa79c6fa8d7d6d9550c1f6a546d	not a metric of this report
tr03-official-1/3152-cell-b-pack-0458-cycle-stop/trace.jsonl.gz	2572664	0eaf0c826cf9b9b712569b72becb576c45047d10608842c87b230cc663b21c81	too large (trace)
tr03-official-1/3153-cell-b-pack-0458-curtain/reference-10ms-differences.json.gz	23	f1101f8233b16d980af348db666cbdb1b9772fa79c6fa8d7d6d9550c1f6a546d	not a metric of this report
tr03-official-1/3153-cell-b-pack-0458-curtain/trace.jsonl.gz	1977444	02ca6b5682fa690de8f42ec74e830179b8914995f7898c5ab02188e06085d494	too large (trace)
tr03-official-1/3154-cell-b-pack-0458-packfault/reference-10ms-differences.json.gz	23	f1101f8233b16d980af348db666cbdb1b9772fa79c6fa8d7d6d9550c1f6a546d	not a metric of this report
tr03-official-1/3154-cell-b-pack-0458-packfault/trace.jsonl.gz	32547430	cedb68f9b6ee030a22d595114b21f92ad39393787f4cabe76eb7572262f932c5	too large (trace)
tr03-official-1/3155-cell-b-pack-0459-normal-s1/reference-10ms-differences.json.gz	23	f1101f8233b16d980af348db666cbdb1b9772fa79c6fa8d7d6d9550c1f6a546d	not a metric of this report
tr03-official-1/3155-cell-b-pack-0459-normal-s1/trace.jsonl.gz	73695407	52335bf916353697ed39c03b49208eb33d80c06dfd666cf64739b2450da83d50	too large (trace)
tr03-official-1/3156-cell-b-pack-0459-normal-s2/reference-10ms-differences.json.gz	23	f1101f8233b16d980af348db666cbdb1b9772fa79c6fa8d7d6d9550c1f6a546d	not a metric of this report
tr03-official-1/3156-cell-b-pack-0459-normal-s2/trace.jsonl.gz	73635507	c1392b60baa6b7793ebe8d60d35178fe70fd8d1bb8deee404e3c88357361e1c9	too large (trace)
tr03-official-1/3157-cell-b-pack-0459-normal-s3/reference-10ms-differences.json.gz	23	f1101f8233b16d980af348db666cbdb1b9772fa79c6fa8d7d6d9550c1f6a546d	not a metric of this report
tr03-official-1/3157-cell-b-pack-0459-normal-s3/trace.jsonl.gz	73447479	215217ab2771619cef310bbb97ae507ee740d7a879debcaa8aa5597182cd7d40	too large (trace)
tr03-official-1/3158-cell-b-pack-0459-cycle-stop/reference-10ms-differences.json.gz	23	f1101f8233b16d980af348db666cbdb1b9772fa79c6fa8d7d6d9550c1f6a546d	not a metric of this report
tr03-official-1/3158-cell-b-pack-0459-cycle-stop/trace.jsonl.gz	2574655	92499d61952c53be7d1fc68872cd77cf8934b3e5fd678f7ab02404a7cfceed72	too large (trace)
tr03-official-1/3159-cell-b-pack-0459-curtain/reference-10ms-differences.json.gz	23	f1101f8233b16d980af348db666cbdb1b9772fa79c6fa8d7d6d9550c1f6a546d	not a metric of this report
tr03-official-1/3159-cell-b-pack-0459-curtain/trace.jsonl.gz	1975411	f9c0c4f40838808741ebefb408be762878f10d0d27b3e5bc025ca31bd12a273d	too large (trace)
tr03-official-1/3160-cell-b-pack-0459-packfault/reference-10ms-differences.json.gz	23	f1101f8233b16d980af348db666cbdb1b9772fa79c6fa8d7d6d9550c1f6a546d	not a metric of this report
tr03-official-1/3160-cell-b-pack-0459-packfault/trace.jsonl.gz	32535888	becefc7a823bc1d6b740d0f1851cf39dc75880651e2a04e081c21a714122f61f	too large (trace)
tr03-official-1/3161-cell-b-pack-0460-normal-s1/reference-10ms-differences.json.gz	23	f1101f8233b16d980af348db666cbdb1b9772fa79c6fa8d7d6d9550c1f6a546d	not a metric of this report
tr03-official-1/3161-cell-b-pack-0460-normal-s1/trace.jsonl.gz	73704579	97059c593dc37a384b91f13dad24d9bc1ac1e6cbec330f76ed4eec92a9bc9016	too large (trace)
tr03-official-1/3162-cell-b-pack-0460-normal-s2/reference-10ms-differences.json.gz	23	f1101f8233b16d980af348db666cbdb1b9772fa79c6fa8d7d6d9550c1f6a546d	not a metric of this report
tr03-official-1/3162-cell-b-pack-0460-normal-s2/trace.jsonl.gz	73637588	396c06959614258b48063ec14cc208f1c6349ba5fb2d5ce9352b4fcd0e34e026	too large (trace)
tr03-official-1/3163-cell-b-pack-0460-normal-s3/reference-10ms-differences.json.gz	23	f1101f8233b16d980af348db666cbdb1b9772fa79c6fa8d7d6d9550c1f6a546d	not a metric of this report
tr03-official-1/3163-cell-b-pack-0460-normal-s3/trace.jsonl.gz	73443858	126e166982bae2ecd5bfacfdb49694310f14c9ef27cb2a926d25d739f919243b	too large (trace)
tr03-official-1/3164-cell-b-pack-0460-cycle-stop/reference-10ms-differences.json.gz	23	f1101f8233b16d980af348db666cbdb1b9772fa79c6fa8d7d6d9550c1f6a546d	not a metric of this report
tr03-official-1/3164-cell-b-pack-0460-cycle-stop/trace.jsonl.gz	2581836	90f439a7aa3765b96d4201628f31ba8666e696d1c9c144613b9ef1ce7b2c9366	too large (trace)
tr03-official-1/3165-cell-b-pack-0460-curtain/reference-10ms-differences.json.gz	23	f1101f8233b16d980af348db666cbdb1b9772fa79c6fa8d7d6d9550c1f6a546d	not a metric of this report
tr03-official-1/3165-cell-b-pack-0460-curtain/trace.jsonl.gz	1979087	3e9b20a2debeb238e553f371fc5fcf98309abc4d3a5bef606479448862ad5d10	too large (trace)
tr03-official-1/3166-cell-b-pack-0460-packfault/reference-10ms-differences.json.gz	23	f1101f8233b16d980af348db666cbdb1b9772fa79c6fa8d7d6d9550c1f6a546d	not a metric of this report
tr03-official-1/3166-cell-b-pack-0460-packfault/trace.jsonl.gz	32542981	ac98e2c0188bae213de00011cb43e50946c0b8f79a055f5940fd9552e6f8986e	too large (trace)
tr03-official-1/3167-cell-b-pack-0461-normal-s1/reference-10ms-differences.json.gz	23	f1101f8233b16d980af348db666cbdb1b9772fa79c6fa8d7d6d9550c1f6a546d	not a metric of this report
tr03-official-1/3167-cell-b-pack-0461-normal-s1/trace.jsonl.gz	73709448	140ee5d59ccf27cea096e4571bf08635960079ab132ce9b8faf1297a9a627932	too large (trace)
tr03-official-1/3168-cell-b-pack-0461-normal-s2/reference-10ms-differences.json.gz	23	f1101f8233b16d980af348db666cbdb1b9772fa79c6fa8d7d6d9550c1f6a546d	not a metric of this report
tr03-official-1/3168-cell-b-pack-0461-normal-s2/trace.jsonl.gz	73640435	491f67af6e34462cc3e4348365d2c70e8600b850172f3a39178eaee4798fe6d6	too large (trace)
tr03-official-1/3169-cell-b-pack-0461-normal-s3/reference-10ms-differences.json.gz	23	f1101f8233b16d980af348db666cbdb1b9772fa79c6fa8d7d6d9550c1f6a546d	not a metric of this report
tr03-official-1/3169-cell-b-pack-0461-normal-s3/trace.jsonl.gz	73451838	a355641962c5640747be4348dd8b8d4e45ceb9dc661c50a7b4fccbe1882afbf9	too large (trace)
tr03-official-1/3170-cell-b-pack-0461-cycle-stop/reference-10ms-differences.json.gz	23	f1101f8233b16d980af348db666cbdb1b9772fa79c6fa8d7d6d9550c1f6a546d	not a metric of this report
tr03-official-1/3170-cell-b-pack-0461-cycle-stop/trace.jsonl.gz	2574339	b0c05db51455ef6d3a874f430c84a33d98f2fc55dba2de76d4146bd838966ac5	too large (trace)
tr03-official-1/3171-cell-b-pack-0461-curtain/reference-10ms-differences.json.gz	23	f1101f8233b16d980af348db666cbdb1b9772fa79c6fa8d7d6d9550c1f6a546d	not a metric of this report
tr03-official-1/3171-cell-b-pack-0461-curtain/trace.jsonl.gz	1976443	851aa37f50f4e9a6fbc5b59b78c932743bddc6141680e2c642386f682b92a05f	too large (trace)
tr03-official-1/3172-cell-b-pack-0461-packfault/reference-10ms-differences.json.gz	23	f1101f8233b16d980af348db666cbdb1b9772fa79c6fa8d7d6d9550c1f6a546d	not a metric of this report
tr03-official-1/3172-cell-b-pack-0461-packfault/trace.jsonl.gz	32543519	a950c3b9b81bb8c45ea130a991a496379759879aa7e7c6b3076aff484c524060	too large (trace)
tr03-official-1/3173-cell-b-pack-0462-normal-s1/reference-10ms-differences.json.gz	127135	52b336cc30bd9adea7189d7f474054d17d23f9007de5cc562353c04496648324	not a metric of this report
tr03-official-1/3173-cell-b-pack-0462-normal-s1/trace.jsonl.gz	73702654	e866641528679aa6a79b509829e4fc4f0555bf27a1efa1430279f4ba2403eef6	too large (trace)
tr03-official-1/3174-cell-b-pack-0462-normal-s2/reference-10ms-differences.json.gz	128374	11f02f05b8f7fb1e6320f64e76aa86f110c26ed7bb44b2c7150b04d6bc7c875b	not a metric of this report
tr03-official-1/3174-cell-b-pack-0462-normal-s2/trace.jsonl.gz	73651536	120db4e150bf5b9346914af13d5b2d9be70e2efd5c10a8654af35c7004c23bae	too large (trace)
tr03-official-1/3175-cell-b-pack-0462-normal-s3/reference-10ms-differences.json.gz	185556	b6d2f3cf1dfe4b9c3ad087380929e1ab45da273374c294d75614d83a8b77c280	not a metric of this report
tr03-official-1/3175-cell-b-pack-0462-normal-s3/trace.jsonl.gz	73475308	9c06a9e0b9e2a2ec84225778935c2eda5965e89aede9f24199f7183e01ac6571	too large (trace)
tr03-official-1/3176-cell-b-pack-0462-cycle-stop/reference-10ms-differences.json.gz	14962	75551538339a87b05320db58bd675de4c6c441726fa27965862f50bdd385542e	not a metric of this report
tr03-official-1/3176-cell-b-pack-0462-cycle-stop/trace.jsonl.gz	2580336	928ac490de769576795d0bf583136d9e7cf54708bfb8b66eeaaffc659301c7fc	too large (trace)
tr03-official-1/3177-cell-b-pack-0462-curtain/reference-10ms-differences.json.gz	21439	60bbe37c89716704e0dc4f56f3caa2950e529f3eae972dbaa8690009223a82e8	not a metric of this report
tr03-official-1/3177-cell-b-pack-0462-curtain/trace.jsonl.gz	1981674	8635e369458bd991430c945e3be685861e27aaef9dc109c7173e9b05f8e9d16e	too large (trace)
tr03-official-1/3178-cell-b-pack-0462-packfault/reference-10ms-differences.json.gz	63911	dc41f8503067f9a804d8bac010b3ee00e61fce089b88afa0aa0cc76c47385a60	not a metric of this report
tr03-official-1/3178-cell-b-pack-0462-packfault/trace.jsonl.gz	32535340	850e63f419161a58a59ee7270f77803ad1ac0569f72b47d63c32130ae61f4f8c	too large (trace)
tr03-official-1/3179-cell-b-pack-0463-normal-s1/reference-10ms-differences.json.gz	288512	23cc3072551ff492ceb045a809d0f546880d0aa00698d2ef72c42b96cb45ce72	not a metric of this report
tr03-official-1/3179-cell-b-pack-0463-normal-s1/trace.jsonl.gz	73679991	edd60a1426928b8f9f1fec92b17d048e9ffd09f52850ce014ec45dfcf0b2016d	too large (trace)
tr03-official-1/3180-cell-b-pack-0463-normal-s2/reference-10ms-differences.json.gz	290193	17077bb1a1738f09dfeac4110603c9eb70388896e401c5b0b7337937aac388ab	not a metric of this report
tr03-official-1/3180-cell-b-pack-0463-normal-s2/trace.jsonl.gz	73635932	172affb5eb1382e1f643780b66b3923a2d6d2280fb7849f76418d7d501185f25	too large (trace)
tr03-official-1/3181-cell-b-pack-0463-normal-s3/reference-10ms-differences.json.gz	345252	4e880f7e193df0d9aef9e2ff177174589c014f7dd21a77509fde9233cacfd325	not a metric of this report
tr03-official-1/3181-cell-b-pack-0463-normal-s3/trace.jsonl.gz	73449051	af027b1f9542cfbd66f48fddbf4d63d22d4a0fcc6f401a3758c8eef7458139d2	too large (trace)
tr03-official-1/3182-cell-b-pack-0463-cycle-stop/reference-10ms-differences.json.gz	34730	17d9b8bf650d21606ec458740a9f9ff0ac0ec7e2ea4340a933d3fb4b307920f6	not a metric of this report
tr03-official-1/3182-cell-b-pack-0463-cycle-stop/trace.jsonl.gz	2579495	d2199518885b3804db9e6fb751f44b405bfedf3671474f2c0f1cc75f379bb514	too large (trace)
tr03-official-1/3183-cell-b-pack-0463-curtain/reference-10ms-differences.json.gz	16268	dddc270b1a8df468a716e4741d2d0faaffaa0c5d2c37a7d3e37ab9a28d85031e	not a metric of this report
tr03-official-1/3183-cell-b-pack-0463-curtain/trace.jsonl.gz	1981725	8058bf564dbd9f13322ff516cf6cd706df5264dd0c0c79f9717492db762cf3af	too large (trace)
tr03-official-1/3184-cell-b-pack-0463-packfault/reference-10ms-differences.json.gz	68551	93ddcdf43bbd4bac57a39cd2b7063d6396fb6882d6de41cbf7931ef7a6cf8d25	not a metric of this report
tr03-official-1/3184-cell-b-pack-0463-packfault/trace.jsonl.gz	32540070	4bd83525722f933e895418c3cd6434dc8df67390d2d5001fa59a8bc29d3b5b13	too large (trace)
tr03-official-1/3185-cell-b-pack-0464-normal-s1/reference-10ms-differences.json.gz	160894	2c6757f3d79e857454fccd36c998d3b5ea80370ed15e95d3833c25038c1d77c9	not a metric of this report
tr03-official-1/3185-cell-b-pack-0464-normal-s1/trace.jsonl.gz	73717238	620ae9587b365c49c2edc2a384513e3bb08b2b8ce917870c22f0419c440b55e6	too large (trace)
tr03-official-1/3186-cell-b-pack-0464-normal-s2/reference-10ms-differences.json.gz	159806	98c2b4592fd7303df3010493470ded6ef30e617918c394ef0a04e35e0825bd79	not a metric of this report
tr03-official-1/3186-cell-b-pack-0464-normal-s2/trace.jsonl.gz	73652418	f8fb0be4de2b40d729d5fe4ae5ed3d089f691373d247a8bdb92d68036d7152f9	too large (trace)
tr03-official-1/3187-cell-b-pack-0464-normal-s3/reference-10ms-differences.json.gz	160776	d1be4e1bc32687849aed7e20396730d02e385a599caf02dd4f535192f7a1d7c6	not a metric of this report
tr03-official-1/3187-cell-b-pack-0464-normal-s3/trace.jsonl.gz	73449849	0b4ce9620f61151b1e1fbf542e4c55ed2c9b4a7f662b6312d9366e2dfbd58d61	too large (trace)
tr03-official-1/3188-cell-b-pack-0464-cycle-stop/reference-10ms-differences.json.gz	19752	127eddcef54b8957b89a23735568dd770be22599522deacf8cad6edf0548e112	not a metric of this report
tr03-official-1/3188-cell-b-pack-0464-cycle-stop/trace.jsonl.gz	2576656	e759249ca6b18b29e394ff0fd6fe2cda2c92ed6d35b61bb7f7f1d59d592250a0	too large (trace)
tr03-official-1/3189-cell-b-pack-0464-curtain/reference-10ms-differences.json.gz	5840	4c321f2543fba6d9feb7d1cfae53cd91b65042ce511d703fcf801c027d9b8c70	not a metric of this report
tr03-official-1/3189-cell-b-pack-0464-curtain/trace.jsonl.gz	1976169	088d09fe5c161438f848514697f687a56d420cfcdb64bffc710d478b51b05fc8	too large (trace)
tr03-official-1/3190-cell-b-pack-0464-packfault/reference-10ms-differences.json.gz	58297	0ad1cf5e94954045fc1fa39efef96bf5c0b036279eadc46af8555bca54a1fb1a	not a metric of this report
tr03-official-1/3190-cell-b-pack-0464-packfault/trace.jsonl.gz	32549066	b04a077e92a97550af4b1a992e0c6847cbeb6fe5e4469f027965d0cd4a0e1f63	too large (trace)
tr03-official-1/3191-cell-b-pack-0465-normal-s1/reference-10ms-differences.json.gz	23	f1101f8233b16d980af348db666cbdb1b9772fa79c6fa8d7d6d9550c1f6a546d	not a metric of this report
tr03-official-1/3191-cell-b-pack-0465-normal-s1/trace.jsonl.gz	73712975	6d3c9ca33c4c389a424f4a247453d494fd4007933e67a47de5a528fdcdeec8b9	too large (trace)
tr03-official-1/3192-cell-b-pack-0465-normal-s2/reference-10ms-differences.json.gz	23	f1101f8233b16d980af348db666cbdb1b9772fa79c6fa8d7d6d9550c1f6a546d	not a metric of this report
tr03-official-1/3192-cell-b-pack-0465-normal-s2/trace.jsonl.gz	73637426	54a86880f0d10479f11747befc2e774854e285c0cd472714ebf27f339529829d	too large (trace)
tr03-official-1/3193-cell-b-pack-0465-normal-s3/reference-10ms-differences.json.gz	23	f1101f8233b16d980af348db666cbdb1b9772fa79c6fa8d7d6d9550c1f6a546d	not a metric of this report
tr03-official-1/3193-cell-b-pack-0465-normal-s3/trace.jsonl.gz	73457988	8581fbaaafc494cb5f15176398839bc335d6b0c7f2d0b3f123177f86d7aced22	too large (trace)
tr03-official-1/3194-cell-b-pack-0465-cycle-stop/reference-10ms-differences.json.gz	23	f1101f8233b16d980af348db666cbdb1b9772fa79c6fa8d7d6d9550c1f6a546d	not a metric of this report
tr03-official-1/3194-cell-b-pack-0465-cycle-stop/trace.jsonl.gz	2577991	208c7f6f9cebc0f8e86ed811ce4af4ff5f6b9b1735dd9572ca4814668de30d89	too large (trace)
tr03-official-1/3195-cell-b-pack-0465-curtain/reference-10ms-differences.json.gz	11194	6478823f49f8600d94cd8f7791b0283a22d7c193627807ccc568cd68ca474665	not a metric of this report
tr03-official-1/3195-cell-b-pack-0465-curtain/trace.jsonl.gz	1981767	250d78cfea185809779312f559f4d766b6a069690cec6316064537933ff72bb5	too large (trace)
tr03-official-1/3196-cell-b-pack-0465-packfault/reference-10ms-differences.json.gz	97608	6a8b22134e21407088eea126187058d1fab0a2426a315adcf994856e40166658	not a metric of this report
tr03-official-1/3196-cell-b-pack-0465-packfault/trace.jsonl.gz	32543283	c34c08da776649b8c47150f44ddeb2d3dec12e2176a57565f8f759bd9ec6b1ef	too large (trace)
tr03-official-1/3197-cell-b-pack-0471-normal-s1/reference-10ms-differences.json.gz	23	f1101f8233b16d980af348db666cbdb1b9772fa79c6fa8d7d6d9550c1f6a546d	not a metric of this report
tr03-official-1/3197-cell-b-pack-0471-normal-s1/trace.jsonl.gz	73691766	388ba8c949a9d93f9defa9602e9114f6593506d828538be2b8e151e480eb459f	too large (trace)
tr03-official-1/3198-cell-b-pack-0471-normal-s2/reference-10ms-differences.json.gz	23	f1101f8233b16d980af348db666cbdb1b9772fa79c6fa8d7d6d9550c1f6a546d	not a metric of this report
tr03-official-1/3198-cell-b-pack-0471-normal-s2/trace.jsonl.gz	73633503	95cd269191a4e231324c5d9b12fd23cb88eab0c2e3281611265445d24e6e2494	too large (trace)
tr03-official-1/3199-cell-b-pack-0471-normal-s3/reference-10ms-differences.json.gz	23	f1101f8233b16d980af348db666cbdb1b9772fa79c6fa8d7d6d9550c1f6a546d	not a metric of this report
tr03-official-1/3199-cell-b-pack-0471-normal-s3/trace.jsonl.gz	73455055	f307c7566ef7f27d43e68012a3a96764cb17b2003441ec6f0c09d0a8e182e69f	too large (trace)
tr03-official-1/3200-cell-b-pack-0471-cycle-stop/reference-10ms-differences.json.gz	23	f1101f8233b16d980af348db666cbdb1b9772fa79c6fa8d7d6d9550c1f6a546d	not a metric of this report
tr03-official-1/3200-cell-b-pack-0471-cycle-stop/trace.jsonl.gz	2566015	fe65c73ca67dce6a5472e6b76362c01a88a90713fc8f2bb96a86382e36564e97	too large (trace)
tr03-official-1/3201-cell-b-pack-0471-curtain/reference-10ms-differences.json.gz	23	f1101f8233b16d980af348db666cbdb1b9772fa79c6fa8d7d6d9550c1f6a546d	not a metric of this report
tr03-official-1/3201-cell-b-pack-0471-curtain/trace.jsonl.gz	1975307	97a191340580d647e80d5c07c8fe4b23441a00779edf7d7a9d3c8ec05fa62b47	too large (trace)
tr03-official-1/3202-cell-b-pack-0471-packfault/reference-10ms-differences.json.gz	23	f1101f8233b16d980af348db666cbdb1b9772fa79c6fa8d7d6d9550c1f6a546d	not a metric of this report
tr03-official-1/3202-cell-b-pack-0471-packfault/trace.jsonl.gz	32535798	a284c661dd011578ec6a70703b168751a2965ffc2581c5df83d6236fcf88bb98	too large (trace)
tr03-official-1/3203-cell-b-pack-0473-normal-s1/reference-10ms-differences.json.gz	23	f1101f8233b16d980af348db666cbdb1b9772fa79c6fa8d7d6d9550c1f6a546d	not a metric of this report
tr03-official-1/3203-cell-b-pack-0473-normal-s1/trace.jsonl.gz	73695644	12f0742d90b8de25a79aec8eb24e81686e83f56bff702e07110b684f250f3f79	too large (trace)
tr03-official-1/3204-cell-b-pack-0473-normal-s2/reference-10ms-differences.json.gz	23	f1101f8233b16d980af348db666cbdb1b9772fa79c6fa8d7d6d9550c1f6a546d	not a metric of this report
tr03-official-1/3204-cell-b-pack-0473-normal-s2/trace.jsonl.gz	73635260	62f9e7c5a03b17ebadfb8c228fc00596ca90d72a726c5651e327974bac978c4c	too large (trace)
tr03-official-1/3205-cell-b-pack-0473-normal-s3/reference-10ms-differences.json.gz	23	f1101f8233b16d980af348db666cbdb1b9772fa79c6fa8d7d6d9550c1f6a546d	not a metric of this report
tr03-official-1/3205-cell-b-pack-0473-normal-s3/trace.jsonl.gz	73455560	a911eefd0904581423ef386c9abb92efa922b58c11da7fa695ae44ea2f380f77	too large (trace)
tr03-official-1/3206-cell-b-pack-0473-cycle-stop/reference-10ms-differences.json.gz	23	f1101f8233b16d980af348db666cbdb1b9772fa79c6fa8d7d6d9550c1f6a546d	not a metric of this report
tr03-official-1/3206-cell-b-pack-0473-cycle-stop/trace.jsonl.gz	2568683	4fead8267b08a8e49a2514cf28ff522445054a6b573582a09bba9ae50a0cb77d	too large (trace)
tr03-official-1/3207-cell-b-pack-0473-curtain/reference-10ms-differences.json.gz	23	f1101f8233b16d980af348db666cbdb1b9772fa79c6fa8d7d6d9550c1f6a546d	not a metric of this report
tr03-official-1/3207-cell-b-pack-0473-curtain/trace.jsonl.gz	1965569	d7493c9635e3cbd73a51d0897f1914441aba81dce8e20bab076e7ce8404f21e7	too large (trace)
tr03-official-1/3208-cell-b-pack-0473-packfault/reference-10ms-differences.json.gz	12686	5de4b704dcae680a91521a64a8cbc95f1eb8245e4c164788658a1415238cfabd	not a metric of this report
tr03-official-1/3208-cell-b-pack-0473-packfault/trace.jsonl.gz	33793093	5d3517615b044dbd28ea0d6cda78c5c88ba342c6d882db037a15fce8fd76dec9	too large (trace)
tr03-official-1/3209-cell-b-pack-0478-normal-s1/reference-10ms-differences.json.gz	23	f1101f8233b16d980af348db666cbdb1b9772fa79c6fa8d7d6d9550c1f6a546d	not a metric of this report
tr03-official-1/3209-cell-b-pack-0478-normal-s1/trace.jsonl.gz	73701008	9a2158f2ad629debb1a35f6a3f5483cb34a193d4bf8bbe265f2f3b0710a9fde7	too large (trace)
tr03-official-1/3210-cell-b-pack-0478-normal-s2/reference-10ms-differences.json.gz	23	f1101f8233b16d980af348db666cbdb1b9772fa79c6fa8d7d6d9550c1f6a546d	not a metric of this report
tr03-official-1/3210-cell-b-pack-0478-normal-s2/trace.jsonl.gz	73643701	81e26e7633f74ef446d2bc17bfd0ac5f954859be638ee2c573e4a8b5a2c0fa66	too large (trace)
tr03-official-1/3211-cell-b-pack-0478-normal-s3/reference-10ms-differences.json.gz	23	f1101f8233b16d980af348db666cbdb1b9772fa79c6fa8d7d6d9550c1f6a546d	not a metric of this report
tr03-official-1/3211-cell-b-pack-0478-normal-s3/trace.jsonl.gz	73453108	0fa2af75fd0b850ceb2deff8da740555fdfedc9d91073bc0d5df3c433e79c035	too large (trace)
tr03-official-1/3212-cell-b-pack-0478-cycle-stop/reference-10ms-differences.json.gz	23	f1101f8233b16d980af348db666cbdb1b9772fa79c6fa8d7d6d9550c1f6a546d	not a metric of this report
tr03-official-1/3212-cell-b-pack-0478-cycle-stop/trace.jsonl.gz	2577576	34dccdcf31d939a4e9599f1c20aa2acb5e95821d15e7143194db3716b8aa7e27	too large (trace)
tr03-official-1/3213-cell-b-pack-0478-curtain/reference-10ms-differences.json.gz	23	f1101f8233b16d980af348db666cbdb1b9772fa79c6fa8d7d6d9550c1f6a546d	not a metric of this report
tr03-official-1/3213-cell-b-pack-0478-curtain/trace.jsonl.gz	1978986	f3b5fa64d913e79454891e26e82a8dc55bbd3ed5762bce1b16d12b0ecf479499	too large (trace)
tr03-official-1/3214-cell-b-pack-0478-packfault/reference-10ms-differences.json.gz	23	f1101f8233b16d980af348db666cbdb1b9772fa79c6fa8d7d6d9550c1f6a546d	not a metric of this report
tr03-official-1/3214-cell-b-pack-0478-packfault/trace.jsonl.gz	32539193	81b8cc7cd75778d96b8c3d1e833be05f6e7df228cf33bb742f9a889c612bce86	too large (trace)
tr03-official-1/3215-cell-b-pack-0479-normal-s1/reference-10ms-differences.json.gz	23	f1101f8233b16d980af348db666cbdb1b9772fa79c6fa8d7d6d9550c1f6a546d	not a metric of this report
tr03-official-1/3215-cell-b-pack-0479-normal-s1/trace.jsonl.gz	73698227	90793a37db85d18c0a9f197a425103037ba1ec454f21a9795b4d138d7d0d28dc	too large (trace)
tr03-official-1/3216-cell-b-pack-0479-normal-s2/reference-10ms-differences.json.gz	23	f1101f8233b16d980af348db666cbdb1b9772fa79c6fa8d7d6d9550c1f6a546d	not a metric of this report
tr03-official-1/3216-cell-b-pack-0479-normal-s2/trace.jsonl.gz	73628910	da8e7f6c7068a395d9200b8ff75108b4ebf920277da42258ab7fd8e101738b4a	too large (trace)
tr03-official-1/3217-cell-b-pack-0479-normal-s3/reference-10ms-differences.json.gz	23	f1101f8233b16d980af348db666cbdb1b9772fa79c6fa8d7d6d9550c1f6a546d	not a metric of this report
tr03-official-1/3217-cell-b-pack-0479-normal-s3/trace.jsonl.gz	73453520	0a14abb161171d8646061f28197d60e1f42bc4d11250224b6283a4de88a48dc0	too large (trace)
tr03-official-1/3218-cell-b-pack-0479-cycle-stop/reference-10ms-differences.json.gz	23	f1101f8233b16d980af348db666cbdb1b9772fa79c6fa8d7d6d9550c1f6a546d	not a metric of this report
tr03-official-1/3218-cell-b-pack-0479-cycle-stop/trace.jsonl.gz	2579202	b94d07bf782e260178e420ed749f394c6b6edfab2e0ae113ebd76a468c00a490	too large (trace)
tr03-official-1/3219-cell-b-pack-0479-curtain/reference-10ms-differences.json.gz	23	f1101f8233b16d980af348db666cbdb1b9772fa79c6fa8d7d6d9550c1f6a546d	not a metric of this report
tr03-official-1/3219-cell-b-pack-0479-curtain/trace.jsonl.gz	1975004	a9abe55121371b1c0440e7fc4085192641d4a51984f2c7be33cfa7a0c2db3596	too large (trace)
tr03-official-1/3220-cell-b-pack-0479-packfault/reference-10ms-differences.json.gz	23	f1101f8233b16d980af348db666cbdb1b9772fa79c6fa8d7d6d9550c1f6a546d	not a metric of this report
tr03-official-1/3220-cell-b-pack-0479-packfault/trace.jsonl.gz	32540208	f4f0bb5548b485e41763eccd5743970a43c32c9b7072d092bd5575ca6dfd0550	too large (trace)
tr03-official-1/3221-cell-b-pack-0482-normal-s1/reference-10ms-differences.json.gz	23	f1101f8233b16d980af348db666cbdb1b9772fa79c6fa8d7d6d9550c1f6a546d	not a metric of this report
tr03-official-1/3221-cell-b-pack-0482-normal-s1/trace.jsonl.gz	73701076	ce229df5f8851f65c57d04aebc842a8207e5e1863b459df93deb14aaff9583d3	too large (trace)
tr03-official-1/3222-cell-b-pack-0482-normal-s2/reference-10ms-differences.json.gz	23	f1101f8233b16d980af348db666cbdb1b9772fa79c6fa8d7d6d9550c1f6a546d	not a metric of this report
tr03-official-1/3222-cell-b-pack-0482-normal-s2/trace.jsonl.gz	73632498	fc3ae02c2fc9984b84a0458691b761400ef5d98bf72297f5b9782c76c71a8187	too large (trace)
tr03-official-1/3223-cell-b-pack-0482-normal-s3/reference-10ms-differences.json.gz	23	f1101f8233b16d980af348db666cbdb1b9772fa79c6fa8d7d6d9550c1f6a546d	not a metric of this report
tr03-official-1/3223-cell-b-pack-0482-normal-s3/trace.jsonl.gz	73457846	e5d5fe44915fab49d2c10bf5a9752ef64f7d717318746f2ac03d039a8f9849d3	too large (trace)
tr03-official-1/3224-cell-b-pack-0482-cycle-stop/reference-10ms-differences.json.gz	23	f1101f8233b16d980af348db666cbdb1b9772fa79c6fa8d7d6d9550c1f6a546d	not a metric of this report
tr03-official-1/3224-cell-b-pack-0482-cycle-stop/trace.jsonl.gz	2575969	0e2acc1edaeff12ae213946996c35489318ad6731e3b6ad25f1f0d291c7619bc	too large (trace)
tr03-official-1/3225-cell-b-pack-0482-curtain/reference-10ms-differences.json.gz	23	f1101f8233b16d980af348db666cbdb1b9772fa79c6fa8d7d6d9550c1f6a546d	not a metric of this report
tr03-official-1/3225-cell-b-pack-0482-curtain/trace.jsonl.gz	1978836	9ab27df46bfb849e6b0198aee387c8c238df2cf378691eee2452fd106bbee9fa	too large (trace)
tr03-official-1/3226-cell-b-pack-0482-packfault/reference-10ms-differences.json.gz	23	f1101f8233b16d980af348db666cbdb1b9772fa79c6fa8d7d6d9550c1f6a546d	not a metric of this report
tr03-official-1/3226-cell-b-pack-0482-packfault/trace.jsonl.gz	32537968	e0361cf653d6b52658ee12f6a9c7f6f33b0fea6f485f55b47ff6b95ec48e443f	too large (trace)
tr03-official-1/3227-cell-b-pack-0486-normal-s1/reference-10ms-differences.json.gz	220207	c25b3bb3a5739e377772be27c428f3ed6daf73525a567a6bf2cda8debca7627e	not a metric of this report
tr03-official-1/3227-cell-b-pack-0486-normal-s1/trace.jsonl.gz	18329670	42a7c3773dadf825329970a78e15e607fb1636bdac827ef00e45b51b16bc50ed	too large (trace)
tr03-official-1/3228-cell-b-pack-0486-normal-s2/reference-10ms-differences.json.gz	220207	c25b3bb3a5739e377772be27c428f3ed6daf73525a567a6bf2cda8debca7627e	not a metric of this report
tr03-official-1/3228-cell-b-pack-0486-normal-s2/trace.jsonl.gz	18275135	5c19bcc2f3af9b05e5b237a1ebdb1757c21147962f087333246ab073705eca0b	too large (trace)
tr03-official-1/3229-cell-b-pack-0486-normal-s3/reference-10ms-differences.json.gz	220207	c25b3bb3a5739e377772be27c428f3ed6daf73525a567a6bf2cda8debca7627e	not a metric of this report
tr03-official-1/3229-cell-b-pack-0486-normal-s3/trace.jsonl.gz	18275392	90c19b9d69d5ae47484834cbe5ca54014dd0c8e99518ac55f9ad3057c60dbf04	too large (trace)
tr03-official-1/3230-cell-b-pack-0486-cycle-stop/reference-10ms-differences.json.gz	27394	fb0bbadf8aa60fe2b215f578b1437e49b1c895db2fb0c98548c2286b38f3b88d	not a metric of this report
tr03-official-1/3230-cell-b-pack-0486-cycle-stop/trace.jsonl.gz	2160674	db937449705a9a38389f3d5b7434685ffc43ca65c8afc4428595a3e424a5315d	too large (trace)
tr03-official-1/3231-cell-b-pack-0486-curtain/reference-10ms-differences.json.gz	22940	23efae3c7234bec1e51f3874786e60b0a1d066cf7ed069e706c6291ff8741864	not a metric of this report
tr03-official-1/3231-cell-b-pack-0486-curtain/trace.jsonl.gz	1797971	f9b1119f7c26fb54f9d4b43fba594585add9d6f2902f6e01ea5ecd72f71a079f	too large (trace)
tr03-official-1/3232-cell-b-pack-0486-packfault/reference-10ms-differences.json.gz	135799	fb89acd5322a2830539cf403ca70e3cf168d6de51f81c6a5d46b04768b82efde	not a metric of this report
tr03-official-1/3232-cell-b-pack-0486-packfault/trace.jsonl.gz	10981643	512ed9769aa449aeea35268767c1bf3f446dd845fdf454f039d2595e8ae411fd	too large (trace)
tr03-official-1/3233-cell-b-pack-0487-normal-s1/reference-10ms-differences.json.gz	220207	1e35c72f0e663d34b6973883b89d2909a8189c75b8ac85d60e187f44ecb92891	not a metric of this report
tr03-official-1/3233-cell-b-pack-0487-normal-s1/trace.jsonl.gz	18316333	93e86431f947a6e11e8a8ad0e92da82469a3f5422b9fb0767d50806dbdcd399c	too large (trace)
tr03-official-1/3234-cell-b-pack-0487-normal-s2/reference-10ms-differences.json.gz	220207	1e35c72f0e663d34b6973883b89d2909a8189c75b8ac85d60e187f44ecb92891	not a metric of this report
tr03-official-1/3234-cell-b-pack-0487-normal-s2/trace.jsonl.gz	18273354	966f3f4f5e1ffe6e85ff91b0d99846f54dca0369282a244170d8c81bded6bfdc	too large (trace)
tr03-official-1/3235-cell-b-pack-0487-normal-s3/reference-10ms-differences.json.gz	220207	1e35c72f0e663d34b6973883b89d2909a8189c75b8ac85d60e187f44ecb92891	not a metric of this report
tr03-official-1/3235-cell-b-pack-0487-normal-s3/trace.jsonl.gz	18251014	af39ae0c53ae284b7720af57c405ca872128e00abe5ebd9e88b097a8ec1d82d7	too large (trace)
tr03-official-1/3236-cell-b-pack-0487-cycle-stop/reference-10ms-differences.json.gz	27394	b397f16e78acee7bc021771338b05c9c111b29c9b291dfee544595928c33f9cc	not a metric of this report
tr03-official-1/3236-cell-b-pack-0487-cycle-stop/trace.jsonl.gz	2158898	8692ad7898e290ada493eb5b078c9188ba849d53274fa1d833cd824b9088f4f7	too large (trace)
tr03-official-1/3237-cell-b-pack-0487-curtain/reference-10ms-differences.json.gz	22939	2a400eee3e50ef10b6f68e38df0793d4243648ebda2abc02bcd5038b427e60c4	not a metric of this report
tr03-official-1/3237-cell-b-pack-0487-curtain/trace.jsonl.gz	1798434	36d070fedf6587688797aa88f5b229605382ebcba7127823ed1ecbf802e80e35	too large (trace)
tr03-official-1/3238-cell-b-pack-0487-packfault/reference-10ms-differences.json.gz	135802	e3bf0dd1bdff273b81721398ad8f1b56316561698726b86c70961cf31bb1262c	not a metric of this report
tr03-official-1/3238-cell-b-pack-0487-packfault/trace.jsonl.gz	10984909	7487919795d033ca62df6a8f9d6da13779673f47df9117e5cb79197373e5c192	too large (trace)
tr03-official-1/3239-cell-b-pack-0499-normal-s1/reference-10ms-differences.json.gz	23	f1101f8233b16d980af348db666cbdb1b9772fa79c6fa8d7d6d9550c1f6a546d	not a metric of this report
tr03-official-1/3239-cell-b-pack-0499-normal-s1/trace.jsonl.gz	73696240	c76607e7e9c916e0bf20d4265360b14a9f6fca765d4c392a7dad727bb60c126c	too large (trace)
tr03-official-1/3240-cell-b-pack-0499-normal-s2/reference-10ms-differences.json.gz	23	f1101f8233b16d980af348db666cbdb1b9772fa79c6fa8d7d6d9550c1f6a546d	not a metric of this report
tr03-official-1/3240-cell-b-pack-0499-normal-s2/trace.jsonl.gz	73643774	4e03b7d01f3e80ab12e8d15f859fd4f3353413865b0802508aa3b6fbe1b783f7	too large (trace)
tr03-official-1/3241-cell-b-pack-0499-normal-s3/reference-10ms-differences.json.gz	23	f1101f8233b16d980af348db666cbdb1b9772fa79c6fa8d7d6d9550c1f6a546d	not a metric of this report
tr03-official-1/3241-cell-b-pack-0499-normal-s3/trace.jsonl.gz	73456479	86cfbd438fd2d64c34891191f1caa1dce1ee22802c289dc1afaad42adc3346af	too large (trace)
tr03-official-1/3242-cell-b-pack-0499-cycle-stop/reference-10ms-differences.json.gz	23	f1101f8233b16d980af348db666cbdb1b9772fa79c6fa8d7d6d9550c1f6a546d	not a metric of this report
tr03-official-1/3242-cell-b-pack-0499-cycle-stop/trace.jsonl.gz	2577951	5ba3f27ef9a7d8444239b2d688162b882fb538abf171766c33b88fe8e8892f6a	too large (trace)
tr03-official-1/3243-cell-b-pack-0499-curtain/reference-10ms-differences.json.gz	23	f1101f8233b16d980af348db666cbdb1b9772fa79c6fa8d7d6d9550c1f6a546d	not a metric of this report
tr03-official-1/3243-cell-b-pack-0499-curtain/trace.jsonl.gz	1981263	42199d13c349fe5f82bda2d13cc220d7f011e2c73e0aef2b1999c90d66480dde	too large (trace)
tr03-official-1/3244-cell-b-pack-0499-packfault/reference-10ms-differences.json.gz	23	f1101f8233b16d980af348db666cbdb1b9772fa79c6fa8d7d6d9550c1f6a546d	not a metric of this report
tr03-official-1/3244-cell-b-pack-0499-packfault/trace.jsonl.gz	32536814	040c016e6afd86deeda710d4958b1e40d18cd5327b92d4140bbd0085d2667af5	too large (trace)
tr03-official-1/3245-cell-b-pack-0503-normal-s1/reference-10ms-differences.json.gz	23	f1101f8233b16d980af348db666cbdb1b9772fa79c6fa8d7d6d9550c1f6a546d	not a metric of this report
tr03-official-1/3245-cell-b-pack-0503-normal-s1/trace.jsonl.gz	73711875	087cfceb5673bd3bfbb61c97e3251b7acacc3e494744ab16ce6010e7b399bc59	too large (trace)
tr03-official-1/3246-cell-b-pack-0503-normal-s2/reference-10ms-differences.json.gz	23	f1101f8233b16d980af348db666cbdb1b9772fa79c6fa8d7d6d9550c1f6a546d	not a metric of this report
tr03-official-1/3246-cell-b-pack-0503-normal-s2/trace.jsonl.gz	73634655	f8f84958e4cf8b50769723ed60ad5ef20e5acbafe670de5c6b1bf317a63815d9	too large (trace)
tr03-official-1/3247-cell-b-pack-0503-normal-s3/reference-10ms-differences.json.gz	23	f1101f8233b16d980af348db666cbdb1b9772fa79c6fa8d7d6d9550c1f6a546d	not a metric of this report
tr03-official-1/3247-cell-b-pack-0503-normal-s3/trace.jsonl.gz	73442534	0391fb82923aeed6159b53b44343349367c440889126d437335c381524473e63	too large (trace)
tr03-official-1/3248-cell-b-pack-0503-cycle-stop/reference-10ms-differences.json.gz	23	f1101f8233b16d980af348db666cbdb1b9772fa79c6fa8d7d6d9550c1f6a546d	not a metric of this report
tr03-official-1/3248-cell-b-pack-0503-cycle-stop/trace.jsonl.gz	2580731	b372431416a4d9e40687fb681ba3af3c560bab0f34290421fd7f09a62cfaaf79	too large (trace)
tr03-official-1/3249-cell-b-pack-0503-curtain/reference-10ms-differences.json.gz	23	f1101f8233b16d980af348db666cbdb1b9772fa79c6fa8d7d6d9550c1f6a546d	not a metric of this report
tr03-official-1/3249-cell-b-pack-0503-curtain/trace.jsonl.gz	1982778	1368d99b526eed8ff2e735a060e0e494cf4eeb8a938ddec660b7387a0ef7e683	too large (trace)
tr03-official-1/3250-cell-b-pack-0503-packfault/reference-10ms-differences.json.gz	84254	f69120266aa14d3394342eba773fe7d4d58343126b2cfde5f6cd65a6b9a1dc09	not a metric of this report
tr03-official-1/3250-cell-b-pack-0503-packfault/trace.jsonl.gz	33062649	cc775b850751bdbb97e52f3addf107dbe3022605f2b3a02430c8c3029cf8539a	too large (trace)
tr03-official-1/3251-cell-b-pack-0504-normal-s1/reference-10ms-differences.json.gz	23	f1101f8233b16d980af348db666cbdb1b9772fa79c6fa8d7d6d9550c1f6a546d	not a metric of this report
tr03-official-1/3251-cell-b-pack-0504-normal-s1/trace.jsonl.gz	73702330	dfb8dbf3cda8469746aa718076b6434d4ee09b1d9eace628e9f08469384ad6ee	too large (trace)
tr03-official-1/3252-cell-b-pack-0504-normal-s2/reference-10ms-differences.json.gz	23	f1101f8233b16d980af348db666cbdb1b9772fa79c6fa8d7d6d9550c1f6a546d	not a metric of this report
tr03-official-1/3252-cell-b-pack-0504-normal-s2/trace.jsonl.gz	73627273	fe1b3713338624305852a6b3bbc46aff4bf16d2685ffb6c70a87783cd95787d1	too large (trace)
tr03-official-1/3253-cell-b-pack-0504-normal-s3/reference-10ms-differences.json.gz	23	f1101f8233b16d980af348db666cbdb1b9772fa79c6fa8d7d6d9550c1f6a546d	not a metric of this report
tr03-official-1/3253-cell-b-pack-0504-normal-s3/trace.jsonl.gz	73457017	3e9f33ce10e2c5a4266017a150d2b7d38c753bab8e5a108097a4a537b1ae277d	too large (trace)
tr03-official-1/3254-cell-b-pack-0504-cycle-stop/reference-10ms-differences.json.gz	23	f1101f8233b16d980af348db666cbdb1b9772fa79c6fa8d7d6d9550c1f6a546d	not a metric of this report
tr03-official-1/3254-cell-b-pack-0504-cycle-stop/trace.jsonl.gz	2582092	8497cf5a98934c7e58a6d9c441c9ad2bf1b47554a810a8ca25c6d9a7cce8a9b8	too large (trace)
tr03-official-1/3255-cell-b-pack-0504-curtain/reference-10ms-differences.json.gz	23	f1101f8233b16d980af348db666cbdb1b9772fa79c6fa8d7d6d9550c1f6a546d	not a metric of this report
tr03-official-1/3255-cell-b-pack-0504-curtain/trace.jsonl.gz	1978396	8888c8c7da019c24d772401777b7f79a08027bde1314c2a4368dd72defb55cd9	too large (trace)
tr03-official-1/3256-cell-b-pack-0504-packfault/reference-10ms-differences.json.gz	23	f1101f8233b16d980af348db666cbdb1b9772fa79c6fa8d7d6d9550c1f6a546d	not a metric of this report
tr03-official-1/3256-cell-b-pack-0504-packfault/trace.jsonl.gz	32542919	b9c4b62c95691545dab2c7d35b71ad95452d587bcd9ccb4e51a757371ea7ee8a	too large (trace)
tr03-official-1/3257-cell-b-pack-0514-normal-s1/reference-10ms-differences.json.gz	23	f1101f8233b16d980af348db666cbdb1b9772fa79c6fa8d7d6d9550c1f6a546d	not a metric of this report
tr03-official-1/3257-cell-b-pack-0514-normal-s1/trace.jsonl.gz	73704954	836966d3fed70eb96c4bc6e85df877988acd964b6d3286e011e77162c1a9eb32	too large (trace)
tr03-official-1/3258-cell-b-pack-0514-normal-s2/reference-10ms-differences.json.gz	23	f1101f8233b16d980af348db666cbdb1b9772fa79c6fa8d7d6d9550c1f6a546d	not a metric of this report
tr03-official-1/3258-cell-b-pack-0514-normal-s2/trace.jsonl.gz	73645139	bd31924907026177a321b8e430f2f7bc722a87d1219ecb15382a26e928cf423d	too large (trace)
tr03-official-1/3259-cell-b-pack-0514-normal-s3/reference-10ms-differences.json.gz	23	f1101f8233b16d980af348db666cbdb1b9772fa79c6fa8d7d6d9550c1f6a546d	not a metric of this report
tr03-official-1/3259-cell-b-pack-0514-normal-s3/trace.jsonl.gz	73453599	f761f21f66dae4f96c27052c3c6201987f999c1d37b3b65143e7c1b9349f3d06	too large (trace)
tr03-official-1/3260-cell-b-pack-0514-cycle-stop/reference-10ms-differences.json.gz	23	f1101f8233b16d980af348db666cbdb1b9772fa79c6fa8d7d6d9550c1f6a546d	not a metric of this report
tr03-official-1/3260-cell-b-pack-0514-cycle-stop/trace.jsonl.gz	2577000	457d05661523fa9f233e3389deb2f3ebec99537715e8562cc29700cecbb6dfda	too large (trace)
tr03-official-1/3261-cell-b-pack-0514-curtain/reference-10ms-differences.json.gz	23	f1101f8233b16d980af348db666cbdb1b9772fa79c6fa8d7d6d9550c1f6a546d	not a metric of this report
tr03-official-1/3261-cell-b-pack-0514-curtain/trace.jsonl.gz	1980118	e3cf747706e5871715c1039d6bcf5808e41202ee0098f844445dc37bb9092e74	too large (trace)
tr03-official-1/3262-cell-b-pack-0514-packfault/reference-10ms-differences.json.gz	23	f1101f8233b16d980af348db666cbdb1b9772fa79c6fa8d7d6d9550c1f6a546d	not a metric of this report
tr03-official-1/3262-cell-b-pack-0514-packfault/trace.jsonl.gz	32543067	941badd5fdfc9eacc508ba030d3e6a2d46610cadbfe0077e4c00a31ce2676924	too large (trace)
tr03-official-1/3263-cell-b-pack-0520-normal-s1/reference-10ms-differences.json.gz	23	f1101f8233b16d980af348db666cbdb1b9772fa79c6fa8d7d6d9550c1f6a546d	not a metric of this report
tr03-official-1/3263-cell-b-pack-0520-normal-s1/trace.jsonl.gz	73703083	c65145c31e74c2a396062ea8d0e6e6f9dc7ebb1df620fe0eaf041abb7ca1d083	too large (trace)
tr03-official-1/3264-cell-b-pack-0520-normal-s2/reference-10ms-differences.json.gz	23	f1101f8233b16d980af348db666cbdb1b9772fa79c6fa8d7d6d9550c1f6a546d	not a metric of this report
tr03-official-1/3264-cell-b-pack-0520-normal-s2/trace.jsonl.gz	73628445	74229e5cc5f0e672dbc2ba332632fc75e601590b52a0f7505dd73845bb846356	too large (trace)
tr03-official-1/3265-cell-b-pack-0520-normal-s3/reference-10ms-differences.json.gz	23	f1101f8233b16d980af348db666cbdb1b9772fa79c6fa8d7d6d9550c1f6a546d	not a metric of this report
tr03-official-1/3265-cell-b-pack-0520-normal-s3/trace.jsonl.gz	73451140	49083ff270007d6eafd3e49a458241100bb71ccfa8af041ffd413f7c7525be00	too large (trace)
tr03-official-1/3266-cell-b-pack-0520-cycle-stop/reference-10ms-differences.json.gz	23	f1101f8233b16d980af348db666cbdb1b9772fa79c6fa8d7d6d9550c1f6a546d	not a metric of this report
tr03-official-1/3266-cell-b-pack-0520-cycle-stop/trace.jsonl.gz	2577309	7e63767d9e024b8cb984c2e696be7e2e65baf6244811b4913d21fbbfd39ebde4	too large (trace)
tr03-official-1/3267-cell-b-pack-0520-curtain/reference-10ms-differences.json.gz	23	f1101f8233b16d980af348db666cbdb1b9772fa79c6fa8d7d6d9550c1f6a546d	not a metric of this report
tr03-official-1/3267-cell-b-pack-0520-curtain/trace.jsonl.gz	1979325	6d99646d48dd721c77b2135406db7bd7c5a0b2c2e67d427f2bea71a32633ebcc	too large (trace)
tr03-official-1/3268-cell-b-pack-0520-packfault/reference-10ms-differences.json.gz	23	f1101f8233b16d980af348db666cbdb1b9772fa79c6fa8d7d6d9550c1f6a546d	not a metric of this report
tr03-official-1/3268-cell-b-pack-0520-packfault/trace.jsonl.gz	32546208	c59254a68838aa06364896b741abb1bac71aad9b63b5100227901945617f6722	too large (trace)
tr03-official-1/3269-cell-b-pack-0521-normal-s1/reference-10ms-differences.json.gz	23	f1101f8233b16d980af348db666cbdb1b9772fa79c6fa8d7d6d9550c1f6a546d	not a metric of this report
tr03-official-1/3269-cell-b-pack-0521-normal-s1/trace.jsonl.gz	73700001	ec6b43e2eea29dd7d0028f728679f1c99faa18cc14ac495cf0b4c49b67ab4e6c	too large (trace)
tr03-official-1/3270-cell-b-pack-0521-normal-s2/reference-10ms-differences.json.gz	23	f1101f8233b16d980af348db666cbdb1b9772fa79c6fa8d7d6d9550c1f6a546d	not a metric of this report
tr03-official-1/3270-cell-b-pack-0521-normal-s2/trace.jsonl.gz	73631458	e9291a82a3ee384ef486a6aa1cafbe51acb543c3a0f4bd1aa963fe0f4d9c7d88	too large (trace)
tr03-official-1/3271-cell-b-pack-0521-normal-s3/reference-10ms-differences.json.gz	23	f1101f8233b16d980af348db666cbdb1b9772fa79c6fa8d7d6d9550c1f6a546d	not a metric of this report
tr03-official-1/3271-cell-b-pack-0521-normal-s3/trace.jsonl.gz	73467017	cf915cee1af71ef107c1390815f0609fe3d6589e5c6bcea0403f093268994c01	too large (trace)
tr03-official-1/3272-cell-b-pack-0521-cycle-stop/reference-10ms-differences.json.gz	23	f1101f8233b16d980af348db666cbdb1b9772fa79c6fa8d7d6d9550c1f6a546d	not a metric of this report
tr03-official-1/3272-cell-b-pack-0521-cycle-stop/trace.jsonl.gz	2567598	8a1dc7c85e6dbdef660844b08fd05ef7ce5223d0f15283ad71f174cfdc162304	too large (trace)
tr03-official-1/3273-cell-b-pack-0521-curtain/reference-10ms-differences.json.gz	23	f1101f8233b16d980af348db666cbdb1b9772fa79c6fa8d7d6d9550c1f6a546d	not a metric of this report
tr03-official-1/3273-cell-b-pack-0521-curtain/trace.jsonl.gz	1979539	6cee3aa4c29c7ff3d6571619ea928c07f550b93a6bccf1a59d4795d78f6834db	too large (trace)
tr03-official-1/3274-cell-b-pack-0521-packfault/reference-10ms-differences.json.gz	23	f1101f8233b16d980af348db666cbdb1b9772fa79c6fa8d7d6d9550c1f6a546d	not a metric of this report
tr03-official-1/3274-cell-b-pack-0521-packfault/trace.jsonl.gz	32536682	6ac30c14f38a58b3fdaf55cecb306e761fd7bd3afd7a6c7b17a58918134c9222	too large (trace)
tr03-official-1/3275-cell-b-pack-0523-normal-s1/trace.jsonl.gz	18851	277fced534472a3a1aca6af105ce39ec51c4867b07694e861b95fca1c39667f1	too large (trace)
tr03-official-1/3276-cell-b-pack-0523-normal-s2/trace.jsonl.gz	19002	173ca93bdb1c3a9cdc0a67432d680a4cf7bd5efec41b373a5f54860400600fe3	too large (trace)
tr03-official-1/3277-cell-b-pack-0523-normal-s3/trace.jsonl.gz	18783	72983be27de897855c691f7e74f44856b972f551bbfe2ab4926414ec73468ab1	too large (trace)
tr03-official-1/3278-cell-b-pack-0523-cycle-stop/trace.jsonl.gz	18854	76f63d682a431eb348cebc4a578d704453c8a5dffada20f5da7622a5efe70237	too large (trace)
tr03-official-1/3279-cell-b-pack-0523-curtain/trace.jsonl.gz	18847	892c2320f827f0ca7b4264e2f3a0c26a5145351dda18b9fa33871fcf219adb7c	too large (trace)
tr03-official-1/3280-cell-b-pack-0523-packfault/trace.jsonl.gz	18852	53e3fa4d3944e1f990ab478d66ed88523ccf9e338e682917aa10e501405aaa0d	too large (trace)
tr03-official-1/3281-cell-b-pack-0537-normal-s1/reference-10ms-differences.json.gz	217809	32645ed1af56184f0c54d0db2ad9c63467d52764d58a13893b9f7b7144e7bd2b	not a metric of this report
tr03-official-1/3281-cell-b-pack-0537-normal-s1/trace.jsonl.gz	18386008	3939a0eca789e1fdecec6b563faedf284a9d3fe0acf445a20e893bdd7fc661d4	too large (trace)
tr03-official-1/3282-cell-b-pack-0537-normal-s2/reference-10ms-differences.json.gz	217809	32645ed1af56184f0c54d0db2ad9c63467d52764d58a13893b9f7b7144e7bd2b	not a metric of this report
tr03-official-1/3282-cell-b-pack-0537-normal-s2/trace.jsonl.gz	18319381	48a7a130acff3c115f0d95c192a3d615729f3ffe8b065aa9bcd4d9766a2cb761	too large (trace)
tr03-official-1/3283-cell-b-pack-0537-normal-s3/reference-10ms-differences.json.gz	217809	32645ed1af56184f0c54d0db2ad9c63467d52764d58a13893b9f7b7144e7bd2b	not a metric of this report
tr03-official-1/3283-cell-b-pack-0537-normal-s3/trace.jsonl.gz	18289298	0bc67a0bd306986ba8d08b5f6ffe1505f60d58353067c15b03b0ff865d8dd817	too large (trace)
tr03-official-1/3284-cell-b-pack-0537-cycle-stop/reference-10ms-differences.json.gz	24962	2d2892bf6d11bce5cb5802c9fa28d3ebce8c20569df1aab76afc6849ae9e9ebc	not a metric of this report
tr03-official-1/3284-cell-b-pack-0537-cycle-stop/trace.jsonl.gz	2152969	c8578f27413c2ee7ee4188d36f2c35e07a09c91b3db7d1b7568fc0fcd5f5d325	too large (trace)
tr03-official-1/3285-cell-b-pack-0537-curtain/reference-10ms-differences.json.gz	20521	8047b611ec897ca8f9a021f7d67223e395051b151e791118aa2d97a04a8440e7	not a metric of this report
tr03-official-1/3285-cell-b-pack-0537-curtain/trace.jsonl.gz	1794794	585215da8a01b31b098269e019b8701ed11981c4541c18db62ab9b08c275320d	too large (trace)
tr03-official-1/3286-cell-b-pack-0537-packfault/reference-10ms-differences.json.gz	129107	a5bdcbab03951071b4bbf20c85317150e9c7cb9ff3d321316b4411371c930505	not a metric of this report
tr03-official-1/3286-cell-b-pack-0537-packfault/trace.jsonl.gz	10985644	15e03641e2f8f694e0de44cae7b55afae125c5d361019ffe166aeb6a5a02d2ce	too large (trace)
tr03-official-1/3287-cell-b-pack-0542-normal-s1/reference-10ms-differences.json.gz	23	f1101f8233b16d980af348db666cbdb1b9772fa79c6fa8d7d6d9550c1f6a546d	not a metric of this report
tr03-official-1/3287-cell-b-pack-0542-normal-s1/trace.jsonl.gz	73714460	219557a9b9994c03a3d9f33cb72bcf0c0dbc71bcb5211cf07c7c29b5eb7dbf57	too large (trace)
tr03-official-1/3288-cell-b-pack-0542-normal-s2/reference-10ms-differences.json.gz	23	f1101f8233b16d980af348db666cbdb1b9772fa79c6fa8d7d6d9550c1f6a546d	not a metric of this report
tr03-official-1/3288-cell-b-pack-0542-normal-s2/trace.jsonl.gz	73637520	0f8836bb2f9d9326e7a347530ecd2e649a39895fdd1b5ff5eb3b4a1f5963b286	too large (trace)
tr03-official-1/3289-cell-b-pack-0542-normal-s3/reference-10ms-differences.json.gz	23	f1101f8233b16d980af348db666cbdb1b9772fa79c6fa8d7d6d9550c1f6a546d	not a metric of this report
tr03-official-1/3289-cell-b-pack-0542-normal-s3/trace.jsonl.gz	73456094	9792255e9ddafdd7ca534c8919696a0d4f742facb373e31a4ca3bbefad050744	too large (trace)
tr03-official-1/3290-cell-b-pack-0542-cycle-stop/reference-10ms-differences.json.gz	23	f1101f8233b16d980af348db666cbdb1b9772fa79c6fa8d7d6d9550c1f6a546d	not a metric of this report
tr03-official-1/3290-cell-b-pack-0542-cycle-stop/trace.jsonl.gz	2589258	06aeafc91d7810987fc258a9afa4dd847879b2d4f77c8ab63947a9e351c9afa9	too large (trace)
tr03-official-1/3291-cell-b-pack-0542-curtain/reference-10ms-differences.json.gz	23	f1101f8233b16d980af348db666cbdb1b9772fa79c6fa8d7d6d9550c1f6a546d	not a metric of this report
tr03-official-1/3291-cell-b-pack-0542-curtain/trace.jsonl.gz	1985595	7a92e27ce81db5aec525fd14be476e0ea2f8e14e86272790577c216c969f689c	too large (trace)
tr03-official-1/3292-cell-b-pack-0542-packfault/reference-10ms-differences.json.gz	23	f1101f8233b16d980af348db666cbdb1b9772fa79c6fa8d7d6d9550c1f6a546d	not a metric of this report
tr03-official-1/3292-cell-b-pack-0542-packfault/trace.jsonl.gz	32550953	a82073ef5112e5e974ed04271876f65d50d120a71e5dd44d85fd87511bd482bb	too large (trace)
tr03-official-1/3293-cell-b-pack-0549-normal-s1/reference-10ms-differences.json.gz	223034	a1ca65aafa3b69d4a0d0c117e84e8a401b14b0a6cc8715de82e8af7f40910cdb	not a metric of this report
tr03-official-1/3293-cell-b-pack-0549-normal-s1/trace.jsonl.gz	49566624	c8444f326eb60ca5a983a728c90b704df4006067113b611ea96cd753e41608e0	too large (trace)
tr03-official-1/3294-cell-b-pack-0549-normal-s2/reference-10ms-differences.json.gz	240716	9740543b1c5d3aa99aebb15ccfc4cca71ce4cf38ca7009b2bb64f4789d9e0341	not a metric of this report
tr03-official-1/3294-cell-b-pack-0549-normal-s2/trace.jsonl.gz	49602378	37ac942b81f7e781bab54f982bdfc83913ac4e8ad2ef65e0ada9b4ab418c98de	too large (trace)
tr03-official-1/3295-cell-b-pack-0549-normal-s3/reference-10ms-differences.json.gz	242933	9687a683a849fb41ae01b60614180c9d5b6db291e704ff937a594910dabc566b	not a metric of this report
tr03-official-1/3295-cell-b-pack-0549-normal-s3/trace.jsonl.gz	48198024	065046615bcf63afd92c5cb8e3a9685182c417cabe57eea5c1655b75c12bda77	too large (trace)
tr03-official-1/3296-cell-b-pack-0549-cycle-stop/reference-10ms-differences.json.gz	23	f1101f8233b16d980af348db666cbdb1b9772fa79c6fa8d7d6d9550c1f6a546d	not a metric of this report
tr03-official-1/3296-cell-b-pack-0549-cycle-stop/trace.jsonl.gz	2582642	db5dada520cdcdd9fe9a3a53e11eea33a8d2a6474fe484cdaafc4bc7fe28f004	too large (trace)
tr03-official-1/3297-cell-b-pack-0549-curtain/reference-10ms-differences.json.gz	23	f1101f8233b16d980af348db666cbdb1b9772fa79c6fa8d7d6d9550c1f6a546d	not a metric of this report
tr03-official-1/3297-cell-b-pack-0549-curtain/trace.jsonl.gz	1979665	afe636d324099d71f3bcf37c2661a3acf40d366d3ef0a145c5adfeaeea17596e	too large (trace)
tr03-official-1/3298-cell-b-pack-0549-packfault/reference-10ms-differences.json.gz	138782	8e717ab0753bd572d0a85fe51b02938bd65754817dd3c6cee3b4c27449b77f99	not a metric of this report
tr03-official-1/3298-cell-b-pack-0549-packfault/trace.jsonl.gz	27225824	0baa54926d9ce6afa98be78abf2697595deabf91f45d1c61551b7d3b33450a35	too large (trace)
tr03-official-1/3299-cell-b-pack-0553-normal-s1/reference-10ms-differences.json.gz	220239	09b2a2b42d75799a94d84739f924172e9a984504f79a3146aaa51cafacd19570	not a metric of this report
tr03-official-1/3299-cell-b-pack-0553-normal-s1/trace.jsonl.gz	18281673	db8c7e3ee7b315b95ae530d1e6242d0b35b330bf4b070431a325d6ebc9c2f61d	too large (trace)
tr03-official-1/3300-cell-b-pack-0553-normal-s2/reference-10ms-differences.json.gz	220239	09b2a2b42d75799a94d84739f924172e9a984504f79a3146aaa51cafacd19570	not a metric of this report
tr03-official-1/3300-cell-b-pack-0553-normal-s2/trace.jsonl.gz	18260148	eff8e285635c5422d516f804e7d3a67baa98118ceb4ad66db81f7360a6d01799	too large (trace)
tr03-official-1/3301-cell-b-pack-0553-normal-s3/reference-10ms-differences.json.gz	220239	09b2a2b42d75799a94d84739f924172e9a984504f79a3146aaa51cafacd19570	not a metric of this report
tr03-official-1/3301-cell-b-pack-0553-normal-s3/trace.jsonl.gz	18273941	faad591a70b78cbfedb0b4ce67acb7066153b969ec75e308a709b9dd2ed68f6d	too large (trace)
tr03-official-1/3302-cell-b-pack-0553-cycle-stop/reference-10ms-differences.json.gz	27425	188139d5731eddc741ae3d4b312cde4f2dfaac3e96caa45da2e242fd5e8718cf	not a metric of this report
tr03-official-1/3302-cell-b-pack-0553-cycle-stop/trace.jsonl.gz	2136497	8425fcf36a66cbf2d7e2ae09729c219818ff88db3a2a0e9df4b018a43ed9f90a	too large (trace)
tr03-official-1/3303-cell-b-pack-0553-curtain/reference-10ms-differences.json.gz	22971	db5a31ba0dc623c2f527f3de7a8f2e83c5f7088f7665f52b43620e22edfe60b2	not a metric of this report
tr03-official-1/3303-cell-b-pack-0553-curtain/trace.jsonl.gz	1792713	fe90928f9eb16e23a4d0b2cb5b8e09da0a476d00c03c40e80aca967de5c74de5	too large (trace)
tr03-official-1/3304-cell-b-pack-0553-packfault/reference-10ms-differences.json.gz	135814	ba8f219a13b56382081fe0fa2518f12d94175dc226b88b498364a98c6c4e024e	not a metric of this report
tr03-official-1/3304-cell-b-pack-0553-packfault/trace.jsonl.gz	10942193	acf819ae2ad9e711e0caecb164a5100775e45809ac85702d640d7861d8cd8c9b	too large (trace)
tr03-official-1/3305-cell-b-pack-0554-normal-s1/reference-10ms-differences.json.gz	23	f1101f8233b16d980af348db666cbdb1b9772fa79c6fa8d7d6d9550c1f6a546d	not a metric of this report
tr03-official-1/3305-cell-b-pack-0554-normal-s1/trace.jsonl.gz	73705883	370a1675750909aa866022cf3b7761d7437914d5e65991d1a958cb61169c1513	too large (trace)
tr03-official-1/3306-cell-b-pack-0554-normal-s2/reference-10ms-differences.json.gz	23	f1101f8233b16d980af348db666cbdb1b9772fa79c6fa8d7d6d9550c1f6a546d	not a metric of this report
tr03-official-1/3306-cell-b-pack-0554-normal-s2/trace.jsonl.gz	73623905	a125e1a235a00cb4acdc9438915675553d39d2c396e11b93fb476776e400497b	too large (trace)
tr03-official-1/3307-cell-b-pack-0554-normal-s3/reference-10ms-differences.json.gz	23	f1101f8233b16d980af348db666cbdb1b9772fa79c6fa8d7d6d9550c1f6a546d	not a metric of this report
tr03-official-1/3307-cell-b-pack-0554-normal-s3/trace.jsonl.gz	73445732	925c136652436add7c0768c4b100c7ad4dea854ff74de5315480da14adca91c3	too large (trace)
tr03-official-1/3308-cell-b-pack-0554-cycle-stop/reference-10ms-differences.json.gz	23	f1101f8233b16d980af348db666cbdb1b9772fa79c6fa8d7d6d9550c1f6a546d	not a metric of this report
tr03-official-1/3308-cell-b-pack-0554-cycle-stop/trace.jsonl.gz	2579368	fca66139d0cedd5d48571fbe9c52ece6e0f33451f106eaef6d93c267fc1253f7	too large (trace)
tr03-official-1/3309-cell-b-pack-0554-curtain/reference-10ms-differences.json.gz	23	f1101f8233b16d980af348db666cbdb1b9772fa79c6fa8d7d6d9550c1f6a546d	not a metric of this report
tr03-official-1/3309-cell-b-pack-0554-curtain/trace.jsonl.gz	1978830	2e706b164fd613944b738dc5043a00411b12b94b7ea9453fc6e4f29825653149	too large (trace)
tr03-official-1/3310-cell-b-pack-0554-packfault/reference-10ms-differences.json.gz	23	f1101f8233b16d980af348db666cbdb1b9772fa79c6fa8d7d6d9550c1f6a546d	not a metric of this report
tr03-official-1/3310-cell-b-pack-0554-packfault/trace.jsonl.gz	32547147	69bed9c861085756dd3559828587b59bb795f184f0a2fdef326c1996b9bb4a18	too large (trace)
tr03-official-1/3311-cell-b-pack-0569-normal-s1/reference-10ms-differences.json.gz	23	f1101f8233b16d980af348db666cbdb1b9772fa79c6fa8d7d6d9550c1f6a546d	not a metric of this report
tr03-official-1/3311-cell-b-pack-0569-normal-s1/trace.jsonl.gz	73697000	64c6676a3ef1f8a173c4636c3088f35d945365aaca29e617dabc3e17121355b3	too large (trace)
tr03-official-1/3312-cell-b-pack-0569-normal-s2/reference-10ms-differences.json.gz	23	f1101f8233b16d980af348db666cbdb1b9772fa79c6fa8d7d6d9550c1f6a546d	not a metric of this report
tr03-official-1/3312-cell-b-pack-0569-normal-s2/trace.jsonl.gz	73626390	976e380a7c8a045c822fd467cae28946c15f9a23edc22d8b42d8c858fcd81527	too large (trace)
tr03-official-1/3313-cell-b-pack-0569-normal-s3/reference-10ms-differences.json.gz	23	f1101f8233b16d980af348db666cbdb1b9772fa79c6fa8d7d6d9550c1f6a546d	not a metric of this report
tr03-official-1/3313-cell-b-pack-0569-normal-s3/trace.jsonl.gz	73447265	5f2e6980571fe10630e84430a746fa2561cb3cb892e1f9c020ebfc7c4c3b3c27	too large (trace)
tr03-official-1/3314-cell-b-pack-0569-cycle-stop/reference-10ms-differences.json.gz	23	f1101f8233b16d980af348db666cbdb1b9772fa79c6fa8d7d6d9550c1f6a546d	not a metric of this report
tr03-official-1/3314-cell-b-pack-0569-cycle-stop/trace.jsonl.gz	2580155	d3217586b6cbc8f526e0084d296610d9803df1c464dd93fa9ff03893fba3efcc	too large (trace)
tr03-official-1/3315-cell-b-pack-0569-curtain/reference-10ms-differences.json.gz	23	f1101f8233b16d980af348db666cbdb1b9772fa79c6fa8d7d6d9550c1f6a546d	not a metric of this report
tr03-official-1/3315-cell-b-pack-0569-curtain/trace.jsonl.gz	1981384	1b2a431d2411f4910bab2d349fbea48721892ae24d923c3b40cf4f6c11c526bd	too large (trace)
tr03-official-1/3316-cell-b-pack-0569-packfault/reference-10ms-differences.json.gz	23	f1101f8233b16d980af348db666cbdb1b9772fa79c6fa8d7d6d9550c1f6a546d	not a metric of this report
tr03-official-1/3316-cell-b-pack-0569-packfault/trace.jsonl.gz	32543641	5699216ad13516ffb201310d5639c6d137b48ed35b42a44d89a0c70ba1c5a6c8	too large (trace)
tr03-official-1/3317-cell-b-pack-0573-normal-s1/reference-10ms-differences.json.gz	23	f1101f8233b16d980af348db666cbdb1b9772fa79c6fa8d7d6d9550c1f6a546d	not a metric of this report
tr03-official-1/3317-cell-b-pack-0573-normal-s1/trace.jsonl.gz	73710350	1536369fcfe8aa0c5153eedbb8b2bfefe087ada44064770f098ee0f406da5475	too large (trace)
tr03-official-1/3318-cell-b-pack-0573-normal-s2/reference-10ms-differences.json.gz	23	f1101f8233b16d980af348db666cbdb1b9772fa79c6fa8d7d6d9550c1f6a546d	not a metric of this report
tr03-official-1/3318-cell-b-pack-0573-normal-s2/trace.jsonl.gz	73631007	fae2cb1091087f7a78bd91e38f1726da56140e91e69ceb2aa7fb07a740f457ba	too large (trace)
tr03-official-1/3319-cell-b-pack-0573-normal-s3/reference-10ms-differences.json.gz	23	f1101f8233b16d980af348db666cbdb1b9772fa79c6fa8d7d6d9550c1f6a546d	not a metric of this report
tr03-official-1/3319-cell-b-pack-0573-normal-s3/trace.jsonl.gz	73458413	9d302b7cdebe08e600ee276e165a77f02364358c7b73680ac193a3b7cecb6e5a	too large (trace)
tr03-official-1/3320-cell-b-pack-0573-cycle-stop/reference-10ms-differences.json.gz	23	f1101f8233b16d980af348db666cbdb1b9772fa79c6fa8d7d6d9550c1f6a546d	not a metric of this report
tr03-official-1/3320-cell-b-pack-0573-cycle-stop/trace.jsonl.gz	2587013	1dad81bc6f3f96c27e8f8a196f6576b99d78810934ed0b59094f888d689e5b45	too large (trace)
tr03-official-1/3321-cell-b-pack-0573-curtain/reference-10ms-differences.json.gz	23	f1101f8233b16d980af348db666cbdb1b9772fa79c6fa8d7d6d9550c1f6a546d	not a metric of this report
tr03-official-1/3321-cell-b-pack-0573-curtain/trace.jsonl.gz	1978960	839255cc3148e764d6a05c66b5537c0ff67b9f05baa91591e529d216ab556754	too large (trace)
tr03-official-1/3322-cell-b-pack-0573-packfault/reference-10ms-differences.json.gz	23	f1101f8233b16d980af348db666cbdb1b9772fa79c6fa8d7d6d9550c1f6a546d	not a metric of this report
tr03-official-1/3322-cell-b-pack-0573-packfault/trace.jsonl.gz	32549924	139fdd97ea098b887dc4f6b42f888f2defa28385bb6cda6c4d66d5e4a3ba1584	too large (trace)
tr03-official-1/3323-cell-b-pack-0576-normal-s1/reference-10ms-differences.json.gz	276188	2c761b218db0431f7ea2cc546ade3142a3d124102bb5dc4cf316cd45836c0f32	not a metric of this report
tr03-official-1/3323-cell-b-pack-0576-normal-s1/trace.jsonl.gz	62344515	e4edb563deabfbf0715208c99d7d2f047652d071b547a47269388e99bc4bcc88	too large (trace)
tr03-official-1/3324-cell-b-pack-0576-normal-s2/reference-10ms-differences.json.gz	246251	570d4f5b1fc8d9f9cf88ed6fce988c6d096ad76dd5b053d1be38d11a8d2fcd17	not a metric of this report
tr03-official-1/3324-cell-b-pack-0576-normal-s2/trace.jsonl.gz	61980053	9965adecd747b9ad82eb52851f9361e11b493f1cfcd519d9ecb715a067b7f91a	too large (trace)
tr03-official-1/3325-cell-b-pack-0576-normal-s3/reference-10ms-differences.json.gz	240178	ee8b13fe655d576108508066ce94ece0f82aa95e54551ff422a5691ce8e61765	not a metric of this report
tr03-official-1/3325-cell-b-pack-0576-normal-s3/trace.jsonl.gz	60712396	0f6a6cf11071b266d7ae42b0162e17ed0ffa7418d29f80191bd1d874c2b68d53	too large (trace)
tr03-official-1/3326-cell-b-pack-0576-cycle-stop/reference-10ms-differences.json.gz	23	f1101f8233b16d980af348db666cbdb1b9772fa79c6fa8d7d6d9550c1f6a546d	not a metric of this report
tr03-official-1/3326-cell-b-pack-0576-cycle-stop/trace.jsonl.gz	2569464	af32fe6c99d352e993e7af4478e62bf8b3d02c7ecbf36ca4a39a90513be477a9	too large (trace)
tr03-official-1/3327-cell-b-pack-0576-curtain/reference-10ms-differences.json.gz	23	f1101f8233b16d980af348db666cbdb1b9772fa79c6fa8d7d6d9550c1f6a546d	not a metric of this report
tr03-official-1/3327-cell-b-pack-0576-curtain/trace.jsonl.gz	1964335	469e0ed137db9bf3b1b7f2c2bf81430773b465f9fa6604551b01501f9abfd037	too large (trace)
tr03-official-1/3328-cell-b-pack-0576-packfault/reference-10ms-differences.json.gz	90756	6af4513f8bcb9e7c2f4126a5eadcf80506474cb194d807c3b432c5331e53cc12	not a metric of this report
tr03-official-1/3328-cell-b-pack-0576-packfault/trace.jsonl.gz	32858984	c7e5180e07047e9b087607acb6c4446451198da55f6b3c19532257575a99d74e	too large (trace)
tr03-official-1/3329-cell-b-pack-0584-normal-s1/reference-10ms-differences.json.gz	23	f1101f8233b16d980af348db666cbdb1b9772fa79c6fa8d7d6d9550c1f6a546d	not a metric of this report
tr03-official-1/3329-cell-b-pack-0584-normal-s1/trace.jsonl.gz	73701704	aa224fbcc725ca8fd650a06c19d59b0f1a3aeb420ad4aa8ed18ee8fad3434093	too large (trace)
tr03-official-1/3330-cell-b-pack-0584-normal-s2/reference-10ms-differences.json.gz	23	f1101f8233b16d980af348db666cbdb1b9772fa79c6fa8d7d6d9550c1f6a546d	not a metric of this report
tr03-official-1/3330-cell-b-pack-0584-normal-s2/trace.jsonl.gz	73637384	c1774147f2fe3017ecfe076f09bfd02afdb0aca51b04dd0ec786170ade551f99	too large (trace)
tr03-official-1/3331-cell-b-pack-0584-normal-s3/reference-10ms-differences.json.gz	23	f1101f8233b16d980af348db666cbdb1b9772fa79c6fa8d7d6d9550c1f6a546d	not a metric of this report
tr03-official-1/3331-cell-b-pack-0584-normal-s3/trace.jsonl.gz	73461967	5eac75ad16ec70befdb6c116ee58b763093f1eb688206b0482d1357fcdb3f15e	too large (trace)
tr03-official-1/3332-cell-b-pack-0584-cycle-stop/reference-10ms-differences.json.gz	23	f1101f8233b16d980af348db666cbdb1b9772fa79c6fa8d7d6d9550c1f6a546d	not a metric of this report
tr03-official-1/3332-cell-b-pack-0584-cycle-stop/trace.jsonl.gz	2581109	09397d0bff7ef2825e7673fcb487168b89ab15bc074c33e8e16fd5fcdf2418ec	too large (trace)
tr03-official-1/3333-cell-b-pack-0584-curtain/reference-10ms-differences.json.gz	23	f1101f8233b16d980af348db666cbdb1b9772fa79c6fa8d7d6d9550c1f6a546d	not a metric of this report
tr03-official-1/3333-cell-b-pack-0584-curtain/trace.jsonl.gz	1982311	6e7426f44c04a69d39e32ad8a345e47f228935ff2330c852c1fb20755444557a	too large (trace)
tr03-official-1/3334-cell-b-pack-0584-packfault/reference-10ms-differences.json.gz	23	f1101f8233b16d980af348db666cbdb1b9772fa79c6fa8d7d6d9550c1f6a546d	not a metric of this report
tr03-official-1/3334-cell-b-pack-0584-packfault/trace.jsonl.gz	32537231	e8bdd6e99771adca49d4dcadf481c902bb0e7c8e6d151b3b0962da18a765f474	too large (trace)
tr03-official-1/3335-cell-b-pack-0586-normal-s1/reference-10ms-differences.json.gz	23	f1101f8233b16d980af348db666cbdb1b9772fa79c6fa8d7d6d9550c1f6a546d	not a metric of this report
tr03-official-1/3335-cell-b-pack-0586-normal-s1/trace.jsonl.gz	73702364	cc68cb4234056f38439e27bd1959f8094325bd3dc293aeff9ef3788180f8d788	too large (trace)
tr03-official-1/3336-cell-b-pack-0586-normal-s2/reference-10ms-differences.json.gz	23	f1101f8233b16d980af348db666cbdb1b9772fa79c6fa8d7d6d9550c1f6a546d	not a metric of this report
tr03-official-1/3336-cell-b-pack-0586-normal-s2/trace.jsonl.gz	73630378	f0913374ea3d54f1932fbc850740f9359981315f4763a395da5311a1a1dd1cac	too large (trace)
tr03-official-1/3337-cell-b-pack-0586-normal-s3/reference-10ms-differences.json.gz	23	f1101f8233b16d980af348db666cbdb1b9772fa79c6fa8d7d6d9550c1f6a546d	not a metric of this report
tr03-official-1/3337-cell-b-pack-0586-normal-s3/trace.jsonl.gz	73452104	bf654dd5136f59066adeb977e5ffda0dd1b7a3984c0d32f9abba8ac61b0aa9be	too large (trace)
tr03-official-1/3338-cell-b-pack-0586-cycle-stop/reference-10ms-differences.json.gz	23	f1101f8233b16d980af348db666cbdb1b9772fa79c6fa8d7d6d9550c1f6a546d	not a metric of this report
tr03-official-1/3338-cell-b-pack-0586-cycle-stop/trace.jsonl.gz	2572076	98c97592269bf3eddb3a81fa80b48b8c09a307a41157d0976d696471eb09c023	too large (trace)
tr03-official-1/3339-cell-b-pack-0586-curtain/reference-10ms-differences.json.gz	23	f1101f8233b16d980af348db666cbdb1b9772fa79c6fa8d7d6d9550c1f6a546d	not a metric of this report
tr03-official-1/3339-cell-b-pack-0586-curtain/trace.jsonl.gz	1983550	7bbb38a94d8e0c54bbcee10da5949f1c95cd8d95e7e1d813dd7ee61662278255	too large (trace)
tr03-official-1/3340-cell-b-pack-0586-packfault/reference-10ms-differences.json.gz	23	f1101f8233b16d980af348db666cbdb1b9772fa79c6fa8d7d6d9550c1f6a546d	not a metric of this report
tr03-official-1/3340-cell-b-pack-0586-packfault/trace.jsonl.gz	32539841	0afac734479bffe918393eed90f32a796f9383188d0bd87aeeb391d320f86966	too large (trace)
tr03-official-1/3341-cell-b-pack-0605-normal-s1/reference-10ms-differences.json.gz	23	f1101f8233b16d980af348db666cbdb1b9772fa79c6fa8d7d6d9550c1f6a546d	not a metric of this report
tr03-official-1/3341-cell-b-pack-0605-normal-s1/trace.jsonl.gz	73712222	c9cb228457b462bfa37245626a83f5365d27b21254b30095d88891047cae7e1a	too large (trace)
tr03-official-1/3342-cell-b-pack-0605-normal-s2/reference-10ms-differences.json.gz	23	f1101f8233b16d980af348db666cbdb1b9772fa79c6fa8d7d6d9550c1f6a546d	not a metric of this report
tr03-official-1/3342-cell-b-pack-0605-normal-s2/trace.jsonl.gz	73632434	f32ec6802ab804f09db220a4315472969a97441d72c24adb6a75544aba963dfb	too large (trace)
tr03-official-1/3343-cell-b-pack-0605-normal-s3/reference-10ms-differences.json.gz	23	f1101f8233b16d980af348db666cbdb1b9772fa79c6fa8d7d6d9550c1f6a546d	not a metric of this report
tr03-official-1/3343-cell-b-pack-0605-normal-s3/trace.jsonl.gz	73459453	090a43c52033751747fd07d9b54cb33ba79d27fca99be2dd46dbf34c0dd2abcb	too large (trace)
tr03-official-1/3344-cell-b-pack-0605-cycle-stop/reference-10ms-differences.json.gz	23	f1101f8233b16d980af348db666cbdb1b9772fa79c6fa8d7d6d9550c1f6a546d	not a metric of this report
tr03-official-1/3344-cell-b-pack-0605-cycle-stop/trace.jsonl.gz	2579789	f18926fbc123a15fad2d69faa48ce1a5837439e8c5499f04915fba8cdd2ccb44	too large (trace)
tr03-official-1/3345-cell-b-pack-0605-curtain/reference-10ms-differences.json.gz	23	f1101f8233b16d980af348db666cbdb1b9772fa79c6fa8d7d6d9550c1f6a546d	not a metric of this report
tr03-official-1/3345-cell-b-pack-0605-curtain/trace.jsonl.gz	1980694	ddf06c5623810246cbcf9b710f5e3f8f524721d60cce7fe10a216ca52bbcfafd	too large (trace)
tr03-official-1/3346-cell-b-pack-0605-packfault/reference-10ms-differences.json.gz	23	f1101f8233b16d980af348db666cbdb1b9772fa79c6fa8d7d6d9550c1f6a546d	not a metric of this report
tr03-official-1/3346-cell-b-pack-0605-packfault/trace.jsonl.gz	32546865	99f7a4d825899621041c5dd01c35e156b7baa9869449bdd2517e7c7731b9fe59	too large (trace)
tr03-official-1/3347-cell-b-pack-0607-normal-s1/reference-10ms-differences.json.gz	23	f1101f8233b16d980af348db666cbdb1b9772fa79c6fa8d7d6d9550c1f6a546d	not a metric of this report
tr03-official-1/3347-cell-b-pack-0607-normal-s1/trace.jsonl.gz	73701378	becc232eadc7de3bf3f292ceabf740509bd3a7e24dfac67ff16d77123dbce6e1	too large (trace)
tr03-official-1/3348-cell-b-pack-0607-normal-s2/reference-10ms-differences.json.gz	23	f1101f8233b16d980af348db666cbdb1b9772fa79c6fa8d7d6d9550c1f6a546d	not a metric of this report
tr03-official-1/3348-cell-b-pack-0607-normal-s2/trace.jsonl.gz	73626420	0f6b31ae669a22c2557367d2bd69b685833451f03d6522677e5a157a3b190e6d	too large (trace)
tr03-official-1/3349-cell-b-pack-0607-normal-s3/reference-10ms-differences.json.gz	23	f1101f8233b16d980af348db666cbdb1b9772fa79c6fa8d7d6d9550c1f6a546d	not a metric of this report
tr03-official-1/3349-cell-b-pack-0607-normal-s3/trace.jsonl.gz	73455585	448dc0bb6563eaf980630f05ec8d15c772e96c2295346baaedd86e06fe460c5b	too large (trace)
tr03-official-1/3350-cell-b-pack-0607-cycle-stop/reference-10ms-differences.json.gz	23	f1101f8233b16d980af348db666cbdb1b9772fa79c6fa8d7d6d9550c1f6a546d	not a metric of this report
tr03-official-1/3350-cell-b-pack-0607-cycle-stop/trace.jsonl.gz	2569628	768001560bc500f4b098ed0291458d6f6540929b1ed0036313e11d317c1199fa	too large (trace)
tr03-official-1/3351-cell-b-pack-0607-curtain/reference-10ms-differences.json.gz	23	f1101f8233b16d980af348db666cbdb1b9772fa79c6fa8d7d6d9550c1f6a546d	not a metric of this report
tr03-official-1/3351-cell-b-pack-0607-curtain/trace.jsonl.gz	1973033	569316259bc016ecdfa9b4e35b2eaeb4d26f506dbd545b2f494dcab5667cf554	too large (trace)
tr03-official-1/3352-cell-b-pack-0607-packfault/reference-10ms-differences.json.gz	23	f1101f8233b16d980af348db666cbdb1b9772fa79c6fa8d7d6d9550c1f6a546d	not a metric of this report
tr03-official-1/3352-cell-b-pack-0607-packfault/trace.jsonl.gz	32538890	651328dc9601b8a92ceac6a3c1d0ce3512b4a80e9444daa39b548a3e77266764	too large (trace)
tr03-official-1/3353-cell-b-pack-0608-normal-s1/reference-10ms-differences.json.gz	208655	bc9903f8989419a83aba1a10cf965fb9f2288c1759cc6274279f9ec4597f99d9	not a metric of this report
tr03-official-1/3353-cell-b-pack-0608-normal-s1/trace.jsonl.gz	20857745	4f3e985378512764f1ae5156f31820bc1d99576fe07310c63a90d730a3c41707	too large (trace)
tr03-official-1/3354-cell-b-pack-0608-normal-s2/reference-10ms-differences.json.gz	208655	bc9903f8989419a83aba1a10cf965fb9f2288c1759cc6274279f9ec4597f99d9	not a metric of this report
tr03-official-1/3354-cell-b-pack-0608-normal-s2/trace.jsonl.gz	19854354	5b24b84e93a1c18ce9ee42cc00b437ce042066f10b1f9d888e0eda558ecca3de	too large (trace)
tr03-official-1/3355-cell-b-pack-0608-normal-s3/reference-10ms-differences.json.gz	208655	bc9903f8989419a83aba1a10cf965fb9f2288c1759cc6274279f9ec4597f99d9	not a metric of this report
tr03-official-1/3355-cell-b-pack-0608-normal-s3/trace.jsonl.gz	19855670	7afe0013577dc8541b577833c496348a44ec7b5e765ef74c52d1d094a6cf3c39	too large (trace)
tr03-official-1/3356-cell-b-pack-0608-cycle-stop/reference-10ms-differences.json.gz	13807	6691dd89d7f789c0ec8a6686b7451ee3f14d1e43ff05738a320a958fba7ecec2	not a metric of this report
tr03-official-1/3356-cell-b-pack-0608-cycle-stop/trace.jsonl.gz	2509513	2ffd46307eb32bf86b3cc6ec975d38c2ca73c797990be4ffa9e680078c4f7c44	too large (trace)
tr03-official-1/3357-cell-b-pack-0608-curtain/reference-10ms-differences.json.gz	23	f1101f8233b16d980af348db666cbdb1b9772fa79c6fa8d7d6d9550c1f6a546d	not a metric of this report
tr03-official-1/3357-cell-b-pack-0608-curtain/trace.jsonl.gz	1976586	ae03a47f3d730ab0a5d05722faf6ed566cd7aa13d1109481d2de6da6fa153ea6	too large (trace)
tr03-official-1/3358-cell-b-pack-0608-packfault/reference-10ms-differences.json.gz	95639	3fb5264b15e547866f4d1339dc95d78063d3cc68b7d8723a6515a031e46e6e06	not a metric of this report
tr03-official-1/3358-cell-b-pack-0608-packfault/trace.jsonl.gz	12303637	ef8f6240363ec2f5082c996125c9ef6382d167095c94171a73036a76ab7bf182	too large (trace)
tr03-official-1/3359-cell-b-pack-0614-normal-s1/reference-10ms-differences.json.gz	23	f1101f8233b16d980af348db666cbdb1b9772fa79c6fa8d7d6d9550c1f6a546d	not a metric of this report
tr03-official-1/3359-cell-b-pack-0614-normal-s1/trace.jsonl.gz	73690100	f1185ad553ca1fffc80735253257df368688c2703f89b2153a8b5d44a509f5a2	too large (trace)
tr03-official-1/3360-cell-b-pack-0614-normal-s2/reference-10ms-differences.json.gz	23	f1101f8233b16d980af348db666cbdb1b9772fa79c6fa8d7d6d9550c1f6a546d	not a metric of this report
tr03-official-1/3360-cell-b-pack-0614-normal-s2/trace.jsonl.gz	73627195	1720b61c9abf9e37b5977b322b00fb21234d6c1c812034743a156e56da54d331	too large (trace)
tr03-official-1/3361-cell-b-pack-0614-normal-s3/reference-10ms-differences.json.gz	23	f1101f8233b16d980af348db666cbdb1b9772fa79c6fa8d7d6d9550c1f6a546d	not a metric of this report
tr03-official-1/3361-cell-b-pack-0614-normal-s3/trace.jsonl.gz	73452877	9079e317506fafd2890ad8d3f081caf3f727d17d77e4ee6a6d306f7a6f18366b	too large (trace)
tr03-official-1/3362-cell-b-pack-0614-cycle-stop/reference-10ms-differences.json.gz	23	f1101f8233b16d980af348db666cbdb1b9772fa79c6fa8d7d6d9550c1f6a546d	not a metric of this report
tr03-official-1/3362-cell-b-pack-0614-cycle-stop/trace.jsonl.gz	2569124	10d90fa2d6a9b61e3940f1d2899392fe2039268ae119fd4e6ad2f9e3232c6de7	too large (trace)
tr03-official-1/3363-cell-b-pack-0614-curtain/reference-10ms-differences.json.gz	23	f1101f8233b16d980af348db666cbdb1b9772fa79c6fa8d7d6d9550c1f6a546d	not a metric of this report
tr03-official-1/3363-cell-b-pack-0614-curtain/trace.jsonl.gz	1976621	96d962dacb444b13bc532d0f4ccee9adf35d822d0f8cedc120347040c133d9fa	too large (trace)
tr03-official-1/3364-cell-b-pack-0614-packfault/reference-10ms-differences.json.gz	23	f1101f8233b16d980af348db666cbdb1b9772fa79c6fa8d7d6d9550c1f6a546d	not a metric of this report
tr03-official-1/3364-cell-b-pack-0614-packfault/trace.jsonl.gz	32540434	ae0de93908fbfc04025eb69343492b4bc3944002f8e1865a6aa8fac5f297c93a	too large (trace)
tr03-official-1/3365-cell-b-pack-0615-normal-s1/reference-10ms-differences.json.gz	23	f1101f8233b16d980af348db666cbdb1b9772fa79c6fa8d7d6d9550c1f6a546d	not a metric of this report
tr03-official-1/3365-cell-b-pack-0615-normal-s1/trace.jsonl.gz	73690765	f2c9188da88902ea14e09e08bc071e284112f70aa3099a907e428db34ce1209f	too large (trace)
tr03-official-1/3366-cell-b-pack-0615-normal-s2/reference-10ms-differences.json.gz	23	f1101f8233b16d980af348db666cbdb1b9772fa79c6fa8d7d6d9550c1f6a546d	not a metric of this report
tr03-official-1/3366-cell-b-pack-0615-normal-s2/trace.jsonl.gz	73635875	3e3d502ad9b1606098c6ddba1578f89b94f7787fc49df9426ba88b9cc5bcf07a	too large (trace)
tr03-official-1/3367-cell-b-pack-0615-normal-s3/reference-10ms-differences.json.gz	23	f1101f8233b16d980af348db666cbdb1b9772fa79c6fa8d7d6d9550c1f6a546d	not a metric of this report
tr03-official-1/3367-cell-b-pack-0615-normal-s3/trace.jsonl.gz	73456522	b7f5ec8946dc701c39cc06ee18df379b1adec54974e862a686250a4ff4edaad3	too large (trace)
tr03-official-1/3368-cell-b-pack-0615-cycle-stop/reference-10ms-differences.json.gz	23	f1101f8233b16d980af348db666cbdb1b9772fa79c6fa8d7d6d9550c1f6a546d	not a metric of this report
tr03-official-1/3368-cell-b-pack-0615-cycle-stop/trace.jsonl.gz	2570969	8d769708b554e34377b1943552cbbe8c4a7e2bf4000a4ae80853dcb55da4b24e	too large (trace)
tr03-official-1/3369-cell-b-pack-0615-curtain/reference-10ms-differences.json.gz	23	f1101f8233b16d980af348db666cbdb1b9772fa79c6fa8d7d6d9550c1f6a546d	not a metric of this report
tr03-official-1/3369-cell-b-pack-0615-curtain/trace.jsonl.gz	1974293	31cd08079d871abbf9c2b449a762200d4de84ef252fc04d0d4fab5fe29fe77dd	too large (trace)
tr03-official-1/3370-cell-b-pack-0615-packfault/reference-10ms-differences.json.gz	23	f1101f8233b16d980af348db666cbdb1b9772fa79c6fa8d7d6d9550c1f6a546d	not a metric of this report
tr03-official-1/3370-cell-b-pack-0615-packfault/trace.jsonl.gz	32533897	32d9b4d360b8d831cb260dda036d3c69a917360831f9ea4fa747dfa42d682220	too large (trace)
tr03-official-1/3371-cell-b-pack-0616-normal-s1/reference-10ms-differences.json.gz	291338	1d8d800a8df7923952fc9e5e09c3c0db275c737200df56776e98186df18c208b	not a metric of this report
tr03-official-1/3371-cell-b-pack-0616-normal-s1/trace.jsonl.gz	60031796	13e120fe799e8921c938f28534ff34e0813137bd6dfcd221853fec06609c94c7	too large (trace)
tr03-official-1/3372-cell-b-pack-0616-normal-s2/reference-10ms-differences.json.gz	257049	792a8750a9e84f9cd752108a8b2185df2f80c0b82883faf9b5617d654d61cedf	not a metric of this report
tr03-official-1/3372-cell-b-pack-0616-normal-s2/trace.jsonl.gz	60115842	e7be988659813c59f0292a882d9c5057b40293ac7e67448c553eb2591c521a5e	too large (trace)
tr03-official-1/3373-cell-b-pack-0616-normal-s3/reference-10ms-differences.json.gz	241161	f877df2e07c585a5b317f028b92e96abfe3a1ae6c05c3885e6ad9f7eb1b45420	not a metric of this report
tr03-official-1/3373-cell-b-pack-0616-normal-s3/trace.jsonl.gz	59078318	bde75091a63f07a0916de170e47e3ab5e0518d2152644c88753bb4af83e1468c	too large (trace)
tr03-official-1/3374-cell-b-pack-0616-cycle-stop/reference-10ms-differences.json.gz	23	f1101f8233b16d980af348db666cbdb1b9772fa79c6fa8d7d6d9550c1f6a546d	not a metric of this report
tr03-official-1/3374-cell-b-pack-0616-cycle-stop/trace.jsonl.gz	2577442	d7f3e3dae482573ad35267a2fdd8654e4ef6e684a18382d7323c30d692b2d7ce	too large (trace)
tr03-official-1/3375-cell-b-pack-0616-curtain/reference-10ms-differences.json.gz	23	f1101f8233b16d980af348db666cbdb1b9772fa79c6fa8d7d6d9550c1f6a546d	not a metric of this report
tr03-official-1/3375-cell-b-pack-0616-curtain/trace.jsonl.gz	1980657	316de872d4707a7d63399adf0556447d547d34a13d7c8c4e35923dc5444834d9	too large (trace)
tr03-official-1/3376-cell-b-pack-0616-packfault/reference-10ms-differences.json.gz	110191	403a0319cfbe7c7c26a79fd861c4dd5bd9018801992a35f2b3823cf74725b57d	not a metric of this report
tr03-official-1/3376-cell-b-pack-0616-packfault/trace.jsonl.gz	33152240	b30fcdec12777448b03434af29b2d6f4412c48103f1e380e5fc011e5c97f748c	too large (trace)
tr03-official-1/3377-cell-b-pack-0622-normal-s1/reference-10ms-differences.json.gz	23	f1101f8233b16d980af348db666cbdb1b9772fa79c6fa8d7d6d9550c1f6a546d	not a metric of this report
tr03-official-1/3377-cell-b-pack-0622-normal-s1/trace.jsonl.gz	73694948	c65bf770d8f27ffc8c1bc1b27894da4adb7f902db0213a8b538b7689955da9d0	too large (trace)
tr03-official-1/3378-cell-b-pack-0622-normal-s2/reference-10ms-differences.json.gz	23	f1101f8233b16d980af348db666cbdb1b9772fa79c6fa8d7d6d9550c1f6a546d	not a metric of this report
tr03-official-1/3378-cell-b-pack-0622-normal-s2/trace.jsonl.gz	73628751	4bc047bf22f4da99cdb7a2f93b68885d60b8ef6af14ecaa2d6a7f244b4aea52d	too large (trace)
tr03-official-1/3379-cell-b-pack-0622-normal-s3/reference-10ms-differences.json.gz	23	f1101f8233b16d980af348db666cbdb1b9772fa79c6fa8d7d6d9550c1f6a546d	not a metric of this report
tr03-official-1/3379-cell-b-pack-0622-normal-s3/trace.jsonl.gz	73453359	caac4a34cb4935a05e6d4ff5130c7eff474ec16ee2c13760a908ddec027d84f1	too large (trace)
tr03-official-1/3380-cell-b-pack-0622-cycle-stop/reference-10ms-differences.json.gz	23	f1101f8233b16d980af348db666cbdb1b9772fa79c6fa8d7d6d9550c1f6a546d	not a metric of this report
tr03-official-1/3380-cell-b-pack-0622-cycle-stop/trace.jsonl.gz	2567192	6c5352e5dffe4a3382619ff12e876884297277a7700b5cc9868608ef90d78e7c	too large (trace)
tr03-official-1/3381-cell-b-pack-0622-curtain/reference-10ms-differences.json.gz	23	f1101f8233b16d980af348db666cbdb1b9772fa79c6fa8d7d6d9550c1f6a546d	not a metric of this report
tr03-official-1/3381-cell-b-pack-0622-curtain/trace.jsonl.gz	1972516	6c2c5620f81c8155c363b4795e7e6fe7eda6085174d2acc12fbb184d9cc609ef	too large (trace)
tr03-official-1/3382-cell-b-pack-0622-packfault/reference-10ms-differences.json.gz	23	f1101f8233b16d980af348db666cbdb1b9772fa79c6fa8d7d6d9550c1f6a546d	not a metric of this report
tr03-official-1/3382-cell-b-pack-0622-packfault/trace.jsonl.gz	32538848	403c449b95c120a555a52ecdc404e21908022ec1cd3496bf894dd6c37ac05cba	too large (trace)
tr03-official-1/3383-cell-b-pack-0634-normal-s1/reference-10ms-differences.json.gz	23	f1101f8233b16d980af348db666cbdb1b9772fa79c6fa8d7d6d9550c1f6a546d	not a metric of this report
tr03-official-1/3383-cell-b-pack-0634-normal-s1/trace.jsonl.gz	73698140	23ac765610cc4642c2847a3659fe0650b8fd08c0598f30a08270e4ef8e5c64e4	too large (trace)
tr03-official-1/3384-cell-b-pack-0634-normal-s2/reference-10ms-differences.json.gz	23	f1101f8233b16d980af348db666cbdb1b9772fa79c6fa8d7d6d9550c1f6a546d	not a metric of this report
tr03-official-1/3384-cell-b-pack-0634-normal-s2/trace.jsonl.gz	73632703	f946b76d18a379d52ed86b80b348ef6cabb107e773e955cb6903c0fb44dca085	too large (trace)
tr03-official-1/3385-cell-b-pack-0634-normal-s3/reference-10ms-differences.json.gz	23	f1101f8233b16d980af348db666cbdb1b9772fa79c6fa8d7d6d9550c1f6a546d	not a metric of this report
tr03-official-1/3385-cell-b-pack-0634-normal-s3/trace.jsonl.gz	73460006	9ed757cab95f187ab2ab8c494fab9af452dffe3b9a157012c46b66023b9333d6	too large (trace)
tr03-official-1/3386-cell-b-pack-0634-cycle-stop/reference-10ms-differences.json.gz	23	f1101f8233b16d980af348db666cbdb1b9772fa79c6fa8d7d6d9550c1f6a546d	not a metric of this report
tr03-official-1/3386-cell-b-pack-0634-cycle-stop/trace.jsonl.gz	2569968	d4bb183914bbf9d3805d1bd6b837d54f166c6b12927435a6ea45d55468311cc4	too large (trace)
tr03-official-1/3387-cell-b-pack-0634-curtain/reference-10ms-differences.json.gz	23	f1101f8233b16d980af348db666cbdb1b9772fa79c6fa8d7d6d9550c1f6a546d	not a metric of this report
tr03-official-1/3387-cell-b-pack-0634-curtain/trace.jsonl.gz	1974200	6fdf0370ddb2a2c7e1b2d0b67bcdf8141ab13b2751207ce31e0a60db7919a46d	too large (trace)
tr03-official-1/3388-cell-b-pack-0634-packfault/reference-10ms-differences.json.gz	23	f1101f8233b16d980af348db666cbdb1b9772fa79c6fa8d7d6d9550c1f6a546d	not a metric of this report
tr03-official-1/3388-cell-b-pack-0634-packfault/trace.jsonl.gz	32536020	50f4f99b75b54c1e181ff9b49642fc876258b0e75a33a52c9188157a209982bb	too large (trace)
tr03-official-1/3389-cell-b-pack-0636-normal-s1/reference-10ms-differences.json.gz	23	f1101f8233b16d980af348db666cbdb1b9772fa79c6fa8d7d6d9550c1f6a546d	not a metric of this report
tr03-official-1/3389-cell-b-pack-0636-normal-s1/trace.jsonl.gz	73703067	77d44c9dc0cc705eeca8bd9036c20667a5b9b0820a65d062ffdc49782a45b29b	too large (trace)
tr03-official-1/3390-cell-b-pack-0636-normal-s2/reference-10ms-differences.json.gz	23	f1101f8233b16d980af348db666cbdb1b9772fa79c6fa8d7d6d9550c1f6a546d	not a metric of this report
tr03-official-1/3390-cell-b-pack-0636-normal-s2/trace.jsonl.gz	73636729	0be9a88d624f67e897911828352b5c41df847658983a1c0920f871b36ed49f28	too large (trace)
tr03-official-1/3391-cell-b-pack-0636-normal-s3/reference-10ms-differences.json.gz	23	f1101f8233b16d980af348db666cbdb1b9772fa79c6fa8d7d6d9550c1f6a546d	not a metric of this report
tr03-official-1/3391-cell-b-pack-0636-normal-s3/trace.jsonl.gz	73454415	842022d575f5a45509ebdf0e80366fe82e5d66472f4b2346ff0a54d2276e619a	too large (trace)
tr03-official-1/3392-cell-b-pack-0636-cycle-stop/reference-10ms-differences.json.gz	23	f1101f8233b16d980af348db666cbdb1b9772fa79c6fa8d7d6d9550c1f6a546d	not a metric of this report
tr03-official-1/3392-cell-b-pack-0636-cycle-stop/trace.jsonl.gz	2577192	5c4176df9b466c5234bb8d5363f3c778bda4b415449f56d8e030cc1e337ee18b	too large (trace)
tr03-official-1/3393-cell-b-pack-0636-curtain/reference-10ms-differences.json.gz	23	f1101f8233b16d980af348db666cbdb1b9772fa79c6fa8d7d6d9550c1f6a546d	not a metric of this report
tr03-official-1/3393-cell-b-pack-0636-curtain/trace.jsonl.gz	1976306	3fe3f17971c9e819c94e55185573e0e8c24b93addde8b6147f97e2a2699ace0e	too large (trace)
tr03-official-1/3394-cell-b-pack-0636-packfault/reference-10ms-differences.json.gz	23	f1101f8233b16d980af348db666cbdb1b9772fa79c6fa8d7d6d9550c1f6a546d	not a metric of this report
tr03-official-1/3394-cell-b-pack-0636-packfault/trace.jsonl.gz	32543454	72e12ca9ce8e968a855bdaf377b134c3e4ea51be5b8c6548f1c168948764ae54	too large (trace)
tr03-official-1/3395-cell-b-pack-0638-normal-s1/reference-10ms-differences.json.gz	23	f1101f8233b16d980af348db666cbdb1b9772fa79c6fa8d7d6d9550c1f6a546d	not a metric of this report
tr03-official-1/3395-cell-b-pack-0638-normal-s1/trace.jsonl.gz	73700866	898dfea38aa728223352310a6b47451c74e519194e99906b466dcd513446840b	too large (trace)
tr03-official-1/3396-cell-b-pack-0638-normal-s2/reference-10ms-differences.json.gz	23	f1101f8233b16d980af348db666cbdb1b9772fa79c6fa8d7d6d9550c1f6a546d	not a metric of this report
tr03-official-1/3396-cell-b-pack-0638-normal-s2/trace.jsonl.gz	73628970	0970b133df4f0acb26fbd14297971309e22dbfb0aea8d7a5b49bdea2c92fb6c6	too large (trace)
tr03-official-1/3397-cell-b-pack-0638-normal-s3/reference-10ms-differences.json.gz	23	f1101f8233b16d980af348db666cbdb1b9772fa79c6fa8d7d6d9550c1f6a546d	not a metric of this report
tr03-official-1/3397-cell-b-pack-0638-normal-s3/trace.jsonl.gz	73460559	48040c0514bbb078e68118e5fa7c43a96e964e022bd7fd70cb13719ff0ff572b	too large (trace)
tr03-official-1/3398-cell-b-pack-0638-cycle-stop/reference-10ms-differences.json.gz	23	f1101f8233b16d980af348db666cbdb1b9772fa79c6fa8d7d6d9550c1f6a546d	not a metric of this report
tr03-official-1/3398-cell-b-pack-0638-cycle-stop/trace.jsonl.gz	2574872	b9ae799a38fbbc92d1edcb5ba5588644e699fe5ee6c6330ae65b6f7007a60b91	too large (trace)
tr03-official-1/3399-cell-b-pack-0638-curtain/reference-10ms-differences.json.gz	23	f1101f8233b16d980af348db666cbdb1b9772fa79c6fa8d7d6d9550c1f6a546d	not a metric of this report
tr03-official-1/3399-cell-b-pack-0638-curtain/trace.jsonl.gz	1970428	1455b3208246e414787d9dd6ffaa018f8b462acaadbd21cce7be95a8794cb559	too large (trace)
tr03-official-1/3400-cell-b-pack-0638-packfault/reference-10ms-differences.json.gz	23	f1101f8233b16d980af348db666cbdb1b9772fa79c6fa8d7d6d9550c1f6a546d	not a metric of this report
tr03-official-1/3400-cell-b-pack-0638-packfault/trace.jsonl.gz	32540439	3d93a7760f8fb7f5c42c5a421ad2c59dbb91d0f69ee2775415acc835be3c9de8	too large (trace)
tr03-official-1/3401-cell-b-pack-0642-normal-s1/reference-10ms-differences.json.gz	23	f1101f8233b16d980af348db666cbdb1b9772fa79c6fa8d7d6d9550c1f6a546d	not a metric of this report
tr03-official-1/3401-cell-b-pack-0642-normal-s1/trace.jsonl.gz	73691684	2d2eefeb1cf06e6d09faf7dbbadfab2cea31e79d92fb796b82bf613e52954693	too large (trace)
tr03-official-1/3402-cell-b-pack-0642-normal-s2/reference-10ms-differences.json.gz	23	f1101f8233b16d980af348db666cbdb1b9772fa79c6fa8d7d6d9550c1f6a546d	not a metric of this report
tr03-official-1/3402-cell-b-pack-0642-normal-s2/trace.jsonl.gz	73639431	6dfd24a8eec76678b7d36f2a8c5934fdee0f5b0a69e8a41d9bcf6e985c361783	too large (trace)
tr03-official-1/3403-cell-b-pack-0642-normal-s3/reference-10ms-differences.json.gz	23	f1101f8233b16d980af348db666cbdb1b9772fa79c6fa8d7d6d9550c1f6a546d	not a metric of this report
tr03-official-1/3403-cell-b-pack-0642-normal-s3/trace.jsonl.gz	73442283	d72efa016d8affea300403e65d6aa8256877c55c3061450704729dbd0ffb83d3	too large (trace)
tr03-official-1/3404-cell-b-pack-0642-cycle-stop/reference-10ms-differences.json.gz	23	f1101f8233b16d980af348db666cbdb1b9772fa79c6fa8d7d6d9550c1f6a546d	not a metric of this report
tr03-official-1/3404-cell-b-pack-0642-cycle-stop/trace.jsonl.gz	2575296	bf560d05a9f44030fde1876fcda04699b7616266cbdb12c18be761ccf0f28447	too large (trace)
tr03-official-1/3405-cell-b-pack-0642-curtain/reference-10ms-differences.json.gz	23	f1101f8233b16d980af348db666cbdb1b9772fa79c6fa8d7d6d9550c1f6a546d	not a metric of this report
tr03-official-1/3405-cell-b-pack-0642-curtain/trace.jsonl.gz	1974245	92aea44322ed9f0960898a23c7de501863222568e53e0643a72401d3266a635e	too large (trace)
tr03-official-1/3406-cell-b-pack-0642-packfault/reference-10ms-differences.json.gz	23	f1101f8233b16d980af348db666cbdb1b9772fa79c6fa8d7d6d9550c1f6a546d	not a metric of this report
tr03-official-1/3406-cell-b-pack-0642-packfault/trace.jsonl.gz	32533850	194cb3deb9ecbc6ab5e83a309c074f0f5e8e6e27961cbb93b3b7805077c3f9d6	too large (trace)
tr03-official-1/3407-cell-b-pack-0646-normal-s1/reference-10ms-differences.json.gz	23	f1101f8233b16d980af348db666cbdb1b9772fa79c6fa8d7d6d9550c1f6a546d	not a metric of this report
tr03-official-1/3407-cell-b-pack-0646-normal-s1/trace.jsonl.gz	73698162	2c6fe5a0fb324c2da70e167b234ff1d9f005498e7d3d35834643be14d287ac31	too large (trace)
tr03-official-1/3408-cell-b-pack-0646-normal-s2/reference-10ms-differences.json.gz	23	f1101f8233b16d980af348db666cbdb1b9772fa79c6fa8d7d6d9550c1f6a546d	not a metric of this report
tr03-official-1/3408-cell-b-pack-0646-normal-s2/trace.jsonl.gz	73636384	fe39547e340c6b4ffc0a3399a22fe71ee3403a42f01515834fa45d497191f6f0	too large (trace)
tr03-official-1/3409-cell-b-pack-0646-normal-s3/reference-10ms-differences.json.gz	23	f1101f8233b16d980af348db666cbdb1b9772fa79c6fa8d7d6d9550c1f6a546d	not a metric of this report
tr03-official-1/3409-cell-b-pack-0646-normal-s3/trace.jsonl.gz	73458106	d57b403fbdcfb0fc401734f85c116a1be3bcbc2b08d68b8483f6913117a4f807	too large (trace)
tr03-official-1/3410-cell-b-pack-0646-cycle-stop/reference-10ms-differences.json.gz	23	f1101f8233b16d980af348db666cbdb1b9772fa79c6fa8d7d6d9550c1f6a546d	not a metric of this report
tr03-official-1/3410-cell-b-pack-0646-cycle-stop/trace.jsonl.gz	2573638	d11effcc5f144f6acc805939385bff15dd9c9de8a59975574eca6a76c5b14ff2	too large (trace)
tr03-official-1/3411-cell-b-pack-0646-curtain/reference-10ms-differences.json.gz	23	f1101f8233b16d980af348db666cbdb1b9772fa79c6fa8d7d6d9550c1f6a546d	not a metric of this report
tr03-official-1/3411-cell-b-pack-0646-curtain/trace.jsonl.gz	1981301	3bf2a61b8fc902cc0a83518cebc5a99f5356dcf117cd4aa89e536091f2cbc580	too large (trace)
tr03-official-1/3412-cell-b-pack-0646-packfault/reference-10ms-differences.json.gz	23	f1101f8233b16d980af348db666cbdb1b9772fa79c6fa8d7d6d9550c1f6a546d	not a metric of this report
tr03-official-1/3412-cell-b-pack-0646-packfault/trace.jsonl.gz	32537628	8dd92d0b819a2b337fedf4ba3b51a3abecac4bd0686a6b1e71eeaa30311090a6	too large (trace)
tr03-official-1/3413-cell-b-pack-0653-normal-s1/reference-10ms-differences.json.gz	221611	feebb332e95530f23ad9dc2252c334a17be15b5ce4ee7f70b6902b250e13ba69	not a metric of this report
tr03-official-1/3413-cell-b-pack-0653-normal-s1/trace.jsonl.gz	18816034	8d1fd4f4b1780675cb62468c99f0c65748bb80425194bdd0cd1fa84ae0af5f5a	too large (trace)
tr03-official-1/3414-cell-b-pack-0653-normal-s2/reference-10ms-differences.json.gz	221611	feebb332e95530f23ad9dc2252c334a17be15b5ce4ee7f70b6902b250e13ba69	not a metric of this report
tr03-official-1/3414-cell-b-pack-0653-normal-s2/trace.jsonl.gz	18751953	2480da34b005e4db5e8f83ba6778654784a9fe13b1bf05247135363b3073c41b	too large (trace)
tr03-official-1/3415-cell-b-pack-0653-normal-s3/reference-10ms-differences.json.gz	221611	feebb332e95530f23ad9dc2252c334a17be15b5ce4ee7f70b6902b250e13ba69	not a metric of this report
tr03-official-1/3415-cell-b-pack-0653-normal-s3/trace.jsonl.gz	18712420	b452652c79f1bcc5ff9ccee133dfc7cc0ef749f563ec1275b91cd48f66a59df6	too large (trace)
tr03-official-1/3416-cell-b-pack-0653-cycle-stop/reference-10ms-differences.json.gz	28799	a27881151644e39a0ae7273bf582b14d984c4ba76485af6602146b19595af8fd	not a metric of this report
tr03-official-1/3416-cell-b-pack-0653-cycle-stop/trace.jsonl.gz	2220755	4fd8ee4a9aad533d627b9f82bbe1a8a8e978602e7060959c215e5499543432a8	too large (trace)
tr03-official-1/3417-cell-b-pack-0653-curtain/reference-10ms-differences.json.gz	24345	d11f29217336397c06d8ee93812b6d0b1c54c06e2de8f48534d661e209f52140	not a metric of this report
tr03-official-1/3417-cell-b-pack-0653-curtain/trace.jsonl.gz	1845111	9ccdad107b839215efe0168c1c8373c5d5043534774fe25206c304a772d6fcab	too large (trace)
tr03-official-1/3418-cell-b-pack-0653-packfault/reference-10ms-differences.json.gz	140793	2cc271e50c180a30af83843afb6b4c3cf7fc8e6a1659a2f7fc6a64acb4846e81	not a metric of this report
tr03-official-1/3418-cell-b-pack-0653-packfault/trace.jsonl.gz	11335968	b0764e4d353544c2a3755ca7a7b0b8fe18427c83eb5341e1dc9852d0c0743a80	too large (trace)
tr03-official-1/3419-cell-b-pack-0656-normal-s1/reference-10ms-differences.json.gz	23	f1101f8233b16d980af348db666cbdb1b9772fa79c6fa8d7d6d9550c1f6a546d	not a metric of this report
tr03-official-1/3419-cell-b-pack-0656-normal-s1/trace.jsonl.gz	73700840	f0b4f316915e972953b4d880b99039cf5c5c65528d39b19a840a755ffd55fd9b	too large (trace)
tr03-official-1/3420-cell-b-pack-0656-normal-s2/reference-10ms-differences.json.gz	23	f1101f8233b16d980af348db666cbdb1b9772fa79c6fa8d7d6d9550c1f6a546d	not a metric of this report
tr03-official-1/3420-cell-b-pack-0656-normal-s2/trace.jsonl.gz	73634777	ce3a6be5dfcc315c8176c966a69603e588f454a2f0f6c4450d3f53562627e191	too large (trace)
tr03-official-1/3421-cell-b-pack-0656-normal-s3/reference-10ms-differences.json.gz	23	f1101f8233b16d980af348db666cbdb1b9772fa79c6fa8d7d6d9550c1f6a546d	not a metric of this report
tr03-official-1/3421-cell-b-pack-0656-normal-s3/trace.jsonl.gz	73464325	9b95e75b87fa73d3042bdba779b1b637e9f59e441f1fab59c079431423e51629	too large (trace)
tr03-official-1/3422-cell-b-pack-0656-cycle-stop/reference-10ms-differences.json.gz	23	f1101f8233b16d980af348db666cbdb1b9772fa79c6fa8d7d6d9550c1f6a546d	not a metric of this report
tr03-official-1/3422-cell-b-pack-0656-cycle-stop/trace.jsonl.gz	2586650	1f7afa82d968bc9ed17726399acf7e4fa176c02bb16ec698a63e33ecf79f50d0	too large (trace)
tr03-official-1/3423-cell-b-pack-0656-curtain/reference-10ms-differences.json.gz	23	f1101f8233b16d980af348db666cbdb1b9772fa79c6fa8d7d6d9550c1f6a546d	not a metric of this report
tr03-official-1/3423-cell-b-pack-0656-curtain/trace.jsonl.gz	1977703	52b266e5932b044431e9fe506fa077f73dd3b302099ad8e73bde1beda5883e97	too large (trace)
tr03-official-1/3424-cell-b-pack-0656-packfault/reference-10ms-differences.json.gz	23	f1101f8233b16d980af348db666cbdb1b9772fa79c6fa8d7d6d9550c1f6a546d	not a metric of this report
tr03-official-1/3424-cell-b-pack-0656-packfault/trace.jsonl.gz	32539871	de8ee75a802b61ce64fe2e9fcc0d072fd21328f2db593ca94e12c0a5b363fcb6	too large (trace)
tr03-official-1/3425-cell-b-pack-0661-normal-s1/reference-10ms-differences.json.gz	23	f1101f8233b16d980af348db666cbdb1b9772fa79c6fa8d7d6d9550c1f6a546d	not a metric of this report
tr03-official-1/3425-cell-b-pack-0661-normal-s1/trace.jsonl.gz	73686831	7675b29dca984c1e1db5eab7f99647d8072440648fef9e87b5f25225d0fbd4b1	too large (trace)
tr03-official-1/3426-cell-b-pack-0661-normal-s2/reference-10ms-differences.json.gz	23	f1101f8233b16d980af348db666cbdb1b9772fa79c6fa8d7d6d9550c1f6a546d	not a metric of this report
tr03-official-1/3426-cell-b-pack-0661-normal-s2/trace.jsonl.gz	73645076	e4c4325b069c9b29c5e095e962956a8f250a20351bdbd9d8827917d4a57726cd	too large (trace)
tr03-official-1/3427-cell-b-pack-0661-normal-s3/reference-10ms-differences.json.gz	23	f1101f8233b16d980af348db666cbdb1b9772fa79c6fa8d7d6d9550c1f6a546d	not a metric of this report
tr03-official-1/3427-cell-b-pack-0661-normal-s3/trace.jsonl.gz	73455196	dda43153617e8ae5268bb66a2483473f356cd97bf92b38e84c260966a90fd201	too large (trace)
tr03-official-1/3428-cell-b-pack-0661-cycle-stop/reference-10ms-differences.json.gz	23	f1101f8233b16d980af348db666cbdb1b9772fa79c6fa8d7d6d9550c1f6a546d	not a metric of this report
tr03-official-1/3428-cell-b-pack-0661-cycle-stop/trace.jsonl.gz	2576171	0bc4adb44d9139f6d517336e71e3c39b0e265f5b4515472fc7953470772c6b4c	too large (trace)
tr03-official-1/3429-cell-b-pack-0661-curtain/reference-10ms-differences.json.gz	23	f1101f8233b16d980af348db666cbdb1b9772fa79c6fa8d7d6d9550c1f6a546d	not a metric of this report
tr03-official-1/3429-cell-b-pack-0661-curtain/trace.jsonl.gz	1982319	b44b24766b716e6687caa651c19973b3930b87c4d85d540b95e6f74558e768d4	too large (trace)
tr03-official-1/3430-cell-b-pack-0661-packfault/reference-10ms-differences.json.gz	23	f1101f8233b16d980af348db666cbdb1b9772fa79c6fa8d7d6d9550c1f6a546d	not a metric of this report
tr03-official-1/3430-cell-b-pack-0661-packfault/trace.jsonl.gz	32534950	d21f38a6574515dc9c1c5c7590460eca717459b1a4843ae8203f59e6b5115501	too large (trace)
tr03-official-1/3431-cell-b-pack-0666-normal-s1/reference-10ms-differences.json.gz	289411	b84da74a90224e38155c2fcad3c6764bf98952a6801ca225ac7a59d7a9d4e55d	not a metric of this report
tr03-official-1/3431-cell-b-pack-0666-normal-s1/trace.jsonl.gz	57688946	733741ee2658ff639c3badf2724f8eac89eb53627f8618d245be151454c39c54	too large (trace)
tr03-official-1/3432-cell-b-pack-0666-normal-s2/reference-10ms-differences.json.gz	293528	49fc3101281dad03c4fec8d9ddd556adcf554225e0e81d5b5a3e82293c537264	not a metric of this report
tr03-official-1/3432-cell-b-pack-0666-normal-s2/trace.jsonl.gz	57509759	283c28a8d3e938c992dbae6e29503b2611deede8441daec13c4df4564e53fa6d	too large (trace)
tr03-official-1/3433-cell-b-pack-0666-normal-s3/reference-10ms-differences.json.gz	290347	804633318d5120392f32db10eb021a7cf3fab3ff34af0670e6bc0663f8a96232	not a metric of this report
tr03-official-1/3433-cell-b-pack-0666-normal-s3/trace.jsonl.gz	56191681	8d10898d374557a60e8110329e34e8106a4dad2a65fa08f2305dab73bfeb20c9	too large (trace)
tr03-official-1/3434-cell-b-pack-0666-cycle-stop/reference-10ms-differences.json.gz	18950	b5b131fe9a9146822d1c5439c41ac98cebc438340e242f3d955e20d99964a072	not a metric of this report
tr03-official-1/3434-cell-b-pack-0666-cycle-stop/trace.jsonl.gz	2619291	db509c6b42adc5cafeb1c6a2d226330acd58dc69494db801cd1f4babe6fa764e	too large (trace)
tr03-official-1/3435-cell-b-pack-0666-curtain/reference-10ms-differences.json.gz	8132	0071d5ea619a7819e634be4323eb9a9baf7760b1dedb36d9ece5fb681d5a097c	not a metric of this report
tr03-official-1/3435-cell-b-pack-0666-curtain/trace.jsonl.gz	2014892	7def4cce0d647a7a355999bc02e978ec3cf0af16450ca89dd2bc07ff3b29d0e8	too large (trace)
tr03-official-1/3436-cell-b-pack-0666-packfault/reference-10ms-differences.json.gz	182236	07229a6744ea052439f1825ab46d82a7263726e74a29eee3d135f5d7019ef117	not a metric of this report
tr03-official-1/3436-cell-b-pack-0666-packfault/trace.jsonl.gz	31848811	cd60969895e066f21cb5d69acbab74f7194264d2ad04de7cb550b0d475180345	too large (trace)
tr03-official-1/3437-cell-b-pack-0674-normal-s1/reference-10ms-differences.json.gz	220206	7b4b0773f9574920c7332939c149540bb3dfa01f3888dfd20d6c2bb83b50319f	not a metric of this report
tr03-official-1/3437-cell-b-pack-0674-normal-s1/trace.jsonl.gz	18363944	35cfa7f5ba921e21c851da1fa047e930333e4a3c455cc9be0f1c837738a14c17	too large (trace)
tr03-official-1/3438-cell-b-pack-0674-normal-s2/reference-10ms-differences.json.gz	220206	7b4b0773f9574920c7332939c149540bb3dfa01f3888dfd20d6c2bb83b50319f	not a metric of this report
tr03-official-1/3438-cell-b-pack-0674-normal-s2/trace.jsonl.gz	18264410	8f75a118143f9b189684bcb7815a31eee90715db9509b3a28515391719820c93	too large (trace)
tr03-official-1/3439-cell-b-pack-0674-normal-s3/reference-10ms-differences.json.gz	220206	7b4b0773f9574920c7332939c149540bb3dfa01f3888dfd20d6c2bb83b50319f	not a metric of this report
tr03-official-1/3439-cell-b-pack-0674-normal-s3/trace.jsonl.gz	18249821	07be61b9200e5c16c2a8b2e0438927641daab533c6e0b0d838958bebd409b443	too large (trace)
tr03-official-1/3440-cell-b-pack-0674-cycle-stop/reference-10ms-differences.json.gz	27393	c91dd088f6565b8d15cf75c762b3e693650cbd4bfde53a84093aa6ceebd53754	not a metric of this report
tr03-official-1/3440-cell-b-pack-0674-cycle-stop/trace.jsonl.gz	2160523	76f44df79d8c4b332990f7491f434900f9d31d565ecd5957a52931d9b0dac86d	too large (trace)
tr03-official-1/3441-cell-b-pack-0674-curtain/reference-10ms-differences.json.gz	22940	29335b4f5f09a35abb03f1b84a960108f51c58624ac434831a20b2d36ada3b1c	not a metric of this report
tr03-official-1/3441-cell-b-pack-0674-curtain/trace.jsonl.gz	1802915	328864aac8292a6da5411871d4b97d096eb176e2f6d480cd9f785ff1466e834c	too large (trace)
tr03-official-1/3442-cell-b-pack-0674-packfault/reference-10ms-differences.json.gz	135801	2a94d02016bc273cb21fc11643181efc07187c87c7e8c057961cb9f2eb1227be	not a metric of this report
tr03-official-1/3442-cell-b-pack-0674-packfault/trace.jsonl.gz	10980400	6f9d5da5b7b623abe26c6473e5292aeaad79c043e5367d49b56cff67434e00e8	too large (trace)
tr03-official-1/3443-cell-b-pack-0684-normal-s1/reference-10ms-differences.json.gz	220206	fd77955d0d6a9b015262796e902eb89e8f718195235c1563eb88dd09c6b3727d	not a metric of this report
tr03-official-1/3443-cell-b-pack-0684-normal-s1/trace.jsonl.gz	18306533	2d575a8fcf70d19fe4833c7c8443ae6d34a3fb806f23925c9ee64b09122ef1e1	too large (trace)
tr03-official-1/3444-cell-b-pack-0684-normal-s2/reference-10ms-differences.json.gz	220206	fd77955d0d6a9b015262796e902eb89e8f718195235c1563eb88dd09c6b3727d	not a metric of this report
tr03-official-1/3444-cell-b-pack-0684-normal-s2/trace.jsonl.gz	18288890	b0b17d8bc82b0256791addc87362eaa520c1cd69d2845b62b2cefd5e1c6d87e6	too large (trace)
tr03-official-1/3445-cell-b-pack-0684-normal-s3/reference-10ms-differences.json.gz	220206	fd77955d0d6a9b015262796e902eb89e8f718195235c1563eb88dd09c6b3727d	not a metric of this report
tr03-official-1/3445-cell-b-pack-0684-normal-s3/trace.jsonl.gz	18240707	d4670d6491d23ef708ca3505e773124ffa1debe0b196ebe6c76e1a022c400be2	too large (trace)
tr03-official-1/3446-cell-b-pack-0684-cycle-stop/reference-10ms-differences.json.gz	27393	3bb340552163e50810ae5d9ab36981d569d6bb0d1a215faca8213eedf251af96	not a metric of this report
tr03-official-1/3446-cell-b-pack-0684-cycle-stop/trace.jsonl.gz	2143124	b319955a5416140ddf39fa95569f8cd83aeed6dab9a3ff2d7420db5474517136	too large (trace)
tr03-official-1/3447-cell-b-pack-0684-curtain/reference-10ms-differences.json.gz	22940	722e42447356687881cdcef5c10c693d2d681180143df4301fe0785024875b27	not a metric of this report
tr03-official-1/3447-cell-b-pack-0684-curtain/trace.jsonl.gz	1786691	10020f7f32ec40c0ad123b62988d98dad841ab570f24b32bc1e3955774f132b8	too large (trace)
tr03-official-1/3448-cell-b-pack-0684-packfault/reference-10ms-differences.json.gz	135801	960154d7e2e2cfc6f699934a7a2e1103318f3c4755f452c65d6cef25fd0cd175	not a metric of this report
tr03-official-1/3448-cell-b-pack-0684-packfault/trace.jsonl.gz	10956755	2de21264c49edd7656f009acb98c5222595772718a1170c321dd3f6210133d35	too large (trace)
tr03-official-1/3449-cell-b-pack-0694-normal-s1/reference-10ms-differences.json.gz	23	f1101f8233b16d980af348db666cbdb1b9772fa79c6fa8d7d6d9550c1f6a546d	not a metric of this report
tr03-official-1/3449-cell-b-pack-0694-normal-s1/trace.jsonl.gz	73698004	accd8ff568c16dd9cf00596b907a70f3511cb007ff348e316dcbfe74f0850d7a	too large (trace)
tr03-official-1/3450-cell-b-pack-0694-normal-s2/reference-10ms-differences.json.gz	23	f1101f8233b16d980af348db666cbdb1b9772fa79c6fa8d7d6d9550c1f6a546d	not a metric of this report
tr03-official-1/3450-cell-b-pack-0694-normal-s2/trace.jsonl.gz	73631928	ccbb660b2600e7d72acc3b1a5073a3b47d621b7bfd3cc611971bcf0d8959a316	too large (trace)
tr03-official-1/3451-cell-b-pack-0694-normal-s3/reference-10ms-differences.json.gz	23	f1101f8233b16d980af348db666cbdb1b9772fa79c6fa8d7d6d9550c1f6a546d	not a metric of this report
tr03-official-1/3451-cell-b-pack-0694-normal-s3/trace.jsonl.gz	73439806	782cff7b879259bf017b046f4cd2cbfd5c868e9f0478501193ac2c49af7e5666	too large (trace)
tr03-official-1/3452-cell-b-pack-0694-cycle-stop/reference-10ms-differences.json.gz	23	f1101f8233b16d980af348db666cbdb1b9772fa79c6fa8d7d6d9550c1f6a546d	not a metric of this report
tr03-official-1/3452-cell-b-pack-0694-cycle-stop/trace.jsonl.gz	2582054	e9fb50499eaf80ffde64717b6351caec00aee6e997784aa9c0fc7aa004ec4b19	too large (trace)
tr03-official-1/3453-cell-b-pack-0694-curtain/reference-10ms-differences.json.gz	23	f1101f8233b16d980af348db666cbdb1b9772fa79c6fa8d7d6d9550c1f6a546d	not a metric of this report
tr03-official-1/3453-cell-b-pack-0694-curtain/trace.jsonl.gz	1985196	07e3671d5b7951af6fc6c51b3aa965bf24a2d2ccfb8cbadee2afd66c04d5dd6e	too large (trace)
tr03-official-1/3454-cell-b-pack-0694-packfault/reference-10ms-differences.json.gz	23	f1101f8233b16d980af348db666cbdb1b9772fa79c6fa8d7d6d9550c1f6a546d	not a metric of this report
tr03-official-1/3454-cell-b-pack-0694-packfault/trace.jsonl.gz	32547198	0a4537e46ed60fc11c3f9151c8a601a528be7ff4f2a56b929092a5a1dd3d647a	too large (trace)
tr03-official-1/3455-cell-b-pack-0707-normal-s1/reference-10ms-differences.json.gz	221587	f9e1f90524bc8b5c955e1d029453a994d15c4ae29b31babce8d9b28951ec0295	not a metric of this report
tr03-official-1/3455-cell-b-pack-0707-normal-s1/trace.jsonl.gz	18777535	9cb6860a03f4cc9129710d2973744e0cbf2567d9ea27e5ab9b18e0d532b7a568	too large (trace)
tr03-official-1/3456-cell-b-pack-0707-normal-s2/reference-10ms-differences.json.gz	221587	f9e1f90524bc8b5c955e1d029453a994d15c4ae29b31babce8d9b28951ec0295	not a metric of this report
tr03-official-1/3456-cell-b-pack-0707-normal-s2/trace.jsonl.gz	18749795	d12541e51a87098019f574fdebe7f63c872de968a1aae6ab2a278643bdfb79ef	too large (trace)
tr03-official-1/3457-cell-b-pack-0707-normal-s3/reference-10ms-differences.json.gz	221587	f9e1f90524bc8b5c955e1d029453a994d15c4ae29b31babce8d9b28951ec0295	not a metric of this report
tr03-official-1/3457-cell-b-pack-0707-normal-s3/trace.jsonl.gz	18703552	33c596cac0a00fe2684791047cc334d7b3ffe7af9aa64912f80cffe1c40babd7	too large (trace)
tr03-official-1/3458-cell-b-pack-0707-cycle-stop/reference-10ms-differences.json.gz	28775	a158cf5c93c31d906b8abf100aa24263cac2d095884a8794c697a07166696acd	not a metric of this report
tr03-official-1/3458-cell-b-pack-0707-cycle-stop/trace.jsonl.gz	2221874	09d59379a8b56a12826794f8f0175138a3cfaa1e73abf9a289a73c6db6e5156d	too large (trace)
tr03-official-1/3459-cell-b-pack-0707-curtain/reference-10ms-differences.json.gz	24321	d0e3154cedf74cf22974419fbdedd7f4af63440d510269579a4b0e3b62440e12	not a metric of this report
tr03-official-1/3459-cell-b-pack-0707-curtain/trace.jsonl.gz	1854137	b8f4be7466c23a3024d060f2eab1740d908e76ef69e5aab24a87a1ec0779ce14	too large (trace)
tr03-official-1/3460-cell-b-pack-0707-packfault/reference-10ms-differences.json.gz	140641	551b3d2b5b08d8848f3a395f00597707cc6318557ecd22e6311af3557f883c43	not a metric of this report
tr03-official-1/3460-cell-b-pack-0707-packfault/trace.jsonl.gz	11330499	30cb77923f5151d4569d7349596aa6e2315dab1dd52049af0ef909de7979cb11	too large (trace)
tr03-official-1/3461-cell-b-pack-0714-normal-s1/reference-10ms-differences.json.gz	23	f1101f8233b16d980af348db666cbdb1b9772fa79c6fa8d7d6d9550c1f6a546d	not a metric of this report
tr03-official-1/3461-cell-b-pack-0714-normal-s1/trace.jsonl.gz	73691392	ca59fa9d48df6f70bfee86d29ee5d9d3ca5ea08ead626def9ebbe20d2a3ee758	too large (trace)
tr03-official-1/3462-cell-b-pack-0714-normal-s2/reference-10ms-differences.json.gz	23	f1101f8233b16d980af348db666cbdb1b9772fa79c6fa8d7d6d9550c1f6a546d	not a metric of this report
tr03-official-1/3462-cell-b-pack-0714-normal-s2/trace.jsonl.gz	73635519	f8dac12ce237b3091438c4080ecee173097bf4a7836c4121bf67ccc2d7baef38	too large (trace)
tr03-official-1/3463-cell-b-pack-0714-normal-s3/reference-10ms-differences.json.gz	23	f1101f8233b16d980af348db666cbdb1b9772fa79c6fa8d7d6d9550c1f6a546d	not a metric of this report
tr03-official-1/3463-cell-b-pack-0714-normal-s3/trace.jsonl.gz	73451736	49c4feb19c266336a0bc0d5688af5e720842524ab6dc45ad8df06acb093c1651	too large (trace)
tr03-official-1/3464-cell-b-pack-0714-cycle-stop/reference-10ms-differences.json.gz	23	f1101f8233b16d980af348db666cbdb1b9772fa79c6fa8d7d6d9550c1f6a546d	not a metric of this report
tr03-official-1/3464-cell-b-pack-0714-cycle-stop/trace.jsonl.gz	2571078	f966f52d67f9d6a8733575b31f5eabe68792024cf824fed6bfed4e3d00e6302c	too large (trace)
tr03-official-1/3465-cell-b-pack-0714-curtain/reference-10ms-differences.json.gz	23	f1101f8233b16d980af348db666cbdb1b9772fa79c6fa8d7d6d9550c1f6a546d	not a metric of this report
tr03-official-1/3465-cell-b-pack-0714-curtain/trace.jsonl.gz	1975772	09348273a246f2ad8fba747f81566f64778edf97ac9c0e7f56f734bbb19ae4ff	too large (trace)
tr03-official-1/3466-cell-b-pack-0714-packfault/reference-10ms-differences.json.gz	23	f1101f8233b16d980af348db666cbdb1b9772fa79c6fa8d7d6d9550c1f6a546d	not a metric of this report
tr03-official-1/3466-cell-b-pack-0714-packfault/trace.jsonl.gz	32533265	33112571753c2ec2f01f74f25a6762743aa3e92fcc6449b5960d3b46d0e09bdd	too large (trace)
tr03-official-1/3467-cell-b-pack-0719-normal-s1/reference-10ms-differences.json.gz	277137	826e542d6f4e5c0ae04fbfd247c5192e294c1bc9f7459d4237ba7fc69d98d337	not a metric of this report
tr03-official-1/3467-cell-b-pack-0719-normal-s1/trace.jsonl.gz	62279702	0007ae2b2c3a1c2789f03ee41cb57b723fef0513946e4a622f22aa021ee737e4	too large (trace)
tr03-official-1/3468-cell-b-pack-0719-normal-s2/reference-10ms-differences.json.gz	245973	935c28732b18a11802a0558b37cb22982384b445499c90fe66f013168bcbf283	not a metric of this report
tr03-official-1/3468-cell-b-pack-0719-normal-s2/trace.jsonl.gz	61880623	35812115a89172b9ebffcd0232850e8de73e1acaf0cd389ce563b73a39d47f78	too large (trace)
tr03-official-1/3469-cell-b-pack-0719-normal-s3/reference-10ms-differences.json.gz	241484	971c2851d8b769beda5d0b7a132d690c9b975781274ccb53683a59b742544809	not a metric of this report
tr03-official-1/3469-cell-b-pack-0719-normal-s3/trace.jsonl.gz	60752121	c076888c3676c7b64cb5d05cc8ba70092f65c94e01da2c2d4b9e2818127e293e	too large (trace)
tr03-official-1/3470-cell-b-pack-0719-cycle-stop/reference-10ms-differences.json.gz	23	f1101f8233b16d980af348db666cbdb1b9772fa79c6fa8d7d6d9550c1f6a546d	not a metric of this report
tr03-official-1/3470-cell-b-pack-0719-cycle-stop/trace.jsonl.gz	2576957	cce390aef299ea4e4cc07b484161ec837319b89e703f813b903fd65b6fb1911e	too large (trace)
tr03-official-1/3471-cell-b-pack-0719-curtain/reference-10ms-differences.json.gz	23	f1101f8233b16d980af348db666cbdb1b9772fa79c6fa8d7d6d9550c1f6a546d	not a metric of this report
tr03-official-1/3471-cell-b-pack-0719-curtain/trace.jsonl.gz	1981309	698e1e7cb28d057ccc3ab3e1e3ab5c5a85306d3de6d549af70365580db7cd13a	too large (trace)
tr03-official-1/3472-cell-b-pack-0719-packfault/reference-10ms-differences.json.gz	87344	c97f18d042e0fa23acba1a37c092417487b866a1a919a3acc23ee81b7a8e6585	not a metric of this report
tr03-official-1/3472-cell-b-pack-0719-packfault/trace.jsonl.gz	32812413	4e9e6e43211ba947b05797a9a2e6cf03b7201109ec9f250549cb47d3ea9d80a2	too large (trace)
tr03-official-1/3473-cell-b-pack-0724-normal-s1/reference-10ms-differences.json.gz	281315	263e6c72c4b2c94f19300f5a4b083b229901ec1fbc7f5461c193ce68cd642ab7	not a metric of this report
tr03-official-1/3473-cell-b-pack-0724-normal-s1/trace.jsonl.gz	61625572	b33e25cd00a08ab0f4266d3c684c7dbc7920fea31e800909f97e4f9cace8cace	too large (trace)
tr03-official-1/3474-cell-b-pack-0724-normal-s2/reference-10ms-differences.json.gz	250091	6dc97132f104bd537cad7554567d5b7074ff2bebd12a4521d1e021947a7cc2b8	not a metric of this report
tr03-official-1/3474-cell-b-pack-0724-normal-s2/trace.jsonl.gz	61286333	31e3f7f42adfd8c1bf82beff78e12221faf38576a0d077ec760a235f6f5c5c71	too large (trace)
tr03-official-1/3475-cell-b-pack-0724-normal-s3/reference-10ms-differences.json.gz	248596	2b5a30a7944090d1ab4c033b3bf83087505086a19a4aa280e594ff942918de43	not a metric of this report
tr03-official-1/3475-cell-b-pack-0724-normal-s3/trace.jsonl.gz	60048733	b0f14fc86921fb88e4075126ddb5dd229ca085f0e3b62bf1cb8d03efd16a107b	too large (trace)
tr03-official-1/3476-cell-b-pack-0724-cycle-stop/reference-10ms-differences.json.gz	23	f1101f8233b16d980af348db666cbdb1b9772fa79c6fa8d7d6d9550c1f6a546d	not a metric of this report
tr03-official-1/3476-cell-b-pack-0724-cycle-stop/trace.jsonl.gz	2585664	994cef9d36b0af0b1a6a2b8ff017b1006eae1ca0a3d00b787b6094cbbc3ca7b8	too large (trace)
tr03-official-1/3477-cell-b-pack-0724-curtain/reference-10ms-differences.json.gz	23	f1101f8233b16d980af348db666cbdb1b9772fa79c6fa8d7d6d9550c1f6a546d	not a metric of this report
tr03-official-1/3477-cell-b-pack-0724-curtain/trace.jsonl.gz	1972056	dfaa93a1ee7e1a779df1f569ea83f5f8ba2d85e0bcb53c7a7c0c68471d73d087	too large (trace)
tr03-official-1/3478-cell-b-pack-0724-packfault/reference-10ms-differences.json.gz	89888	c9d241aa5c478c027868a6cfb16053cf330ccb513f5c96d1bd9369cac2fce71b	not a metric of this report
tr03-official-1/3478-cell-b-pack-0724-packfault/trace.jsonl.gz	32485862	4de570c417aa8b3495700c11becad62f3381d316a5cc67f1bae93907f3a5cd82	too large (trace)
tr03-official-1/3479-cell-b-pack-0744-normal-s1/reference-10ms-differences.json.gz	23	f1101f8233b16d980af348db666cbdb1b9772fa79c6fa8d7d6d9550c1f6a546d	not a metric of this report
tr03-official-1/3479-cell-b-pack-0744-normal-s1/trace.jsonl.gz	73691355	4373b1d1a36266b51e1705cdc5293fd45a10b81a3ffdf352214a72a1c994ee5c	too large (trace)
tr03-official-1/3480-cell-b-pack-0744-normal-s2/reference-10ms-differences.json.gz	23	f1101f8233b16d980af348db666cbdb1b9772fa79c6fa8d7d6d9550c1f6a546d	not a metric of this report
tr03-official-1/3480-cell-b-pack-0744-normal-s2/trace.jsonl.gz	73639216	4ea08488a167259acf076e44a6425faae289ac4229aa9337c5be94d9a496653e	too large (trace)
tr03-official-1/3481-cell-b-pack-0744-normal-s3/reference-10ms-differences.json.gz	23	f1101f8233b16d980af348db666cbdb1b9772fa79c6fa8d7d6d9550c1f6a546d	not a metric of this report
tr03-official-1/3481-cell-b-pack-0744-normal-s3/trace.jsonl.gz	73457259	e9ff23cc75abcdd68ef3deba79381911ed3e08b6c149688ab57096df025ca984	too large (trace)
tr03-official-1/3482-cell-b-pack-0744-cycle-stop/reference-10ms-differences.json.gz	23	f1101f8233b16d980af348db666cbdb1b9772fa79c6fa8d7d6d9550c1f6a546d	not a metric of this report
tr03-official-1/3482-cell-b-pack-0744-cycle-stop/trace.jsonl.gz	2571972	22588bdd3203a19c0513615513d77946e76cfdd9c58b05da6d6f88891805ef2b	too large (trace)
tr03-official-1/3483-cell-b-pack-0744-curtain/reference-10ms-differences.json.gz	23	f1101f8233b16d980af348db666cbdb1b9772fa79c6fa8d7d6d9550c1f6a546d	not a metric of this report
tr03-official-1/3483-cell-b-pack-0744-curtain/trace.jsonl.gz	1973228	4361e9a3cfba5443dc0328794ea8e28752eb7abff3b33f46e7cd9da77a906f84	too large (trace)
tr03-official-1/3484-cell-b-pack-0744-packfault/reference-10ms-differences.json.gz	23	f1101f8233b16d980af348db666cbdb1b9772fa79c6fa8d7d6d9550c1f6a546d	not a metric of this report
tr03-official-1/3484-cell-b-pack-0744-packfault/trace.jsonl.gz	32531971	8beb3f4dfab086a8c4951b4fbaba301028350dbd1ca7e5fda5d537c883dd8263	too large (trace)
tr03-official-1/3485-cell-b-pack-0751-normal-s1/reference-10ms-differences.json.gz	290747	fbcaf72d6ddc0a4b804ff179084b995a94259061032f9912313d57842cf6201d	not a metric of this report
tr03-official-1/3485-cell-b-pack-0751-normal-s1/trace.jsonl.gz	74679273	486a8f0885cd676fdec13eb418b332ef6b0a593036365b52d78c3dc2d99d3a62	too large (trace)
tr03-official-1/3486-cell-b-pack-0751-normal-s2/reference-10ms-differences.json.gz	245866	cd20d32c32f617b8073a482c01d448c2d6a82745cba7aff5c38af460acb9de2b	not a metric of this report
tr03-official-1/3486-cell-b-pack-0751-normal-s2/trace.jsonl.gz	74677315	28343d75b643c0c323c8be4d6ae262333db26a8226b3962795d531f77f8cecc0	too large (trace)
tr03-official-1/3487-cell-b-pack-0751-normal-s3/reference-10ms-differences.json.gz	312175	6bcf5db5cbed7b39f3957da443ff5089135307e0f1817cb4b0bcfae2b08588fa	not a metric of this report
tr03-official-1/3487-cell-b-pack-0751-normal-s3/trace.jsonl.gz	74824463	aa2941b8d3b0ccee0dbbc864f207e240886bf8d86c505137f6ba2de790d5dc99	too large (trace)
tr03-official-1/3488-cell-b-pack-0751-cycle-stop/reference-10ms-differences.json.gz	23	f1101f8233b16d980af348db666cbdb1b9772fa79c6fa8d7d6d9550c1f6a546d	not a metric of this report
tr03-official-1/3488-cell-b-pack-0751-cycle-stop/trace.jsonl.gz	2576432	7bd3579e5161e23e80644dca1263d7b60ab4465db69cace702c8267d12733464	too large (trace)
tr03-official-1/3489-cell-b-pack-0751-curtain/reference-10ms-differences.json.gz	23	f1101f8233b16d980af348db666cbdb1b9772fa79c6fa8d7d6d9550c1f6a546d	not a metric of this report
tr03-official-1/3489-cell-b-pack-0751-curtain/trace.jsonl.gz	1976927	9875c43e51180e63db1580407bf2466d84f319b3160f8d2067e290826c5c9de6	too large (trace)
tr03-official-1/3490-cell-b-pack-0751-packfault/reference-10ms-differences.json.gz	126444	47bc524c7a827d3483040e814284c40cf84f6bcbdafc90ac1c59e4fbc601f163	not a metric of this report
tr03-official-1/3490-cell-b-pack-0751-packfault/trace.jsonl.gz	32843296	fc8d19dd0bacf91e65c593f51def52d59306b11f2e05010b433fab51ac8f86b4	too large (trace)
tr03-official-1/3491-cell-b-pack-0756-normal-s1/reference-10ms-differences.json.gz	803	87e54572ce7f47b788b754b5cc7319b96b09e43e13845f1d304e42f1a35cae0c	not a metric of this report
tr03-official-1/3491-cell-b-pack-0756-normal-s1/trace.jsonl.gz	73712501	d81868fc045ebedfc51f8305dd061ce1153ac2dd9cb5a630ccef1bdcc4150c06	too large (trace)
tr03-official-1/3492-cell-b-pack-0756-normal-s2/reference-10ms-differences.json.gz	764	255f66486645d123569d798f3c5ab0d1a62f2a127034a2d079fd59884dfdc2e7	not a metric of this report
tr03-official-1/3492-cell-b-pack-0756-normal-s2/trace.jsonl.gz	73637236	32244fbd6664aaa41d56e5f336234e5b385ccf3bb3bb15d6787cd6dfec973435	too large (trace)
tr03-official-1/3493-cell-b-pack-0756-normal-s3/reference-10ms-differences.json.gz	789	51892b76d0ee48ef38e7df077ad261699e8cd0c8f8f7e6755c1d342331f229ca	not a metric of this report
tr03-official-1/3493-cell-b-pack-0756-normal-s3/trace.jsonl.gz	73457555	fb86e69fb41ace628b7170e6ca3fd46cae2c7c11c2449b6e636ef959b4635827	too large (trace)
tr03-official-1/3494-cell-b-pack-0756-cycle-stop/reference-10ms-differences.json.gz	23	f1101f8233b16d980af348db666cbdb1b9772fa79c6fa8d7d6d9550c1f6a546d	not a metric of this report
tr03-official-1/3494-cell-b-pack-0756-cycle-stop/trace.jsonl.gz	2584766	5e4581ac0b81bebd382aa408dc2eacfc2f31dcb13a4545a693d264262a5bd356	too large (trace)
tr03-official-1/3495-cell-b-pack-0756-curtain/reference-10ms-differences.json.gz	23	f1101f8233b16d980af348db666cbdb1b9772fa79c6fa8d7d6d9550c1f6a546d	not a metric of this report
tr03-official-1/3495-cell-b-pack-0756-curtain/trace.jsonl.gz	1986661	f4888a1cd1841c0aa9ce96c05838f22cd5558a688dd3a5d49236029595273db0	too large (trace)
tr03-official-1/3496-cell-b-pack-0756-packfault/reference-10ms-differences.json.gz	618	19b921c6873fdb59b25b35059935374040b42e311a5849d85894b93bbab6a1e0	not a metric of this report
tr03-official-1/3496-cell-b-pack-0756-packfault/trace.jsonl.gz	32553519	c65eee78daf42b0e3fb8637ffd2529d83b5d0b4ad2b2314dbe0dfb62a974ed07	too large (trace)
tr03-official-1/3497-cell-b-pack-0766-normal-s1/reference-10ms-differences.json.gz	23	f1101f8233b16d980af348db666cbdb1b9772fa79c6fa8d7d6d9550c1f6a546d	not a metric of this report
tr03-official-1/3497-cell-b-pack-0766-normal-s1/trace.jsonl.gz	73697280	9c721809a4bc1024768d7644b86305f4634c60d355cc55bd4c83427eb1efae7c	too large (trace)
tr03-official-1/3498-cell-b-pack-0766-normal-s2/reference-10ms-differences.json.gz	23	f1101f8233b16d980af348db666cbdb1b9772fa79c6fa8d7d6d9550c1f6a546d	not a metric of this report
tr03-official-1/3498-cell-b-pack-0766-normal-s2/trace.jsonl.gz	73635167	adb2430dd3d64b48bbfda66f1f2845889f0c5de862c3f57bb28e1d6bd6f03c58	too large (trace)
tr03-official-1/3499-cell-b-pack-0766-normal-s3/reference-10ms-differences.json.gz	23	f1101f8233b16d980af348db666cbdb1b9772fa79c6fa8d7d6d9550c1f6a546d	not a metric of this report
tr03-official-1/3499-cell-b-pack-0766-normal-s3/trace.jsonl.gz	73460716	052a23d446db589805424755563479d60c897d69492c0abd49750ab602342f85	too large (trace)
tr03-official-1/3500-cell-b-pack-0766-cycle-stop/reference-10ms-differences.json.gz	23	f1101f8233b16d980af348db666cbdb1b9772fa79c6fa8d7d6d9550c1f6a546d	not a metric of this report
tr03-official-1/3500-cell-b-pack-0766-cycle-stop/trace.jsonl.gz	2579145	e4a24bd95832529778b42aeaaa1cfc024ff224b9c0e199cf61ebdeef75fc98e1	too large (trace)
tr03-official-1/3501-cell-b-pack-0766-curtain/reference-10ms-differences.json.gz	23	f1101f8233b16d980af348db666cbdb1b9772fa79c6fa8d7d6d9550c1f6a546d	not a metric of this report
tr03-official-1/3501-cell-b-pack-0766-curtain/trace.jsonl.gz	1982315	06920de16a31358702894ee150c13805679bdf49362e9567e2ecebc68658781a	too large (trace)
tr03-official-1/3502-cell-b-pack-0766-packfault/reference-10ms-differences.json.gz	23	f1101f8233b16d980af348db666cbdb1b9772fa79c6fa8d7d6d9550c1f6a546d	not a metric of this report
tr03-official-1/3502-cell-b-pack-0766-packfault/trace.jsonl.gz	32540322	73e8176882d63b3a97923796527e31dffa4b46ee72f65dbc463fb29de9a634f1	too large (trace)
tr03-official-1/3503-cell-b-pack-0769-normal-s1/reference-10ms-differences.json.gz	213788	8e90ef68e15904697254f809f3199069b7aae82a8669bd0c8db8b91d3e22b752	not a metric of this report
tr03-official-1/3503-cell-b-pack-0769-normal-s1/trace.jsonl.gz	19672119	3a3d1ab0d73573214e477e57cb8d0d9b78712862eae59e70632561e3eec6c42d	too large (trace)
tr03-official-1/3504-cell-b-pack-0769-normal-s2/reference-10ms-differences.json.gz	213788	8e90ef68e15904697254f809f3199069b7aae82a8669bd0c8db8b91d3e22b752	not a metric of this report
tr03-official-1/3504-cell-b-pack-0769-normal-s2/trace.jsonl.gz	19553786	0abc88994a381a94397875fe10db75c67964ecdb074df510b738ebda78393818	too large (trace)
tr03-official-1/3505-cell-b-pack-0769-normal-s3/reference-10ms-differences.json.gz	213788	8e90ef68e15904697254f809f3199069b7aae82a8669bd0c8db8b91d3e22b752	not a metric of this report
tr03-official-1/3505-cell-b-pack-0769-normal-s3/trace.jsonl.gz	19563530	daff1023adc34ad3e6dd5f41d4f8d039654aa758d9ab309565040318ef772c0f	too large (trace)
tr03-official-1/3506-cell-b-pack-0769-cycle-stop/reference-10ms-differences.json.gz	19006	98d52d5acd6ea8ab114b6204cb3ad8a7c293d44318c907430d87921341096341	not a metric of this report
tr03-official-1/3506-cell-b-pack-0769-cycle-stop/trace.jsonl.gz	2312873	3aba896a578c38e6a6c7a39152686b8dead39b3c2d1e95b06ceb2df1e546e35c	too large (trace)
tr03-official-1/3507-cell-b-pack-0769-curtain/reference-10ms-differences.json.gz	14507	d35eca7a1bc404418a61592ed55b9c66ff34d1fb6b218da895707595a9121206	not a metric of this report
tr03-official-1/3507-cell-b-pack-0769-curtain/trace.jsonl.gz	1924762	4358ee5182867652fe47bdc3c07a986746ead4c6cb4653c2b0d13a8224b8ae61	too large (trace)
tr03-official-1/3508-cell-b-pack-0769-packfault/reference-10ms-differences.json.gz	110979	55663a8ef3b9619ef76e7c885cecd1e8223ae5f22a6e40a520fc6e66928a0495	not a metric of this report
tr03-official-1/3508-cell-b-pack-0769-packfault/trace.jsonl.gz	11718932	ffb2937fb4a1bad498ad05ecfe7524854052e4ee7ef8d37dfd55de02f2d89fc7	too large (trace)
tr03-official-1/3509-cell-b-pack-0773-normal-s1/reference-10ms-differences.json.gz	294433	32fb173b61ceb75521bd7a0e199c2612928db2a951cd73b6f6f0a63074f2742e	not a metric of this report
tr03-official-1/3509-cell-b-pack-0773-normal-s1/trace.jsonl.gz	73952841	84bfacf36f30b97cb5407e33a8c8c7461a720e72ca63df14baac0b0aebef8c6d	too large (trace)
tr03-official-1/3510-cell-b-pack-0773-normal-s2/reference-10ms-differences.json.gz	306205	37c92d92aebbf6c600cc4ce9031ccb0b29e4d1c695923329a6dc48bc61c3975e	not a metric of this report
tr03-official-1/3510-cell-b-pack-0773-normal-s2/trace.jsonl.gz	74159765	ec68717c4333caaf8840189c3ee9e6d005840f7a9380f5b1beeef16d91eaef2b	too large (trace)
tr03-official-1/3511-cell-b-pack-0773-normal-s3/reference-10ms-differences.json.gz	414318	6440ba722c585de0cf9f4b29c2972e17591492e6c62d551acb03ef623963b835	not a metric of this report
tr03-official-1/3511-cell-b-pack-0773-normal-s3/trace.jsonl.gz	74163043	3bf6c9e913739060a35cd751a928df0e67c8947daf7dbf6b91166cda78455f9c	too large (trace)
tr03-official-1/3512-cell-b-pack-0773-cycle-stop/reference-10ms-differences.json.gz	19433	b01c1e105e807da55d3efc4c5dde74785cda3ea5a98ad61ab913617133749594	not a metric of this report
tr03-official-1/3512-cell-b-pack-0773-cycle-stop/trace.jsonl.gz	2530228	f2228a1c8f2f44ea5e443b09dc481aa41e1a4bb724bc35629b4df2ee5d774d67	too large (trace)
tr03-official-1/3513-cell-b-pack-0773-curtain/reference-10ms-differences.json.gz	8061	f4c711528a1dbe8bbc9fbc276d44c3d5ac85fca5ee1b621339875e56459fc99f	not a metric of this report
tr03-official-1/3513-cell-b-pack-0773-curtain/trace.jsonl.gz	1957728	076118d3ca12e922fc55a155100fa377b07e1c9c30ff32150260db6071d475ed	too large (trace)
tr03-official-1/3514-cell-b-pack-0773-packfault/reference-10ms-differences.json.gz	166682	65ac3858789546771c3855f23acc60e1fd827f3b49c26b4a47e0521482cfa064	not a metric of this report
tr03-official-1/3514-cell-b-pack-0773-packfault/trace.jsonl.gz	32586475	3c02807a18f2243fe32abd0cc956a8bb6b862b872dd0c802e181c78a27dc4d73	too large (trace)
tr03-official-1/3515-cell-b-pack-0781-normal-s1/reference-10ms-differences.json.gz	220208	e68ecdd5484763f9881b4dd7672af67adc66076f8586d170cd9c2e6ec2512a61	not a metric of this report
tr03-official-1/3515-cell-b-pack-0781-normal-s1/trace.jsonl.gz	18343571	f5f9cf7b3ecd3c62789d780407f587c92615886f8f451b17707b0e4e549fe13e	too large (trace)
tr03-official-1/3516-cell-b-pack-0781-normal-s2/reference-10ms-differences.json.gz	220208	e68ecdd5484763f9881b4dd7672af67adc66076f8586d170cd9c2e6ec2512a61	not a metric of this report
tr03-official-1/3516-cell-b-pack-0781-normal-s2/trace.jsonl.gz	18303173	35d433afebe6f908e9a29c2668d27396df566eb46adb971098c133af27060f55	too large (trace)
tr03-official-1/3517-cell-b-pack-0781-normal-s3/reference-10ms-differences.json.gz	220208	e68ecdd5484763f9881b4dd7672af67adc66076f8586d170cd9c2e6ec2512a61	not a metric of this report
tr03-official-1/3517-cell-b-pack-0781-normal-s3/trace.jsonl.gz	18254071	59b889d1bd7ecdb995a3fccc6984dd120ab5416088b34157fdff8aa0958e8cce	too large (trace)
tr03-official-1/3518-cell-b-pack-0781-cycle-stop/reference-10ms-differences.json.gz	27394	66ac960b63d007a1280bac588a9c3dc23b57c9201dd1b2e3377989d63dbfc2c8	not a metric of this report
tr03-official-1/3518-cell-b-pack-0781-cycle-stop/trace.jsonl.gz	2150144	f2d5011a859947083d92d100c3b535745d3ac710562bc357b80dd1e1e002c7f0	too large (trace)
tr03-official-1/3519-cell-b-pack-0781-curtain/reference-10ms-differences.json.gz	22941	332c5a1601a208c99bd62247e14bc856356573f3f0ece9191740234e85a1e94b	not a metric of this report
tr03-official-1/3519-cell-b-pack-0781-curtain/trace.jsonl.gz	1800069	c4de69ba23aebce8c7254b66aef172cb23b2053b5bf3b5392a41c3560b5e4b2a	too large (trace)
tr03-official-1/3520-cell-b-pack-0781-packfault/reference-10ms-differences.json.gz	135804	8ee49e7d1400b2358700799fe559b95bc7505ed1dee87c64045c721f8037d166	not a metric of this report
tr03-official-1/3520-cell-b-pack-0781-packfault/trace.jsonl.gz	10974714	fafe202151e975b772ef7989588653217622f5e986c07a03537e8756b4b749be	too large (trace)
tr03-official-1/3521-cell-b-pack-0792-normal-s1/reference-10ms-differences.json.gz	282700	51939fcf0b89bb57e63fb5b58f9789b248a8aeef89fbb3d24fa3939308031d7f	not a metric of this report
tr03-official-1/3521-cell-b-pack-0792-normal-s1/trace.jsonl.gz	54117834	6ec5fa4be5d99ce68b0323bc52659205a545341ca7ef698695999157f2088b85	too large (trace)
tr03-official-1/3522-cell-b-pack-0792-normal-s2/reference-10ms-differences.json.gz	177396	3e55f7cb5efc743090dba7bc6a25a67a0299aa6baa0b9ef0d27d8e395d474980	not a metric of this report
tr03-official-1/3522-cell-b-pack-0792-normal-s2/trace.jsonl.gz	56893821	eae37797e8da67c4e9783009e1f0e9ab889ed382ad26d74360c8540042a4e25f	too large (trace)
tr03-official-1/3523-cell-b-pack-0792-normal-s3/reference-10ms-differences.json.gz	175813	2a479cec184ecea47f00409e516b30d7b47334dad4a77a72d7ca54cea12084cd	not a metric of this report
tr03-official-1/3523-cell-b-pack-0792-normal-s3/trace.jsonl.gz	57071519	f142928a50818e005bd1ef571d6663af1dc00d408bd1f825a07ee51843389d9a	too large (trace)
tr03-official-1/3524-cell-b-pack-0792-cycle-stop/reference-10ms-differences.json.gz	23	f1101f8233b16d980af348db666cbdb1b9772fa79c6fa8d7d6d9550c1f6a546d	not a metric of this report
tr03-official-1/3524-cell-b-pack-0792-cycle-stop/trace.jsonl.gz	2579883	d5bffa8cfe45fd2ca452ad609f6d8ee0e1aa22d37cece48964a682633d8969c4	too large (trace)
tr03-official-1/3525-cell-b-pack-0792-curtain/reference-10ms-differences.json.gz	23	f1101f8233b16d980af348db666cbdb1b9772fa79c6fa8d7d6d9550c1f6a546d	not a metric of this report
tr03-official-1/3525-cell-b-pack-0792-curtain/trace.jsonl.gz	1982145	775c5fb8c6e71830f8c8164cf68a3f00c3750fa51540cdc9a72a1ac21631b951	too large (trace)
tr03-official-1/3526-cell-b-pack-0792-packfault/reference-10ms-differences.json.gz	105555	fd182f1f9a7930d4e941ce12695ff86f0b6432d7db4b7e63d4377a27f4e42d46	not a metric of this report
tr03-official-1/3526-cell-b-pack-0792-packfault/trace.jsonl.gz	32575395	3597192fb2823a93ce580532b47d5e001b4ecd7929dcb6ff27fd04f00d696516	too large (trace)
tr03-official-1/3527-cell-b-pack-0795-normal-s1/reference-10ms-differences.json.gz	23	f1101f8233b16d980af348db666cbdb1b9772fa79c6fa8d7d6d9550c1f6a546d	not a metric of this report
tr03-official-1/3527-cell-b-pack-0795-normal-s1/trace.jsonl.gz	73698209	83638eb604d08a83663a3866e6e91b2bb919c247a997b32aa4a5584a2bf8e653	too large (trace)
tr03-official-1/3528-cell-b-pack-0795-normal-s2/reference-10ms-differences.json.gz	23	f1101f8233b16d980af348db666cbdb1b9772fa79c6fa8d7d6d9550c1f6a546d	not a metric of this report
tr03-official-1/3528-cell-b-pack-0795-normal-s2/trace.jsonl.gz	73638729	b9b99eb1667e2cd5fccbaac84a5ca95e7a7760968726244a1e702c6d5877fbf9	too large (trace)
tr03-official-1/3529-cell-b-pack-0795-normal-s3/reference-10ms-differences.json.gz	23	f1101f8233b16d980af348db666cbdb1b9772fa79c6fa8d7d6d9550c1f6a546d	not a metric of this report
tr03-official-1/3529-cell-b-pack-0795-normal-s3/trace.jsonl.gz	73441350	a6d38abf0191caf67c22a0d728728b48a20956028bc6aa772f2771600141eec4	too large (trace)
tr03-official-1/3530-cell-b-pack-0795-cycle-stop/reference-10ms-differences.json.gz	23	f1101f8233b16d980af348db666cbdb1b9772fa79c6fa8d7d6d9550c1f6a546d	not a metric of this report
tr03-official-1/3530-cell-b-pack-0795-cycle-stop/trace.jsonl.gz	2576317	853873728fb86db0d3952c2a48fd8474f4925bc921d62ef8b1c96f09eae89253	too large (trace)
tr03-official-1/3531-cell-b-pack-0795-curtain/reference-10ms-differences.json.gz	23	f1101f8233b16d980af348db666cbdb1b9772fa79c6fa8d7d6d9550c1f6a546d	not a metric of this report
tr03-official-1/3531-cell-b-pack-0795-curtain/trace.jsonl.gz	1974763	6d61ad484b85efdcee28c77883001fa9a1efc52d00c0170a8da6114b091332d4	too large (trace)
tr03-official-1/3532-cell-b-pack-0795-packfault/reference-10ms-differences.json.gz	23	f1101f8233b16d980af348db666cbdb1b9772fa79c6fa8d7d6d9550c1f6a546d	not a metric of this report
tr03-official-1/3532-cell-b-pack-0795-packfault/trace.jsonl.gz	32537797	2359e42df8caa61a93192e8317c1e012e495b72dfeb34de5156c18e40de6ef55	too large (trace)
tr03-official-1/3533-cell-b-pack-0796-normal-s1/reference-10ms-differences.json.gz	23	f1101f8233b16d980af348db666cbdb1b9772fa79c6fa8d7d6d9550c1f6a546d	not a metric of this report
tr03-official-1/3533-cell-b-pack-0796-normal-s1/trace.jsonl.gz	73688798	2ae9c02ee22d15ab05afd6b5f8cf5f284988e07d156752d3b737e28ea1312022	too large (trace)
tr03-official-1/3534-cell-b-pack-0796-normal-s2/reference-10ms-differences.json.gz	23	f1101f8233b16d980af348db666cbdb1b9772fa79c6fa8d7d6d9550c1f6a546d	not a metric of this report
tr03-official-1/3534-cell-b-pack-0796-normal-s2/trace.jsonl.gz	73627536	f23edd50c74aeb5937c33939f2b50ee3710baca7f86b220541c1749f8b16474c	too large (trace)
tr03-official-1/3535-cell-b-pack-0796-normal-s3/reference-10ms-differences.json.gz	23	f1101f8233b16d980af348db666cbdb1b9772fa79c6fa8d7d6d9550c1f6a546d	not a metric of this report
tr03-official-1/3535-cell-b-pack-0796-normal-s3/trace.jsonl.gz	73451533	a1eee9443b7c68f2cd853b3ba43857185187b9302632c86b89c7d585e307232b	too large (trace)
tr03-official-1/3536-cell-b-pack-0796-cycle-stop/reference-10ms-differences.json.gz	23	f1101f8233b16d980af348db666cbdb1b9772fa79c6fa8d7d6d9550c1f6a546d	not a metric of this report
tr03-official-1/3536-cell-b-pack-0796-cycle-stop/trace.jsonl.gz	2580112	c65d0cfc12fe7622c24fa393c0359e82c6d395f4bf82eeb5a626be2efda3ca1f	too large (trace)
tr03-official-1/3537-cell-b-pack-0796-curtain/reference-10ms-differences.json.gz	23	f1101f8233b16d980af348db666cbdb1b9772fa79c6fa8d7d6d9550c1f6a546d	not a metric of this report
tr03-official-1/3537-cell-b-pack-0796-curtain/trace.jsonl.gz	1972962	10ea12c2a62e53ce251549a2ed8386cdeae6f61c6e8d9cc09bebd3073cc47ca6	too large (trace)
tr03-official-1/3538-cell-b-pack-0796-packfault/reference-10ms-differences.json.gz	23	f1101f8233b16d980af348db666cbdb1b9772fa79c6fa8d7d6d9550c1f6a546d	not a metric of this report
tr03-official-1/3538-cell-b-pack-0796-packfault/trace.jsonl.gz	32530858	c1b76dffe5663755a0b794034d3b2a9cab91399a2914e608fb7cb4cb0226fe9a	too large (trace)
tr03-official-1/3539-cell-b-pack-0797-normal-s1/reference-10ms-differences.json.gz	23	f1101f8233b16d980af348db666cbdb1b9772fa79c6fa8d7d6d9550c1f6a546d	not a metric of this report
tr03-official-1/3539-cell-b-pack-0797-normal-s1/trace.jsonl.gz	73705383	02eff7649db68053e7441480f32ce0b04031ee7961ba9c9d7af3e06259043825	too large (trace)
tr03-official-1/3540-cell-b-pack-0797-normal-s2/reference-10ms-differences.json.gz	23	f1101f8233b16d980af348db666cbdb1b9772fa79c6fa8d7d6d9550c1f6a546d	not a metric of this report
tr03-official-1/3540-cell-b-pack-0797-normal-s2/trace.jsonl.gz	73644633	80decd32cea2e9c9bed3caf8a9bbe27165f40a60635bffe520dbfaba949d2101	too large (trace)
tr03-official-1/3541-cell-b-pack-0797-normal-s3/reference-10ms-differences.json.gz	23	f1101f8233b16d980af348db666cbdb1b9772fa79c6fa8d7d6d9550c1f6a546d	not a metric of this report
tr03-official-1/3541-cell-b-pack-0797-normal-s3/trace.jsonl.gz	73454159	d83e8b7ebd94f4acec35d9c7d089020eaab67aed571d780fc4c4709fe688f918	too large (trace)
tr03-official-1/3542-cell-b-pack-0797-cycle-stop/reference-10ms-differences.json.gz	23	f1101f8233b16d980af348db666cbdb1b9772fa79c6fa8d7d6d9550c1f6a546d	not a metric of this report
tr03-official-1/3542-cell-b-pack-0797-cycle-stop/trace.jsonl.gz	2583203	119b577176239c487b2c8fea4b350351c1b6e118b5df9afe2077e67a18348f3d	too large (trace)
tr03-official-1/3543-cell-b-pack-0797-curtain/reference-10ms-differences.json.gz	23	f1101f8233b16d980af348db666cbdb1b9772fa79c6fa8d7d6d9550c1f6a546d	not a metric of this report
tr03-official-1/3543-cell-b-pack-0797-curtain/trace.jsonl.gz	1983749	871371c838b02e98495c38d724263b1b44212c99c6b06b3d5091f33b17ca150d	too large (trace)
tr03-official-1/3544-cell-b-pack-0797-packfault/reference-10ms-differences.json.gz	23	f1101f8233b16d980af348db666cbdb1b9772fa79c6fa8d7d6d9550c1f6a546d	not a metric of this report
tr03-official-1/3544-cell-b-pack-0797-packfault/trace.jsonl.gz	32546811	40f7e31119c08976a40a918fc175a84c6019f5530753241be265f63ee09622fd	too large (trace)
tr03-official-1/3545-cell-b-pack-0798-normal-s1/reference-10ms-differences.json.gz	23	f1101f8233b16d980af348db666cbdb1b9772fa79c6fa8d7d6d9550c1f6a546d	not a metric of this report
tr03-official-1/3545-cell-b-pack-0798-normal-s1/trace.jsonl.gz	73698885	698af58e9a5477a9259807e72c4aafd9d42fedc1b4e434015099623de7a2a2ad	too large (trace)
tr03-official-1/3546-cell-b-pack-0798-normal-s2/reference-10ms-differences.json.gz	23	f1101f8233b16d980af348db666cbdb1b9772fa79c6fa8d7d6d9550c1f6a546d	not a metric of this report
tr03-official-1/3546-cell-b-pack-0798-normal-s2/trace.jsonl.gz	73636961	e1ec65fe565cdfca9a888a9b571608b5081e46f48715566349a5511aa70d637d	too large (trace)
tr03-official-1/3547-cell-b-pack-0798-normal-s3/reference-10ms-differences.json.gz	23	f1101f8233b16d980af348db666cbdb1b9772fa79c6fa8d7d6d9550c1f6a546d	not a metric of this report
tr03-official-1/3547-cell-b-pack-0798-normal-s3/trace.jsonl.gz	73443060	828ac274c1f1d9af76f5fd1abb21c3c4eb0aa714935623284894d6f2bfb0bbdf	too large (trace)
tr03-official-1/3548-cell-b-pack-0798-cycle-stop/reference-10ms-differences.json.gz	23	f1101f8233b16d980af348db666cbdb1b9772fa79c6fa8d7d6d9550c1f6a546d	not a metric of this report
tr03-official-1/3548-cell-b-pack-0798-cycle-stop/trace.jsonl.gz	2570614	eafc6abcdd2b6ff603b52a644f777fc6ee5f0cb3d73d43cac3182353a83c05af	too large (trace)
tr03-official-1/3549-cell-b-pack-0798-curtain/reference-10ms-differences.json.gz	23	f1101f8233b16d980af348db666cbdb1b9772fa79c6fa8d7d6d9550c1f6a546d	not a metric of this report
tr03-official-1/3549-cell-b-pack-0798-curtain/trace.jsonl.gz	1972621	ed5b5bc62e893eca932273d8bf28b2308152ad520cb76637e70e9448bfd21067	too large (trace)
tr03-official-1/3550-cell-b-pack-0798-packfault/reference-10ms-differences.json.gz	23	f1101f8233b16d980af348db666cbdb1b9772fa79c6fa8d7d6d9550c1f6a546d	not a metric of this report
tr03-official-1/3550-cell-b-pack-0798-packfault/trace.jsonl.gz	32540302	755f5c04e7bd0182e67d0c64cb72770e63ad393f7543304b2791bb324ad2ffd5	too large (trace)
tr03-official-1/3551-cell-b-pack-0799-normal-s1/reference-10ms-differences.json.gz	23	f1101f8233b16d980af348db666cbdb1b9772fa79c6fa8d7d6d9550c1f6a546d	not a metric of this report
tr03-official-1/3551-cell-b-pack-0799-normal-s1/trace.jsonl.gz	73711156	d72a718b307c53e55986a7282ee3ea6bb9693def8025726ed882399adf16ee0b	too large (trace)
tr03-official-1/3552-cell-b-pack-0799-normal-s2/reference-10ms-differences.json.gz	23	f1101f8233b16d980af348db666cbdb1b9772fa79c6fa8d7d6d9550c1f6a546d	not a metric of this report
tr03-official-1/3552-cell-b-pack-0799-normal-s2/trace.jsonl.gz	73636541	aa33b0f9311b7b7fd273f32f7e82e955d040b32bc915c9f503425e8b16499a54	too large (trace)
tr03-official-1/3553-cell-b-pack-0799-normal-s3/reference-10ms-differences.json.gz	23	f1101f8233b16d980af348db666cbdb1b9772fa79c6fa8d7d6d9550c1f6a546d	not a metric of this report
tr03-official-1/3553-cell-b-pack-0799-normal-s3/trace.jsonl.gz	73459561	6ae2b4569260df2c4cb3def88fd80d48ee56f85ff6bc5a535ae49196575a0d27	too large (trace)
tr03-official-1/3554-cell-b-pack-0799-cycle-stop/reference-10ms-differences.json.gz	23	f1101f8233b16d980af348db666cbdb1b9772fa79c6fa8d7d6d9550c1f6a546d	not a metric of this report
tr03-official-1/3554-cell-b-pack-0799-cycle-stop/trace.jsonl.gz	2577865	b27daeebbf0dc430ad5fc2145e7ae0a736c3d8450a1f5ccaf93cb80987277a8a	too large (trace)
tr03-official-1/3555-cell-b-pack-0799-curtain/reference-10ms-differences.json.gz	23	f1101f8233b16d980af348db666cbdb1b9772fa79c6fa8d7d6d9550c1f6a546d	not a metric of this report
tr03-official-1/3555-cell-b-pack-0799-curtain/trace.jsonl.gz	1981930	f3ad2324e21707ce83cc0a841308c3fb356f722f274cf12adaa8af0ab126cb03	too large (trace)
tr03-official-1/3556-cell-b-pack-0799-packfault/reference-10ms-differences.json.gz	23	f1101f8233b16d980af348db666cbdb1b9772fa79c6fa8d7d6d9550c1f6a546d	not a metric of this report
tr03-official-1/3556-cell-b-pack-0799-packfault/trace.jsonl.gz	32547027	66171222b497ca70d133b2233e1ba6949208da8b02b3b7e36b5f103f9e9681a9	too large (trace)
tr03-official-1/3557-cell-b-pack-0800-normal-s1/reference-10ms-differences.json.gz	23	f1101f8233b16d980af348db666cbdb1b9772fa79c6fa8d7d6d9550c1f6a546d	not a metric of this report
tr03-official-1/3557-cell-b-pack-0800-normal-s1/trace.jsonl.gz	73683514	931c7d985329be9c588ed360b3362538272914f3106d184777fde06585f3c54e	too large (trace)
tr03-official-1/3558-cell-b-pack-0800-normal-s2/reference-10ms-differences.json.gz	23	f1101f8233b16d980af348db666cbdb1b9772fa79c6fa8d7d6d9550c1f6a546d	not a metric of this report
tr03-official-1/3558-cell-b-pack-0800-normal-s2/trace.jsonl.gz	73634123	2a6da1ed2f10f7578b9ee331a1a373a31c2c6fcf94f7c2a89c1d6c38d9f767f1	too large (trace)
tr03-official-1/3559-cell-b-pack-0800-normal-s3/reference-10ms-differences.json.gz	23	f1101f8233b16d980af348db666cbdb1b9772fa79c6fa8d7d6d9550c1f6a546d	not a metric of this report
tr03-official-1/3559-cell-b-pack-0800-normal-s3/trace.jsonl.gz	73440972	aa8711e5121e8109be21c1a1438cf6bfc50ca0a40b687b0cb56988f002f33908	too large (trace)
tr03-official-1/3560-cell-b-pack-0800-cycle-stop/reference-10ms-differences.json.gz	23	f1101f8233b16d980af348db666cbdb1b9772fa79c6fa8d7d6d9550c1f6a546d	not a metric of this report
tr03-official-1/3560-cell-b-pack-0800-cycle-stop/trace.jsonl.gz	2561542	50ca1f9ec922ba5a2097e96a3252235c60daf733d295051ad62a5360846bdee1	too large (trace)
tr03-official-1/3561-cell-b-pack-0800-curtain/reference-10ms-differences.json.gz	23	f1101f8233b16d980af348db666cbdb1b9772fa79c6fa8d7d6d9550c1f6a546d	not a metric of this report
tr03-official-1/3561-cell-b-pack-0800-curtain/trace.jsonl.gz	1966640	b1871afb8b1ef61f18e56e915e1f889d98d2bb71b959607ad9b0b63cd4ba3fa8	too large (trace)
tr03-official-1/3562-cell-b-pack-0800-packfault/reference-10ms-differences.json.gz	23	f1101f8233b16d980af348db666cbdb1b9772fa79c6fa8d7d6d9550c1f6a546d	not a metric of this report
tr03-official-1/3562-cell-b-pack-0800-packfault/trace.jsonl.gz	32525311	cfa9ece6a2fc3aadae75d090bf58e0192e3afe8df5b5be28aa9a27c2415995d7	too large (trace)
tr03-official-1/3563-cell-b-pack-0801-normal-s1/reference-10ms-differences.json.gz	23	f1101f8233b16d980af348db666cbdb1b9772fa79c6fa8d7d6d9550c1f6a546d	not a metric of this report
tr03-official-1/3563-cell-b-pack-0801-normal-s1/trace.jsonl.gz	73709477	b5733ce346bce96b0bef312e0879a4bb39088a43d5ffe7abc914bb2b58cb88b0	too large (trace)
tr03-official-1/3564-cell-b-pack-0801-normal-s2/reference-10ms-differences.json.gz	23	f1101f8233b16d980af348db666cbdb1b9772fa79c6fa8d7d6d9550c1f6a546d	not a metric of this report
tr03-official-1/3564-cell-b-pack-0801-normal-s2/trace.jsonl.gz	73632313	4237fe3308f0a75bb53a7e4e4a9d2cefb1edff8014acdea3d97545023b1c00b2	too large (trace)
tr03-official-1/3565-cell-b-pack-0801-normal-s3/reference-10ms-differences.json.gz	23	f1101f8233b16d980af348db666cbdb1b9772fa79c6fa8d7d6d9550c1f6a546d	not a metric of this report
tr03-official-1/3565-cell-b-pack-0801-normal-s3/trace.jsonl.gz	73454087	e52ee3bac96a2d6365c8898634f482528b4f2fb9918950ed4b0dea7cb3c7a97a	too large (trace)
tr03-official-1/3566-cell-b-pack-0801-cycle-stop/reference-10ms-differences.json.gz	23	f1101f8233b16d980af348db666cbdb1b9772fa79c6fa8d7d6d9550c1f6a546d	not a metric of this report
tr03-official-1/3566-cell-b-pack-0801-cycle-stop/trace.jsonl.gz	2583477	0b1baa7330914d5111040a8b792cadd2d044341e1a9fb5d6af471c9aaaa7c47e	too large (trace)
tr03-official-1/3567-cell-b-pack-0801-curtain/reference-10ms-differences.json.gz	23	f1101f8233b16d980af348db666cbdb1b9772fa79c6fa8d7d6d9550c1f6a546d	not a metric of this report
tr03-official-1/3567-cell-b-pack-0801-curtain/trace.jsonl.gz	1972342	e002711aadff889074a0d4cbc6d66f33020bf6254af9544165a7034f353424e6	too large (trace)
tr03-official-1/3568-cell-b-pack-0801-packfault/reference-10ms-differences.json.gz	23	f1101f8233b16d980af348db666cbdb1b9772fa79c6fa8d7d6d9550c1f6a546d	not a metric of this report
tr03-official-1/3568-cell-b-pack-0801-packfault/trace.jsonl.gz	32542862	6f3df75b864626619a955c2e2dddd0e21b2170ec27a1b0bb8e7e9f0d28896ca6	too large (trace)
tr03-official-1/3569-cell-b-pack-0802-normal-s1/reference-10ms-differences.json.gz	23	f1101f8233b16d980af348db666cbdb1b9772fa79c6fa8d7d6d9550c1f6a546d	not a metric of this report
tr03-official-1/3569-cell-b-pack-0802-normal-s1/trace.jsonl.gz	73712305	e5d7df705af447b38d151f818825232317105cc55cecbcc23a649fb5a4d866b5	too large (trace)
tr03-official-1/3570-cell-b-pack-0802-normal-s2/reference-10ms-differences.json.gz	23	f1101f8233b16d980af348db666cbdb1b9772fa79c6fa8d7d6d9550c1f6a546d	not a metric of this report
tr03-official-1/3570-cell-b-pack-0802-normal-s2/trace.jsonl.gz	73628894	73ca0cd42320210b2a1d818677664b59b3fbe8cfadffbd9ecb286647017a7372	too large (trace)
tr03-official-1/3571-cell-b-pack-0802-normal-s3/reference-10ms-differences.json.gz	23	f1101f8233b16d980af348db666cbdb1b9772fa79c6fa8d7d6d9550c1f6a546d	not a metric of this report
tr03-official-1/3571-cell-b-pack-0802-normal-s3/trace.jsonl.gz	73452287	9aa8a5cfbf8525049fed9d4d9664fb50b1d51f8082a1158c19df380005b0a444	too large (trace)
tr03-official-1/3572-cell-b-pack-0802-cycle-stop/reference-10ms-differences.json.gz	23	f1101f8233b16d980af348db666cbdb1b9772fa79c6fa8d7d6d9550c1f6a546d	not a metric of this report
tr03-official-1/3572-cell-b-pack-0802-cycle-stop/trace.jsonl.gz	2586676	aa378bb66171a8d4494c4014b39e654d5dbfefa6f7b22b355a5963f9b2b4a9e3	too large (trace)
tr03-official-1/3573-cell-b-pack-0802-curtain/reference-10ms-differences.json.gz	23	f1101f8233b16d980af348db666cbdb1b9772fa79c6fa8d7d6d9550c1f6a546d	not a metric of this report
tr03-official-1/3573-cell-b-pack-0802-curtain/trace.jsonl.gz	1986688	cf9033bc52386c9968158fba7298fdbc879e95378c597b34875e293c062ab4ed	too large (trace)
tr03-official-1/3574-cell-b-pack-0802-packfault/reference-10ms-differences.json.gz	23	f1101f8233b16d980af348db666cbdb1b9772fa79c6fa8d7d6d9550c1f6a546d	not a metric of this report
tr03-official-1/3574-cell-b-pack-0802-packfault/trace.jsonl.gz	32555983	7fcb1a19cccc8ef8ecb04bebddad6b771ccd88133bca77420b3b60cbd70efe43	too large (trace)
tr03-official-1/3575-cell-b-pack-0803-normal-s1/reference-10ms-differences.json.gz	23	f1101f8233b16d980af348db666cbdb1b9772fa79c6fa8d7d6d9550c1f6a546d	not a metric of this report
tr03-official-1/3575-cell-b-pack-0803-normal-s1/trace.jsonl.gz	73706680	93a10197e0ce435d5e100844a0e0585c5b46cd8c9099dd9e16981cd51bbee8f3	too large (trace)
tr03-official-1/3576-cell-b-pack-0803-normal-s2/reference-10ms-differences.json.gz	23	f1101f8233b16d980af348db666cbdb1b9772fa79c6fa8d7d6d9550c1f6a546d	not a metric of this report
tr03-official-1/3576-cell-b-pack-0803-normal-s2/trace.jsonl.gz	73636283	6f8f5bdb096465a1e562f0f1f7dbc97ad1df6e079f4b00ac616b03205645e69a	too large (trace)
tr03-official-1/3577-cell-b-pack-0803-normal-s3/reference-10ms-differences.json.gz	23	f1101f8233b16d980af348db666cbdb1b9772fa79c6fa8d7d6d9550c1f6a546d	not a metric of this report
tr03-official-1/3577-cell-b-pack-0803-normal-s3/trace.jsonl.gz	73456258	5f5a3f139545db0d37f49d68dcce9cc294bdf24be36378a6db4305030294ab9e	too large (trace)
tr03-official-1/3578-cell-b-pack-0803-cycle-stop/reference-10ms-differences.json.gz	23	f1101f8233b16d980af348db666cbdb1b9772fa79c6fa8d7d6d9550c1f6a546d	not a metric of this report
tr03-official-1/3578-cell-b-pack-0803-cycle-stop/trace.jsonl.gz	2574313	0c8399958ad6090c6e439d957819b67b743daefd7a8dd28d2acaaa5d16922d97	too large (trace)
tr03-official-1/3579-cell-b-pack-0803-curtain/reference-10ms-differences.json.gz	23	f1101f8233b16d980af348db666cbdb1b9772fa79c6fa8d7d6d9550c1f6a546d	not a metric of this report
tr03-official-1/3579-cell-b-pack-0803-curtain/trace.jsonl.gz	1982921	d97709656e6f8fd0439082b6d8a124ff511ceaf9074f5fa180f15e483436f840	too large (trace)
tr03-official-1/3580-cell-b-pack-0803-packfault/reference-10ms-differences.json.gz	23	f1101f8233b16d980af348db666cbdb1b9772fa79c6fa8d7d6d9550c1f6a546d	not a metric of this report
tr03-official-1/3580-cell-b-pack-0803-packfault/trace.jsonl.gz	32544805	699a5c588bd300f81389dde577ef3735557a6ab3e51aab622494f43cba2a2cdb	too large (trace)
tr03-official-1/3581-cell-b-pack-0804-normal-s1/reference-10ms-differences.json.gz	23	f1101f8233b16d980af348db666cbdb1b9772fa79c6fa8d7d6d9550c1f6a546d	not a metric of this report
tr03-official-1/3581-cell-b-pack-0804-normal-s1/trace.jsonl.gz	73709053	9135ec513dcd98363621208206836c5b250f1113fe427504566d0e3549b4a454	too large (trace)
tr03-official-1/3582-cell-b-pack-0804-normal-s2/reference-10ms-differences.json.gz	23	f1101f8233b16d980af348db666cbdb1b9772fa79c6fa8d7d6d9550c1f6a546d	not a metric of this report
tr03-official-1/3582-cell-b-pack-0804-normal-s2/trace.jsonl.gz	73636327	e9936a267a7d3dd3943c9345873da788e3271f37136da70aa6a4571a8816e83d	too large (trace)
tr03-official-1/3583-cell-b-pack-0804-normal-s3/reference-10ms-differences.json.gz	23	f1101f8233b16d980af348db666cbdb1b9772fa79c6fa8d7d6d9550c1f6a546d	not a metric of this report
tr03-official-1/3583-cell-b-pack-0804-normal-s3/trace.jsonl.gz	73463546	272541c4531704fb7e7742af589b86be202df4907a6b804e1a431bb65d25ecad	too large (trace)
tr03-official-1/3584-cell-b-pack-0804-cycle-stop/reference-10ms-differences.json.gz	23	f1101f8233b16d980af348db666cbdb1b9772fa79c6fa8d7d6d9550c1f6a546d	not a metric of this report
tr03-official-1/3584-cell-b-pack-0804-cycle-stop/trace.jsonl.gz	2581013	9fd54dce4f123c3bda4edc2e9351b74ec566dc2ad0cb0dd6602469cbf21aa692	too large (trace)
tr03-official-1/3585-cell-b-pack-0804-curtain/reference-10ms-differences.json.gz	23	f1101f8233b16d980af348db666cbdb1b9772fa79c6fa8d7d6d9550c1f6a546d	not a metric of this report
tr03-official-1/3585-cell-b-pack-0804-curtain/trace.jsonl.gz	1980038	822cde676b92f764364e47a630c2079f05099ff3cf7c34f5797a52203bbaa0c5	too large (trace)
tr03-official-1/3586-cell-b-pack-0804-packfault/reference-10ms-differences.json.gz	23	f1101f8233b16d980af348db666cbdb1b9772fa79c6fa8d7d6d9550c1f6a546d	not a metric of this report
tr03-official-1/3586-cell-b-pack-0804-packfault/trace.jsonl.gz	32547139	9ebdca64631c03da5e294192740916936fe7963a9ac1f070dcfeb35ba78439f7	too large (trace)
tr03-official-1/3587-cell-b-pack-0805-normal-s1/reference-10ms-differences.json.gz	23	f1101f8233b16d980af348db666cbdb1b9772fa79c6fa8d7d6d9550c1f6a546d	not a metric of this report
tr03-official-1/3587-cell-b-pack-0805-normal-s1/trace.jsonl.gz	73707421	4e0baa93d34708ba88e1a50e401f94cb03fbeff455091d6d5e0937e85d722e4e	too large (trace)
tr03-official-1/3588-cell-b-pack-0805-normal-s2/reference-10ms-differences.json.gz	23	f1101f8233b16d980af348db666cbdb1b9772fa79c6fa8d7d6d9550c1f6a546d	not a metric of this report
tr03-official-1/3588-cell-b-pack-0805-normal-s2/trace.jsonl.gz	73630390	5da3a761aaa4a799ec6f34adbb22947a25ebb0bbcea1a2eb87288396204d7450	too large (trace)
tr03-official-1/3589-cell-b-pack-0805-normal-s3/reference-10ms-differences.json.gz	23	f1101f8233b16d980af348db666cbdb1b9772fa79c6fa8d7d6d9550c1f6a546d	not a metric of this report
tr03-official-1/3589-cell-b-pack-0805-normal-s3/trace.jsonl.gz	73446290	eabb3e7c9a9ab7f16c97b753be4c89d64f3c8344e63f65daefab2a8db95e3fea	too large (trace)
tr03-official-1/3590-cell-b-pack-0805-cycle-stop/reference-10ms-differences.json.gz	23	f1101f8233b16d980af348db666cbdb1b9772fa79c6fa8d7d6d9550c1f6a546d	not a metric of this report
tr03-official-1/3590-cell-b-pack-0805-cycle-stop/trace.jsonl.gz	2578315	96eca891528b8a86bee97c41bb02b9999aee09e9a9d0e6ec0de430cfd8825012	too large (trace)
tr03-official-1/3591-cell-b-pack-0805-curtain/reference-10ms-differences.json.gz	23	f1101f8233b16d980af348db666cbdb1b9772fa79c6fa8d7d6d9550c1f6a546d	not a metric of this report
tr03-official-1/3591-cell-b-pack-0805-curtain/trace.jsonl.gz	1976645	82fbb30190dfa735d63e59b823fe34ee99324528209406db285689379d43c9f8	too large (trace)
tr03-official-1/3592-cell-b-pack-0805-packfault/reference-10ms-differences.json.gz	23	f1101f8233b16d980af348db666cbdb1b9772fa79c6fa8d7d6d9550c1f6a546d	not a metric of this report
tr03-official-1/3592-cell-b-pack-0805-packfault/trace.jsonl.gz	32541279	2c1560279a05bb696dba5d04e5bfc7814a56d841010d6ad8c26e2a629d18de38	too large (trace)
tr03-official-1/3593-cell-b-pack-0806-normal-s1/reference-10ms-differences.json.gz	23	f1101f8233b16d980af348db666cbdb1b9772fa79c6fa8d7d6d9550c1f6a546d	not a metric of this report
tr03-official-1/3593-cell-b-pack-0806-normal-s1/trace.jsonl.gz	73692087	fb37cb5c4dd16a45f3d70feb6bc5c916e8b08fb905c63059d9023c99c97a784b	too large (trace)
tr03-official-1/3594-cell-b-pack-0806-normal-s2/reference-10ms-differences.json.gz	23	f1101f8233b16d980af348db666cbdb1b9772fa79c6fa8d7d6d9550c1f6a546d	not a metric of this report
tr03-official-1/3594-cell-b-pack-0806-normal-s2/trace.jsonl.gz	73627739	4884fced5a2c0af9dd374dfd129be3e84eecfef19905b5f8602e3974a21fea6d	too large (trace)
tr03-official-1/3595-cell-b-pack-0806-normal-s3/reference-10ms-differences.json.gz	23	f1101f8233b16d980af348db666cbdb1b9772fa79c6fa8d7d6d9550c1f6a546d	not a metric of this report
tr03-official-1/3595-cell-b-pack-0806-normal-s3/trace.jsonl.gz	73459856	febfad66d6c3d3e8a080159dca11ccc6f3ce16e69a4987ba67a3194592b3487c	too large (trace)
tr03-official-1/3596-cell-b-pack-0806-cycle-stop/reference-10ms-differences.json.gz	23	f1101f8233b16d980af348db666cbdb1b9772fa79c6fa8d7d6d9550c1f6a546d	not a metric of this report
tr03-official-1/3596-cell-b-pack-0806-cycle-stop/trace.jsonl.gz	2578091	5ff43e08e8962de63fa9f5f1eab1cb165be05b7276719e825df253d5333d6b89	too large (trace)
tr03-official-1/3597-cell-b-pack-0806-curtain/reference-10ms-differences.json.gz	23	f1101f8233b16d980af348db666cbdb1b9772fa79c6fa8d7d6d9550c1f6a546d	not a metric of this report
tr03-official-1/3597-cell-b-pack-0806-curtain/trace.jsonl.gz	1979453	3a917ecbd35b879f4407bb1290b9c5d3caaaa956cf62a215a3b65fe9fbbd0ebd	too large (trace)
tr03-official-1/3598-cell-b-pack-0806-packfault/reference-10ms-differences.json.gz	23	f1101f8233b16d980af348db666cbdb1b9772fa79c6fa8d7d6d9550c1f6a546d	not a metric of this report
tr03-official-1/3598-cell-b-pack-0806-packfault/trace.jsonl.gz	32536199	416f078b84157818b12859a83d421848c1f9bdf13b3d7a62e53cea148c717b63	too large (trace)
tr03-official-1/3599-cell-b-pack-0807-normal-s1/reference-10ms-differences.json.gz	23	f1101f8233b16d980af348db666cbdb1b9772fa79c6fa8d7d6d9550c1f6a546d	not a metric of this report
tr03-official-1/3599-cell-b-pack-0807-normal-s1/trace.jsonl.gz	73708601	84f1568e5cc284a02b568edc84f98c67336e8efd6e8205bc201eeabcc3aa29b0	too large (trace)
tr03-official-1/3600-cell-b-pack-0807-normal-s2/reference-10ms-differences.json.gz	23	f1101f8233b16d980af348db666cbdb1b9772fa79c6fa8d7d6d9550c1f6a546d	not a metric of this report
tr03-official-1/3600-cell-b-pack-0807-normal-s2/trace.jsonl.gz	73641116	eb8a7fe8c8180b13c22c423ef048d18f97c0ae26f02831b27d64d3deb0961806	too large (trace)
tr03-official-1/3601-cell-b-pack-0807-normal-s3/reference-10ms-differences.json.gz	23	f1101f8233b16d980af348db666cbdb1b9772fa79c6fa8d7d6d9550c1f6a546d	not a metric of this report
tr03-official-1/3601-cell-b-pack-0807-normal-s3/trace.jsonl.gz	73443111	065a3380fe5c9ec374c977f05f2d5c8940bfa792ff28a3ca34db28dd935b4dc5	too large (trace)
tr03-official-1/3602-cell-b-pack-0807-cycle-stop/reference-10ms-differences.json.gz	23	f1101f8233b16d980af348db666cbdb1b9772fa79c6fa8d7d6d9550c1f6a546d	not a metric of this report
tr03-official-1/3602-cell-b-pack-0807-cycle-stop/trace.jsonl.gz	2579015	b5a4a74c90492f953c5e7165f0749b2dff16fe0cc84256d7afe89eef1e1d7c6b	too large (trace)
tr03-official-1/3603-cell-b-pack-0807-curtain/reference-10ms-differences.json.gz	23	f1101f8233b16d980af348db666cbdb1b9772fa79c6fa8d7d6d9550c1f6a546d	not a metric of this report
tr03-official-1/3603-cell-b-pack-0807-curtain/trace.jsonl.gz	1976322	10d28d533c6d3a56b6ecd65630fe17b7e9b17a5d638ef7d0d2c55b50aea79f80	too large (trace)
tr03-official-1/3604-cell-b-pack-0807-packfault/reference-10ms-differences.json.gz	23	f1101f8233b16d980af348db666cbdb1b9772fa79c6fa8d7d6d9550c1f6a546d	not a metric of this report
tr03-official-1/3604-cell-b-pack-0807-packfault/trace.jsonl.gz	32551087	b65920d47bc7befae9abc45326a62064afd74edf0ee4b92590014dfca29302f4	too large (trace)
tr03-official-1/3605-cell-b-pack-0808-normal-s1/reference-10ms-differences.json.gz	23	f1101f8233b16d980af348db666cbdb1b9772fa79c6fa8d7d6d9550c1f6a546d	not a metric of this report
tr03-official-1/3605-cell-b-pack-0808-normal-s1/trace.jsonl.gz	73702624	17416933d6531edea0ffe658f1c56b92b696fa8f7c6a677a388eab855c23bb6c	too large (trace)
tr03-official-1/3606-cell-b-pack-0808-normal-s2/reference-10ms-differences.json.gz	23	f1101f8233b16d980af348db666cbdb1b9772fa79c6fa8d7d6d9550c1f6a546d	not a metric of this report
tr03-official-1/3606-cell-b-pack-0808-normal-s2/trace.jsonl.gz	73639221	1806b6f5783df15248e47c38ccc24e5a33ccc223cba68578b8b67d505136079d	too large (trace)
tr03-official-1/3607-cell-b-pack-0808-normal-s3/reference-10ms-differences.json.gz	23	f1101f8233b16d980af348db666cbdb1b9772fa79c6fa8d7d6d9550c1f6a546d	not a metric of this report
tr03-official-1/3607-cell-b-pack-0808-normal-s3/trace.jsonl.gz	73448201	d5d99c9f74d3da9c3bdf6f6753b3b2b612676f730864151fc0bb54a246bb82d6	too large (trace)
tr03-official-1/3608-cell-b-pack-0808-cycle-stop/reference-10ms-differences.json.gz	23	f1101f8233b16d980af348db666cbdb1b9772fa79c6fa8d7d6d9550c1f6a546d	not a metric of this report
tr03-official-1/3608-cell-b-pack-0808-cycle-stop/trace.jsonl.gz	2573326	60e3facca39275e5403e9c9d78b9a75ae16d3c88d837d1f4696c337ab93d1362	too large (trace)
tr03-official-1/3609-cell-b-pack-0808-curtain/reference-10ms-differences.json.gz	23	f1101f8233b16d980af348db666cbdb1b9772fa79c6fa8d7d6d9550c1f6a546d	not a metric of this report
tr03-official-1/3609-cell-b-pack-0808-curtain/trace.jsonl.gz	1967254	ea78b01ccdba946db6397154c5b814340c919be2ab3882f9fe45aa87a4cd2d9b	too large (trace)
tr03-official-1/3610-cell-b-pack-0808-packfault/reference-10ms-differences.json.gz	23	f1101f8233b16d980af348db666cbdb1b9772fa79c6fa8d7d6d9550c1f6a546d	not a metric of this report
tr03-official-1/3610-cell-b-pack-0808-packfault/trace.jsonl.gz	32537373	2a3fe1af696ad2a5237458f0f0a96693468c826f323689294344ba6913e6ecfc	too large (trace)
tr03-official-1/3611-cell-b-pack-0809-normal-s1/reference-10ms-differences.json.gz	23	f1101f8233b16d980af348db666cbdb1b9772fa79c6fa8d7d6d9550c1f6a546d	not a metric of this report
tr03-official-1/3611-cell-b-pack-0809-normal-s1/trace.jsonl.gz	73719863	051049f90143b8ce95f1dff5a97b58c8fbe83eced33255081bc8077f0ec046d8	too large (trace)
tr03-official-1/3612-cell-b-pack-0809-normal-s2/reference-10ms-differences.json.gz	23	f1101f8233b16d980af348db666cbdb1b9772fa79c6fa8d7d6d9550c1f6a546d	not a metric of this report
tr03-official-1/3612-cell-b-pack-0809-normal-s2/trace.jsonl.gz	73639713	1c798c590852bab8db1f77b3934481ec84f7e436942c0044b585977844d33db8	too large (trace)
tr03-official-1/3613-cell-b-pack-0809-normal-s3/reference-10ms-differences.json.gz	23	f1101f8233b16d980af348db666cbdb1b9772fa79c6fa8d7d6d9550c1f6a546d	not a metric of this report
tr03-official-1/3613-cell-b-pack-0809-normal-s3/trace.jsonl.gz	73447385	c9f769eeb891d6bd19dab750f4e441ec7d9ce494671b3930a3da0410ab66291a	too large (trace)
tr03-official-1/3614-cell-b-pack-0809-cycle-stop/reference-10ms-differences.json.gz	23	f1101f8233b16d980af348db666cbdb1b9772fa79c6fa8d7d6d9550c1f6a546d	not a metric of this report
tr03-official-1/3614-cell-b-pack-0809-cycle-stop/trace.jsonl.gz	2585720	5708ae60cbad95abb7ce0c95a897c3dedb9a5ee25b702bc2d1e6a77b4de81f9f	too large (trace)
tr03-official-1/3615-cell-b-pack-0809-curtain/reference-10ms-differences.json.gz	23	f1101f8233b16d980af348db666cbdb1b9772fa79c6fa8d7d6d9550c1f6a546d	not a metric of this report
tr03-official-1/3615-cell-b-pack-0809-curtain/trace.jsonl.gz	1987873	8e3678392411d32b44ebbe50c4d5b56f28ce1ab425fc2a33bf1a01521cb5d379	too large (trace)
tr03-official-1/3616-cell-b-pack-0809-packfault/reference-10ms-differences.json.gz	23	f1101f8233b16d980af348db666cbdb1b9772fa79c6fa8d7d6d9550c1f6a546d	not a metric of this report
tr03-official-1/3616-cell-b-pack-0809-packfault/trace.jsonl.gz	32552341	2a215e7d1a7c85bc81ec9168fdf8344dcc42aa4100755ef5bd2e1cb0c16cb9dc	too large (trace)
tr03-official-1/3617-cell-b-pack-0810-normal-s1/reference-10ms-differences.json.gz	23	f1101f8233b16d980af348db666cbdb1b9772fa79c6fa8d7d6d9550c1f6a546d	not a metric of this report
tr03-official-1/3617-cell-b-pack-0810-normal-s1/trace.jsonl.gz	73701988	d07397281113a01423a19c7bca737c5a29cbf2e9706c8adec35e7eb966aeb603	too large (trace)
tr03-official-1/3618-cell-b-pack-0810-normal-s2/reference-10ms-differences.json.gz	23	f1101f8233b16d980af348db666cbdb1b9772fa79c6fa8d7d6d9550c1f6a546d	not a metric of this report
tr03-official-1/3618-cell-b-pack-0810-normal-s2/trace.jsonl.gz	73645005	845fd699d65d9ddf31219ec56d0538c4227f3cc18b3d7a0cbe33567c1777bff3	too large (trace)
tr03-official-1/3619-cell-b-pack-0810-normal-s3/reference-10ms-differences.json.gz	23	f1101f8233b16d980af348db666cbdb1b9772fa79c6fa8d7d6d9550c1f6a546d	not a metric of this report
tr03-official-1/3619-cell-b-pack-0810-normal-s3/trace.jsonl.gz	73452136	31ee297cd938f8b1c6724ab9bf771cd54cf294efb30cbccc807ac8b0faeefe3a	too large (trace)
tr03-official-1/3620-cell-b-pack-0810-cycle-stop/reference-10ms-differences.json.gz	23	f1101f8233b16d980af348db666cbdb1b9772fa79c6fa8d7d6d9550c1f6a546d	not a metric of this report
tr03-official-1/3620-cell-b-pack-0810-cycle-stop/trace.jsonl.gz	2582398	8f50f5158b3326dcbd4b48fcd4d83b5aff48a776e3ecb487d6ce5d83d263147d	too large (trace)
tr03-official-1/3621-cell-b-pack-0810-curtain/reference-10ms-differences.json.gz	23	f1101f8233b16d980af348db666cbdb1b9772fa79c6fa8d7d6d9550c1f6a546d	not a metric of this report
tr03-official-1/3621-cell-b-pack-0810-curtain/trace.jsonl.gz	1972558	9f0f6e806c03cdfa308b18531f3da8de4322e865483dd97d09ccf2e03663316d	too large (trace)
tr03-official-1/3622-cell-b-pack-0810-packfault/reference-10ms-differences.json.gz	23	f1101f8233b16d980af348db666cbdb1b9772fa79c6fa8d7d6d9550c1f6a546d	not a metric of this report
tr03-official-1/3622-cell-b-pack-0810-packfault/trace.jsonl.gz	32540547	085cde288182fbb0c3befbd9226ed7904d03d7d7ffa564fcf4deac36db56265b	too large (trace)
tr03-official-1/3623-cell-b-pack-0811-normal-s1/reference-10ms-differences.json.gz	23	f1101f8233b16d980af348db666cbdb1b9772fa79c6fa8d7d6d9550c1f6a546d	not a metric of this report
tr03-official-1/3623-cell-b-pack-0811-normal-s1/trace.jsonl.gz	73685681	a68ef9eecc9aefbb7a73d7ac5037daca4b35e162d41c99648f3874e662d31891	too large (trace)
tr03-official-1/3624-cell-b-pack-0811-normal-s2/reference-10ms-differences.json.gz	23	f1101f8233b16d980af348db666cbdb1b9772fa79c6fa8d7d6d9550c1f6a546d	not a metric of this report
tr03-official-1/3624-cell-b-pack-0811-normal-s2/trace.jsonl.gz	73642916	38390032fd803d51cd3b044472655a167945544514edb0d54461c75f8230d762	too large (trace)
tr03-official-1/3625-cell-b-pack-0811-normal-s3/reference-10ms-differences.json.gz	23	f1101f8233b16d980af348db666cbdb1b9772fa79c6fa8d7d6d9550c1f6a546d	not a metric of this report
tr03-official-1/3625-cell-b-pack-0811-normal-s3/trace.jsonl.gz	73447638	4338aac632d8619fdcdfef67d4fff8fb1e29e7bece1672a194083c03ebcd3969	too large (trace)
tr03-official-1/3626-cell-b-pack-0811-cycle-stop/reference-10ms-differences.json.gz	23	f1101f8233b16d980af348db666cbdb1b9772fa79c6fa8d7d6d9550c1f6a546d	not a metric of this report
tr03-official-1/3626-cell-b-pack-0811-cycle-stop/trace.jsonl.gz	2576504	3219ebd3ad2f4f096d687a29967672db2bba6a02fa4390c243a73f97313d9aaa	too large (trace)
tr03-official-1/3627-cell-b-pack-0811-curtain/reference-10ms-differences.json.gz	23	f1101f8233b16d980af348db666cbdb1b9772fa79c6fa8d7d6d9550c1f6a546d	not a metric of this report
tr03-official-1/3627-cell-b-pack-0811-curtain/trace.jsonl.gz	1976526	28c83d55da96f7d9326cc720fe04dc715744733b18781e06777dad67092d1e0a	too large (trace)
tr03-official-1/3628-cell-b-pack-0811-packfault/reference-10ms-differences.json.gz	23	f1101f8233b16d980af348db666cbdb1b9772fa79c6fa8d7d6d9550c1f6a546d	not a metric of this report
tr03-official-1/3628-cell-b-pack-0811-packfault/trace.jsonl.gz	32536017	694206428ad3f6d3da13e42b9c3bd8844c4fc7b4d8ad79066e90a01b7472d03a	too large (trace)
tr03-official-1/3629-cell-b-pack-0812-normal-s1/reference-10ms-differences.json.gz	23	f1101f8233b16d980af348db666cbdb1b9772fa79c6fa8d7d6d9550c1f6a546d	not a metric of this report
tr03-official-1/3629-cell-b-pack-0812-normal-s1/trace.jsonl.gz	73696290	a695bdb2ce290508de666592bfa0dee43846c788d26fc2de192ca62e6de3501b	too large (trace)
tr03-official-1/3630-cell-b-pack-0812-normal-s2/reference-10ms-differences.json.gz	23	f1101f8233b16d980af348db666cbdb1b9772fa79c6fa8d7d6d9550c1f6a546d	not a metric of this report
tr03-official-1/3630-cell-b-pack-0812-normal-s2/trace.jsonl.gz	73628296	44186707a5e30f0919d68895147413890fed0fef6f7b58fc3a44dd4d7d2bacb3	too large (trace)
tr03-official-1/3631-cell-b-pack-0812-normal-s3/reference-10ms-differences.json.gz	23	f1101f8233b16d980af348db666cbdb1b9772fa79c6fa8d7d6d9550c1f6a546d	not a metric of this report
tr03-official-1/3631-cell-b-pack-0812-normal-s3/trace.jsonl.gz	73439586	99218a1772a666393c4e88207c80d9913b45ab0ce7590c60d312a8a27fe75254	too large (trace)
tr03-official-1/3632-cell-b-pack-0812-cycle-stop/reference-10ms-differences.json.gz	23	f1101f8233b16d980af348db666cbdb1b9772fa79c6fa8d7d6d9550c1f6a546d	not a metric of this report
tr03-official-1/3632-cell-b-pack-0812-cycle-stop/trace.jsonl.gz	2571693	1ca397792ef1f22f3686995cc1f0d8bb2d2ec351a3f97fc87a44c0344eadd0d2	too large (trace)
tr03-official-1/3633-cell-b-pack-0812-curtain/reference-10ms-differences.json.gz	23	f1101f8233b16d980af348db666cbdb1b9772fa79c6fa8d7d6d9550c1f6a546d	not a metric of this report
tr03-official-1/3633-cell-b-pack-0812-curtain/trace.jsonl.gz	1976700	aaec0643f41d08ff3c8e16dbc9d5c0b3ec558913d7f40794f38614df57989a05	too large (trace)
tr03-official-1/3634-cell-b-pack-0812-packfault/reference-10ms-differences.json.gz	23	f1101f8233b16d980af348db666cbdb1b9772fa79c6fa8d7d6d9550c1f6a546d	not a metric of this report
tr03-official-1/3634-cell-b-pack-0812-packfault/trace.jsonl.gz	32530330	085b53b2439647d0f509527e357955a6c8cc81b05c08fa5dc77ca757cac84755	too large (trace)
tr03-official-1/3635-cell-b-pack-0813-normal-s1/reference-10ms-differences.json.gz	23	f1101f8233b16d980af348db666cbdb1b9772fa79c6fa8d7d6d9550c1f6a546d	not a metric of this report
tr03-official-1/3635-cell-b-pack-0813-normal-s1/trace.jsonl.gz	73707718	7ec18915850e9ff472ee076da8d535b22bd6c4ea32b536f23744e3630cea28d0	too large (trace)
tr03-official-1/3636-cell-b-pack-0813-normal-s2/reference-10ms-differences.json.gz	23	f1101f8233b16d980af348db666cbdb1b9772fa79c6fa8d7d6d9550c1f6a546d	not a metric of this report
tr03-official-1/3636-cell-b-pack-0813-normal-s2/trace.jsonl.gz	73643751	a50bd8b4cd723e914e6cf5911e70b75433f3e098fd02d8044e4cc187311c8646	too large (trace)
tr03-official-1/3637-cell-b-pack-0813-normal-s3/reference-10ms-differences.json.gz	23	f1101f8233b16d980af348db666cbdb1b9772fa79c6fa8d7d6d9550c1f6a546d	not a metric of this report
tr03-official-1/3637-cell-b-pack-0813-normal-s3/trace.jsonl.gz	73449640	5ac271d987f0928b6cd22491938f412cc8ee0cbc1a622fe0bbb003b145ef01ab	too large (trace)
tr03-official-1/3638-cell-b-pack-0813-cycle-stop/reference-10ms-differences.json.gz	23	f1101f8233b16d980af348db666cbdb1b9772fa79c6fa8d7d6d9550c1f6a546d	not a metric of this report
tr03-official-1/3638-cell-b-pack-0813-cycle-stop/trace.jsonl.gz	2579542	78b6eb5c3b985125c88ebf047f34ba8916964c77f40cf604e66ad81ede60217d	too large (trace)
tr03-official-1/3639-cell-b-pack-0813-curtain/reference-10ms-differences.json.gz	23	f1101f8233b16d980af348db666cbdb1b9772fa79c6fa8d7d6d9550c1f6a546d	not a metric of this report
tr03-official-1/3639-cell-b-pack-0813-curtain/trace.jsonl.gz	1974193	a02a8e21aa13fdc4662b9ea5fd145b24a1489dd07df85f4fa0b6edd18054ac86	too large (trace)
tr03-official-1/3640-cell-b-pack-0813-packfault/reference-10ms-differences.json.gz	23	f1101f8233b16d980af348db666cbdb1b9772fa79c6fa8d7d6d9550c1f6a546d	not a metric of this report
tr03-official-1/3640-cell-b-pack-0813-packfault/trace.jsonl.gz	32544812	eac3a0bd77ffd2d27948f9b203e03da6037f1e4615b19375eb3ed5e140606fe2	too large (trace)
tr03-official-1/3641-cell-b-pack-0814-normal-s1/reference-10ms-differences.json.gz	23	f1101f8233b16d980af348db666cbdb1b9772fa79c6fa8d7d6d9550c1f6a546d	not a metric of this report
tr03-official-1/3641-cell-b-pack-0814-normal-s1/trace.jsonl.gz	73703028	af20d134dd7f9f44f4073d68e85b85a65c61f3b8cd5e4f0521c6029d618391f5	too large (trace)
tr03-official-1/3642-cell-b-pack-0814-normal-s2/reference-10ms-differences.json.gz	23	f1101f8233b16d980af348db666cbdb1b9772fa79c6fa8d7d6d9550c1f6a546d	not a metric of this report
tr03-official-1/3642-cell-b-pack-0814-normal-s2/trace.jsonl.gz	73635419	9a98725bb3b1ce8486078a2a056528359c70b60f37fccb918fefd4ec5965a295	too large (trace)
tr03-official-1/3643-cell-b-pack-0814-normal-s3/reference-10ms-differences.json.gz	23	f1101f8233b16d980af348db666cbdb1b9772fa79c6fa8d7d6d9550c1f6a546d	not a metric of this report
tr03-official-1/3643-cell-b-pack-0814-normal-s3/trace.jsonl.gz	73444901	82f4aab846642c56c9b5c63726d2c612175a55f30b2b43ad156681cd33912eea	too large (trace)
tr03-official-1/3644-cell-b-pack-0814-cycle-stop/reference-10ms-differences.json.gz	23	f1101f8233b16d980af348db666cbdb1b9772fa79c6fa8d7d6d9550c1f6a546d	not a metric of this report
tr03-official-1/3644-cell-b-pack-0814-cycle-stop/trace.jsonl.gz	2582763	a4998b2d778bd2dfeb8b88efb7ba037ba027fe3f4adb35b820738ab178f46fc5	too large (trace)
tr03-official-1/3645-cell-b-pack-0814-curtain/reference-10ms-differences.json.gz	23	f1101f8233b16d980af348db666cbdb1b9772fa79c6fa8d7d6d9550c1f6a546d	not a metric of this report
tr03-official-1/3645-cell-b-pack-0814-curtain/trace.jsonl.gz	1983004	4591f2b4739960b238b17d909f6080334bd099798fa8fc8aa3cf2debd03a7373	too large (trace)
tr03-official-1/3646-cell-b-pack-0814-packfault/reference-10ms-differences.json.gz	23	f1101f8233b16d980af348db666cbdb1b9772fa79c6fa8d7d6d9550c1f6a546d	not a metric of this report
tr03-official-1/3646-cell-b-pack-0814-packfault/trace.jsonl.gz	32538131	751255742c958cc1cc0b7d89598935943fc27e0a423f3bc293e6a00727d11559	too large (trace)
tr03-official-1/3647-cell-b-pack-0815-normal-s1/reference-10ms-differences.json.gz	23	f1101f8233b16d980af348db666cbdb1b9772fa79c6fa8d7d6d9550c1f6a546d	not a metric of this report
tr03-official-1/3647-cell-b-pack-0815-normal-s1/trace.jsonl.gz	73695028	d53960d32eddddbac205747dce59d1b461ba413d0720940601f54aa04692e1dd	too large (trace)
tr03-official-1/3648-cell-b-pack-0815-normal-s2/reference-10ms-differences.json.gz	23	f1101f8233b16d980af348db666cbdb1b9772fa79c6fa8d7d6d9550c1f6a546d	not a metric of this report
tr03-official-1/3648-cell-b-pack-0815-normal-s2/trace.jsonl.gz	73632712	e29d6455fafbda329292e128b1313ed0ed158edb687d89c8450b7c727b6dc192	too large (trace)
tr03-official-1/3649-cell-b-pack-0815-normal-s3/reference-10ms-differences.json.gz	23	f1101f8233b16d980af348db666cbdb1b9772fa79c6fa8d7d6d9550c1f6a546d	not a metric of this report
tr03-official-1/3649-cell-b-pack-0815-normal-s3/trace.jsonl.gz	73458420	b00b7cf93a329566b588f6c18430860df0ec2b08110f275fe87da2a26e7dd8db	too large (trace)
tr03-official-1/3650-cell-b-pack-0815-cycle-stop/reference-10ms-differences.json.gz	23	f1101f8233b16d980af348db666cbdb1b9772fa79c6fa8d7d6d9550c1f6a546d	not a metric of this report
tr03-official-1/3650-cell-b-pack-0815-cycle-stop/trace.jsonl.gz	2570874	67180a6a0af927db8f3b932e2d51669707a0dc2c74ad3f7dff9d5fb6a88a8581	too large (trace)
tr03-official-1/3651-cell-b-pack-0815-curtain/reference-10ms-differences.json.gz	23	f1101f8233b16d980af348db666cbdb1b9772fa79c6fa8d7d6d9550c1f6a546d	not a metric of this report
tr03-official-1/3651-cell-b-pack-0815-curtain/trace.jsonl.gz	1969034	a9d43df7c27cc1dd0b7bacc2ad1458a94306a572edd60d9cf2e5d544f9502266	too large (trace)
tr03-official-1/3652-cell-b-pack-0815-packfault/reference-10ms-differences.json.gz	23	f1101f8233b16d980af348db666cbdb1b9772fa79c6fa8d7d6d9550c1f6a546d	not a metric of this report
tr03-official-1/3652-cell-b-pack-0815-packfault/trace.jsonl.gz	32534243	fbac978913869e282b1447831c12575933bdb357b45cc3211ec876ecd693797e	too large (trace)
tr03-official-1/3653-cell-b-pack-0816-normal-s1/reference-10ms-differences.json.gz	23	f1101f8233b16d980af348db666cbdb1b9772fa79c6fa8d7d6d9550c1f6a546d	not a metric of this report
tr03-official-1/3653-cell-b-pack-0816-normal-s1/trace.jsonl.gz	73694533	89f866dcc07949bdca79d6188e5249c1929deda319e74663189c2a976f8d046f	too large (trace)
tr03-official-1/3654-cell-b-pack-0816-normal-s2/reference-10ms-differences.json.gz	23	f1101f8233b16d980af348db666cbdb1b9772fa79c6fa8d7d6d9550c1f6a546d	not a metric of this report
tr03-official-1/3654-cell-b-pack-0816-normal-s2/trace.jsonl.gz	73648939	5306e88f1ed0337984b8ba9ea60a847c73dbbf5917a0d83d01397aefea7b377e	too large (trace)
tr03-official-1/3655-cell-b-pack-0816-normal-s3/reference-10ms-differences.json.gz	23	f1101f8233b16d980af348db666cbdb1b9772fa79c6fa8d7d6d9550c1f6a546d	not a metric of this report
tr03-official-1/3655-cell-b-pack-0816-normal-s3/trace.jsonl.gz	73442036	68b267c243b4a624b263cee9d8e6d2c062df09c33b5670b0f9bba1143053498a	too large (trace)
tr03-official-1/3656-cell-b-pack-0816-cycle-stop/reference-10ms-differences.json.gz	23	f1101f8233b16d980af348db666cbdb1b9772fa79c6fa8d7d6d9550c1f6a546d	not a metric of this report
tr03-official-1/3656-cell-b-pack-0816-cycle-stop/trace.jsonl.gz	2570263	3df837d39f11267e2b392601353ae54b1f1c723bddefc1cec9f428fa3abab0fd	too large (trace)
tr03-official-1/3657-cell-b-pack-0816-curtain/reference-10ms-differences.json.gz	23	f1101f8233b16d980af348db666cbdb1b9772fa79c6fa8d7d6d9550c1f6a546d	not a metric of this report
tr03-official-1/3657-cell-b-pack-0816-curtain/trace.jsonl.gz	1973903	9f485dd5cd1ba7200bf0be6a99a9d42bc140b3040e56190338c8aff0369afea7	too large (trace)
tr03-official-1/3658-cell-b-pack-0816-packfault/reference-10ms-differences.json.gz	23	f1101f8233b16d980af348db666cbdb1b9772fa79c6fa8d7d6d9550c1f6a546d	not a metric of this report
tr03-official-1/3658-cell-b-pack-0816-packfault/trace.jsonl.gz	32539474	81f593a4a4aaf61826f1dec006a72a1a24ab4cc7efdf57de8a8a65fe7dac2b48	too large (trace)
tr03-official-1/3659-cell-b-pack-0817-normal-s1/reference-10ms-differences.json.gz	23	f1101f8233b16d980af348db666cbdb1b9772fa79c6fa8d7d6d9550c1f6a546d	not a metric of this report
tr03-official-1/3659-cell-b-pack-0817-normal-s1/trace.jsonl.gz	73685943	7d5f605cb6287fc7b9c757b3bcbd62f8707f2d500182e1a1f3fd5fe8cd73559c	too large (trace)
tr03-official-1/3660-cell-b-pack-0817-normal-s2/reference-10ms-differences.json.gz	23	f1101f8233b16d980af348db666cbdb1b9772fa79c6fa8d7d6d9550c1f6a546d	not a metric of this report
tr03-official-1/3660-cell-b-pack-0817-normal-s2/trace.jsonl.gz	73633122	81911fd5d59dc94ed11e21c9208f7b34da96634df79c4ec7c160f61c25ccd60a	too large (trace)
tr03-official-1/3661-cell-b-pack-0817-normal-s3/reference-10ms-differences.json.gz	23	f1101f8233b16d980af348db666cbdb1b9772fa79c6fa8d7d6d9550c1f6a546d	not a metric of this report
tr03-official-1/3661-cell-b-pack-0817-normal-s3/trace.jsonl.gz	73454059	c8b46e003a3e80b0765b6cfe7fdf93b59ff983cf554230d88a21e6673106afea	too large (trace)
tr03-official-1/3662-cell-b-pack-0817-cycle-stop/reference-10ms-differences.json.gz	23	f1101f8233b16d980af348db666cbdb1b9772fa79c6fa8d7d6d9550c1f6a546d	not a metric of this report
tr03-official-1/3662-cell-b-pack-0817-cycle-stop/trace.jsonl.gz	2573032	3ca7feba5d058a454a3c7f691da8d922812ff16ce39891add6bdb68b7e3e5023	too large (trace)
tr03-official-1/3663-cell-b-pack-0817-curtain/reference-10ms-differences.json.gz	23	f1101f8233b16d980af348db666cbdb1b9772fa79c6fa8d7d6d9550c1f6a546d	not a metric of this report
tr03-official-1/3663-cell-b-pack-0817-curtain/trace.jsonl.gz	1970634	5a88db8db00699a714155246aab9fb359c7703ad421701c0612b1eb0bdb410d0	too large (trace)
tr03-official-1/3664-cell-b-pack-0817-packfault/reference-10ms-differences.json.gz	23	f1101f8233b16d980af348db666cbdb1b9772fa79c6fa8d7d6d9550c1f6a546d	not a metric of this report
tr03-official-1/3664-cell-b-pack-0817-packfault/trace.jsonl.gz	32530703	6cd06f181d461a08c4388a9506adfc6d6df11ad65335efbba372c4525fa1f23e	too large (trace)
tr03-official-1/3665-cell-b-pack-0818-normal-s1/reference-10ms-differences.json.gz	23	f1101f8233b16d980af348db666cbdb1b9772fa79c6fa8d7d6d9550c1f6a546d	not a metric of this report
tr03-official-1/3665-cell-b-pack-0818-normal-s1/trace.jsonl.gz	73705896	fdbed36a544f159d085130d261a841fa7fd539b537aa3dd98610c3897cc6ff0c	too large (trace)
tr03-official-1/3666-cell-b-pack-0818-normal-s2/reference-10ms-differences.json.gz	23	f1101f8233b16d980af348db666cbdb1b9772fa79c6fa8d7d6d9550c1f6a546d	not a metric of this report
tr03-official-1/3666-cell-b-pack-0818-normal-s2/trace.jsonl.gz	73631422	08794f90641e8e3f784cbc0837c3807cf9f26aab67a412143ca4a98c26a48e16	too large (trace)
tr03-official-1/3667-cell-b-pack-0818-normal-s3/reference-10ms-differences.json.gz	23	f1101f8233b16d980af348db666cbdb1b9772fa79c6fa8d7d6d9550c1f6a546d	not a metric of this report
tr03-official-1/3667-cell-b-pack-0818-normal-s3/trace.jsonl.gz	73453418	f5df69a91e0c2d2a1d732155b3a5491f52692e735be50d7ae1d50d3d18b4024a	too large (trace)
tr03-official-1/3668-cell-b-pack-0818-cycle-stop/reference-10ms-differences.json.gz	23	f1101f8233b16d980af348db666cbdb1b9772fa79c6fa8d7d6d9550c1f6a546d	not a metric of this report
tr03-official-1/3668-cell-b-pack-0818-cycle-stop/trace.jsonl.gz	2581431	aed958fe8ac6e53363221e19bc5282e35a12a914c541c246f8b9031d8b4edab7	too large (trace)
tr03-official-1/3669-cell-b-pack-0818-curtain/reference-10ms-differences.json.gz	23	f1101f8233b16d980af348db666cbdb1b9772fa79c6fa8d7d6d9550c1f6a546d	not a metric of this report
tr03-official-1/3669-cell-b-pack-0818-curtain/trace.jsonl.gz	1981430	92a61ecd407e9b20bdcccf2c4844bed0cfa9ecd4cf2318554c10fafbaba544c3	too large (trace)
tr03-official-1/3670-cell-b-pack-0818-packfault/reference-10ms-differences.json.gz	23	f1101f8233b16d980af348db666cbdb1b9772fa79c6fa8d7d6d9550c1f6a546d	not a metric of this report
tr03-official-1/3670-cell-b-pack-0818-packfault/trace.jsonl.gz	32537399	965588ceac500742faf1cbbb12e4e33ded7c03b79228bd3a890138439b7f1488	too large (trace)
tr03-official-1/3671-cell-b-pack-0819-normal-s1/reference-10ms-differences.json.gz	23	f1101f8233b16d980af348db666cbdb1b9772fa79c6fa8d7d6d9550c1f6a546d	not a metric of this report
tr03-official-1/3671-cell-b-pack-0819-normal-s1/trace.jsonl.gz	73696235	adbe8969b190383d9afa47f0c21b5b9ec2e28beda34dba9560ce1156feec72bb	too large (trace)
tr03-official-1/3672-cell-b-pack-0819-normal-s2/reference-10ms-differences.json.gz	23	f1101f8233b16d980af348db666cbdb1b9772fa79c6fa8d7d6d9550c1f6a546d	not a metric of this report
tr03-official-1/3672-cell-b-pack-0819-normal-s2/trace.jsonl.gz	73623412	013b9b941885947573a7c4678a1227c3713663bd20fae459a534cb787282d125	too large (trace)
tr03-official-1/3673-cell-b-pack-0819-normal-s3/reference-10ms-differences.json.gz	23	f1101f8233b16d980af348db666cbdb1b9772fa79c6fa8d7d6d9550c1f6a546d	not a metric of this report
tr03-official-1/3673-cell-b-pack-0819-normal-s3/trace.jsonl.gz	73455393	5f1695cd86757a263e4979ac119f17a00616491e8bd404d9d052b58276281b62	too large (trace)
tr03-official-1/3674-cell-b-pack-0819-cycle-stop/reference-10ms-differences.json.gz	23	f1101f8233b16d980af348db666cbdb1b9772fa79c6fa8d7d6d9550c1f6a546d	not a metric of this report
tr03-official-1/3674-cell-b-pack-0819-cycle-stop/trace.jsonl.gz	2572954	dfdc57104aa8774cc7f4cfa54849024d2350ccd21c228fa078287c434b9c7777	too large (trace)
tr03-official-1/3675-cell-b-pack-0819-curtain/reference-10ms-differences.json.gz	23	f1101f8233b16d980af348db666cbdb1b9772fa79c6fa8d7d6d9550c1f6a546d	not a metric of this report
tr03-official-1/3675-cell-b-pack-0819-curtain/trace.jsonl.gz	1961810	f90002fcf6d0a1f2328eb7ab54ef924d73f754bc94efb6b345ee718743578b34	too large (trace)
tr03-official-1/3676-cell-b-pack-0819-packfault/reference-10ms-differences.json.gz	23	f1101f8233b16d980af348db666cbdb1b9772fa79c6fa8d7d6d9550c1f6a546d	not a metric of this report
tr03-official-1/3676-cell-b-pack-0819-packfault/trace.jsonl.gz	32531141	d108f45d4b88c97794607194994f9dfd485173eb3cc3d87924cad9c174da8199	too large (trace)
tr03-official-1/3677-cell-b-pack-0820-normal-s1/reference-10ms-differences.json.gz	811	62c68451924bff72cdbc4b99c32e2e2fb492343976017b038118f0dcc7174629	not a metric of this report
tr03-official-1/3677-cell-b-pack-0820-normal-s1/trace.jsonl.gz	73697034	ed39b83dd515b41ddb0635bc7ff5f66441d0390cbdcc177cde8fdf9da8126839	too large (trace)
tr03-official-1/3678-cell-b-pack-0820-normal-s2/reference-10ms-differences.json.gz	811	62c68451924bff72cdbc4b99c32e2e2fb492343976017b038118f0dcc7174629	not a metric of this report
tr03-official-1/3678-cell-b-pack-0820-normal-s2/trace.jsonl.gz	73636929	ca74c1ba3970c92cd1815d82bc0a49850b5ac9e8da6bb2d79740ecf15514238f	too large (trace)
tr03-official-1/3679-cell-b-pack-0820-normal-s3/reference-10ms-differences.json.gz	811	62c68451924bff72cdbc4b99c32e2e2fb492343976017b038118f0dcc7174629	not a metric of this report
tr03-official-1/3679-cell-b-pack-0820-normal-s3/trace.jsonl.gz	73448931	cf2b7e5233ab1a3630b68e27076f6eed0817db18187e73157603bf29515a1a41	too large (trace)
tr03-official-1/3680-cell-b-pack-0820-cycle-stop/reference-10ms-differences.json.gz	811	62c68451924bff72cdbc4b99c32e2e2fb492343976017b038118f0dcc7174629	not a metric of this report
tr03-official-1/3680-cell-b-pack-0820-cycle-stop/trace.jsonl.gz	2575657	f64086ee0e4e446920ab640ab8897f690974658b0df117d41dae304e614889ee	too large (trace)
tr03-official-1/3681-cell-b-pack-0820-curtain/reference-10ms-differences.json.gz	11588	f0ac3bfd12f419abe8c6896ef53ea657cbc7b905b7c3f7c310afc50891e95cfb	not a metric of this report
tr03-official-1/3681-cell-b-pack-0820-curtain/trace.jsonl.gz	1981550	869eb79754859cda4b4053bbbded52151b63aea2bfae7f5ec99fa5bc7f5af5d9	too large (trace)
tr03-official-1/3682-cell-b-pack-0820-packfault/reference-10ms-differences.json.gz	811	62c68451924bff72cdbc4b99c32e2e2fb492343976017b038118f0dcc7174629	not a metric of this report
tr03-official-1/3682-cell-b-pack-0820-packfault/trace.jsonl.gz	32541395	65e3c45b40fcb637bc44b208df0964047e9c825ac69c22e7fb008f6f30600d9e	too large (trace)
tr03-official-1/3683-cell-b-pack-0821-normal-s1/reference-10ms-differences.json.gz	23	f1101f8233b16d980af348db666cbdb1b9772fa79c6fa8d7d6d9550c1f6a546d	not a metric of this report
tr03-official-1/3683-cell-b-pack-0821-normal-s1/trace.jsonl.gz	73703482	9a519f32bb243dc80b5cdac71123472a39de93a32ed153d2c3256e54a6d85af1	too large (trace)
tr03-official-1/3684-cell-b-pack-0821-normal-s2/reference-10ms-differences.json.gz	23	f1101f8233b16d980af348db666cbdb1b9772fa79c6fa8d7d6d9550c1f6a546d	not a metric of this report
tr03-official-1/3684-cell-b-pack-0821-normal-s2/trace.jsonl.gz	73632610	096354c3ab657411f8a4fb709b4678388eb46cf28f5c891211bc718fd0262040	too large (trace)
tr03-official-1/3685-cell-b-pack-0821-normal-s3/reference-10ms-differences.json.gz	23	f1101f8233b16d980af348db666cbdb1b9772fa79c6fa8d7d6d9550c1f6a546d	not a metric of this report
tr03-official-1/3685-cell-b-pack-0821-normal-s3/trace.jsonl.gz	73447886	cd2f0f2fd71be608be29dff4ea26b78a626d3de739878c8297c6b5efe08c7268	too large (trace)
tr03-official-1/3686-cell-b-pack-0821-cycle-stop/reference-10ms-differences.json.gz	23	f1101f8233b16d980af348db666cbdb1b9772fa79c6fa8d7d6d9550c1f6a546d	not a metric of this report
tr03-official-1/3686-cell-b-pack-0821-cycle-stop/trace.jsonl.gz	2576140	657ca4974f4927f42d7150684b504ee62df9ce1c68ee435760152c9f5d056f62	too large (trace)
tr03-official-1/3687-cell-b-pack-0821-curtain/reference-10ms-differences.json.gz	23	f1101f8233b16d980af348db666cbdb1b9772fa79c6fa8d7d6d9550c1f6a546d	not a metric of this report
tr03-official-1/3687-cell-b-pack-0821-curtain/trace.jsonl.gz	1979253	fc1763e8ff576274c85528c090210cb6fe896cb4beb8a07720aabc66f7e3ff78	too large (trace)
tr03-official-1/3688-cell-b-pack-0821-packfault/reference-10ms-differences.json.gz	23	f1101f8233b16d980af348db666cbdb1b9772fa79c6fa8d7d6d9550c1f6a546d	not a metric of this report
tr03-official-1/3688-cell-b-pack-0821-packfault/trace.jsonl.gz	32543986	919f3d0fa8538298109a144dba784b6486f59ba7543c971de119361b096543f3	too large (trace)
tr03-official-1/3689-cell-b-pack-0822-normal-s1/reference-10ms-differences.json.gz	23	f1101f8233b16d980af348db666cbdb1b9772fa79c6fa8d7d6d9550c1f6a546d	not a metric of this report
tr03-official-1/3689-cell-b-pack-0822-normal-s1/trace.jsonl.gz	73708924	6e73d5404acc16a5d24440925b06c5d46f989327b493627259b6f93120b77890	too large (trace)
tr03-official-1/3690-cell-b-pack-0822-normal-s2/reference-10ms-differences.json.gz	23	f1101f8233b16d980af348db666cbdb1b9772fa79c6fa8d7d6d9550c1f6a546d	not a metric of this report
tr03-official-1/3690-cell-b-pack-0822-normal-s2/trace.jsonl.gz	73635623	f4da46709dee6ba540177a6aaa0ef4117ecf839a6bbf51895a3a3719c9f27d54	too large (trace)
tr03-official-1/3691-cell-b-pack-0822-normal-s3/reference-10ms-differences.json.gz	23	f1101f8233b16d980af348db666cbdb1b9772fa79c6fa8d7d6d9550c1f6a546d	not a metric of this report
tr03-official-1/3691-cell-b-pack-0822-normal-s3/trace.jsonl.gz	73454920	1d2b10b16754690a7ba12a8165602c251a9e7fc48e3afd2618cc2d4824142f47	too large (trace)
tr03-official-1/3692-cell-b-pack-0822-cycle-stop/reference-10ms-differences.json.gz	23	f1101f8233b16d980af348db666cbdb1b9772fa79c6fa8d7d6d9550c1f6a546d	not a metric of this report
tr03-official-1/3692-cell-b-pack-0822-cycle-stop/trace.jsonl.gz	2583738	864ffb1f869ad65aee0ec4ded1b757e62c8c81febf61d9a50000ae89a9543f6c	too large (trace)
tr03-official-1/3693-cell-b-pack-0822-curtain/reference-10ms-differences.json.gz	23	f1101f8233b16d980af348db666cbdb1b9772fa79c6fa8d7d6d9550c1f6a546d	not a metric of this report
tr03-official-1/3693-cell-b-pack-0822-curtain/trace.jsonl.gz	1981416	38def8a41768536a6964baf99e7b2658cb64c98e3b96b9887d38fb8fd08f3031	too large (trace)
tr03-official-1/3694-cell-b-pack-0822-packfault/reference-10ms-differences.json.gz	23	f1101f8233b16d980af348db666cbdb1b9772fa79c6fa8d7d6d9550c1f6a546d	not a metric of this report
tr03-official-1/3694-cell-b-pack-0822-packfault/trace.jsonl.gz	32547661	cc5a819c4cf3ea2fd0b8b6c38165b12dbff5947cc53019a1e3c57a26388e902a	too large (trace)
tr03-official-1/3695-cell-b-pack-0823-normal-s1/reference-10ms-differences.json.gz	622	fa8e26b69d17655e3eb0ef6455184234c8b7c1eec4ca60c6a351f443ebad295a	not a metric of this report
tr03-official-1/3695-cell-b-pack-0823-normal-s1/trace.jsonl.gz	73699857	aee09a1ed7f2483dfdb76c5338bcb752b885c589afbdfb8a0cd0991c5fa748de	too large (trace)
tr03-official-1/3696-cell-b-pack-0823-normal-s2/reference-10ms-differences.json.gz	617	6611f7f8ae76307eda212d2e52ca47056991bdc5d84e3ce2724dbc43378552c5	not a metric of this report
tr03-official-1/3696-cell-b-pack-0823-normal-s2/trace.jsonl.gz	73637110	19870116e09d5b77d5f3741288308d5dec8aa33a6abc521206597838439ad7b6	too large (trace)
tr03-official-1/3697-cell-b-pack-0823-normal-s3/reference-10ms-differences.json.gz	636	fadb9f1adb37d1f76f9c99fbc0fcce0d04c60d9859a23f66a1fc039cb77e2c7b	not a metric of this report
tr03-official-1/3697-cell-b-pack-0823-normal-s3/trace.jsonl.gz	73438079	8b509d43b8d6e99f80e96174fc2161e8cc9583b15bfacab7a874d03ea3d04203	too large (trace)
tr03-official-1/3698-cell-b-pack-0823-cycle-stop/reference-10ms-differences.json.gz	23	f1101f8233b16d980af348db666cbdb1b9772fa79c6fa8d7d6d9550c1f6a546d	not a metric of this report
tr03-official-1/3698-cell-b-pack-0823-cycle-stop/trace.jsonl.gz	2576979	b94b1472208c7019a5c04fac5a2f9a506b8bbbce11ce806f4a1c5356df392069	too large (trace)
tr03-official-1/3699-cell-b-pack-0823-curtain/reference-10ms-differences.json.gz	23	f1101f8233b16d980af348db666cbdb1b9772fa79c6fa8d7d6d9550c1f6a546d	not a metric of this report
tr03-official-1/3699-cell-b-pack-0823-curtain/trace.jsonl.gz	1981339	2e62aa7e7831c15b371b8bec3343082a43dd6e4b5ee43c4442d7c6d20c0084c0	too large (trace)
tr03-official-1/3700-cell-b-pack-0823-packfault/reference-10ms-differences.json.gz	492	75870c80541cb75c1dbab48e870ea210b9b31f1d0007b5403435532de31265ab	not a metric of this report
tr03-official-1/3700-cell-b-pack-0823-packfault/trace.jsonl.gz	32538611	5b58bec40298145ba94c569280e57a1c806ff0de96c8970333b3e2d2044bd779	too large (trace)
tr03-official-1/3701-cell-b-pack-0824-normal-s1/reference-10ms-differences.json.gz	23	f1101f8233b16d980af348db666cbdb1b9772fa79c6fa8d7d6d9550c1f6a546d	not a metric of this report
tr03-official-1/3701-cell-b-pack-0824-normal-s1/trace.jsonl.gz	73712632	d61774eba72feb70564445fa9b1954c01b5ce852399f8d98249957173e198295	too large (trace)
tr03-official-1/3702-cell-b-pack-0824-normal-s2/reference-10ms-differences.json.gz	23	f1101f8233b16d980af348db666cbdb1b9772fa79c6fa8d7d6d9550c1f6a546d	not a metric of this report
tr03-official-1/3702-cell-b-pack-0824-normal-s2/trace.jsonl.gz	73631946	9851a55d818a7d6fe7bd72d64df8dd7c17814f7f60bdb860afd32b74f6f33ca4	too large (trace)
tr03-official-1/3703-cell-b-pack-0824-normal-s3/reference-10ms-differences.json.gz	23	f1101f8233b16d980af348db666cbdb1b9772fa79c6fa8d7d6d9550c1f6a546d	not a metric of this report
tr03-official-1/3703-cell-b-pack-0824-normal-s3/trace.jsonl.gz	73462870	32020ed3dae94621cc2da515e3002ad3431d2fa3988898251330298e676633b5	too large (trace)
tr03-official-1/3704-cell-b-pack-0824-cycle-stop/reference-10ms-differences.json.gz	23	f1101f8233b16d980af348db666cbdb1b9772fa79c6fa8d7d6d9550c1f6a546d	not a metric of this report
tr03-official-1/3704-cell-b-pack-0824-cycle-stop/trace.jsonl.gz	2580279	ba5df262e31f7386a254d8854e944f690baa1c184710a29d97b99bbcbe2cd43e	too large (trace)
tr03-official-1/3705-cell-b-pack-0824-curtain/reference-10ms-differences.json.gz	23	f1101f8233b16d980af348db666cbdb1b9772fa79c6fa8d7d6d9550c1f6a546d	not a metric of this report
tr03-official-1/3705-cell-b-pack-0824-curtain/trace.jsonl.gz	1976430	84a24e2ae609d7f5f532ded58c49ef3cc39b5143a6cae0ef2c0d9d71df1136af	too large (trace)
tr03-official-1/3706-cell-b-pack-0824-packfault/reference-10ms-differences.json.gz	23	f1101f8233b16d980af348db666cbdb1b9772fa79c6fa8d7d6d9550c1f6a546d	not a metric of this report
tr03-official-1/3706-cell-b-pack-0824-packfault/trace.jsonl.gz	32549197	592999ebfee0ef9815c1d7f40171ead2116a488e8c5f96d261fec9644c43b928	too large (trace)
tr03-official-1/3707-cell-b-pack-0825-normal-s1/reference-10ms-differences.json.gz	772	b91199f1ccc2afb7d17b7a9d9191ce0e9facbc03be0a35f8af2a050641553650	not a metric of this report
tr03-official-1/3707-cell-b-pack-0825-normal-s1/trace.jsonl.gz	73693077	f1d3cc8b954e3932a931a025c6f95e1791e82dee76d45dadcddf4b37651d8681	too large (trace)
tr03-official-1/3708-cell-b-pack-0825-normal-s2/reference-10ms-differences.json.gz	772	b91199f1ccc2afb7d17b7a9d9191ce0e9facbc03be0a35f8af2a050641553650	not a metric of this report
tr03-official-1/3708-cell-b-pack-0825-normal-s2/trace.jsonl.gz	73632526	f873e222c10cc7534066e1dd74cc752f1d25d69f04c921fd71275c9c7ce97eb6	too large (trace)
tr03-official-1/3709-cell-b-pack-0825-normal-s3/reference-10ms-differences.json.gz	772	b91199f1ccc2afb7d17b7a9d9191ce0e9facbc03be0a35f8af2a050641553650	not a metric of this report
tr03-official-1/3709-cell-b-pack-0825-normal-s3/trace.jsonl.gz	73450973	5037f77f87418030882480cab14611c41cb783d2e431bec84dec70ee1e569381	too large (trace)
tr03-official-1/3710-cell-b-pack-0825-cycle-stop/reference-10ms-differences.json.gz	772	b91199f1ccc2afb7d17b7a9d9191ce0e9facbc03be0a35f8af2a050641553650	not a metric of this report
tr03-official-1/3710-cell-b-pack-0825-cycle-stop/trace.jsonl.gz	2570859	86bd7abe9d53e445469ae41046564c45f5378d5c139c3b9345a2c6170cb98ce3	too large (trace)
tr03-official-1/3711-cell-b-pack-0825-curtain/reference-10ms-differences.json.gz	11544	d9f4d37831e6c66fa9c4ce99020497a04836c30a16ee728762308cdb500a10d1	not a metric of this report
tr03-official-1/3711-cell-b-pack-0825-curtain/trace.jsonl.gz	1970529	7be965c6713dfc2187c313021a63c12e0e5c4bf1e44d57235ad2610df7d4c9dc	too large (trace)
tr03-official-1/3712-cell-b-pack-0825-packfault/reference-10ms-differences.json.gz	772	b91199f1ccc2afb7d17b7a9d9191ce0e9facbc03be0a35f8af2a050641553650	not a metric of this report
tr03-official-1/3712-cell-b-pack-0825-packfault/trace.jsonl.gz	32538464	ac4e552866f8cdb58c989e86e0327c13fac658de303b273df411ae480b5906b2	too large (trace)
tr03-official-1/3713-cell-b-pack-0826-normal-s1/reference-10ms-differences.json.gz	809	d6fc1d4817b7ecc0fb26ee22cd8195796b6a0d90ebe2770960cf750349eac629	not a metric of this report
tr03-official-1/3713-cell-b-pack-0826-normal-s1/trace.jsonl.gz	73688451	c313e34e0fdc537ce7c0038880af041f804aa163a60e5c89469e1d442b7ee0a9	too large (trace)
tr03-official-1/3714-cell-b-pack-0826-normal-s2/reference-10ms-differences.json.gz	809	d6fc1d4817b7ecc0fb26ee22cd8195796b6a0d90ebe2770960cf750349eac629	not a metric of this report
tr03-official-1/3714-cell-b-pack-0826-normal-s2/trace.jsonl.gz	73633467	cedad4429f3fea7a99eca1cb2a03507e762207b99b4c818afc1957be5755c6e6	too large (trace)
tr03-official-1/3715-cell-b-pack-0826-normal-s3/reference-10ms-differences.json.gz	809	d6fc1d4817b7ecc0fb26ee22cd8195796b6a0d90ebe2770960cf750349eac629	not a metric of this report
tr03-official-1/3715-cell-b-pack-0826-normal-s3/trace.jsonl.gz	73453726	60a201cf3ae8b3f34132814ed7fb811940f198b89ba40e453d13e91372a948ea	too large (trace)
tr03-official-1/3716-cell-b-pack-0826-cycle-stop/reference-10ms-differences.json.gz	809	d6fc1d4817b7ecc0fb26ee22cd8195796b6a0d90ebe2770960cf750349eac629	not a metric of this report
tr03-official-1/3716-cell-b-pack-0826-cycle-stop/trace.jsonl.gz	2573342	bdbd616f383b59f04407b5302f1f49d808e3b203b2842029f863db3489fae3c6	too large (trace)
tr03-official-1/3717-cell-b-pack-0826-curtain/reference-10ms-differences.json.gz	11586	6aed436314d0e5f0aafb79d75be0225438dee06f361b8eb919b7da7617ca72b3	not a metric of this report
tr03-official-1/3717-cell-b-pack-0826-curtain/trace.jsonl.gz	1976231	c7b97915568c6ed1359258fc2a819c9982c68bc814a6f0813888edce37f14558	too large (trace)
tr03-official-1/3718-cell-b-pack-0826-packfault/reference-10ms-differences.json.gz	809	d6fc1d4817b7ecc0fb26ee22cd8195796b6a0d90ebe2770960cf750349eac629	not a metric of this report
tr03-official-1/3718-cell-b-pack-0826-packfault/trace.jsonl.gz	32526747	d1605a713bdce5d264edb4dd0c86cf53fcc9343185f28f70cd025d71452016c7	too large (trace)
