path	bytes	sha256	why
tr03-official-1/0055-base-cell-b-normal-s1-r1/reference-10ms-differences.json.gz	23	f1101f8233b16d980af348db666cbdb1b9772fa79c6fa8d7d6d9550c1f6a546d	not a metric of this report
tr03-official-1/0055-base-cell-b-normal-s1-r1/trace.jsonl.gz	2916289	6d83d09c53156e6b2f0daccbd9218f128a1be5c1bc17eb172e8ce393e20d1315	too large (trace)
tr03-official-1/0056-base-cell-b-normal-s1-r2/reference-10ms-differences.json.gz	23	f1101f8233b16d980af348db666cbdb1b9772fa79c6fa8d7d6d9550c1f6a546d	not a metric of this report
tr03-official-1/0056-base-cell-b-normal-s1-r2/trace.jsonl.gz	2916289	6d83d09c53156e6b2f0daccbd9218f128a1be5c1bc17eb172e8ce393e20d1315	too large (trace)
tr03-official-1/0057-base-cell-b-normal-s2-r1/reference-10ms-differences.json.gz	23	f1101f8233b16d980af348db666cbdb1b9772fa79c6fa8d7d6d9550c1f6a546d	not a metric of this report
tr03-official-1/0057-base-cell-b-normal-s2-r1/trace.jsonl.gz	2695097	e8b8c8440e9070843335aa26cb2e6e08704d1928b6ac5d76aac3dc839049750d	too large (trace)
tr03-official-1/0058-base-cell-b-normal-s2-r2/reference-10ms-differences.json.gz	23	f1101f8233b16d980af348db666cbdb1b9772fa79c6fa8d7d6d9550c1f6a546d	not a metric of this report
tr03-official-1/0058-base-cell-b-normal-s2-r2/trace.jsonl.gz	2695097	e8b8c8440e9070843335aa26cb2e6e08704d1928b6ac5d76aac3dc839049750d	too large (trace)
tr03-official-1/0059-base-cell-b-normal-s3-r1/reference-10ms-differences.json.gz	23	f1101f8233b16d980af348db666cbdb1b9772fa79c6fa8d7d6d9550c1f6a546d	not a metric of this report
tr03-official-1/0059-base-cell-b-normal-s3-r1/trace.jsonl.gz	2678630	8ad64bf4bf5476736a904e31d3aee53acb80f27137c906559942474da40fc524	too large (trace)
tr03-official-1/0060-base-cell-b-normal-s3-r2/reference-10ms-differences.json.gz	23	f1101f8233b16d980af348db666cbdb1b9772fa79c6fa8d7d6d9550c1f6a546d	not a metric of this report
tr03-official-1/0060-base-cell-b-normal-s3-r2/trace.jsonl.gz	2678630	8ad64bf4bf5476736a904e31d3aee53acb80f27137c906559942474da40fc524	too large (trace)
tr03-official-1/0061-base-cell-b-cycle-stop-r1/reference-10ms-differences.json.gz	23	f1101f8233b16d980af348db666cbdb1b9772fa79c6fa8d7d6d9550c1f6a546d	not a metric of this report
tr03-official-1/0061-base-cell-b-cycle-stop-r1/trace.jsonl.gz	631959	e615ac770797369c24ffee3f07a55ceb107fb2c6b290f43e37d080e16811149e	too large (trace)
tr03-official-1/0062-base-cell-b-cycle-stop-r2/reference-10ms-differences.json.gz	23	f1101f8233b16d980af348db666cbdb1b9772fa79c6fa8d7d6d9550c1f6a546d	not a metric of this report
tr03-official-1/0062-base-cell-b-cycle-stop-r2/trace.jsonl.gz	631959	e615ac770797369c24ffee3f07a55ceb107fb2c6b290f43e37d080e16811149e	too large (trace)
tr03-official-1/0063-base-cell-b-curtain-r1/reference-10ms-differences.json.gz	23	f1101f8233b16d980af348db666cbdb1b9772fa79c6fa8d7d6d9550c1f6a546d	not a metric of this report
tr03-official-1/0063-base-cell-b-curtain-r1/trace.jsonl.gz	424122	880eaf78ce7f17c6c1cd9f070817e2746665e98bfb5f96c31f04f785bf194682	too large (trace)
tr03-official-1/0064-base-cell-b-curtain-r2/reference-10ms-differences.json.gz	23	f1101f8233b16d980af348db666cbdb1b9772fa79c6fa8d7d6d9550c1f6a546d	not a metric of this report
tr03-official-1/0064-base-cell-b-curtain-r2/trace.jsonl.gz	424122	880eaf78ce7f17c6c1cd9f070817e2746665e98bfb5f96c31f04f785bf194682	too large (trace)
tr03-official-1/0065-base-cell-b-recovery-r1/reference-10ms-differences.json.gz	23	f1101f8233b16d980af348db666cbdb1b9772fa79c6fa8d7d6d9550c1f6a546d	not a metric of this report
tr03-official-1/0065-base-cell-b-recovery-r1/trace.jsonl.gz	1723334	b59fa62edaebe26d086646d2573f6fcb9f3bae0b0d093465eaa73daaaf468bb9	too large (trace)
tr03-official-1/0066-base-cell-b-recovery-r2/reference-10ms-differences.json.gz	23	f1101f8233b16d980af348db666cbdb1b9772fa79c6fa8d7d6d9550c1f6a546d	not a metric of this report
tr03-official-1/0066-base-cell-b-recovery-r2/trace.jsonl.gz	1723334	b59fa62edaebe26d086646d2573f6fcb9f3bae0b0d093465eaa73daaaf468bb9	too large (trace)
tr03-official-1/0067-base-cell-b-recovery-retract-r1/reference-10ms-differences.json.gz	23	f1101f8233b16d980af348db666cbdb1b9772fa79c6fa8d7d6d9550c1f6a546d	not a metric of this report
tr03-official-1/0067-base-cell-b-recovery-retract-r1/trace.jsonl.gz	1744186	a6d8cc16eea925808809a25b3e70c530e9b86a417c1a925ebba12d1c2f7146f9	too large (trace)
tr03-official-1/0068-base-cell-b-recovery-retract-r2/reference-10ms-differences.json.gz	23	f1101f8233b16d980af348db666cbdb1b9772fa79c6fa8d7d6d9550c1f6a546d	not a metric of this report
tr03-official-1/0068-base-cell-b-recovery-retract-r2/trace.jsonl.gz	1744186	a6d8cc16eea925808809a25b3e70c530e9b86a417c1a925ebba12d1c2f7146f9	too large (trace)
tr03-official-1/0069-base-cell-b-batch-r1/reference-10ms-differences.json.gz	23	f1101f8233b16d980af348db666cbdb1b9772fa79c6fa8d7d6d9550c1f6a546d	not a metric of this report
tr03-official-1/0069-base-cell-b-batch-r1/trace.jsonl.gz	1746967	f81308cb527fed6ffee7922e0c3dda30df8006adae59428684b2a0df6ffbead3	too large (trace)
tr03-official-1/0070-base-cell-b-batch-r2/reference-10ms-differences.json.gz	23	f1101f8233b16d980af348db666cbdb1b9772fa79c6fa8d7d6d9550c1f6a546d	not a metric of this report
tr03-official-1/0070-base-cell-b-batch-r2/trace.jsonl.gz	1746967	f81308cb527fed6ffee7922e0c3dda30df8006adae59428684b2a0df6ffbead3	too large (trace)
tr03-official-1/0071-base-cell-b-stroke75-r1/constants.json	5779	23eb4ee6404d9bbca1675106843e233adf2dd72c0e37f275d0c9bb31194fcadb	plant-model file (private)
tr03-official-1/0071-base-cell-b-stroke75-r1/reference-10ms-differences.json.gz	23	f1101f8233b16d980af348db666cbdb1b9772fa79c6fa8d7d6d9550c1f6a546d	not a metric of this report
tr03-official-1/0071-base-cell-b-stroke75-r1/trace.jsonl.gz	1151134	c7308f710e4e0948f8925f66a0fda831c493bd2ba8035e2070e82decf536c165	too large (trace)
tr03-official-1/0072-base-cell-b-stroke75-r2/constants.json	5779	23eb4ee6404d9bbca1675106843e233adf2dd72c0e37f275d0c9bb31194fcadb	plant-model file (private)
tr03-official-1/0072-base-cell-b-stroke75-r2/reference-10ms-differences.json.gz	23	f1101f8233b16d980af348db666cbdb1b9772fa79c6fa8d7d6d9550c1f6a546d	not a metric of this report
tr03-official-1/0072-base-cell-b-stroke75-r2/trace.jsonl.gz	1151134	c7308f710e4e0948f8925f66a0fda831c493bd2ba8035e2070e82decf536c165	too large (trace)
tr03-official-1/0073-base-cell-b-flow060-r1/constants.json	5759	749da6a9a3b578914850d85f44d3468ebdd2fefffb551566451d2e1a2d182a14	plant-model file (private)
tr03-official-1/0073-base-cell-b-flow060-r1/flow.plccell.json	33668	de3b752c6569074a823f5ee6945a6aea173d27e736d7f9764b3705dc16fcefb6	plant-model file (private)
tr03-official-1/0073-base-cell-b-flow060-r1/reference-10ms-differences.json.gz	23	f1101f8233b16d980af348db666cbdb1b9772fa79c6fa8d7d6d9550c1f6a546d	not a metric of this report
tr03-official-1/0073-base-cell-b-flow060-r1/trace.jsonl.gz	479340	d043698b29e7af8f3f5f96e6b6378cd7ab419d66aff0ece6410471a6db716522	too large (trace)
tr03-official-1/0074-base-cell-b-flow060-r2/constants.json	5759	749da6a9a3b578914850d85f44d3468ebdd2fefffb551566451d2e1a2d182a14	plant-model file (private)
tr03-official-1/0074-base-cell-b-flow060-r2/flow.plccell.json	33668	de3b752c6569074a823f5ee6945a6aea173d27e736d7f9764b3705dc16fcefb6	plant-model file (private)
tr03-official-1/0074-base-cell-b-flow060-r2/reference-10ms-differences.json.gz	23	f1101f8233b16d980af348db666cbdb1b9772fa79c6fa8d7d6d9550c1f6a546d	not a metric of this report
tr03-official-1/0074-base-cell-b-flow060-r2/trace.jsonl.gz	479340	1cfc81303868bdd836fc4274e40aeed55203bde003793f4baec7f928f321aa9d	too large (trace)
tr03-official-1/0075-base-cell-b-flow045-r1/constants.json	5760	b60b895ae8a70ba009e8fef0331b36e4f055cc6e7e075ae19d01b37f763c0360	plant-model file (private)
tr03-official-1/0075-base-cell-b-flow045-r1/flow.plccell.json	33668	de3b752c6569074a823f5ee6945a6aea173d27e736d7f9764b3705dc16fcefb6	plant-model file (private)
tr03-official-1/0075-base-cell-b-flow045-r1/reference-10ms-differences.json.gz	23	f1101f8233b16d980af348db666cbdb1b9772fa79c6fa8d7d6d9550c1f6a546d	not a metric of this report
tr03-official-1/0075-base-cell-b-flow045-r1/trace.jsonl.gz	462462	848236cda5833346c00ae8c18ddf5db7a33298604835dfc3bc6a443b622cb041	too large (trace)
tr03-official-1/0076-base-cell-b-flow045-r2/constants.json	5760	b60b895ae8a70ba009e8fef0331b36e4f055cc6e7e075ae19d01b37f763c0360	plant-model file (private)
tr03-official-1/0076-base-cell-b-flow045-r2/flow.plccell.json	33668	de3b752c6569074a823f5ee6945a6aea173d27e736d7f9764b3705dc16fcefb6	plant-model file (private)
tr03-official-1/0076-base-cell-b-flow045-r2/reference-10ms-differences.json.gz	23	f1101f8233b16d980af348db666cbdb1b9772fa79c6fa8d7d6d9550c1f6a546d	not a metric of this report
tr03-official-1/0076-base-cell-b-flow045-r2/trace.jsonl.gz	462462	12e7cda088d7ec899c6febe0517cd5b6d7946623bdf05f8c449b1e86666ba1f5	too large (trace)
tr03-official-1/0077-cell-b-0023-normal-s1/reference-10ms-differences.json.gz	3681	8bf4f7c0da2a09bf37d2d307047469bfbba5647a92298fd3c7ed835d9d20041f	not a metric of this report
tr03-official-1/0077-cell-b-0023-normal-s1/trace.jsonl.gz	2111304	4c953f3cdece84a528784d4c2921b3a756f19c245d2f599c012786b00ec64139	too large (trace)
tr03-official-1/0078-cell-b-0023-normal-s2/reference-10ms-differences.json.gz	3681	8bf4f7c0da2a09bf37d2d307047469bfbba5647a92298fd3c7ed835d9d20041f	not a metric of this report
tr03-official-1/0078-cell-b-0023-normal-s2/trace.jsonl.gz	2106976	f171c84fac73e86f463e72fe39eda21b3e48f8fc8c4e5fe171ced776944471d2	too large (trace)
tr03-official-1/0079-cell-b-0023-normal-s3/reference-10ms-differences.json.gz	3681	8bf4f7c0da2a09bf37d2d307047469bfbba5647a92298fd3c7ed835d9d20041f	not a metric of this report
tr03-official-1/0079-cell-b-0023-normal-s3/trace.jsonl.gz	2109936	2298ba9ffe9c63289808d5616162dc829bb956ccb0a50d038e7bea64d87b282f	too large (trace)
tr03-official-1/0080-cell-b-0023-cycle-stop/reference-10ms-differences.json.gz	1242	bb0a76292c200f08a1b319d71809cbcbd1235922bcbe957270bbc528c1789e5f	not a metric of this report
tr03-official-1/0080-cell-b-0023-cycle-stop/trace.jsonl.gz	490146	8b0e44ea0ddb059066d8287578f1c31afa3e9fc232d96a4801ab9383225bb09a	too large (trace)
tr03-official-1/0081-cell-b-0023-curtain/reference-10ms-differences.json.gz	1096	b26ecca803634808c7b6ce72f407b7cfeed4bca046bde892c982f995b6dff91e	not a metric of this report
tr03-official-1/0081-cell-b-0023-curtain/trace.jsonl.gz	404762	1eeee44f89b7e9a1e748b5f745f2c8dbdfbe1b0a95d58cd7b96c94da8388c999	too large (trace)
tr03-official-1/0082-cell-b-0023-recovery/reference-10ms-differences.json.gz	3259	bf5980d710072b47c628d74da5ba5d075af56fbcf800a880affae9102acba340	not a metric of this report
tr03-official-1/0082-cell-b-0023-recovery/trace.jsonl.gz	1426386	3d8c2422c8e500d185739c45a6a2097a00775ba367af23f1ceb9efc1081d87c0	too large (trace)
tr03-official-1/0083-cell-b-0023-recovery-retract/reference-10ms-differences.json.gz	3677	784c68773fff1fd0931be405480dcb835466af7f8f4fd11e2aaca4cf95462cc5	not a metric of this report
tr03-official-1/0083-cell-b-0023-recovery-retract/trace.jsonl.gz	1424901	6f129f9b809838abb09989afe3197d1aab6e55c2d4f7f7c4c0c0b512cfbe1b87	too large (trace)
tr03-official-1/0084-cell-b-0023-batch/reference-10ms-differences.json.gz	2160	0ee6d20dcecff21471c6cd764f7a906600a98cddbcbff7a5ceafff72a6d6dc9a	not a metric of this report
tr03-official-1/0084-cell-b-0023-batch/trace.jsonl.gz	1086806	5cfef17821d2eb82cc1eb9a1298781ee1cb60756835a40b11792696247adfb52	too large (trace)
tr03-official-1/0085-cell-b-0023-stroke75/constants.json	5779	23eb4ee6404d9bbca1675106843e233adf2dd72c0e37f275d0c9bb31194fcadb	plant-model file (private)
tr03-official-1/0085-cell-b-0023-stroke75/reference-10ms-differences.json.gz	2160	0ee6d20dcecff21471c6cd764f7a906600a98cddbcbff7a5ceafff72a6d6dc9a	not a metric of this report
tr03-official-1/0085-cell-b-0023-stroke75/trace.jsonl.gz	1081637	31d34f50edb9aa38e9ba34b472522b005218f91f2370ce9851e08f38c0cc0bca	too large (trace)
tr03-official-1/0086-cell-b-0023-flow060/constants.json	5759	749da6a9a3b578914850d85f44d3468ebdd2fefffb551566451d2e1a2d182a14	plant-model file (private)
tr03-official-1/0086-cell-b-0023-flow060/flow.plccell.json	33668	de3b752c6569074a823f5ee6945a6aea173d27e736d7f9764b3705dc16fcefb6	plant-model file (private)
tr03-official-1/0086-cell-b-0023-flow060/reference-10ms-differences.json.gz	1096	b26ecca803634808c7b6ce72f407b7cfeed4bca046bde892c982f995b6dff91e	not a metric of this report
tr03-official-1/0086-cell-b-0023-flow060/trace.jsonl.gz	395513	c7dcb997fd6308ff8a5593bac3340978c8a46684c69a09e5959f30ac95c43986	too large (trace)
tr03-official-1/0087-cell-b-0023-flow045/constants.json	5760	b60b895ae8a70ba009e8fef0331b36e4f055cc6e7e075ae19d01b37f763c0360	plant-model file (private)
tr03-official-1/0087-cell-b-0023-flow045/flow.plccell.json	33668	de3b752c6569074a823f5ee6945a6aea173d27e736d7f9764b3705dc16fcefb6	plant-model file (private)
tr03-official-1/0087-cell-b-0023-flow045/reference-10ms-differences.json.gz	1096	b26ecca803634808c7b6ce72f407b7cfeed4bca046bde892c982f995b6dff91e	not a metric of this report
tr03-official-1/0087-cell-b-0023-flow045/trace.jsonl.gz	395512	d445ec4f017bbb861fae2161d3bde4fe0af135c4ce24527a82dbb183e2541975	too large (trace)
tr03-official-1/0088-cell-b-0042-normal-s1/reference-10ms-differences.json.gz	36226	29a115ff22e61207768d0026971443a8c0e3df666db369cad054dabb2bfc9ebb	not a metric of this report
tr03-official-1/0088-cell-b-0042-normal-s1/trace.jsonl.gz	2882103	ad3c0a6f88599cf67eb1dfc6067a912ecb1c54e9413d2d9eaef566eaaf9c7b2b	too large (trace)
tr03-official-1/0089-cell-b-0042-normal-s2/reference-10ms-differences.json.gz	36223	6cabb5390b404248133a424e0697b3b195b54d5ed246f80ce85d57839bb392ab	not a metric of this report
tr03-official-1/0089-cell-b-0042-normal-s2/trace.jsonl.gz	2722779	d60704e20c78996c77624e68956187ba746dd90259f6d4c12a3b0d6f080feb59	too large (trace)
tr03-official-1/0090-cell-b-0042-normal-s3/reference-10ms-differences.json.gz	36223	6cabb5390b404248133a424e0697b3b195b54d5ed246f80ce85d57839bb392ab	not a metric of this report
tr03-official-1/0090-cell-b-0042-normal-s3/trace.jsonl.gz	2700615	1ecf6fa967f7f4f895093371ca638945c1469cc0f3fb10066ababfaef7108965	too large (trace)
tr03-official-1/0091-cell-b-0042-cycle-stop/reference-10ms-differences.json.gz	2755	a5a17706ad13a2dae975f555d3d9f72642ff972b7b6ca9a3cb8a990abf853d48	not a metric of this report
tr03-official-1/0091-cell-b-0042-cycle-stop/trace.jsonl.gz	632570	dc33a880ddc7329005d85b43febccd1b5576665dcbdb2bb4bb40a54f6ec5cd37	too large (trace)
tr03-official-1/0092-cell-b-0042-curtain/reference-10ms-differences.json.gz	23	f1101f8233b16d980af348db666cbdb1b9772fa79c6fa8d7d6d9550c1f6a546d	not a metric of this report
tr03-official-1/0092-cell-b-0042-curtain/trace.jsonl.gz	417978	5895c3b5c54b05cc8a3971ee95cbd52cd18d7204ebf403989fd9b77c22322568	too large (trace)
tr03-official-1/0093-cell-b-0042-recovery/reference-10ms-differences.json.gz	33590	284733ad03edcf0c7d8ec71461b5caf3c1c3df053cbe89e622d769c09d6d6a33	not a metric of this report
tr03-official-1/0093-cell-b-0042-recovery/trace.jsonl.gz	1399081	12b8e273022e58b11ef20c1b4346727a2b23a2fe6be3069b44928a1d8e321114	too large (trace)
tr03-official-1/0094-cell-b-0042-recovery-retract/reference-10ms-differences.json.gz	33658	7f668245823914c1e0568117851e75324284fd421183842e3d88d0b886624290	not a metric of this report
tr03-official-1/0094-cell-b-0042-recovery-retract/trace.jsonl.gz	1516143	fd999b8240fda54adb0ca1a746ad80e31f8dadf3f0cb2c79cb2aee045861b78a	too large (trace)
tr03-official-1/0095-cell-b-0042-batch/reference-10ms-differences.json.gz	6194	65d7079e5ea5453641d9d7ab8a6a50705927a7c4423fce4442720394e043fdba	not a metric of this report
tr03-official-1/0095-cell-b-0042-batch/trace.jsonl.gz	1749252	4cb9a3c0a05d63f8d3a92d8d8b2652f4149220c4b2428f3118943444a2d04e9d	too large (trace)
tr03-official-1/0096-cell-b-0042-stroke75/constants.json	5779	23eb4ee6404d9bbca1675106843e233adf2dd72c0e37f275d0c9bb31194fcadb	plant-model file (private)
tr03-official-1/0096-cell-b-0042-stroke75/reference-10ms-differences.json.gz	23	f1101f8233b16d980af348db666cbdb1b9772fa79c6fa8d7d6d9550c1f6a546d	not a metric of this report
tr03-official-1/0096-cell-b-0042-stroke75/trace.jsonl.gz	1150360	c585a9d7094a9e5b62f34d907b400700405b5af326363ccb8b9d99f2f2b5909c	too large (trace)
tr03-official-1/0097-cell-b-0042-flow060/constants.json	5759	749da6a9a3b578914850d85f44d3468ebdd2fefffb551566451d2e1a2d182a14	plant-model file (private)
tr03-official-1/0097-cell-b-0042-flow060/flow.plccell.json	33668	de3b752c6569074a823f5ee6945a6aea173d27e736d7f9764b3705dc16fcefb6	plant-model file (private)
tr03-official-1/0097-cell-b-0042-flow060/reference-10ms-differences.json.gz	23	f1101f8233b16d980af348db666cbdb1b9772fa79c6fa8d7d6d9550c1f6a546d	not a metric of this report
tr03-official-1/0097-cell-b-0042-flow060/trace.jsonl.gz	479971	cce97856bd778aecef3f8ab7ccbe65be694e1d1ae10d65bc1d2a532ce41839ac	too large (trace)
tr03-official-1/0098-cell-b-0042-flow045/constants.json	5760	b60b895ae8a70ba009e8fef0331b36e4f055cc6e7e075ae19d01b37f763c0360	plant-model file (private)
tr03-official-1/0098-cell-b-0042-flow045/flow.plccell.json	33668	de3b752c6569074a823f5ee6945a6aea173d27e736d7f9764b3705dc16fcefb6	plant-model file (private)
tr03-official-1/0098-cell-b-0042-flow045/reference-10ms-differences.json.gz	23	f1101f8233b16d980af348db666cbdb1b9772fa79c6fa8d7d6d9550c1f6a546d	not a metric of this report
tr03-official-1/0098-cell-b-0042-flow045/trace.jsonl.gz	457381	cb538874866a42cf9bef0ea806e936d1f999a251fa9c048a582af4b5eeaf8417	too large (trace)
tr03-official-1/0099-cell-b-0044-normal-s1/reference-10ms-differences.json.gz	23	f1101f8233b16d980af348db666cbdb1b9772fa79c6fa8d7d6d9550c1f6a546d	not a metric of this report
tr03-official-1/0099-cell-b-0044-normal-s1/trace.jsonl.gz	2917858	bf54f2e484dca80f12a97a9cda99520e9509e2b8949dda60b098190017fc1071	too large (trace)
tr03-official-1/0100-cell-b-0044-normal-s2/reference-10ms-differences.json.gz	23	f1101f8233b16d980af348db666cbdb1b9772fa79c6fa8d7d6d9550c1f6a546d	not a metric of this report
tr03-official-1/0100-cell-b-0044-normal-s2/trace.jsonl.gz	2695980	06572d8c4daf45e425ce6027c4b23e762d155c1d24e1fcd1b30b0e288d20f0cd	too large (trace)
tr03-official-1/0101-cell-b-0044-normal-s3/reference-10ms-differences.json.gz	23	f1101f8233b16d980af348db666cbdb1b9772fa79c6fa8d7d6d9550c1f6a546d	not a metric of this report
tr03-official-1/0101-cell-b-0044-normal-s3/trace.jsonl.gz	2673193	3c93df16bd697878afe92451b6f1ed6beba896f1259b2804db387f80765cd620	too large (trace)
tr03-official-1/0102-cell-b-0044-cycle-stop/reference-10ms-differences.json.gz	23	f1101f8233b16d980af348db666cbdb1b9772fa79c6fa8d7d6d9550c1f6a546d	not a metric of this report
tr03-official-1/0102-cell-b-0044-cycle-stop/trace.jsonl.gz	635675	269bbb42718998cbfc3a678ed60e228c85b406e7b9a1999d0a4dde8596bc8b3e	too large (trace)
tr03-official-1/0103-cell-b-0044-curtain/reference-10ms-differences.json.gz	23	f1101f8233b16d980af348db666cbdb1b9772fa79c6fa8d7d6d9550c1f6a546d	not a metric of this report
tr03-official-1/0103-cell-b-0044-curtain/trace.jsonl.gz	424549	8e09c8c5e58059102764736104c2346ce38d5c8918aa52792a4ba51dcbe0b2e7	too large (trace)
tr03-official-1/0104-cell-b-0044-recovery/reference-10ms-differences.json.gz	23	f1101f8233b16d980af348db666cbdb1b9772fa79c6fa8d7d6d9550c1f6a546d	not a metric of this report
tr03-official-1/0104-cell-b-0044-recovery/trace.jsonl.gz	1726156	3709be12cba281abe9de12effe9d16fc8f11b4d87cd7803bf07380316ebb9c65	too large (trace)
tr03-official-1/0105-cell-b-0044-recovery-retract/reference-10ms-differences.json.gz	23	f1101f8233b16d980af348db666cbdb1b9772fa79c6fa8d7d6d9550c1f6a546d	not a metric of this report
tr03-official-1/0105-cell-b-0044-recovery-retract/trace.jsonl.gz	1744557	a4073c1e4eb94f376403027a19287283a24e9d77e7027c74dbb354e25efa850d	too large (trace)
tr03-official-1/0106-cell-b-0044-batch/reference-10ms-differences.json.gz	23	f1101f8233b16d980af348db666cbdb1b9772fa79c6fa8d7d6d9550c1f6a546d	not a metric of this report
tr03-official-1/0106-cell-b-0044-batch/trace.jsonl.gz	1752764	82f2e284175e71da28ca706268379bbb9ac6c1b549384e574b6e428f2939b397	too large (trace)
tr03-official-1/0107-cell-b-0044-stroke75/constants.json	5779	23eb4ee6404d9bbca1675106843e233adf2dd72c0e37f275d0c9bb31194fcadb	plant-model file (private)
tr03-official-1/0107-cell-b-0044-stroke75/reference-10ms-differences.json.gz	23	f1101f8233b16d980af348db666cbdb1b9772fa79c6fa8d7d6d9550c1f6a546d	not a metric of this report
tr03-official-1/0107-cell-b-0044-stroke75/trace.jsonl.gz	1122589	4236dc2d150d6413d3f31380cd7672dafb5dac61204d16f032ef3dbdbbb135fb	too large (trace)
tr03-official-1/0108-cell-b-0044-flow060/constants.json	5759	749da6a9a3b578914850d85f44d3468ebdd2fefffb551566451d2e1a2d182a14	plant-model file (private)
tr03-official-1/0108-cell-b-0044-flow060/flow.plccell.json	33668	de3b752c6569074a823f5ee6945a6aea173d27e736d7f9764b3705dc16fcefb6	plant-model file (private)
tr03-official-1/0108-cell-b-0044-flow060/reference-10ms-differences.json.gz	23	f1101f8233b16d980af348db666cbdb1b9772fa79c6fa8d7d6d9550c1f6a546d	not a metric of this report
tr03-official-1/0108-cell-b-0044-flow060/trace.jsonl.gz	482421	410f099ecb519a1ee12213417bd7d7364faa208d4220ad177a3e0ad66986e8ea	too large (trace)
tr03-official-1/0109-cell-b-0044-flow045/constants.json	5760	b60b895ae8a70ba009e8fef0331b36e4f055cc6e7e075ae19d01b37f763c0360	plant-model file (private)
tr03-official-1/0109-cell-b-0044-flow045/flow.plccell.json	33668	de3b752c6569074a823f5ee6945a6aea173d27e736d7f9764b3705dc16fcefb6	plant-model file (private)
tr03-official-1/0109-cell-b-0044-flow045/reference-10ms-differences.json.gz	23	f1101f8233b16d980af348db666cbdb1b9772fa79c6fa8d7d6d9550c1f6a546d	not a metric of this report
tr03-official-1/0109-cell-b-0044-flow045/trace.jsonl.gz	464250	5c0060f56e1dbe89e7b97fe5229dc595e2352d86901e2573f7d073b94e69b75c	too large (trace)
tr03-official-1/0110-cell-b-0049-normal-s1/reference-10ms-differences.json.gz	23	f1101f8233b16d980af348db666cbdb1b9772fa79c6fa8d7d6d9550c1f6a546d	not a metric of this report
tr03-official-1/0110-cell-b-0049-normal-s1/trace.jsonl.gz	2909264	49c45e4318401a921f3a56db2e9e9f214686d65af6413513e1d72528ef988487	too large (trace)
tr03-official-1/0111-cell-b-0049-normal-s2/reference-10ms-differences.json.gz	23	f1101f8233b16d980af348db666cbdb1b9772fa79c6fa8d7d6d9550c1f6a546d	not a metric of this report
tr03-official-1/0111-cell-b-0049-normal-s2/trace.jsonl.gz	2694580	3b664d5c27b9fc0e01433b42001b1f58acde39333089e2a1bebb8c49097fb22c	too large (trace)
tr03-official-1/0112-cell-b-0049-normal-s3/reference-10ms-differences.json.gz	23	f1101f8233b16d980af348db666cbdb1b9772fa79c6fa8d7d6d9550c1f6a546d	not a metric of this report
tr03-official-1/0112-cell-b-0049-normal-s3/trace.jsonl.gz	2667871	1801b8f7d4f37d9606d41a8026fd7774c68a969787886e9b5a346f978c38ac95	too large (trace)
tr03-official-1/0113-cell-b-0049-cycle-stop/reference-10ms-differences.json.gz	23	f1101f8233b16d980af348db666cbdb1b9772fa79c6fa8d7d6d9550c1f6a546d	not a metric of this report
tr03-official-1/0113-cell-b-0049-cycle-stop/trace.jsonl.gz	633984	b21d7495e6f0a74c77103f2fe0be066c65d00edf96e38bd65923f6277322fb66	too large (trace)
tr03-official-1/0114-cell-b-0049-curtain/reference-10ms-differences.json.gz	23	f1101f8233b16d980af348db666cbdb1b9772fa79c6fa8d7d6d9550c1f6a546d	not a metric of this report
tr03-official-1/0114-cell-b-0049-curtain/trace.jsonl.gz	423084	93589153c5db0e46a3320c3b9f476f59359de46e5c63073dc5b684c85c196370	too large (trace)
tr03-official-1/0115-cell-b-0049-recovery/reference-10ms-differences.json.gz	33590	284733ad03edcf0c7d8ec71461b5caf3c1c3df053cbe89e622d769c09d6d6a33	not a metric of this report
tr03-official-1/0115-cell-b-0049-recovery/trace.jsonl.gz	1415772	8531ce921b6011caea9f6e77ba958a78627316d8f626592dadb23eb7e9e3e7c2	too large (trace)
tr03-official-1/0116-cell-b-0049-recovery-retract/reference-10ms-differences.json.gz	33658	7f668245823914c1e0568117851e75324284fd421183842e3d88d0b886624290	not a metric of this report
tr03-official-1/0116-cell-b-0049-recovery-retract/trace.jsonl.gz	1503821	b21c57191aea4652b0d83a10b4d0ac17e16b30bed07f56f8e98c188455090518	too large (trace)
tr03-official-1/0117-cell-b-0049-batch/reference-10ms-differences.json.gz	23	f1101f8233b16d980af348db666cbdb1b9772fa79c6fa8d7d6d9550c1f6a546d	not a metric of this report
tr03-official-1/0117-cell-b-0049-batch/trace.jsonl.gz	1747035	19409de3ffb67665c25f512661a1a0d85321ffbab936d56c4f6ec9ec8122ee46	too large (trace)
tr03-official-1/0118-cell-b-0049-stroke75/constants.json	5779	23eb4ee6404d9bbca1675106843e233adf2dd72c0e37f275d0c9bb31194fcadb	plant-model file (private)
tr03-official-1/0118-cell-b-0049-stroke75/reference-10ms-differences.json.gz	23	f1101f8233b16d980af348db666cbdb1b9772fa79c6fa8d7d6d9550c1f6a546d	not a metric of this report
tr03-official-1/0118-cell-b-0049-stroke75/trace.jsonl.gz	1141004	beb0f88bb54b1ed701a91581385109053cd807a318e3d6ec0ec71a4a2f2c1784	too large (trace)
tr03-official-1/0119-cell-b-0049-flow060/constants.json	5759	749da6a9a3b578914850d85f44d3468ebdd2fefffb551566451d2e1a2d182a14	plant-model file (private)
tr03-official-1/0119-cell-b-0049-flow060/flow.plccell.json	33668	de3b752c6569074a823f5ee6945a6aea173d27e736d7f9764b3705dc16fcefb6	plant-model file (private)
tr03-official-1/0119-cell-b-0049-flow060/reference-10ms-differences.json.gz	23	f1101f8233b16d980af348db666cbdb1b9772fa79c6fa8d7d6d9550c1f6a546d	not a metric of this report
tr03-official-1/0119-cell-b-0049-flow060/trace.jsonl.gz	476646	996d00f09ab51ae9f5f6d05743e38e2504c58af8e18cc0bd82be4cac4a43e7ac	too large (trace)
tr03-official-1/0120-cell-b-0049-flow045/constants.json	5760	b60b895ae8a70ba009e8fef0331b36e4f055cc6e7e075ae19d01b37f763c0360	plant-model file (private)
tr03-official-1/0120-cell-b-0049-flow045/flow.plccell.json	33668	de3b752c6569074a823f5ee6945a6aea173d27e736d7f9764b3705dc16fcefb6	plant-model file (private)
tr03-official-1/0120-cell-b-0049-flow045/reference-10ms-differences.json.gz	23	f1101f8233b16d980af348db666cbdb1b9772fa79c6fa8d7d6d9550c1f6a546d	not a metric of this report
tr03-official-1/0120-cell-b-0049-flow045/trace.jsonl.gz	459948	9856f6151acdecefb85cbfdac209632943df3aa98ed1c3f065141a2775e93164	too large (trace)
tr03-official-1/0121-cell-b-0056-normal-s1/reference-10ms-differences.json.gz	64881	d8fc6d3546556e92146c75c2b48ec532570633ec68439c3460fa3a00cad43169	not a metric of this report
tr03-official-1/0121-cell-b-0056-normal-s1/trace.jsonl.gz	1702947	d5d797f03845de13f29c92eeba7a4d24280d6552cf8e010e08a8e6787309fba3	too large (trace)
tr03-official-1/0122-cell-b-0056-normal-s2/reference-10ms-differences.json.gz	64881	d8fc6d3546556e92146c75c2b48ec532570633ec68439c3460fa3a00cad43169	not a metric of this report
tr03-official-1/0122-cell-b-0056-normal-s2/trace.jsonl.gz	1730989	44141b24a47b4959e3e2e8f913d433e76090bf20b5ba36a114ca6b855b32e4b7	too large (trace)
tr03-official-1/0123-cell-b-0056-normal-s3/reference-10ms-differences.json.gz	64881	d8fc6d3546556e92146c75c2b48ec532570633ec68439c3460fa3a00cad43169	not a metric of this report
tr03-official-1/0123-cell-b-0056-normal-s3/trace.jsonl.gz	1718206	21006aea196a43e911873e65d2ad0e0c6231829f658e535c113f6f176fa0732c	too large (trace)
tr03-official-1/0124-cell-b-0056-cycle-stop/reference-10ms-differences.json.gz	16723	f0d1664cb99d76f02b1129a8cb717d1cc8033135942f5d5b577f518d8c571c12	not a metric of this report
tr03-official-1/0124-cell-b-0056-cycle-stop/trace.jsonl.gz	410254	de40e7d5eec324c6fee206e0a8e25d43ca9dd66bae3881dbce6476404bdccc84	too large (trace)
tr03-official-1/0125-cell-b-0056-curtain/reference-10ms-differences.json.gz	14114	57d905f2354146128d63746f912a11f36dcabcb3d28db5418384fc6f06ff8c79	not a metric of this report
tr03-official-1/0125-cell-b-0056-curtain/trace.jsonl.gz	350426	5cd1544158be57fbc28435c0b5273cedaa9df7a5e8ccb2a8725a4b998910bef4	too large (trace)
tr03-official-1/0126-cell-b-0056-recovery/reference-10ms-differences.json.gz	9832	eefe3afeffb2f2fb68e0ce7462a0daa00097d1a8b7f2d40078dfc48e61fb1a4c	not a metric of this report
tr03-official-1/0126-cell-b-0056-recovery/trace.jsonl.gz	1471884	4ac709f86da60bba3e8ddb5b775dc5e63a174db59752e483029d7310089d47f5	too large (trace)
tr03-official-1/0127-cell-b-0056-recovery-retract/reference-10ms-differences.json.gz	10262	7b0b2887254949129bf2a8fb8e79f5165db52ea819a384f79dae7eaf63a7d5e7	not a metric of this report
tr03-official-1/0127-cell-b-0056-recovery-retract/trace.jsonl.gz	1469651	c686e094967fc600b7635f1b9da5fd55fe87350b09c8128b1443ca929d1c54fe	too large (trace)
tr03-official-1/0128-cell-b-0056-batch/reference-10ms-differences.json.gz	34586	8972f1bc1819c4426168ea3c446176e6c307ff9f2db290e93a3211ca67e902ff	not a metric of this report
tr03-official-1/0128-cell-b-0056-batch/trace.jsonl.gz	890775	33f3318b3d2960509a0c5172714117710908700e9aaf5b28c055c27654f18196	too large (trace)
tr03-official-1/0129-cell-b-0056-stroke75/constants.json	5779	23eb4ee6404d9bbca1675106843e233adf2dd72c0e37f275d0c9bb31194fcadb	plant-model file (private)
tr03-official-1/0129-cell-b-0056-stroke75/reference-10ms-differences.json.gz	34586	8972f1bc1819c4426168ea3c446176e6c307ff9f2db290e93a3211ca67e902ff	not a metric of this report
tr03-official-1/0129-cell-b-0056-stroke75/trace.jsonl.gz	883646	51df39383d1482ee2d0c7bf2f4c0b784986d3ca9a84821b1b5a6412ba756fdc6	too large (trace)
tr03-official-1/0130-cell-b-0056-flow060/constants.json	5759	749da6a9a3b578914850d85f44d3468ebdd2fefffb551566451d2e1a2d182a14	plant-model file (private)
tr03-official-1/0130-cell-b-0056-flow060/flow.plccell.json	33668	de3b752c6569074a823f5ee6945a6aea173d27e736d7f9764b3705dc16fcefb6	plant-model file (private)
tr03-official-1/0130-cell-b-0056-flow060/reference-10ms-differences.json.gz	14114	57d905f2354146128d63746f912a11f36dcabcb3d28db5418384fc6f06ff8c79	not a metric of this report
tr03-official-1/0130-cell-b-0056-flow060/trace.jsonl.gz	328990	d438c70c1e5d37ae89b67c244f2d8711e0685e0f3a19ab20f3517e290f7bc740	too large (trace)
tr03-official-1/0131-cell-b-0056-flow045/constants.json	5760	b60b895ae8a70ba009e8fef0331b36e4f055cc6e7e075ae19d01b37f763c0360	plant-model file (private)
tr03-official-1/0131-cell-b-0056-flow045/flow.plccell.json	33668	de3b752c6569074a823f5ee6945a6aea173d27e736d7f9764b3705dc16fcefb6	plant-model file (private)
tr03-official-1/0131-cell-b-0056-flow045/reference-10ms-differences.json.gz	14114	57d905f2354146128d63746f912a11f36dcabcb3d28db5418384fc6f06ff8c79	not a metric of this report
tr03-official-1/0131-cell-b-0056-flow045/trace.jsonl.gz	328990	c35fc5e3145379af40ed0af25acd6552f7f6575ad72222073b6dea7b37dc4797	too large (trace)
tr03-official-1/0132-cell-b-0057-normal-s1/reference-10ms-differences.json.gz	64181	a107646e7271b6871373621866f66d5010733cb32bfa94f5f1a273142bde62e8	not a metric of this report
tr03-official-1/0132-cell-b-0057-normal-s1/trace.jsonl.gz	1666403	d7cffbd462552e3b4919c571997f64ca96a3115dff2f1b827ebaa1138a716a92	too large (trace)
tr03-official-1/0133-cell-b-0057-normal-s2/reference-10ms-differences.json.gz	64181	a107646e7271b6871373621866f66d5010733cb32bfa94f5f1a273142bde62e8	not a metric of this report
tr03-official-1/0133-cell-b-0057-normal-s2/trace.jsonl.gz	1712728	0823642aea8d5c1426a7a6043058c2053e775b7e73bc0830493e8c3390033063	too large (trace)
tr03-official-1/0134-cell-b-0057-normal-s3/reference-10ms-differences.json.gz	64181	a107646e7271b6871373621866f66d5010733cb32bfa94f5f1a273142bde62e8	not a metric of this report
tr03-official-1/0134-cell-b-0057-normal-s3/trace.jsonl.gz	1630040	4b0892460cb1c2d164f55c0f9e50ae6c384ff01085776391e510d1d670c59a92	too large (trace)
tr03-official-1/0135-cell-b-0057-cycle-stop/reference-10ms-differences.json.gz	16007	8d5f59181df57b71308ac233a4acb83130c991331593e5aad435222427c01bd1	not a metric of this report
tr03-official-1/0135-cell-b-0057-cycle-stop/trace.jsonl.gz	419070	a84fe6642b4798559d8250f1aa411e5eecd18f82b4051ebd66d2d5f5c12a46c1	too large (trace)
tr03-official-1/0136-cell-b-0057-curtain/reference-10ms-differences.json.gz	13391	61630ec2535f7434d81286bb78fe509c803cc2040bf37e69b8bf0167899af579	not a metric of this report
tr03-official-1/0136-cell-b-0057-curtain/trace.jsonl.gz	343989	e95380951fb4f1a2e285e10812eb483012f5216404638e79f9d942fb95e09264	too large (trace)
tr03-official-1/0137-cell-b-0057-recovery/reference-10ms-differences.json.gz	45988	fec0afec30eff608cd67fa4c4d62f189b942f9f6df3aea37c45c9a6ac6c6a2ee	not a metric of this report
tr03-official-1/0137-cell-b-0057-recovery/trace.jsonl.gz	1161955	b1bc845f09681769046554d43df649b81863a51e1e26db26fef134eac7339362	too large (trace)
tr03-official-1/0138-cell-b-0057-recovery-retract/reference-10ms-differences.json.gz	45988	fec0afec30eff608cd67fa4c4d62f189b942f9f6df3aea37c45c9a6ac6c6a2ee	not a metric of this report
tr03-official-1/0138-cell-b-0057-recovery-retract/trace.jsonl.gz	1158434	f4d1bf5287296c8b30e072ffae97913ceb9fb3cdc5141c26e1d17f0a2bfa2c50	too large (trace)
tr03-official-1/0139-cell-b-0057-batch/reference-10ms-differences.json.gz	33882	1d44ecbab357f42f775965795a32bddff5a51b791c537a09cc252736e2648aa4	not a metric of this report
tr03-official-1/0139-cell-b-0057-batch/trace.jsonl.gz	850492	28325cfb49d731f6ae15e920b491fb68159d2245ca2ce4ce18f943d9a8668459	too large (trace)
tr03-official-1/0140-cell-b-0057-stroke75/constants.json	5779	23eb4ee6404d9bbca1675106843e233adf2dd72c0e37f275d0c9bb31194fcadb	plant-model file (private)
tr03-official-1/0140-cell-b-0057-stroke75/reference-10ms-differences.json.gz	33882	1d44ecbab357f42f775965795a32bddff5a51b791c537a09cc252736e2648aa4	not a metric of this report
tr03-official-1/0140-cell-b-0057-stroke75/trace.jsonl.gz	850991	8ed5d4fd86c70374d53cbca9d8397b31dc2174ab93d89f6c574cf3baf2356d86	too large (trace)
tr03-official-1/0141-cell-b-0057-flow060/constants.json	5759	749da6a9a3b578914850d85f44d3468ebdd2fefffb551566451d2e1a2d182a14	plant-model file (private)
tr03-official-1/0141-cell-b-0057-flow060/flow.plccell.json	33668	de3b752c6569074a823f5ee6945a6aea173d27e736d7f9764b3705dc16fcefb6	plant-model file (private)
tr03-official-1/0141-cell-b-0057-flow060/reference-10ms-differences.json.gz	13391	61630ec2535f7434d81286bb78fe509c803cc2040bf37e69b8bf0167899af579	not a metric of this report
tr03-official-1/0141-cell-b-0057-flow060/trace.jsonl.gz	324563	0450cbf88befc9da6de983a04b5a97674f7c4342a2872b28d39cc2ab8a5d5b84	too large (trace)
tr03-official-1/0142-cell-b-0057-flow045/constants.json	5760	b60b895ae8a70ba009e8fef0331b36e4f055cc6e7e075ae19d01b37f763c0360	plant-model file (private)
tr03-official-1/0142-cell-b-0057-flow045/flow.plccell.json	33668	de3b752c6569074a823f5ee6945a6aea173d27e736d7f9764b3705dc16fcefb6	plant-model file (private)
tr03-official-1/0142-cell-b-0057-flow045/reference-10ms-differences.json.gz	13391	61630ec2535f7434d81286bb78fe509c803cc2040bf37e69b8bf0167899af579	not a metric of this report
tr03-official-1/0142-cell-b-0057-flow045/trace.jsonl.gz	324564	1821321d4f3b935a5639558200732235f8243b277c44bea95c4c997e48c09885	too large (trace)
tr03-official-1/0143-cell-b-0060-normal-s1/reference-10ms-differences.json.gz	23	f1101f8233b16d980af348db666cbdb1b9772fa79c6fa8d7d6d9550c1f6a546d	not a metric of this report
tr03-official-1/0143-cell-b-0060-normal-s1/trace.jsonl.gz	2912087	7af458473920f61a8461b73e1958c12c5f19dd7ee5f9769781a8e003c318fbb9	too large (trace)
tr03-official-1/0144-cell-b-0060-normal-s2/reference-10ms-differences.json.gz	23	f1101f8233b16d980af348db666cbdb1b9772fa79c6fa8d7d6d9550c1f6a546d	not a metric of this report
tr03-official-1/0144-cell-b-0060-normal-s2/trace.jsonl.gz	2708578	5ddfe40738d03ef2a62b8834d0946ddec1866e7b60fced9180286f7c1aa0f7ad	too large (trace)
tr03-official-1/0145-cell-b-0060-normal-s3/reference-10ms-differences.json.gz	23	f1101f8233b16d980af348db666cbdb1b9772fa79c6fa8d7d6d9550c1f6a546d	not a metric of this report
tr03-official-1/0145-cell-b-0060-normal-s3/trace.jsonl.gz	2671396	4e151d35e078b39ae7d3074a6b6ecaab6a87b217b655d53027e8816484a89761	too large (trace)
tr03-official-1/0146-cell-b-0060-cycle-stop/reference-10ms-differences.json.gz	23	f1101f8233b16d980af348db666cbdb1b9772fa79c6fa8d7d6d9550c1f6a546d	not a metric of this report
tr03-official-1/0146-cell-b-0060-cycle-stop/trace.jsonl.gz	636617	65c4f715a9783f39b39770cf3713629302d4e791d0453532b5a3fbeeec9fd198	too large (trace)
tr03-official-1/0147-cell-b-0060-curtain/reference-10ms-differences.json.gz	23	f1101f8233b16d980af348db666cbdb1b9772fa79c6fa8d7d6d9550c1f6a546d	not a metric of this report
tr03-official-1/0147-cell-b-0060-curtain/trace.jsonl.gz	427896	e9e7c5fd82337aefc4d769fb9877e1ea2a74e02c217346b838c4b884b5c31606	too large (trace)
tr03-official-1/0148-cell-b-0060-recovery/reference-10ms-differences.json.gz	23	f1101f8233b16d980af348db666cbdb1b9772fa79c6fa8d7d6d9550c1f6a546d	not a metric of this report
tr03-official-1/0148-cell-b-0060-recovery/trace.jsonl.gz	1733156	68516fa92db798e8383196f348a0e13261f1069ecddfc75317b884ff69e2d15d	too large (trace)
tr03-official-1/0149-cell-b-0060-recovery-retract/reference-10ms-differences.json.gz	23	f1101f8233b16d980af348db666cbdb1b9772fa79c6fa8d7d6d9550c1f6a546d	not a metric of this report
tr03-official-1/0149-cell-b-0060-recovery-retract/trace.jsonl.gz	1742568	a907addd15c10f370f4411a480ad72158e1586d9b9f1e6c7e5f3cb56f3e4f204	too large (trace)
tr03-official-1/0150-cell-b-0060-batch/reference-10ms-differences.json.gz	23	f1101f8233b16d980af348db666cbdb1b9772fa79c6fa8d7d6d9550c1f6a546d	not a metric of this report
tr03-official-1/0150-cell-b-0060-batch/trace.jsonl.gz	1755593	c36c59cbb9faa0a2c9c2d073b0f053c45897a61bef0a4ee4808c117cb4b74c47	too large (trace)
tr03-official-1/0151-cell-b-0060-stroke75/constants.json	5779	23eb4ee6404d9bbca1675106843e233adf2dd72c0e37f275d0c9bb31194fcadb	plant-model file (private)
tr03-official-1/0151-cell-b-0060-stroke75/reference-10ms-differences.json.gz	23	f1101f8233b16d980af348db666cbdb1b9772fa79c6fa8d7d6d9550c1f6a546d	not a metric of this report
tr03-official-1/0151-cell-b-0060-stroke75/trace.jsonl.gz	1128126	6d3f4234d01c5e83228fba271f0c620bee494ac1f45b428309c6edcfb572caa3	too large (trace)
tr03-official-1/0152-cell-b-0060-flow060/constants.json	5759	749da6a9a3b578914850d85f44d3468ebdd2fefffb551566451d2e1a2d182a14	plant-model file (private)
tr03-official-1/0152-cell-b-0060-flow060/flow.plccell.json	33668	de3b752c6569074a823f5ee6945a6aea173d27e736d7f9764b3705dc16fcefb6	plant-model file (private)
tr03-official-1/0152-cell-b-0060-flow060/reference-10ms-differences.json.gz	23	f1101f8233b16d980af348db666cbdb1b9772fa79c6fa8d7d6d9550c1f6a546d	not a metric of this report
tr03-official-1/0152-cell-b-0060-flow060/trace.jsonl.gz	484442	306c05d233e1a0c596af6ec21f94b2a9c9beb79b0248e86c9fd9a26ff2f1a64f	too large (trace)
tr03-official-1/0153-cell-b-0060-flow045/constants.json	5760	b60b895ae8a70ba009e8fef0331b36e4f055cc6e7e075ae19d01b37f763c0360	plant-model file (private)
tr03-official-1/0153-cell-b-0060-flow045/flow.plccell.json	33668	de3b752c6569074a823f5ee6945a6aea173d27e736d7f9764b3705dc16fcefb6	plant-model file (private)
tr03-official-1/0153-cell-b-0060-flow045/reference-10ms-differences.json.gz	23	f1101f8233b16d980af348db666cbdb1b9772fa79c6fa8d7d6d9550c1f6a546d	not a metric of this report
tr03-official-1/0153-cell-b-0060-flow045/trace.jsonl.gz	466903	2547dda0fd32fa8bdb989ef268c10a54f58968e0841def055669c20d4063a611	too large (trace)
tr03-official-1/0154-cell-b-0063-normal-s1/reference-10ms-differences.json.gz	64891	556fb94ae0da6879d86634ecf8e39fdc7ef593420ca2a4b87b4872384242bc9f	not a metric of this report
tr03-official-1/0154-cell-b-0063-normal-s1/trace.jsonl.gz	1702801	7c02fcd47e0c933b11de28cba54a036c857d5499578a72143fe4876b146ba12a	too large (trace)
tr03-official-1/0155-cell-b-0063-normal-s2/reference-10ms-differences.json.gz	64891	556fb94ae0da6879d86634ecf8e39fdc7ef593420ca2a4b87b4872384242bc9f	not a metric of this report
tr03-official-1/0155-cell-b-0063-normal-s2/trace.jsonl.gz	1735395	b0b487317f5944773d830f83f73462f873f1bd6c6d6e65ef512909510c9fef3f	too large (trace)
tr03-official-1/0156-cell-b-0063-normal-s3/reference-10ms-differences.json.gz	64891	556fb94ae0da6879d86634ecf8e39fdc7ef593420ca2a4b87b4872384242bc9f	not a metric of this report
tr03-official-1/0156-cell-b-0063-normal-s3/trace.jsonl.gz	1719665	df5a1e136b1860eb0580a847f7e6ea7c7aa77fb57f898f37911f7d6d0e5eff5f	too large (trace)
tr03-official-1/0157-cell-b-0063-cycle-stop/reference-10ms-differences.json.gz	16733	f24fc0f5c280ba64c6855f32a46a43f7a2cc8f789f18f156a88b5db908a36192	not a metric of this report
tr03-official-1/0157-cell-b-0063-cycle-stop/trace.jsonl.gz	415688	aa24aa0635c63678a54a67952f6591a2745bbe60e346694e2f63b85fd48b9b99	too large (trace)
tr03-official-1/0158-cell-b-0063-curtain/reference-10ms-differences.json.gz	14124	7c9dfe9bba2c9a0859795a31d93b560614f19790fe770c98251fd2f8eb685935	not a metric of this report
tr03-official-1/0158-cell-b-0063-curtain/trace.jsonl.gz	341831	7b4bf9ecfb6e26f5fc09d35eb1b033e33d7e532c7ad27b6d3683eb60e4d86319	too large (trace)
tr03-official-1/0159-cell-b-0063-recovery/reference-10ms-differences.json.gz	59266	4c4acce0e1611fbd6319f290d824e7f991cd6fd91da31589d2e8e6cfde77ada5	not a metric of this report
tr03-official-1/0159-cell-b-0063-recovery/trace.jsonl.gz	1475988	5eefe4d97f4576ea21dc49df7d37b58981e42014f7274bbdc3fd748ac52187e9	too large (trace)
tr03-official-1/0160-cell-b-0063-recovery-retract/reference-10ms-differences.json.gz	59265	472d4777ef7b362057f55826eae05025e9449f85b58defa227b29a4644f513d4	not a metric of this report
tr03-official-1/0160-cell-b-0063-recovery-retract/trace.jsonl.gz	1471783	3745e70aee917c9de129c4b9f549dc0ea32d0eabcd324a76160a9ef5882b5592	too large (trace)
tr03-official-1/0161-cell-b-0063-batch/reference-10ms-differences.json.gz	34596	35a1259118984dd58ddeeebc2a2adf8e5e9fd0899656dd3b306e65013d4f4ac5	not a metric of this report
tr03-official-1/0161-cell-b-0063-batch/trace.jsonl.gz	884098	22c626f0dbb2143a01b10cc2972b5eb466c1a16e6ca6f0baed36421464ee115d	too large (trace)
tr03-official-1/0162-cell-b-0063-stroke75/constants.json	5779	23eb4ee6404d9bbca1675106843e233adf2dd72c0e37f275d0c9bb31194fcadb	plant-model file (private)
tr03-official-1/0162-cell-b-0063-stroke75/reference-10ms-differences.json.gz	34596	35a1259118984dd58ddeeebc2a2adf8e5e9fd0899656dd3b306e65013d4f4ac5	not a metric of this report
tr03-official-1/0162-cell-b-0063-stroke75/trace.jsonl.gz	878973	224263ebf60602e483642d932a0262b1bd5624d4d28f7e480167f17ca1b805b5	too large (trace)
tr03-official-1/0163-cell-b-0063-flow060/constants.json	5759	749da6a9a3b578914850d85f44d3468ebdd2fefffb551566451d2e1a2d182a14	plant-model file (private)
tr03-official-1/0163-cell-b-0063-flow060/flow.plccell.json	33668	de3b752c6569074a823f5ee6945a6aea173d27e736d7f9764b3705dc16fcefb6	plant-model file (private)
tr03-official-1/0163-cell-b-0063-flow060/reference-10ms-differences.json.gz	14124	7c9dfe9bba2c9a0859795a31d93b560614f19790fe770c98251fd2f8eb685935	not a metric of this report
tr03-official-1/0163-cell-b-0063-flow060/trace.jsonl.gz	332961	986e1ddfa605a2af34dbaf4b2464f37ba46bf67177f6bf0b810efdb567f049c3	too large (trace)
tr03-official-1/0164-cell-b-0063-flow045/constants.json	5760	b60b895ae8a70ba009e8fef0331b36e4f055cc6e7e075ae19d01b37f763c0360	plant-model file (private)
tr03-official-1/0164-cell-b-0063-flow045/flow.plccell.json	33668	de3b752c6569074a823f5ee6945a6aea173d27e736d7f9764b3705dc16fcefb6	plant-model file (private)
tr03-official-1/0164-cell-b-0063-flow045/reference-10ms-differences.json.gz	14124	7c9dfe9bba2c9a0859795a31d93b560614f19790fe770c98251fd2f8eb685935	not a metric of this report
tr03-official-1/0164-cell-b-0063-flow045/trace.jsonl.gz	332961	b08bae920b2af5bd01b09e0016146f1d90e63ae76ba8d6442f32f92977792585	too large (trace)
tr03-official-1/0165-cell-b-0070-normal-s1/reference-10ms-differences.json.gz	65011	2c6c23c8232b2e52764fadd6779067784e0a995736aa324a51b0a324d4472333	not a metric of this report
tr03-official-1/0165-cell-b-0070-normal-s1/trace.jsonl.gz	1658660	b4e22f1335760159200ed450c8951d16a4d7c3f618441a0998db6686da5499fe	too large (trace)
tr03-official-1/0166-cell-b-0070-normal-s2/reference-10ms-differences.json.gz	65011	2c6c23c8232b2e52764fadd6779067784e0a995736aa324a51b0a324d4472333	not a metric of this report
tr03-official-1/0166-cell-b-0070-normal-s2/trace.jsonl.gz	1680077	b80280789dd14c5aa364246483b4df69f7f60f3531fe6cff8c1decf01845f656	too large (trace)
tr03-official-1/0167-cell-b-0070-normal-s3/reference-10ms-differences.json.gz	65011	2c6c23c8232b2e52764fadd6779067784e0a995736aa324a51b0a324d4472333	not a metric of this report
tr03-official-1/0167-cell-b-0070-normal-s3/trace.jsonl.gz	1676546	ef5fcb9731d06a78672379e82eae0564d2495c0062a0fe3c7e7f496e023ed255	too large (trace)
tr03-official-1/0168-cell-b-0070-cycle-stop/reference-10ms-differences.json.gz	16830	f099e0c133334bc2a9d8c99f92e4e1f8380fc0c5cbe06d93a7a72994955b3310	not a metric of this report
tr03-official-1/0168-cell-b-0070-cycle-stop/trace.jsonl.gz	417579	85a85f94daa2aa57a2fa0c2e73d3977829c9bd83bd77a22f3a892af044419a91	too large (trace)
tr03-official-1/0169-cell-b-0070-curtain/reference-10ms-differences.json.gz	14212	cad11f20f4a7fdbe8311d7f551815373cbdf9529e92ea16b4a6c4f1010926655	not a metric of this report
tr03-official-1/0169-cell-b-0070-curtain/trace.jsonl.gz	339541	755833b27cb238247e20356f08cd40f74e3e9eb2d50d5974be391ab8da008119	too large (trace)
tr03-official-1/0170-cell-b-0070-recovery/reference-10ms-differences.json.gz	59471	9d0ad769afc8df6c31e43bb93ea619454cddc16b1f3897bfb649a64a4ac4ec66	not a metric of this report
tr03-official-1/0170-cell-b-0070-recovery/trace.jsonl.gz	1493357	3650a8fa025ffc247f4c1d7f8f647d6b55f1e03d806a45df975955d8cbe9894c	too large (trace)
tr03-official-1/0171-cell-b-0070-recovery-retract/reference-10ms-differences.json.gz	59471	ff7b73c2d533b9f4ce993b72c54a57baefacbc65647a5bb2efad46cd206c4419	not a metric of this report
tr03-official-1/0171-cell-b-0070-recovery-retract/trace.jsonl.gz	1473695	6b12665de2364f8c542cc863324e66a90fcc5c17a34443a0bbba4bd3b90a2644	too large (trace)
tr03-official-1/0172-cell-b-0070-batch/reference-10ms-differences.json.gz	34712	d9b76aa8166dbb900909ebaa2315a3d097ef37a6ec0d4659efb9e9a2abdbb9a3	not a metric of this report
tr03-official-1/0172-cell-b-0070-batch/trace.jsonl.gz	859207	aec55f63a6a83928b629ae44a3cc61c498fe9031afccdf8c96dc4b5b199cdf56	too large (trace)
tr03-official-1/0173-cell-b-0070-stroke75/constants.json	5779	23eb4ee6404d9bbca1675106843e233adf2dd72c0e37f275d0c9bb31194fcadb	plant-model file (private)
tr03-official-1/0173-cell-b-0070-stroke75/reference-10ms-differences.json.gz	34712	d9b76aa8166dbb900909ebaa2315a3d097ef37a6ec0d4659efb9e9a2abdbb9a3	not a metric of this report
tr03-official-1/0173-cell-b-0070-stroke75/trace.jsonl.gz	861673	29113e77e56655e7e74afc8f49465e9ffb8d9321646ab5f93d07fcf78d84de97	too large (trace)
tr03-official-1/0174-cell-b-0070-flow060/constants.json	5759	749da6a9a3b578914850d85f44d3468ebdd2fefffb551566451d2e1a2d182a14	plant-model file (private)
tr03-official-1/0174-cell-b-0070-flow060/flow.plccell.json	33668	de3b752c6569074a823f5ee6945a6aea173d27e736d7f9764b3705dc16fcefb6	plant-model file (private)
tr03-official-1/0174-cell-b-0070-flow060/reference-10ms-differences.json.gz	14212	cad11f20f4a7fdbe8311d7f551815373cbdf9529e92ea16b4a6c4f1010926655	not a metric of this report
tr03-official-1/0174-cell-b-0070-flow060/trace.jsonl.gz	330537	82dda0d0fd1164b0cca97f3c6292870fba178404177ea59c2ee717e0a3b64571	too large (trace)
tr03-official-1/0175-cell-b-0070-flow045/constants.json	5760	b60b895ae8a70ba009e8fef0331b36e4f055cc6e7e075ae19d01b37f763c0360	plant-model file (private)
tr03-official-1/0175-cell-b-0070-flow045/flow.plccell.json	33668	de3b752c6569074a823f5ee6945a6aea173d27e736d7f9764b3705dc16fcefb6	plant-model file (private)
tr03-official-1/0175-cell-b-0070-flow045/reference-10ms-differences.json.gz	14212	cad11f20f4a7fdbe8311d7f551815373cbdf9529e92ea16b4a6c4f1010926655	not a metric of this report
tr03-official-1/0175-cell-b-0070-flow045/trace.jsonl.gz	330536	b206a889b91176c6d9b7f03f666a5747d4574ca490dc28e92edc2f7a68b9a35e	too large (trace)
tr03-official-1/0176-cell-b-0079-normal-s1/reference-10ms-differences.json.gz	65011	c06cd1d7129e257cb176b7aff06b9c609b6cd54bac7980f0fcfd60f77a080d4f	not a metric of this report
tr03-official-1/0176-cell-b-0079-normal-s1/trace.jsonl.gz	1673208	a62e2818cdb446d079efdef8268a0a609110d6f673936f6fb10e8bea570f0b74	too large (trace)
tr03-official-1/0177-cell-b-0079-normal-s2/reference-10ms-differences.json.gz	65011	c06cd1d7129e257cb176b7aff06b9c609b6cd54bac7980f0fcfd60f77a080d4f	not a metric of this report
tr03-official-1/0177-cell-b-0079-normal-s2/trace.jsonl.gz	1732209	181ed1b6d57b50ad2c3e28bad91d3ab30e77d7cabb224d36362515da92fdb7d5	too large (trace)
tr03-official-1/0178-cell-b-0079-normal-s3/reference-10ms-differences.json.gz	65011	c06cd1d7129e257cb176b7aff06b9c609b6cd54bac7980f0fcfd60f77a080d4f	not a metric of this report
tr03-official-1/0178-cell-b-0079-normal-s3/trace.jsonl.gz	1674474	fe957f45ddd0266987b3090f4348f3e50d9e07fcae03f36d817d7cf9380b159c	too large (trace)
tr03-official-1/0179-cell-b-0079-cycle-stop/reference-10ms-differences.json.gz	16830	52874ac3937e46791acdbafd76ce61435bfe2ae63c9ecf0e512c7984672d21c3	not a metric of this report
tr03-official-1/0179-cell-b-0079-cycle-stop/trace.jsonl.gz	404867	34745172218f7e20addfb51094bb83ae388f60fcf4cb37fc1253eeefe770d1e1	too large (trace)
tr03-official-1/0180-cell-b-0079-curtain/reference-10ms-differences.json.gz	14211	d02ad1b8a9222f0d67dd69e16b959ab1477cbcc9f6e16b29834f21e73beb7265	not a metric of this report
tr03-official-1/0180-cell-b-0079-curtain/trace.jsonl.gz	340302	aac46f42ae5a91bfee1b14c80ab4cf61fc9b616ea3fd63fa6fe21a33c2b89a25	too large (trace)
tr03-official-1/0181-cell-b-0079-recovery/reference-10ms-differences.json.gz	59609	78d4d42ef4d8aa4e7ad494ad115ed4a62074312093e4851f3001e0d04b989679	not a metric of this report
tr03-official-1/0181-cell-b-0079-recovery/trace.jsonl.gz	1476061	df6530e9bf4117256831e22b8a94436da67707b3a30cd5f4a4e903278af6e37f	too large (trace)
tr03-official-1/0182-cell-b-0079-recovery-retract/reference-10ms-differences.json.gz	59608	8b3eeaf45433d2b04da458c834eb6550bf3f052341c9daef3709297972343f83	not a metric of this report
tr03-official-1/0182-cell-b-0079-recovery-retract/trace.jsonl.gz	1473402	d473041fafe30806bd922d0f85c9c77d0eaced0963e74a167d894e671315cd78	too large (trace)
tr03-official-1/0183-cell-b-0079-batch/reference-10ms-differences.json.gz	34711	b9a84532f7d0fb47e9e9dee66a3f09c2fcac9e8b66b9cbe9019f23ee648bacdd	not a metric of this report
tr03-official-1/0183-cell-b-0079-batch/trace.jsonl.gz	867397	fd3d0ce9e2bfb2332e8df76ac7d384d936983408007ce9b421e5ba51c320bf3b	too large (trace)
tr03-official-1/0184-cell-b-0079-stroke75/constants.json	5779	23eb4ee6404d9bbca1675106843e233adf2dd72c0e37f275d0c9bb31194fcadb	plant-model file (private)
tr03-official-1/0184-cell-b-0079-stroke75/reference-10ms-differences.json.gz	34711	b9a84532f7d0fb47e9e9dee66a3f09c2fcac9e8b66b9cbe9019f23ee648bacdd	not a metric of this report
tr03-official-1/0184-cell-b-0079-stroke75/trace.jsonl.gz	873439	f767b18aedb0b375e38fa9ca58a468c6ef9011a29fb22eb8e4ab4af1ecac2ec3	too large (trace)
tr03-official-1/0185-cell-b-0079-flow060/constants.json	5759	749da6a9a3b578914850d85f44d3468ebdd2fefffb551566451d2e1a2d182a14	plant-model file (private)
tr03-official-1/0185-cell-b-0079-flow060/flow.plccell.json	33668	de3b752c6569074a823f5ee6945a6aea173d27e736d7f9764b3705dc16fcefb6	plant-model file (private)
tr03-official-1/0185-cell-b-0079-flow060/reference-10ms-differences.json.gz	14211	d02ad1b8a9222f0d67dd69e16b959ab1477cbcc9f6e16b29834f21e73beb7265	not a metric of this report
tr03-official-1/0185-cell-b-0079-flow060/trace.jsonl.gz	330212	57bea7312fd96da4ef059c68c40d37a00ee9f4c8e9db200c931dc582baa34df7	too large (trace)
tr03-official-1/0186-cell-b-0079-flow045/constants.json	5760	b60b895ae8a70ba009e8fef0331b36e4f055cc6e7e075ae19d01b37f763c0360	plant-model file (private)
tr03-official-1/0186-cell-b-0079-flow045/flow.plccell.json	33668	de3b752c6569074a823f5ee6945a6aea173d27e736d7f9764b3705dc16fcefb6	plant-model file (private)
tr03-official-1/0186-cell-b-0079-flow045/reference-10ms-differences.json.gz	14211	d02ad1b8a9222f0d67dd69e16b959ab1477cbcc9f6e16b29834f21e73beb7265	not a metric of this report
tr03-official-1/0186-cell-b-0079-flow045/trace.jsonl.gz	330213	88a3c8f24d5a6a81c8fede50a8a285d3f846bb72ca793227bba1394d0cb4522e	too large (trace)
tr03-official-1/0187-cell-b-0083-normal-s1/reference-10ms-differences.json.gz	64873	0371dc692810c7fb7ac2639cb7a5d92c8194179b2b5c64282ce04bb96b798292	not a metric of this report
tr03-official-1/0187-cell-b-0083-normal-s1/trace.jsonl.gz	1704133	1b90d4318502d8cca54ae8a78b711685281087eb000253f1c80e4605d64ffae2	too large (trace)
tr03-official-1/0188-cell-b-0083-normal-s2/reference-10ms-differences.json.gz	64873	0371dc692810c7fb7ac2639cb7a5d92c8194179b2b5c64282ce04bb96b798292	not a metric of this report
tr03-official-1/0188-cell-b-0083-normal-s2/trace.jsonl.gz	1734606	41ca6881ffbb88512905021c5de536faa4bb56d5c4b7132da2fef65fa9b80333	too large (trace)
tr03-official-1/0189-cell-b-0083-normal-s3/reference-10ms-differences.json.gz	64873	0371dc692810c7fb7ac2639cb7a5d92c8194179b2b5c64282ce04bb96b798292	not a metric of this report
tr03-official-1/0189-cell-b-0083-normal-s3/trace.jsonl.gz	1722466	ca50422885051a5bcad770dc91279fd5a68346504d963eedb7d0218f2c9d6c30	too large (trace)
tr03-official-1/0190-cell-b-0083-cycle-stop/reference-10ms-differences.json.gz	16717	dd5c4df7e2d2c66fa29ae895545aabb9b8446e196df6c70a705b418ef33a5f99	not a metric of this report
tr03-official-1/0190-cell-b-0083-cycle-stop/trace.jsonl.gz	414958	13b59649728cde44b8ccbad34c2fcef7bcc0445af71b85202980f8c96f84f1c7	too large (trace)
tr03-official-1/0191-cell-b-0083-curtain/reference-10ms-differences.json.gz	14110	79f4a6ed93e5b3d8acb4c5641616f5b6be19efb99492115524218a8b69b5a476	not a metric of this report
tr03-official-1/0191-cell-b-0083-curtain/trace.jsonl.gz	353812	9597b1f2e8573180ae14d66e8f70648076f8125b4ed255f16a244e3b7b841577	too large (trace)
tr03-official-1/0192-cell-b-0083-recovery/reference-10ms-differences.json.gz	59135	ab5f4ad751691f53886863354e43b78cda07599e668163d9e8e11e98340afac3	not a metric of this report
tr03-official-1/0192-cell-b-0083-recovery/trace.jsonl.gz	1480656	59b527642e84d49885fbd3cea5c08283b4331779a1f9370301baec9a433c6218	too large (trace)
tr03-official-1/0193-cell-b-0083-recovery-retract/reference-10ms-differences.json.gz	59133	e66bfbbdb7e4556e3effff6b400da634628ad0e9c84414dbf5935ba0bc584032	not a metric of this report
tr03-official-1/0193-cell-b-0083-recovery-retract/trace.jsonl.gz	1470041	b0fdad4034bb3ef620c9ebb708496c76dfd6af5ada0275e920b4f8befea24d16	too large (trace)
tr03-official-1/0194-cell-b-0083-batch/reference-10ms-differences.json.gz	34578	9970332b7ef85f73aaf257765374b25fc40c2855e9cc1917b10152b26bd7d548	not a metric of this report
tr03-official-1/0194-cell-b-0083-batch/trace.jsonl.gz	900424	6989b6ba047e97ae9784e39dfd10c961905767531710e20b449e92fe14f35a9f	too large (trace)
tr03-official-1/0195-cell-b-0083-stroke75/constants.json	5779	23eb4ee6404d9bbca1675106843e233adf2dd72c0e37f275d0c9bb31194fcadb	plant-model file (private)
tr03-official-1/0195-cell-b-0083-stroke75/reference-10ms-differences.json.gz	34578	9970332b7ef85f73aaf257765374b25fc40c2855e9cc1917b10152b26bd7d548	not a metric of this report
tr03-official-1/0195-cell-b-0083-stroke75/trace.jsonl.gz	897050	2adfec3c7f822ac6f109dbc1872b19aa7134c28597a64ebec63e70fa4786e8dc	too large (trace)
tr03-official-1/0196-cell-b-0083-flow060/constants.json	5759	749da6a9a3b578914850d85f44d3468ebdd2fefffb551566451d2e1a2d182a14	plant-model file (private)
tr03-official-1/0196-cell-b-0083-flow060/flow.plccell.json	33668	de3b752c6569074a823f5ee6945a6aea173d27e736d7f9764b3705dc16fcefb6	plant-model file (private)
tr03-official-1/0196-cell-b-0083-flow060/reference-10ms-differences.json.gz	14110	79f4a6ed93e5b3d8acb4c5641616f5b6be19efb99492115524218a8b69b5a476	not a metric of this report
tr03-official-1/0196-cell-b-0083-flow060/trace.jsonl.gz	328285	acf432a8d34dc1edfa960eec83a4e9913383b7b3c5f3f571448bd49a991402d5	too large (trace)
tr03-official-1/0197-cell-b-0083-flow045/constants.json	5760	b60b895ae8a70ba009e8fef0331b36e4f055cc6e7e075ae19d01b37f763c0360	plant-model file (private)
tr03-official-1/0197-cell-b-0083-flow045/flow.plccell.json	33668	de3b752c6569074a823f5ee6945a6aea173d27e736d7f9764b3705dc16fcefb6	plant-model file (private)
tr03-official-1/0197-cell-b-0083-flow045/reference-10ms-differences.json.gz	14110	79f4a6ed93e5b3d8acb4c5641616f5b6be19efb99492115524218a8b69b5a476	not a metric of this report
tr03-official-1/0197-cell-b-0083-flow045/trace.jsonl.gz	328285	68715a9e6d9e3433a82f792e87467a8030c57ca4ba409688d158f19d20e793ae	too large (trace)
tr03-official-1/0198-cell-b-0084-normal-s1/reference-10ms-differences.json.gz	23	f1101f8233b16d980af348db666cbdb1b9772fa79c6fa8d7d6d9550c1f6a546d	not a metric of this report
tr03-official-1/0198-cell-b-0084-normal-s1/trace.jsonl.gz	2915208	9acf1c0e757cfafcbd378294981f6a60e644ca13f2264addfe31b2f788083804	too large (trace)
tr03-official-1/0199-cell-b-0084-normal-s2/reference-10ms-differences.json.gz	23	f1101f8233b16d980af348db666cbdb1b9772fa79c6fa8d7d6d9550c1f6a546d	not a metric of this report
tr03-official-1/0199-cell-b-0084-normal-s2/trace.jsonl.gz	2706892	78715764a86884cb7aa7b434fca61b3bec948728b56e32623ff204f791129c2b	too large (trace)
tr03-official-1/0200-cell-b-0084-normal-s3/reference-10ms-differences.json.gz	23	f1101f8233b16d980af348db666cbdb1b9772fa79c6fa8d7d6d9550c1f6a546d	not a metric of this report
tr03-official-1/0200-cell-b-0084-normal-s3/trace.jsonl.gz	2664880	a6fce2839771411d1354f0a75eae6cbcad18b44bffc5b9c5aea99e017fab250c	too large (trace)
tr03-official-1/0201-cell-b-0084-cycle-stop/reference-10ms-differences.json.gz	23	f1101f8233b16d980af348db666cbdb1b9772fa79c6fa8d7d6d9550c1f6a546d	not a metric of this report
tr03-official-1/0201-cell-b-0084-cycle-stop/trace.jsonl.gz	645315	3283dc24a680727b5b23b72bdcda0a2660a123e6587948a679bce28de6c329bb	too large (trace)
tr03-official-1/0202-cell-b-0084-curtain/reference-10ms-differences.json.gz	23	f1101f8233b16d980af348db666cbdb1b9772fa79c6fa8d7d6d9550c1f6a546d	not a metric of this report
tr03-official-1/0202-cell-b-0084-curtain/trace.jsonl.gz	430493	fb4c8a85a45374e25cf74b8001f87758cd7b34811546a78d159fdd9005f9621f	too large (trace)
tr03-official-1/0203-cell-b-0084-recovery/reference-10ms-differences.json.gz	23	f1101f8233b16d980af348db666cbdb1b9772fa79c6fa8d7d6d9550c1f6a546d	not a metric of this report
tr03-official-1/0203-cell-b-0084-recovery/trace.jsonl.gz	1737532	6f93aece6c76b55493c9b5b4ca93a7c9c7bc1d28fa530928cbaa962a90b9b5bd	too large (trace)
tr03-official-1/0204-cell-b-0084-recovery-retract/reference-10ms-differences.json.gz	23	f1101f8233b16d980af348db666cbdb1b9772fa79c6fa8d7d6d9550c1f6a546d	not a metric of this report
tr03-official-1/0204-cell-b-0084-recovery-retract/trace.jsonl.gz	1748236	0ddcfba64be0f3fccfb2c5b684f29c87ef49c57faef38b50ec0b75ea98d3eeef	too large (trace)
tr03-official-1/0205-cell-b-0084-batch/reference-10ms-differences.json.gz	23	f1101f8233b16d980af348db666cbdb1b9772fa79c6fa8d7d6d9550c1f6a546d	not a metric of this report
tr03-official-1/0205-cell-b-0084-batch/trace.jsonl.gz	1757707	19ac9cd85e8915636aef75a7c7ea4fa192b9ca8fa8c4f212d5e76eb4314a8f52	too large (trace)
tr03-official-1/0206-cell-b-0084-stroke75/constants.json	5779	23eb4ee6404d9bbca1675106843e233adf2dd72c0e37f275d0c9bb31194fcadb	plant-model file (private)
tr03-official-1/0206-cell-b-0084-stroke75/reference-10ms-differences.json.gz	23	f1101f8233b16d980af348db666cbdb1b9772fa79c6fa8d7d6d9550c1f6a546d	not a metric of this report
tr03-official-1/0206-cell-b-0084-stroke75/trace.jsonl.gz	1140254	8b19ee3f7758afe58dc3da2807b64bf899d46b86f52f89cc437c2889ea20e82c	too large (trace)
tr03-official-1/0207-cell-b-0084-flow060/constants.json	5759	749da6a9a3b578914850d85f44d3468ebdd2fefffb551566451d2e1a2d182a14	plant-model file (private)
tr03-official-1/0207-cell-b-0084-flow060/flow.plccell.json	33668	de3b752c6569074a823f5ee6945a6aea173d27e736d7f9764b3705dc16fcefb6	plant-model file (private)
tr03-official-1/0207-cell-b-0084-flow060/reference-10ms-differences.json.gz	23	f1101f8233b16d980af348db666cbdb1b9772fa79c6fa8d7d6d9550c1f6a546d	not a metric of this report
tr03-official-1/0207-cell-b-0084-flow060/trace.jsonl.gz	484262	d2761db00c23b9cf42eb57bde72b0946c0dab3aabe9acfbc8a6a66a8ca865de7	too large (trace)
tr03-official-1/0208-cell-b-0084-flow045/constants.json	5760	b60b895ae8a70ba009e8fef0331b36e4f055cc6e7e075ae19d01b37f763c0360	plant-model file (private)
tr03-official-1/0208-cell-b-0084-flow045/flow.plccell.json	33668	de3b752c6569074a823f5ee6945a6aea173d27e736d7f9764b3705dc16fcefb6	plant-model file (private)
tr03-official-1/0208-cell-b-0084-flow045/reference-10ms-differences.json.gz	23	f1101f8233b16d980af348db666cbdb1b9772fa79c6fa8d7d6d9550c1f6a546d	not a metric of this report
tr03-official-1/0208-cell-b-0084-flow045/trace.jsonl.gz	465253	d3769487ad1fd778d017430300d05e6011597890c453e8dfa0ef3259b68c7160	too large (trace)
tr03-official-1/0209-cell-b-0087-normal-s1/reference-10ms-differences.json.gz	23	f1101f8233b16d980af348db666cbdb1b9772fa79c6fa8d7d6d9550c1f6a546d	not a metric of this report
tr03-official-1/0209-cell-b-0087-normal-s1/trace.jsonl.gz	2914193	e0277ed25bf105e52b94037eeda2cfd9c99f86d76947de7976814f37d04cd0bb	too large (trace)
tr03-official-1/0210-cell-b-0087-normal-s2/reference-10ms-differences.json.gz	23	f1101f8233b16d980af348db666cbdb1b9772fa79c6fa8d7d6d9550c1f6a546d	not a metric of this report
tr03-official-1/0210-cell-b-0087-normal-s2/trace.jsonl.gz	2686782	c37804f5ae325990dfa6c672f45e0bfb3f37e155976a65bcdcb51d437df73f03	too large (trace)
tr03-official-1/0211-cell-b-0087-normal-s3/reference-10ms-differences.json.gz	23	f1101f8233b16d980af348db666cbdb1b9772fa79c6fa8d7d6d9550c1f6a546d	not a metric of this report
tr03-official-1/0211-cell-b-0087-normal-s3/trace.jsonl.gz	2680134	b984a3ab5ad5219863201f63d945c3154f160764bc6d206817ee62375cfa2fd8	too large (trace)
tr03-official-1/0212-cell-b-0087-cycle-stop/reference-10ms-differences.json.gz	23	f1101f8233b16d980af348db666cbdb1b9772fa79c6fa8d7d6d9550c1f6a546d	not a metric of this report
tr03-official-1/0212-cell-b-0087-cycle-stop/trace.jsonl.gz	636862	775ae27b9f81812a8479d38d6998e4004ba26b33708962398ad6f65c5c0d786c	too large (trace)
tr03-official-1/0213-cell-b-0087-curtain/reference-10ms-differences.json.gz	23	f1101f8233b16d980af348db666cbdb1b9772fa79c6fa8d7d6d9550c1f6a546d	not a metric of this report
tr03-official-1/0213-cell-b-0087-curtain/trace.jsonl.gz	428201	fa91eff1466613b63a5dc3d4c6c417f58cfc1ef20f17bd8545c7a542d9195329	too large (trace)
tr03-official-1/0214-cell-b-0087-recovery/reference-10ms-differences.json.gz	33590	284733ad03edcf0c7d8ec71461b5caf3c1c3df053cbe89e622d769c09d6d6a33	not a metric of this report
tr03-official-1/0214-cell-b-0087-recovery/trace.jsonl.gz	1413113	8121e356fd783a17ed331e301b99c264f99a5694e4922b26ce7e88930c49f5cf	too large (trace)
tr03-official-1/0215-cell-b-0087-recovery-retract/reference-10ms-differences.json.gz	33658	7f668245823914c1e0568117851e75324284fd421183842e3d88d0b886624290	not a metric of this report
tr03-official-1/0215-cell-b-0087-recovery-retract/trace.jsonl.gz	1524165	b091cf371e06fd89eff7ff3938a7e6fa107d2d3fe4662dfee35a613de1ab35ee	too large (trace)
tr03-official-1/0216-cell-b-0087-batch/reference-10ms-differences.json.gz	23	f1101f8233b16d980af348db666cbdb1b9772fa79c6fa8d7d6d9550c1f6a546d	not a metric of this report
tr03-official-1/0216-cell-b-0087-batch/trace.jsonl.gz	1750049	c8ba9e11df9fdabcd9dfad382e8893b8a985dd262fa5821a8f6627e5957e8020	too large (trace)
tr03-official-1/0217-cell-b-0087-stroke75/constants.json	5779	23eb4ee6404d9bbca1675106843e233adf2dd72c0e37f275d0c9bb31194fcadb	plant-model file (private)
tr03-official-1/0217-cell-b-0087-stroke75/reference-10ms-differences.json.gz	23	f1101f8233b16d980af348db666cbdb1b9772fa79c6fa8d7d6d9550c1f6a546d	not a metric of this report
tr03-official-1/0217-cell-b-0087-stroke75/trace.jsonl.gz	1134423	fa68251472e7beea6b23915b866ab9817eb896a17b5c57cfaf6fcd7dd119f1a2	too large (trace)
tr03-official-1/0218-cell-b-0087-flow060/constants.json	5759	749da6a9a3b578914850d85f44d3468ebdd2fefffb551566451d2e1a2d182a14	plant-model file (private)
tr03-official-1/0218-cell-b-0087-flow060/flow.plccell.json	33668	de3b752c6569074a823f5ee6945a6aea173d27e736d7f9764b3705dc16fcefb6	plant-model file (private)
tr03-official-1/0218-cell-b-0087-flow060/reference-10ms-differences.json.gz	23	f1101f8233b16d980af348db666cbdb1b9772fa79c6fa8d7d6d9550c1f6a546d	not a metric of this report
tr03-official-1/0218-cell-b-0087-flow060/trace.jsonl.gz	481168	09b62fe9759e39c9da66027b40209fcb9a9b2586ad5b1a356173d3aeda23b221	too large (trace)
tr03-official-1/0219-cell-b-0087-flow045/constants.json	5760	b60b895ae8a70ba009e8fef0331b36e4f055cc6e7e075ae19d01b37f763c0360	plant-model file (private)
tr03-official-1/0219-cell-b-0087-flow045/flow.plccell.json	33668	de3b752c6569074a823f5ee6945a6aea173d27e736d7f9764b3705dc16fcefb6	plant-model file (private)
tr03-official-1/0219-cell-b-0087-flow045/reference-10ms-differences.json.gz	23	f1101f8233b16d980af348db666cbdb1b9772fa79c6fa8d7d6d9550c1f6a546d	not a metric of this report
tr03-official-1/0219-cell-b-0087-flow045/trace.jsonl.gz	460419	1a2c5674c27b42fbfa39d63d904e00e32f50a298f7f0b10e82d772b5702cd28c	too large (trace)
tr03-official-1/0220-cell-b-0088-normal-s1/reference-10ms-differences.json.gz	23	f1101f8233b16d980af348db666cbdb1b9772fa79c6fa8d7d6d9550c1f6a546d	not a metric of this report
tr03-official-1/0220-cell-b-0088-normal-s1/trace.jsonl.gz	2918168	99ce16210ea593e6c47a139006a6c89b9510c495b3b3856a28063ab05ba0750f	too large (trace)
tr03-official-1/0221-cell-b-0088-normal-s2/reference-10ms-differences.json.gz	23	f1101f8233b16d980af348db666cbdb1b9772fa79c6fa8d7d6d9550c1f6a546d	not a metric of this report
tr03-official-1/0221-cell-b-0088-normal-s2/trace.jsonl.gz	2693932	4d17f51588f9476136229ba85ea68d5e4e9164564964506316fd9653c1660e68	too large (trace)
tr03-official-1/0222-cell-b-0088-normal-s3/reference-10ms-differences.json.gz	23	f1101f8233b16d980af348db666cbdb1b9772fa79c6fa8d7d6d9550c1f6a546d	not a metric of this report
tr03-official-1/0222-cell-b-0088-normal-s3/trace.jsonl.gz	2668717	16293f90fb28052752fffdcd34d06884f7d09abab152303cf6f9bf577cfeed1f	too large (trace)
tr03-official-1/0223-cell-b-0088-cycle-stop/reference-10ms-differences.json.gz	23	f1101f8233b16d980af348db666cbdb1b9772fa79c6fa8d7d6d9550c1f6a546d	not a metric of this report
tr03-official-1/0223-cell-b-0088-cycle-stop/trace.jsonl.gz	644045	2437b1688119f0596ad5ddbd3f0bc03751a685a2e3c35ba0231cab0795032512	too large (trace)
tr03-official-1/0224-cell-b-0088-curtain/reference-10ms-differences.json.gz	23	f1101f8233b16d980af348db666cbdb1b9772fa79c6fa8d7d6d9550c1f6a546d	not a metric of this report
tr03-official-1/0224-cell-b-0088-curtain/trace.jsonl.gz	436766	25f15a54c7c93927a737c16ace70105d055edef6fee7fd25b3371f890b7519ed	too large (trace)
tr03-official-1/0225-cell-b-0088-recovery/reference-10ms-differences.json.gz	23	f1101f8233b16d980af348db666cbdb1b9772fa79c6fa8d7d6d9550c1f6a546d	not a metric of this report
tr03-official-1/0225-cell-b-0088-recovery/trace.jsonl.gz	1738969	48dad36b841d0004a4342b95af982d8cb2fe1503037c3aa97bf0498a81373d7c	too large (trace)
tr03-official-1/0226-cell-b-0088-recovery-retract/reference-10ms-differences.json.gz	23	f1101f8233b16d980af348db666cbdb1b9772fa79c6fa8d7d6d9550c1f6a546d	not a metric of this report
tr03-official-1/0226-cell-b-0088-recovery-retract/trace.jsonl.gz	1744167	86e98bc0693bdb50d549a066b50efe88b27532213f261429affdf9b973ae55d8	too large (trace)
tr03-official-1/0227-cell-b-0088-batch/reference-10ms-differences.json.gz	23	f1101f8233b16d980af348db666cbdb1b9772fa79c6fa8d7d6d9550c1f6a546d	not a metric of this report
tr03-official-1/0227-cell-b-0088-batch/trace.jsonl.gz	1755986	f1f47bd74efbfd4351b6aaeecd58d8dbecc462cb66ef875a9c5cf2ffd391b5df	too large (trace)
tr03-official-1/0228-cell-b-0088-stroke75/constants.json	5779	23eb4ee6404d9bbca1675106843e233adf2dd72c0e37f275d0c9bb31194fcadb	plant-model file (private)
tr03-official-1/0228-cell-b-0088-stroke75/reference-10ms-differences.json.gz	23	f1101f8233b16d980af348db666cbdb1b9772fa79c6fa8d7d6d9550c1f6a546d	not a metric of this report
tr03-official-1/0228-cell-b-0088-stroke75/trace.jsonl.gz	1130014	1c536a3c596592332c4817cd829aae0a1a7de7e67bbc5acc92eb384c5bd56a2c	too large (trace)
tr03-official-1/0229-cell-b-0088-flow060/constants.json	5759	749da6a9a3b578914850d85f44d3468ebdd2fefffb551566451d2e1a2d182a14	plant-model file (private)
tr03-official-1/0229-cell-b-0088-flow060/flow.plccell.json	33668	de3b752c6569074a823f5ee6945a6aea173d27e736d7f9764b3705dc16fcefb6	plant-model file (private)
tr03-official-1/0229-cell-b-0088-flow060/reference-10ms-differences.json.gz	23	f1101f8233b16d980af348db666cbdb1b9772fa79c6fa8d7d6d9550c1f6a546d	not a metric of this report
tr03-official-1/0229-cell-b-0088-flow060/trace.jsonl.gz	486583	1fcb972bade9a401cd39f074a3306830d13d0b1de1f647064c77d1a1b160af3e	too large (trace)
tr03-official-1/0230-cell-b-0088-flow045/constants.json	5760	b60b895ae8a70ba009e8fef0331b36e4f055cc6e7e075ae19d01b37f763c0360	plant-model file (private)
tr03-official-1/0230-cell-b-0088-flow045/flow.plccell.json	33668	de3b752c6569074a823f5ee6945a6aea173d27e736d7f9764b3705dc16fcefb6	plant-model file (private)
tr03-official-1/0230-cell-b-0088-flow045/reference-10ms-differences.json.gz	23	f1101f8233b16d980af348db666cbdb1b9772fa79c6fa8d7d6d9550c1f6a546d	not a metric of this report
tr03-official-1/0230-cell-b-0088-flow045/trace.jsonl.gz	467680	fa6883d0c96922b45b27a2bcee7d7c484a05b447f99ae49ee81b3cccf3010734	too large (trace)
tr03-official-1/0231-cell-b-0089-normal-s1/reference-10ms-differences.json.gz	23	f1101f8233b16d980af348db666cbdb1b9772fa79c6fa8d7d6d9550c1f6a546d	not a metric of this report
tr03-official-1/0231-cell-b-0089-normal-s1/trace.jsonl.gz	2916197	d19766b03568535d1613b6a86fe58c85d2d479e5de7322ca2c5c31fd4885e102	too large (trace)
tr03-official-1/0232-cell-b-0089-normal-s2/reference-10ms-differences.json.gz	23	f1101f8233b16d980af348db666cbdb1b9772fa79c6fa8d7d6d9550c1f6a546d	not a metric of this report
tr03-official-1/0232-cell-b-0089-normal-s2/trace.jsonl.gz	2700238	df20840bbbc2ae586e1f4b7f63239269ff5cbd2e81ddaec265cf56af299b17da	too large (trace)
tr03-official-1/0233-cell-b-0089-normal-s3/reference-10ms-differences.json.gz	23	f1101f8233b16d980af348db666cbdb1b9772fa79c6fa8d7d6d9550c1f6a546d	not a metric of this report
tr03-official-1/0233-cell-b-0089-normal-s3/trace.jsonl.gz	2678089	90efd524deeab323222c3c7efbb72ee6a7c41ee1b7733bf79f039e494e365790	too large (trace)
tr03-official-1/0234-cell-b-0089-cycle-stop/reference-10ms-differences.json.gz	23	f1101f8233b16d980af348db666cbdb1b9772fa79c6fa8d7d6d9550c1f6a546d	not a metric of this report
tr03-official-1/0234-cell-b-0089-cycle-stop/trace.jsonl.gz	640076	d5a576fdf4c74b4fe541ff5a46ed0034ee964bca373cfa68fc2cdf89c851c343	too large (trace)
tr03-official-1/0235-cell-b-0089-curtain/reference-10ms-differences.json.gz	23	f1101f8233b16d980af348db666cbdb1b9772fa79c6fa8d7d6d9550c1f6a546d	not a metric of this report
tr03-official-1/0235-cell-b-0089-curtain/trace.jsonl.gz	426545	5b5757b67a8ad20ee5a04ab0bb39799ac90bac85064d7d048e3bbecdaca0fa41	too large (trace)
tr03-official-1/0236-cell-b-0089-recovery/reference-10ms-differences.json.gz	23	f1101f8233b16d980af348db666cbdb1b9772fa79c6fa8d7d6d9550c1f6a546d	not a metric of this report
tr03-official-1/0236-cell-b-0089-recovery/trace.jsonl.gz	1729718	98c132dff5d56455f0a6723f83bf3167a4e46ada3ffa7c354514d6e1b2f0c0c2	too large (trace)
tr03-official-1/0237-cell-b-0089-recovery-retract/reference-10ms-differences.json.gz	23	f1101f8233b16d980af348db666cbdb1b9772fa79c6fa8d7d6d9550c1f6a546d	not a metric of this report
tr03-official-1/0237-cell-b-0089-recovery-retract/trace.jsonl.gz	1732303	6ce4d364aada76d4d586e8e0e954557d8a28ebc018e581b493f34d17920af1b8	too large (trace)
tr03-official-1/0238-cell-b-0089-batch/reference-10ms-differences.json.gz	23	f1101f8233b16d980af348db666cbdb1b9772fa79c6fa8d7d6d9550c1f6a546d	not a metric of this report
tr03-official-1/0238-cell-b-0089-batch/trace.jsonl.gz	1752552	70a57efaa8f7cff9b5410a33d384436a6ed191d34bb58cb103a1c4c2a53db439	too large (trace)
tr03-official-1/0239-cell-b-0089-stroke75/constants.json	5779	23eb4ee6404d9bbca1675106843e233adf2dd72c0e37f275d0c9bb31194fcadb	plant-model file (private)
tr03-official-1/0239-cell-b-0089-stroke75/reference-10ms-differences.json.gz	23	f1101f8233b16d980af348db666cbdb1b9772fa79c6fa8d7d6d9550c1f6a546d	not a metric of this report
tr03-official-1/0239-cell-b-0089-stroke75/trace.jsonl.gz	1139859	54eab744def1229e16cf7efed2abaaeecc34ff4efe7622863a396be9928b9226	too large (trace)
tr03-official-1/0240-cell-b-0089-flow060/constants.json	5759	749da6a9a3b578914850d85f44d3468ebdd2fefffb551566451d2e1a2d182a14	plant-model file (private)
tr03-official-1/0240-cell-b-0089-flow060/flow.plccell.json	33668	de3b752c6569074a823f5ee6945a6aea173d27e736d7f9764b3705dc16fcefb6	plant-model file (private)
tr03-official-1/0240-cell-b-0089-flow060/reference-10ms-differences.json.gz	23	f1101f8233b16d980af348db666cbdb1b9772fa79c6fa8d7d6d9550c1f6a546d	not a metric of this report
tr03-official-1/0240-cell-b-0089-flow060/trace.jsonl.gz	482696	4118cdca9392c30fbfe45d230e2a820a3fcb26ce62809044d3a8d9711e9c8ff2	too large (trace)
tr03-official-1/0241-cell-b-0089-flow045/constants.json	5760	b60b895ae8a70ba009e8fef0331b36e4f055cc6e7e075ae19d01b37f763c0360	plant-model file (private)
tr03-official-1/0241-cell-b-0089-flow045/flow.plccell.json	33668	de3b752c6569074a823f5ee6945a6aea173d27e736d7f9764b3705dc16fcefb6	plant-model file (private)
tr03-official-1/0241-cell-b-0089-flow045/reference-10ms-differences.json.gz	23	f1101f8233b16d980af348db666cbdb1b9772fa79c6fa8d7d6d9550c1f6a546d	not a metric of this report
tr03-official-1/0241-cell-b-0089-flow045/trace.jsonl.gz	465996	c3241d3bb7deb0e242b05b21e68dbd8a3c587d78009617d717c70af3290756bd	too large (trace)
tr03-official-1/0242-cell-b-0096-normal-s1/reference-10ms-differences.json.gz	64880	80c4f4aa4c70b6a2f687adea1673a2dd5dd6b06b42fb3606d9e600373669005b	not a metric of this report
tr03-official-1/0242-cell-b-0096-normal-s1/trace.jsonl.gz	1691390	2f6afc41d29309ef965bf89dc4ae9ab91fd0e6478e880db5e462fd2de28989df	too large (trace)
tr03-official-1/0243-cell-b-0096-normal-s2/reference-10ms-differences.json.gz	64880	80c4f4aa4c70b6a2f687adea1673a2dd5dd6b06b42fb3606d9e600373669005b	not a metric of this report
tr03-official-1/0243-cell-b-0096-normal-s2/trace.jsonl.gz	1739177	4f0601ff383d3f6f4d867c99f1ec97a46359c166186501b3c3cde11607f1663c	too large (trace)
tr03-official-1/0244-cell-b-0096-normal-s3/reference-10ms-differences.json.gz	64880	80c4f4aa4c70b6a2f687adea1673a2dd5dd6b06b42fb3606d9e600373669005b	not a metric of this report
tr03-official-1/0244-cell-b-0096-normal-s3/trace.jsonl.gz	1727830	7fdaa34a60b9181e28707fd618293b887b7ce9312005a2e58d0132d18727ca8b	too large (trace)
tr03-official-1/0245-cell-b-0096-cycle-stop/reference-10ms-differences.json.gz	16724	dd4ab12ce905d81e31748d66203d01af52d6d5c636099908fe198d9514552e11	not a metric of this report
tr03-official-1/0245-cell-b-0096-cycle-stop/trace.jsonl.gz	412699	08206fc9df2c3b8ecf0b91da35668ef34cd14abfaac2ce89226eb4bd3f958168	too large (trace)
tr03-official-1/0246-cell-b-0096-curtain/reference-10ms-differences.json.gz	14116	42412c0c5ceb3d56d3ad50504cfe34bb98535744b3668bf10c093331878c8777	not a metric of this report
tr03-official-1/0246-cell-b-0096-curtain/trace.jsonl.gz	345858	af6e35de1bfa75d0715e0d12d34fc0b1c755a97a73f9ec38456784a559480d0b	too large (trace)
tr03-official-1/0247-cell-b-0096-recovery/reference-10ms-differences.json.gz	59246	6e75a365974cd2165881912b001d9615934aa76a2cd45c2007a879031728d6ea	not a metric of this report
tr03-official-1/0247-cell-b-0096-recovery/trace.jsonl.gz	1471727	ba9a47b1d62740f482416483c4e8af84929829e7740e77dd534bdda41eb361bf	too large (trace)
tr03-official-1/0248-cell-b-0096-recovery-retract/reference-10ms-differences.json.gz	59244	5e3cb9a317c0862bc2a2f2e497d2e6105ad9b664dc0e3a5be2226fd88586f5b2	not a metric of this report
tr03-official-1/0248-cell-b-0096-recovery-retract/trace.jsonl.gz	1471898	c2a38ae02898e44de71ea54e4f23fd022d6430bca30e6436698866f6012f5570	too large (trace)
tr03-official-1/0249-cell-b-0096-batch/reference-10ms-differences.json.gz	34585	12568ab72ee63a93a02878a6f3d62de5c9205d62c931e7bf4b59bda3273d9822	not a metric of this report
tr03-official-1/0249-cell-b-0096-batch/trace.jsonl.gz	878283	fea6e64f2f60bf3b272d7b278def6b77cdf58150fc58d98c1a810671780ab4d1	too large (trace)
tr03-official-1/0250-cell-b-0096-stroke75/constants.json	5779	23eb4ee6404d9bbca1675106843e233adf2dd72c0e37f275d0c9bb31194fcadb	plant-model file (private)
tr03-official-1/0250-cell-b-0096-stroke75/reference-10ms-differences.json.gz	34585	12568ab72ee63a93a02878a6f3d62de5c9205d62c931e7bf4b59bda3273d9822	not a metric of this report
tr03-official-1/0250-cell-b-0096-stroke75/trace.jsonl.gz	876325	6bb52b94b40a4381095d7e28a92223d2785598e768f1f415b697b17cd7a59385	too large (trace)
tr03-official-1/0251-cell-b-0096-flow060/constants.json	5759	749da6a9a3b578914850d85f44d3468ebdd2fefffb551566451d2e1a2d182a14	plant-model file (private)
tr03-official-1/0251-cell-b-0096-flow060/flow.plccell.json	33668	de3b752c6569074a823f5ee6945a6aea173d27e736d7f9764b3705dc16fcefb6	plant-model file (private)
tr03-official-1/0251-cell-b-0096-flow060/reference-10ms-differences.json.gz	14116	42412c0c5ceb3d56d3ad50504cfe34bb98535744b3668bf10c093331878c8777	not a metric of this report
tr03-official-1/0251-cell-b-0096-flow060/trace.jsonl.gz	335806	854ca106e56c123e324d3ebd44a962f82b4f26ac2348c0468a12ce9d0052d51e	too large (trace)
tr03-official-1/0252-cell-b-0096-flow045/constants.json	5760	b60b895ae8a70ba009e8fef0331b36e4f055cc6e7e075ae19d01b37f763c0360	plant-model file (private)
tr03-official-1/0252-cell-b-0096-flow045/flow.plccell.json	33668	de3b752c6569074a823f5ee6945a6aea173d27e736d7f9764b3705dc16fcefb6	plant-model file (private)
tr03-official-1/0252-cell-b-0096-flow045/reference-10ms-differences.json.gz	14116	42412c0c5ceb3d56d3ad50504cfe34bb98535744b3668bf10c093331878c8777	not a metric of this report
tr03-official-1/0252-cell-b-0096-flow045/trace.jsonl.gz	335806	73113bdf74224df14c8d3ae2ae9ffe5a6db25af5d68114131d1118d2c6bf75d2	too large (trace)
tr03-official-1/0253-cell-b-0102-normal-s1/reference-10ms-differences.json.gz	65010	51ba336d52cd9bc1e115aa5023c0d8be3a6d3fc67524abab8c92fb8d20bf7e55	not a metric of this report
tr03-official-1/0253-cell-b-0102-normal-s1/trace.jsonl.gz	1662579	a7626ba0d01650c09fa37995fc04ae3e599b45049097e76bb48bdd0d786fd318	too large (trace)
tr03-official-1/0254-cell-b-0102-normal-s2/reference-10ms-differences.json.gz	65010	51ba336d52cd9bc1e115aa5023c0d8be3a6d3fc67524abab8c92fb8d20bf7e55	not a metric of this report
tr03-official-1/0254-cell-b-0102-normal-s2/trace.jsonl.gz	1683283	76363eebc26616e91af1c72c60b8c3fccea3d8c98076f6b60eba67f730582628	too large (trace)
tr03-official-1/0255-cell-b-0102-normal-s3/reference-10ms-differences.json.gz	65010	51ba336d52cd9bc1e115aa5023c0d8be3a6d3fc67524abab8c92fb8d20bf7e55	not a metric of this report
tr03-official-1/0255-cell-b-0102-normal-s3/trace.jsonl.gz	1699296	86afba6d6279f65209b3b2fa7d7b9ed6d94682ae578d3531dfcb0c14e9dcd7b7	too large (trace)
tr03-official-1/0256-cell-b-0102-cycle-stop/reference-10ms-differences.json.gz	16828	b22e661f7612e1d2c13055c65a7cfe776e225957565383a0d284a1c579d5f704	not a metric of this report
tr03-official-1/0256-cell-b-0102-cycle-stop/trace.jsonl.gz	400070	af7fc5091a7cb6fdad712e7d7e09b7add06c2bcdc28303785de5e49b5c5291db	too large (trace)
tr03-official-1/0257-cell-b-0102-curtain/reference-10ms-differences.json.gz	14210	5c8b82da898e935338dc179cac3452618198ca7e051c29f4a49af7ad228ef0e1	not a metric of this report
tr03-official-1/0257-cell-b-0102-curtain/trace.jsonl.gz	327537	d1270abba90ad9cdfd1fd4627fc07f34f100613d18ad080ddd2d1762a006114b	too large (trace)
tr03-official-1/0258-cell-b-0102-recovery/reference-10ms-differences.json.gz	59598	29517f21acca529211c7a2df2cb2514a61bd3cfe2d6d882fc135192cabcb69ee	not a metric of this report
tr03-official-1/0258-cell-b-0102-recovery/trace.jsonl.gz	1476813	71bbb9b9e0d4046010f681ef21949729cbbd954383732e985720ad89a70eed23	too large (trace)
tr03-official-1/0259-cell-b-0102-recovery-retract/reference-10ms-differences.json.gz	59598	223865048b34adc9d652ac45662635cbd5ccec5af273942ecb1101cfeaef428c	not a metric of this report
tr03-official-1/0259-cell-b-0102-recovery-retract/trace.jsonl.gz	1483660	3e77604398f4ba4645b3680951a4019fdf499df2f9ea65184d1e11d7fbe7d404	too large (trace)
tr03-official-1/0260-cell-b-0102-batch/reference-10ms-differences.json.gz	34710	83fc42f5efaa14204567c0a6a9ecbf9b4ec7094437eab582bcfd58d3cef14567	not a metric of this report
tr03-official-1/0260-cell-b-0102-batch/trace.jsonl.gz	863200	98ef31437278761db3db64b6a8b813e81051e8d0fa1c0e2bcb60fe9ec83392e1	too large (trace)
tr03-official-1/0261-cell-b-0102-stroke75/constants.json	5779	23eb4ee6404d9bbca1675106843e233adf2dd72c0e37f275d0c9bb31194fcadb	plant-model file (private)
tr03-official-1/0261-cell-b-0102-stroke75/reference-10ms-differences.json.gz	34710	83fc42f5efaa14204567c0a6a9ecbf9b4ec7094437eab582bcfd58d3cef14567	not a metric of this report
tr03-official-1/0261-cell-b-0102-stroke75/trace.jsonl.gz	862138	60665407ae48477779c2a2b76fc4dae5f24d577d47ce589cd600413d1a6b2aea	too large (trace)
tr03-official-1/0262-cell-b-0102-flow060/constants.json	5759	749da6a9a3b578914850d85f44d3468ebdd2fefffb551566451d2e1a2d182a14	plant-model file (private)
tr03-official-1/0262-cell-b-0102-flow060/flow.plccell.json	33668	de3b752c6569074a823f5ee6945a6aea173d27e736d7f9764b3705dc16fcefb6	plant-model file (private)
tr03-official-1/0262-cell-b-0102-flow060/reference-10ms-differences.json.gz	14210	5c8b82da898e935338dc179cac3452618198ca7e051c29f4a49af7ad228ef0e1	not a metric of this report
tr03-official-1/0262-cell-b-0102-flow060/trace.jsonl.gz	333262	f3f4025a69c714f5f58586c1235378a4449f750ca0fdfdb130391b139237d7e3	too large (trace)
tr03-official-1/0263-cell-b-0102-flow045/constants.json	5760	b60b895ae8a70ba009e8fef0331b36e4f055cc6e7e075ae19d01b37f763c0360	plant-model file (private)
tr03-official-1/0263-cell-b-0102-flow045/flow.plccell.json	33668	de3b752c6569074a823f5ee6945a6aea173d27e736d7f9764b3705dc16fcefb6	plant-model file (private)
tr03-official-1/0263-cell-b-0102-flow045/reference-10ms-differences.json.gz	14210	5c8b82da898e935338dc179cac3452618198ca7e051c29f4a49af7ad228ef0e1	not a metric of this report
tr03-official-1/0263-cell-b-0102-flow045/trace.jsonl.gz	333262	9d7361f9aa256437ea6a43b71e15d47dd2cea6b54bba071e0eb53125906abdd0	too large (trace)
tr03-official-1/0264-cell-b-0104-normal-s1/reference-10ms-differences.json.gz	65010	51ba336d52cd9bc1e115aa5023c0d8be3a6d3fc67524abab8c92fb8d20bf7e55	not a metric of this report
tr03-official-1/0264-cell-b-0104-normal-s1/trace.jsonl.gz	1640000	a3dbbee66b9af80d392c04c4c296aa02e671bb6680df291e400acea93fa9869f	too large (trace)
tr03-official-1/0265-cell-b-0104-normal-s2/reference-10ms-differences.json.gz	65010	51ba336d52cd9bc1e115aa5023c0d8be3a6d3fc67524abab8c92fb8d20bf7e55	not a metric of this report
tr03-official-1/0265-cell-b-0104-normal-s2/trace.jsonl.gz	1728052	736d0c83d55d834ca4e37fbedb53ef8937cef93986d65b7f52b008f0e165f306	too large (trace)
tr03-official-1/0266-cell-b-0104-normal-s3/reference-10ms-differences.json.gz	65010	51ba336d52cd9bc1e115aa5023c0d8be3a6d3fc67524abab8c92fb8d20bf7e55	not a metric of this report
tr03-official-1/0266-cell-b-0104-normal-s3/trace.jsonl.gz	1666320	2446af6c14cf30b11957764ae4f96b3a103495a143ab96f0831fc66aaed777aa	too large (trace)
tr03-official-1/0267-cell-b-0104-cycle-stop/reference-10ms-differences.json.gz	16828	b22e661f7612e1d2c13055c65a7cfe776e225957565383a0d284a1c579d5f704	not a metric of this report
tr03-official-1/0267-cell-b-0104-cycle-stop/trace.jsonl.gz	413048	e1adec9624b292a1bfddf29c180a1f66e784db960239d8223d3e14955895a985	too large (trace)
tr03-official-1/0268-cell-b-0104-curtain/reference-10ms-differences.json.gz	14210	5c8b82da898e935338dc179cac3452618198ca7e051c29f4a49af7ad228ef0e1	not a metric of this report
tr03-official-1/0268-cell-b-0104-curtain/trace.jsonl.gz	347636	c3da5b6417ff3a5bf6cedbe44d4631d49d33a98102035b8f3b43652d7185927c	too large (trace)
tr03-official-1/0269-cell-b-0104-recovery/reference-10ms-differences.json.gz	59598	29517f21acca529211c7a2df2cb2514a61bd3cfe2d6d882fc135192cabcb69ee	not a metric of this report
tr03-official-1/0269-cell-b-0104-recovery/trace.jsonl.gz	1490954	d6714c141e543a4dcf5222c996f5ab94d73fed8c0af96fc4f5176224bc49b6e8	too large (trace)
tr03-official-1/0270-cell-b-0104-recovery-retract/reference-10ms-differences.json.gz	59598	223865048b34adc9d652ac45662635cbd5ccec5af273942ecb1101cfeaef428c	not a metric of this report
tr03-official-1/0270-cell-b-0104-recovery-retract/trace.jsonl.gz	1480175	e85fce8eb22e801c79b8fb82b70587f7cec1babfdf9b29cadeda6d00a70701ac	too large (trace)
tr03-official-1/0271-cell-b-0104-batch/reference-10ms-differences.json.gz	34710	83fc42f5efaa14204567c0a6a9ecbf9b4ec7094437eab582bcfd58d3cef14567	not a metric of this report
tr03-official-1/0271-cell-b-0104-batch/trace.jsonl.gz	851528	d3fa0f41d483317fec40d0988f891860717e4e90d060cc5a4c970673648ca4ba	too large (trace)
tr03-official-1/0272-cell-b-0104-stroke75/constants.json	5779	23eb4ee6404d9bbca1675106843e233adf2dd72c0e37f275d0c9bb31194fcadb	plant-model file (private)
tr03-official-1/0272-cell-b-0104-stroke75/reference-10ms-differences.json.gz	34710	83fc42f5efaa14204567c0a6a9ecbf9b4ec7094437eab582bcfd58d3cef14567	not a metric of this report
tr03-official-1/0272-cell-b-0104-stroke75/trace.jsonl.gz	851118	b6c8f9ffdf2afdcae1abe2b4c1c2bf188ca52a5f9e2340c1c9e1732109d51a52	too large (trace)
tr03-official-1/0273-cell-b-0104-flow060/constants.json	5759	749da6a9a3b578914850d85f44d3468ebdd2fefffb551566451d2e1a2d182a14	plant-model file (private)
tr03-official-1/0273-cell-b-0104-flow060/flow.plccell.json	33668	de3b752c6569074a823f5ee6945a6aea173d27e736d7f9764b3705dc16fcefb6	plant-model file (private)
tr03-official-1/0273-cell-b-0104-flow060/reference-10ms-differences.json.gz	14210	5c8b82da898e935338dc179cac3452618198ca7e051c29f4a49af7ad228ef0e1	not a metric of this report
tr03-official-1/0273-cell-b-0104-flow060/trace.jsonl.gz	333877	bffa11711d050997be4536878dcd3d2a9866eb90280bc413542083ecc40c0fc8	too large (trace)
tr03-official-1/0274-cell-b-0104-flow045/constants.json	5760	b60b895ae8a70ba009e8fef0331b36e4f055cc6e7e075ae19d01b37f763c0360	plant-model file (private)
tr03-official-1/0274-cell-b-0104-flow045/flow.plccell.json	33668	de3b752c6569074a823f5ee6945a6aea173d27e736d7f9764b3705dc16fcefb6	plant-model file (private)
tr03-official-1/0274-cell-b-0104-flow045/reference-10ms-differences.json.gz	14210	5c8b82da898e935338dc179cac3452618198ca7e051c29f4a49af7ad228ef0e1	not a metric of this report
tr03-official-1/0274-cell-b-0104-flow045/trace.jsonl.gz	333877	5d1a196096df81be2b29a1c6abb7eece1d564ca5d0db33c9a54a74ace1bd036a	too large (trace)
tr03-official-1/0275-cell-b-0107-normal-s1/reference-10ms-differences.json.gz	23	f1101f8233b16d980af348db666cbdb1b9772fa79c6fa8d7d6d9550c1f6a546d	not a metric of this report
tr03-official-1/0275-cell-b-0107-normal-s1/trace.jsonl.gz	2899575	cccd18900e9f3ceb27e9a7853feee3120e3d5dc3db965a50f973fce32cdbf4f6	too large (trace)
tr03-official-1/0276-cell-b-0107-normal-s2/reference-10ms-differences.json.gz	23	f1101f8233b16d980af348db666cbdb1b9772fa79c6fa8d7d6d9550c1f6a546d	not a metric of this report
tr03-official-1/0276-cell-b-0107-normal-s2/trace.jsonl.gz	2703337	3befd7e90d7205874a5a0da0c042c293ca55b29ba3b370e359cd360f7868cc03	too large (trace)
tr03-official-1/0277-cell-b-0107-normal-s3/reference-10ms-differences.json.gz	23	f1101f8233b16d980af348db666cbdb1b9772fa79c6fa8d7d6d9550c1f6a546d	not a metric of this report
tr03-official-1/0277-cell-b-0107-normal-s3/trace.jsonl.gz	2673965	d7d0705000a4936bd75bfe65d3de11ce09b5aee447bf2e2cf0f1608a07a6ef1e	too large (trace)
tr03-official-1/0278-cell-b-0107-cycle-stop/reference-10ms-differences.json.gz	23	f1101f8233b16d980af348db666cbdb1b9772fa79c6fa8d7d6d9550c1f6a546d	not a metric of this report
tr03-official-1/0278-cell-b-0107-cycle-stop/trace.jsonl.gz	637744	1568e92ef9ecec423e480737bbb288cc6ad35d41c1a18263ba2fd56fc540b033	too large (trace)
tr03-official-1/0279-cell-b-0107-curtain/reference-10ms-differences.json.gz	23	f1101f8233b16d980af348db666cbdb1b9772fa79c6fa8d7d6d9550c1f6a546d	not a metric of this report
tr03-official-1/0279-cell-b-0107-curtain/trace.jsonl.gz	425239	aeecee9f39919f9319f690133938e3726116a627918c9f44aff9252c4a47396b	too large (trace)
tr03-official-1/0280-cell-b-0107-recovery/reference-10ms-differences.json.gz	23	f1101f8233b16d980af348db666cbdb1b9772fa79c6fa8d7d6d9550c1f6a546d	not a metric of this report
tr03-official-1/0280-cell-b-0107-recovery/trace.jsonl.gz	1735313	713cd7ae698c33dfa9a272076efdca855b567c8a6b84e0ec338b471c1ed05105	too large (trace)
tr03-official-1/0281-cell-b-0107-recovery-retract/reference-10ms-differences.json.gz	23	f1101f8233b16d980af348db666cbdb1b9772fa79c6fa8d7d6d9550c1f6a546d	not a metric of this report
tr03-official-1/0281-cell-b-0107-recovery-retract/trace.jsonl.gz	1747806	010e3381684cf5fe68cb5865f7f8b22364cc02d3acccd2613390e63dc70d2076	too large (trace)
tr03-official-1/0282-cell-b-0107-batch/reference-10ms-differences.json.gz	23	f1101f8233b16d980af348db666cbdb1b9772fa79c6fa8d7d6d9550c1f6a546d	not a metric of this report
tr03-official-1/0282-cell-b-0107-batch/trace.jsonl.gz	1748883	efeb2c2e926af77941283ce434d125b7a20302d603c9cd2e8342851902936135	too large (trace)
tr03-official-1/0283-cell-b-0107-stroke75/constants.json	5779	23eb4ee6404d9bbca1675106843e233adf2dd72c0e37f275d0c9bb31194fcadb	plant-model file (private)
tr03-official-1/0283-cell-b-0107-stroke75/reference-10ms-differences.json.gz	23	f1101f8233b16d980af348db666cbdb1b9772fa79c6fa8d7d6d9550c1f6a546d	not a metric of this report
tr03-official-1/0283-cell-b-0107-stroke75/trace.jsonl.gz	1140165	af9e96ed58b1e0e08382ce65b3637ce80790646745b570db5257123c33ca3315	too large (trace)
tr03-official-1/0284-cell-b-0107-flow060/constants.json	5759	749da6a9a3b578914850d85f44d3468ebdd2fefffb551566451d2e1a2d182a14	plant-model file (private)
tr03-official-1/0284-cell-b-0107-flow060/flow.plccell.json	33668	de3b752c6569074a823f5ee6945a6aea173d27e736d7f9764b3705dc16fcefb6	plant-model file (private)
tr03-official-1/0284-cell-b-0107-flow060/reference-10ms-differences.json.gz	23	f1101f8233b16d980af348db666cbdb1b9772fa79c6fa8d7d6d9550c1f6a546d	not a metric of this report
tr03-official-1/0284-cell-b-0107-flow060/trace.jsonl.gz	477812	b7a312277c9a9509cc6cc13ca8a518d0db452498a712f30ab69bc4d8766f792f	too large (trace)
tr03-official-1/0285-cell-b-0107-flow045/constants.json	5760	b60b895ae8a70ba009e8fef0331b36e4f055cc6e7e075ae19d01b37f763c0360	plant-model file (private)
tr03-official-1/0285-cell-b-0107-flow045/flow.plccell.json	33668	de3b752c6569074a823f5ee6945a6aea173d27e736d7f9764b3705dc16fcefb6	plant-model file (private)
tr03-official-1/0285-cell-b-0107-flow045/reference-10ms-differences.json.gz	23	f1101f8233b16d980af348db666cbdb1b9772fa79c6fa8d7d6d9550c1f6a546d	not a metric of this report
tr03-official-1/0285-cell-b-0107-flow045/trace.jsonl.gz	464979	ac46dff5e4223b42d9c03634984f96d8d10bfb867cc281ed2433437a1ff848db	too large (trace)
tr03-official-1/0286-cell-b-0110-normal-s1/reference-10ms-differences.json.gz	59755	eb44819080576a6518201d2c3c14942eaf41531333064b7b47b3ebe804b98da7	not a metric of this report
tr03-official-1/0286-cell-b-0110-normal-s1/trace.jsonl.gz	1736574	4349b6b1aac99580a1d787319ac53296b5ef2ae42ec84b48a286fe95d1cdbb17	too large (trace)
tr03-official-1/0287-cell-b-0110-normal-s2/reference-10ms-differences.json.gz	59755	eb44819080576a6518201d2c3c14942eaf41531333064b7b47b3ebe804b98da7	not a metric of this report
tr03-official-1/0287-cell-b-0110-normal-s2/trace.jsonl.gz	1764385	8683027605f87f8ae3679d3d71745f0f2c8b82c091b8e13ce28e4c4d0bbc2931	too large (trace)
tr03-official-1/0288-cell-b-0110-normal-s3/reference-10ms-differences.json.gz	59755	eb44819080576a6518201d2c3c14942eaf41531333064b7b47b3ebe804b98da7	not a metric of this report
tr03-official-1/0288-cell-b-0110-normal-s3/trace.jsonl.gz	1739727	d65b0f5a8e12707548dfe79938cb95e5d9aa70b5134d38ef4e2cb0ad4bf9b3ae	too large (trace)
tr03-official-1/0289-cell-b-0110-cycle-stop/reference-10ms-differences.json.gz	11634	91c0fcd2bd2928f3e71450cb12d0efd77e5598b00ba0460c4be50ae3b8528b97	not a metric of this report
tr03-official-1/0289-cell-b-0110-cycle-stop/trace.jsonl.gz	427036	24fbe7d6834eb221d80391c2a59744f67f230b996a18de7f66f288cfcafa73fa	too large (trace)
tr03-official-1/0290-cell-b-0110-curtain/reference-10ms-differences.json.gz	9039	6d30588db98196d7423fc72c67fbb872088b93611b6bf17b7b4068b19b45a50d	not a metric of this report
tr03-official-1/0290-cell-b-0110-curtain/trace.jsonl.gz	353906	59f4b19c73d248d2dac45bd096b85dde78796d92ba216d12c907cfc702db0017	too large (trace)
tr03-official-1/0291-cell-b-0110-recovery/reference-10ms-differences.json.gz	54349	11911547e2496c7b51a03e99545ba393e596af5234e03d692248ef7bd3bdcabb	not a metric of this report
tr03-official-1/0291-cell-b-0110-recovery/trace.jsonl.gz	1512541	c7ecad4aa0294a9e65037a3e717d78faddb9f6da7d134d6113bab890bcbd884d	too large (trace)
tr03-official-1/0292-cell-b-0110-recovery-retract/reference-10ms-differences.json.gz	54349	11911547e2496c7b51a03e99545ba393e596af5234e03d692248ef7bd3bdcabb	not a metric of this report
tr03-official-1/0292-cell-b-0110-recovery-retract/trace.jsonl.gz	1510386	36ca88ddd591949a94c2bac8f24d201c4a08486a76e1ce42848a0db2d69b1d78	too large (trace)
tr03-official-1/0293-cell-b-0110-batch/reference-10ms-differences.json.gz	29455	dca73d5ce35a5b3c1be53a3632463dd26f644e6c0a93e69fbefc5c5941f059de	not a metric of this report
tr03-official-1/0293-cell-b-0110-batch/trace.jsonl.gz	915465	e97bda440666481b8769eb1e6907bc26dc2cdf7e1c1b32764215759a95f87ed4	too large (trace)
tr03-official-1/0294-cell-b-0110-stroke75/constants.json	5779	23eb4ee6404d9bbca1675106843e233adf2dd72c0e37f275d0c9bb31194fcadb	plant-model file (private)
tr03-official-1/0294-cell-b-0110-stroke75/reference-10ms-differences.json.gz	29455	dca73d5ce35a5b3c1be53a3632463dd26f644e6c0a93e69fbefc5c5941f059de	not a metric of this report
tr03-official-1/0294-cell-b-0110-stroke75/trace.jsonl.gz	912311	9c1de5d8b74dd079a5832c203614f48c863b856068cce749e7b98166ec4ff8a6	too large (trace)
tr03-official-1/0295-cell-b-0110-flow060/constants.json	5759	749da6a9a3b578914850d85f44d3468ebdd2fefffb551566451d2e1a2d182a14	plant-model file (private)
tr03-official-1/0295-cell-b-0110-flow060/flow.plccell.json	33668	de3b752c6569074a823f5ee6945a6aea173d27e736d7f9764b3705dc16fcefb6	plant-model file (private)
tr03-official-1/0295-cell-b-0110-flow060/reference-10ms-differences.json.gz	9039	6d30588db98196d7423fc72c67fbb872088b93611b6bf17b7b4068b19b45a50d	not a metric of this report
tr03-official-1/0295-cell-b-0110-flow060/trace.jsonl.gz	354709	fde17e34bf202e6d1ee0eb7e79dd65a3c1cb35b8f97e889755ad3f96091a2b4d	too large (trace)
tr03-official-1/0296-cell-b-0110-flow045/constants.json	5760	b60b895ae8a70ba009e8fef0331b36e4f055cc6e7e075ae19d01b37f763c0360	plant-model file (private)
tr03-official-1/0296-cell-b-0110-flow045/flow.plccell.json	33668	de3b752c6569074a823f5ee6945a6aea173d27e736d7f9764b3705dc16fcefb6	plant-model file (private)
tr03-official-1/0296-cell-b-0110-flow045/reference-10ms-differences.json.gz	9039	6d30588db98196d7423fc72c67fbb872088b93611b6bf17b7b4068b19b45a50d	not a metric of this report
tr03-official-1/0296-cell-b-0110-flow045/trace.jsonl.gz	354713	8e55735063075a3c8b0231fa17834e88070d30e8eb12e8e2a5ab24f9d3beb73f	too large (trace)
tr03-official-1/0297-cell-b-0111-normal-s1/reference-10ms-differences.json.gz	1581	19b86ea88be3d44481def6c7807a2fe9b68e53dc789db715206589c96abeb955	not a metric of this report
tr03-official-1/0297-cell-b-0111-normal-s1/trace.jsonl.gz	2294706	d9b913045150a5472db0bfe478fe681e20950ceda80eee16ba4a52319c534e98	too large (trace)
tr03-official-1/0298-cell-b-0111-normal-s2/reference-10ms-differences.json.gz	1179	de3d115e55a468981dd5df4da29f0fa03a813976bc75aed7340d6b8b062de69e	not a metric of this report
tr03-official-1/0298-cell-b-0111-normal-s2/trace.jsonl.gz	2371150	1498bf7f0f788924ac67f770fadd580cb67b75c62a64be1f8181199bb6305b27	too large (trace)
tr03-official-1/0299-cell-b-0111-normal-s3/reference-10ms-differences.json.gz	1554	a4047b98cea885ccf774d93e46ab0eb1cbe770345fa3c6635d4f3047bff294ca	not a metric of this report
tr03-official-1/0299-cell-b-0111-normal-s3/trace.jsonl.gz	2359994	852c6263d8fb9795aa77343ee78b178d69bed44fefd90d79275e5e1e5fffa753	too large (trace)
tr03-official-1/0300-cell-b-0111-cycle-stop/reference-10ms-differences.json.gz	1491	56e73190514cff3ea79d90e549be8c597d15d4b65cc9d758a5581aefa9ba124f	not a metric of this report
tr03-official-1/0300-cell-b-0111-cycle-stop/trace.jsonl.gz	712778	32aa80c2f372a73a4473dcd5dcb5b31fbf9209b84bcc106dd33da271e18c2459	too large (trace)
tr03-official-1/0301-cell-b-0111-curtain/reference-10ms-differences.json.gz	23	f1101f8233b16d980af348db666cbdb1b9772fa79c6fa8d7d6d9550c1f6a546d	not a metric of this report
tr03-official-1/0301-cell-b-0111-curtain/trace.jsonl.gz	423985	2cc60d0000e782d8949bdbe9c5e19f6e45a7ab8e3664f8d9ba0112ac4f65b49c	too large (trace)
tr03-official-1/0302-cell-b-0111-recovery/reference-10ms-differences.json.gz	23	f1101f8233b16d980af348db666cbdb1b9772fa79c6fa8d7d6d9550c1f6a546d	not a metric of this report
tr03-official-1/0302-cell-b-0111-recovery/trace.jsonl.gz	1725093	40e3793ac0c3cadb5a34955eb00cd19e1de33f5e840cc65d7825ea7b7c81b5b8	too large (trace)
tr03-official-1/0303-cell-b-0111-recovery-retract/reference-10ms-differences.json.gz	23	f1101f8233b16d980af348db666cbdb1b9772fa79c6fa8d7d6d9550c1f6a546d	not a metric of this report
tr03-official-1/0303-cell-b-0111-recovery-retract/trace.jsonl.gz	1739721	2204bdb226022cce990bd11c17c23733c5df31b94be8a87d80acf1f50f93ccf5	too large (trace)
tr03-official-1/0304-cell-b-0111-batch/reference-10ms-differences.json.gz	1581	19b86ea88be3d44481def6c7807a2fe9b68e53dc789db715206589c96abeb955	not a metric of this report
tr03-official-1/0304-cell-b-0111-batch/trace.jsonl.gz	1345135	512da61b155bc6dfcb020c5215eb68745d24d3b76aa0c0b53003214ee20b293c	too large (trace)
tr03-official-1/0305-cell-b-0111-stroke75/constants.json	5779	23eb4ee6404d9bbca1675106843e233adf2dd72c0e37f275d0c9bb31194fcadb	plant-model file (private)
tr03-official-1/0305-cell-b-0111-stroke75/reference-10ms-differences.json.gz	23	f1101f8233b16d980af348db666cbdb1b9772fa79c6fa8d7d6d9550c1f6a546d	not a metric of this report
tr03-official-1/0305-cell-b-0111-stroke75/trace.jsonl.gz	1141562	d5f4891cb7f81b8a4ea904ff1825e14cc57fd0c05f884b759833f1d6f3ac9993	too large (trace)
tr03-official-1/0306-cell-b-0111-flow060/constants.json	5759	749da6a9a3b578914850d85f44d3468ebdd2fefffb551566451d2e1a2d182a14	plant-model file (private)
tr03-official-1/0306-cell-b-0111-flow060/flow.plccell.json	33668	de3b752c6569074a823f5ee6945a6aea173d27e736d7f9764b3705dc16fcefb6	plant-model file (private)
tr03-official-1/0306-cell-b-0111-flow060/reference-10ms-differences.json.gz	23	f1101f8233b16d980af348db666cbdb1b9772fa79c6fa8d7d6d9550c1f6a546d	not a metric of this report
tr03-official-1/0306-cell-b-0111-flow060/trace.jsonl.gz	483683	ea48486541d1a78c1271e8033ae64a437714408621f4d70aea8ae0bedb17cad3	too large (trace)
tr03-official-1/0307-cell-b-0111-flow045/constants.json	5760	b60b895ae8a70ba009e8fef0331b36e4f055cc6e7e075ae19d01b37f763c0360	plant-model file (private)
tr03-official-1/0307-cell-b-0111-flow045/flow.plccell.json	33668	de3b752c6569074a823f5ee6945a6aea173d27e736d7f9764b3705dc16fcefb6	plant-model file (private)
tr03-official-1/0307-cell-b-0111-flow045/reference-10ms-differences.json.gz	23	f1101f8233b16d980af348db666cbdb1b9772fa79c6fa8d7d6d9550c1f6a546d	not a metric of this report
tr03-official-1/0307-cell-b-0111-flow045/trace.jsonl.gz	461688	741e373e1ea214394e4617ab47fe0c1deda074ea321fdf4deb91b3f1329df82c	too large (trace)
tr03-official-1/0308-cell-b-0116-normal-s1/reference-10ms-differences.json.gz	65003	7ea4442af974516f2b6a412ddd2cc8ab5f3acc8da0a75cbccd6b190b65ef46ec	not a metric of this report
tr03-official-1/0308-cell-b-0116-normal-s1/trace.jsonl.gz	1649635	a19eef8d94573ae41de8b371ade69ab8855905a6d0f37f53ff4baacdac26bb9d	too large (trace)
tr03-official-1/0309-cell-b-0116-normal-s2/reference-10ms-differences.json.gz	65003	7ea4442af974516f2b6a412ddd2cc8ab5f3acc8da0a75cbccd6b190b65ef46ec	not a metric of this report
tr03-official-1/0309-cell-b-0116-normal-s2/trace.jsonl.gz	1672603	35fe906ce3be5127b8e948e3abbb28825016b2c2b947d4689246a9b57dadaa90	too large (trace)
tr03-official-1/0310-cell-b-0116-normal-s3/reference-10ms-differences.json.gz	65003	7ea4442af974516f2b6a412ddd2cc8ab5f3acc8da0a75cbccd6b190b65ef46ec	not a metric of this report
tr03-official-1/0310-cell-b-0116-normal-s3/trace.jsonl.gz	1648985	f4dc3917e56d8496ca96072d9cd3c183fbf8868b828a9d95a5092ff4c860746b	too large (trace)
tr03-official-1/0311-cell-b-0116-cycle-stop/reference-10ms-differences.json.gz	16823	5adac40d4c896817b4f366aae806e69f81ba55ffe9b11c38161c84ba2aba7615	not a metric of this report
tr03-official-1/0311-cell-b-0116-cycle-stop/trace.jsonl.gz	417554	c1543f0d1d46f13130c8877b53a7b1b3dab484230c908223adc0c9db92b33cd0	too large (trace)
tr03-official-1/0312-cell-b-0116-curtain/reference-10ms-differences.json.gz	14206	c9de24a087ea6f03629904d623c90bbe368b2d4ad1975d97cea865d347c57dc7	not a metric of this report
tr03-official-1/0312-cell-b-0116-curtain/trace.jsonl.gz	344053	da8856667f28025a25dd3d54d868743e59029acc401fa37cb680b633a5f4fe69	too large (trace)
tr03-official-1/0313-cell-b-0116-recovery/reference-10ms-differences.json.gz	59520	34da7e75e5b9ac8e5c5d82c394a852b18eaef6e2c06e7f5064c6c5c70a12386e	not a metric of this report
tr03-official-1/0313-cell-b-0116-recovery/trace.jsonl.gz	1467270	3b4e8934e0ccc7fbd9a97cccd21e3f75db3b1e54e2cb4254394d0afb2605c026	too large (trace)
tr03-official-1/0314-cell-b-0116-recovery-retract/reference-10ms-differences.json.gz	59518	a03c19b34390ebd929e5344533d58763ed466b2d1d7d6f584aed4f0bad034c5e	not a metric of this report
tr03-official-1/0314-cell-b-0116-recovery-retract/trace.jsonl.gz	1472917	14e8b5553669f1994de4857e130061609e5eab08f01e131b3781640478502ffa	too large (trace)
tr03-official-1/0315-cell-b-0116-batch/reference-10ms-differences.json.gz	34704	fafc2b2478865ce74017ec3bf2b767db4494c3f3326e1a59630910ef6fe41222	not a metric of this report
tr03-official-1/0315-cell-b-0116-batch/trace.jsonl.gz	868475	73329ad1e3ba13a72b4d507b8fc800fe1ec59ee1ddb8941a6217cc35142fffa3	too large (trace)
tr03-official-1/0316-cell-b-0116-stroke75/constants.json	5779	23eb4ee6404d9bbca1675106843e233adf2dd72c0e37f275d0c9bb31194fcadb	plant-model file (private)
tr03-official-1/0316-cell-b-0116-stroke75/reference-10ms-differences.json.gz	34704	fafc2b2478865ce74017ec3bf2b767db4494c3f3326e1a59630910ef6fe41222	not a metric of this report
tr03-official-1/0316-cell-b-0116-stroke75/trace.jsonl.gz	863969	3ae0d818b0c074fe8d2152291a6f4ee14eba8b968cbb4ea68ed24633a957c124	too large (trace)
tr03-official-1/0317-cell-b-0116-flow060/constants.json	5759	749da6a9a3b578914850d85f44d3468ebdd2fefffb551566451d2e1a2d182a14	plant-model file (private)
tr03-official-1/0317-cell-b-0116-flow060/flow.plccell.json	33668	de3b752c6569074a823f5ee6945a6aea173d27e736d7f9764b3705dc16fcefb6	plant-model file (private)
tr03-official-1/0317-cell-b-0116-flow060/reference-10ms-differences.json.gz	14206	c9de24a087ea6f03629904d623c90bbe368b2d4ad1975d97cea865d347c57dc7	not a metric of this report
tr03-official-1/0317-cell-b-0116-flow060/trace.jsonl.gz	326371	a3d15010adba6c21d1898fd1242b3836698f7818e9f99f809b0ab77abf1a1d84	too large (trace)
tr03-official-1/0318-cell-b-0116-flow045/constants.json	5760	b60b895ae8a70ba009e8fef0331b36e4f055cc6e7e075ae19d01b37f763c0360	plant-model file (private)
tr03-official-1/0318-cell-b-0116-flow045/flow.plccell.json	33668	de3b752c6569074a823f5ee6945a6aea173d27e736d7f9764b3705dc16fcefb6	plant-model file (private)
tr03-official-1/0318-cell-b-0116-flow045/reference-10ms-differences.json.gz	14206	c9de24a087ea6f03629904d623c90bbe368b2d4ad1975d97cea865d347c57dc7	not a metric of this report
tr03-official-1/0318-cell-b-0116-flow045/trace.jsonl.gz	326371	b52315e18fa19b441a02036872c4441b5daf4670eaa631d647c3619a96d6e606	too large (trace)
tr03-official-1/0319-cell-b-0122-normal-s1/reference-10ms-differences.json.gz	64887	dd59a520b7010859284175bc0fd4c1cecbc6ce49cf38846ce4f9902adc143adf	not a metric of this report
tr03-official-1/0319-cell-b-0122-normal-s1/trace.jsonl.gz	1690484	f0a23f0d4848c509d5206e4ed78d78d75cbdce2822732e059bf4d6b0a59581b4	too large (trace)
tr03-official-1/0320-cell-b-0122-normal-s2/reference-10ms-differences.json.gz	64887	dd59a520b7010859284175bc0fd4c1cecbc6ce49cf38846ce4f9902adc143adf	not a metric of this report
tr03-official-1/0320-cell-b-0122-normal-s2/trace.jsonl.gz	1732657	537345aa18d372999dc2e71b4491902b974dee5fbb10133f998b0b0ca06ee8f4	too large (trace)
tr03-official-1/0321-cell-b-0122-normal-s3/reference-10ms-differences.json.gz	64887	dd59a520b7010859284175bc0fd4c1cecbc6ce49cf38846ce4f9902adc143adf	not a metric of this report
tr03-official-1/0321-cell-b-0122-normal-s3/trace.jsonl.gz	1729012	4fdf52d4e2f51db8d072962290a734a365a13a360ffd886ee2f32f3b14d9dafc	too large (trace)
tr03-official-1/0322-cell-b-0122-cycle-stop/reference-10ms-differences.json.gz	16730	8c8704002a0228c2758b0da3a709f7d4832d25c15f1dcc01271f1c353a8b8c44	not a metric of this report
tr03-official-1/0322-cell-b-0122-cycle-stop/trace.jsonl.gz	419444	f48439c40950c19a75056bb6767ce4359fb72605ef8486549f216435d5268403	too large (trace)
tr03-official-1/0323-cell-b-0122-curtain/reference-10ms-differences.json.gz	14122	42d0283143cccb5a15a0f54b5ebbb74e3636f54eb4b4bdb6b4234384a6906df3	not a metric of this report
tr03-official-1/0323-cell-b-0122-curtain/trace.jsonl.gz	343585	922ba49b18c8229aaf566e2890f48370c4a52bf73b7bdd1829c73595f89a9bf5	too large (trace)
tr03-official-1/0324-cell-b-0122-recovery/reference-10ms-differences.json.gz	59269	ffd00761adcec52794c9a197ee2db3d45a0d0a0f05708c1fde88e2bf6f80b7ac	not a metric of this report
tr03-official-1/0324-cell-b-0122-recovery/trace.jsonl.gz	1479057	87b46ea199426ae7af76e2da688a1e4aae60b2540cddc6d153d0239d98898aa4	too large (trace)
tr03-official-1/0325-cell-b-0122-recovery-retract/reference-10ms-differences.json.gz	59269	74450405c65500b37922120c55204a1410e2c5a2161976abf499766a6146a69f	not a metric of this report
tr03-official-1/0325-cell-b-0122-recovery-retract/trace.jsonl.gz	1476694	e306800f0d77806a470b67f13c8168ebd655783a095404d4542398bb35bfc9b9	too large (trace)
tr03-official-1/0326-cell-b-0122-batch/reference-10ms-differences.json.gz	34592	a26c1bd7f9e8c7749ce5c8da07ec7775088df9203a2f3c55eff690d6585db945	not a metric of this report
tr03-official-1/0326-cell-b-0122-batch/trace.jsonl.gz	885934	544647222b949e783d8293df3f3eccada389745b79ceeb2a2a940e9f2924b1b4	too large (trace)
tr03-official-1/0327-cell-b-0122-stroke75/constants.json	5779	23eb4ee6404d9bbca1675106843e233adf2dd72c0e37f275d0c9bb31194fcadb	plant-model file (private)
tr03-official-1/0327-cell-b-0122-stroke75/reference-10ms-differences.json.gz	34592	a26c1bd7f9e8c7749ce5c8da07ec7775088df9203a2f3c55eff690d6585db945	not a metric of this report
tr03-official-1/0327-cell-b-0122-stroke75/trace.jsonl.gz	886817	2026f3e87d96b63a97f6deb7947440366849030b7f828baf374413f58bdde309	too large (trace)
tr03-official-1/0328-cell-b-0122-flow060/constants.json	5759	749da6a9a3b578914850d85f44d3468ebdd2fefffb551566451d2e1a2d182a14	plant-model file (private)
tr03-official-1/0328-cell-b-0122-flow060/flow.plccell.json	33668	de3b752c6569074a823f5ee6945a6aea173d27e736d7f9764b3705dc16fcefb6	plant-model file (private)
tr03-official-1/0328-cell-b-0122-flow060/reference-10ms-differences.json.gz	14122	42d0283143cccb5a15a0f54b5ebbb74e3636f54eb4b4bdb6b4234384a6906df3	not a metric of this report
tr03-official-1/0328-cell-b-0122-flow060/trace.jsonl.gz	331467	561887fdb18fb67b6cdd16076482826a06f8474f5a2bdafbd818e6f807b90762	too large (trace)
tr03-official-1/0329-cell-b-0122-flow045/constants.json	5760	b60b895ae8a70ba009e8fef0331b36e4f055cc6e7e075ae19d01b37f763c0360	plant-model file (private)
tr03-official-1/0329-cell-b-0122-flow045/flow.plccell.json	33668	de3b752c6569074a823f5ee6945a6aea173d27e736d7f9764b3705dc16fcefb6	plant-model file (private)
tr03-official-1/0329-cell-b-0122-flow045/reference-10ms-differences.json.gz	14122	42d0283143cccb5a15a0f54b5ebbb74e3636f54eb4b4bdb6b4234384a6906df3	not a metric of this report
tr03-official-1/0329-cell-b-0122-flow045/trace.jsonl.gz	331465	ebba4f4c0302ae719f6fada1578615a73a1879081163a8f32b15eff569e7ce4d	too large (trace)
tr03-official-1/0330-cell-b-0123-normal-s1/reference-10ms-differences.json.gz	23	f1101f8233b16d980af348db666cbdb1b9772fa79c6fa8d7d6d9550c1f6a546d	not a metric of this report
tr03-official-1/0330-cell-b-0123-normal-s1/trace.jsonl.gz	2905929	f7d3d55b03d499223eb6903bb31b569358a18d8faa32e093104180c6982ee2b2	too large (trace)
tr03-official-1/0331-cell-b-0123-normal-s2/reference-10ms-differences.json.gz	23	f1101f8233b16d980af348db666cbdb1b9772fa79c6fa8d7d6d9550c1f6a546d	not a metric of this report
tr03-official-1/0331-cell-b-0123-normal-s2/trace.jsonl.gz	2696498	eb2d93be1e4331cd44732e9ce3738273cfab080ccb9d8470876a3d066b239a38	too large (trace)
tr03-official-1/0332-cell-b-0123-normal-s3/reference-10ms-differences.json.gz	23	f1101f8233b16d980af348db666cbdb1b9772fa79c6fa8d7d6d9550c1f6a546d	not a metric of this report
tr03-official-1/0332-cell-b-0123-normal-s3/trace.jsonl.gz	2679941	a80f9204a5bd55c8b0492dc57c562babf0b78f75bd25fcd00edf170ae6755a27	too large (trace)
tr03-official-1/0333-cell-b-0123-cycle-stop/reference-10ms-differences.json.gz	23	f1101f8233b16d980af348db666cbdb1b9772fa79c6fa8d7d6d9550c1f6a546d	not a metric of this report
tr03-official-1/0333-cell-b-0123-cycle-stop/trace.jsonl.gz	643188	0b806e80ef54c8eba9a7b38e300333434d906e236f559e1aa0aa74954e9504b1	too large (trace)
tr03-official-1/0334-cell-b-0123-curtain/reference-10ms-differences.json.gz	23	f1101f8233b16d980af348db666cbdb1b9772fa79c6fa8d7d6d9550c1f6a546d	not a metric of this report
tr03-official-1/0334-cell-b-0123-curtain/trace.jsonl.gz	432933	489293f68b419b997e43fd20500938a2eafe95ae26071a06237f2ea09fefbddf	too large (trace)
tr03-official-1/0335-cell-b-0123-recovery/reference-10ms-differences.json.gz	23	f1101f8233b16d980af348db666cbdb1b9772fa79c6fa8d7d6d9550c1f6a546d	not a metric of this report
tr03-official-1/0335-cell-b-0123-recovery/trace.jsonl.gz	1732746	7c643b4c356fb2677ed12aa1e5416afceb2948e9784f0aecc0d5a6f0eefba872	too large (trace)
tr03-official-1/0336-cell-b-0123-recovery-retract/reference-10ms-differences.json.gz	23	f1101f8233b16d980af348db666cbdb1b9772fa79c6fa8d7d6d9550c1f6a546d	not a metric of this report
tr03-official-1/0336-cell-b-0123-recovery-retract/trace.jsonl.gz	1745833	da8d28a9bfa274584004e8329b99e1345eb90c357254c1230aefcf3d17b84eea	too large (trace)
tr03-official-1/0337-cell-b-0123-batch/reference-10ms-differences.json.gz	23	f1101f8233b16d980af348db666cbdb1b9772fa79c6fa8d7d6d9550c1f6a546d	not a metric of this report
tr03-official-1/0337-cell-b-0123-batch/trace.jsonl.gz	1759655	4ceccbe3ad56d334eb3625b96c0bc35fd2a856efd33c8e9d3ee8a67853630029	too large (trace)
tr03-official-1/0338-cell-b-0123-stroke75/constants.json	5779	23eb4ee6404d9bbca1675106843e233adf2dd72c0e37f275d0c9bb31194fcadb	plant-model file (private)
tr03-official-1/0338-cell-b-0123-stroke75/reference-10ms-differences.json.gz	23	f1101f8233b16d980af348db666cbdb1b9772fa79c6fa8d7d6d9550c1f6a546d	not a metric of this report
tr03-official-1/0338-cell-b-0123-stroke75/trace.jsonl.gz	1138968	0052c92206d9266c6c5ec6feab4ba66d96f5961bc1b80886b3ef03a3b4d19b34	too large (trace)
tr03-official-1/0339-cell-b-0123-flow060/constants.json	5759	749da6a9a3b578914850d85f44d3468ebdd2fefffb551566451d2e1a2d182a14	plant-model file (private)
tr03-official-1/0339-cell-b-0123-flow060/flow.plccell.json	33668	de3b752c6569074a823f5ee6945a6aea173d27e736d7f9764b3705dc16fcefb6	plant-model file (private)
tr03-official-1/0339-cell-b-0123-flow060/reference-10ms-differences.json.gz	23	f1101f8233b16d980af348db666cbdb1b9772fa79c6fa8d7d6d9550c1f6a546d	not a metric of this report
tr03-official-1/0339-cell-b-0123-flow060/trace.jsonl.gz	487488	dbc53e0ceb0cfd312e1d7c00c7b2c63c984287711724cb2a6ef6d930d80c31dd	too large (trace)
tr03-official-1/0340-cell-b-0123-flow045/constants.json	5760	b60b895ae8a70ba009e8fef0331b36e4f055cc6e7e075ae19d01b37f763c0360	plant-model file (private)
tr03-official-1/0340-cell-b-0123-flow045/flow.plccell.json	33668	de3b752c6569074a823f5ee6945a6aea173d27e736d7f9764b3705dc16fcefb6	plant-model file (private)
tr03-official-1/0340-cell-b-0123-flow045/reference-10ms-differences.json.gz	23	f1101f8233b16d980af348db666cbdb1b9772fa79c6fa8d7d6d9550c1f6a546d	not a metric of this report
tr03-official-1/0340-cell-b-0123-flow045/trace.jsonl.gz	463962	d18f9683a08819ea0478fd91fda2a0552a4d189802ea611a2babcbf653f24427	too large (trace)
tr03-official-1/0341-cell-b-0144-normal-s1/reference-10ms-differences.json.gz	23	f1101f8233b16d980af348db666cbdb1b9772fa79c6fa8d7d6d9550c1f6a546d	not a metric of this report
tr03-official-1/0341-cell-b-0144-normal-s1/trace.jsonl.gz	2916958	03ce61dcca6f6d19c42581557f13cb6bb7a78df985ed9e13342fc99292aa6ce4	too large (trace)
tr03-official-1/0342-cell-b-0144-normal-s2/reference-10ms-differences.json.gz	23	f1101f8233b16d980af348db666cbdb1b9772fa79c6fa8d7d6d9550c1f6a546d	not a metric of this report
tr03-official-1/0342-cell-b-0144-normal-s2/trace.jsonl.gz	2699569	daddc4de51b098b8eb15756ad842fbb51a47f78e9783a1e65d18dd9ef3035742	too large (trace)
tr03-official-1/0343-cell-b-0144-normal-s3/reference-10ms-differences.json.gz	23	f1101f8233b16d980af348db666cbdb1b9772fa79c6fa8d7d6d9550c1f6a546d	not a metric of this report
tr03-official-1/0343-cell-b-0144-normal-s3/trace.jsonl.gz	2678776	48fd728b994b25d0c8dd7dc127d0e84aa0d73282d873f6008fe342d85c3ab4d5	too large (trace)
tr03-official-1/0344-cell-b-0144-cycle-stop/reference-10ms-differences.json.gz	23	f1101f8233b16d980af348db666cbdb1b9772fa79c6fa8d7d6d9550c1f6a546d	not a metric of this report
tr03-official-1/0344-cell-b-0144-cycle-stop/trace.jsonl.gz	641207	6c45efcd575930b505557f550f60b27dbf2cdcda4060a891a42047bd1539aeda	too large (trace)
tr03-official-1/0345-cell-b-0144-curtain/reference-10ms-differences.json.gz	23	f1101f8233b16d980af348db666cbdb1b9772fa79c6fa8d7d6d9550c1f6a546d	not a metric of this report
tr03-official-1/0345-cell-b-0144-curtain/trace.jsonl.gz	428329	ce90e8f6e81cebf174087616df03c2c37f22e40779ea0f1030e2d7feb8adc48f	too large (trace)
tr03-official-1/0346-cell-b-0144-recovery/reference-10ms-differences.json.gz	23	f1101f8233b16d980af348db666cbdb1b9772fa79c6fa8d7d6d9550c1f6a546d	not a metric of this report
tr03-official-1/0346-cell-b-0144-recovery/trace.jsonl.gz	1727253	7857edcb523312711f7cfd42b239ef4972c47eec898129b008d784f435b4abff	too large (trace)
tr03-official-1/0347-cell-b-0144-recovery-retract/reference-10ms-differences.json.gz	23	f1101f8233b16d980af348db666cbdb1b9772fa79c6fa8d7d6d9550c1f6a546d	not a metric of this report
tr03-official-1/0347-cell-b-0144-recovery-retract/trace.jsonl.gz	1741929	b493b110b34f833dd5986a8e75cf55ece68ffafc15ded78c3e509dae548545f3	too large (trace)
tr03-official-1/0348-cell-b-0144-batch/reference-10ms-differences.json.gz	23	f1101f8233b16d980af348db666cbdb1b9772fa79c6fa8d7d6d9550c1f6a546d	not a metric of this report
tr03-official-1/0348-cell-b-0144-batch/trace.jsonl.gz	1755750	6bbc4347145aa39c90f844b3a29ddbf175277feb9a412bbc2bf2bc2ee8f18c78	too large (trace)
tr03-official-1/0349-cell-b-0144-stroke75/constants.json	5779	23eb4ee6404d9bbca1675106843e233adf2dd72c0e37f275d0c9bb31194fcadb	plant-model file (private)
tr03-official-1/0349-cell-b-0144-stroke75/reference-10ms-differences.json.gz	23	f1101f8233b16d980af348db666cbdb1b9772fa79c6fa8d7d6d9550c1f6a546d	not a metric of this report
tr03-official-1/0349-cell-b-0144-stroke75/trace.jsonl.gz	1139841	9dc3572eb023a2af56f889caf8073a3bdac356630cf8856cd2f92d0bb5b9174b	too large (trace)
tr03-official-1/0350-cell-b-0144-flow060/constants.json	5759	749da6a9a3b578914850d85f44d3468ebdd2fefffb551566451d2e1a2d182a14	plant-model file (private)
tr03-official-1/0350-cell-b-0144-flow060/flow.plccell.json	33668	de3b752c6569074a823f5ee6945a6aea173d27e736d7f9764b3705dc16fcefb6	plant-model file (private)
tr03-official-1/0350-cell-b-0144-flow060/reference-10ms-differences.json.gz	23	f1101f8233b16d980af348db666cbdb1b9772fa79c6fa8d7d6d9550c1f6a546d	not a metric of this report
tr03-official-1/0350-cell-b-0144-flow060/trace.jsonl.gz	485018	455001920a6dabc6023f9e123fe0b08b7f68afb4fbdb08d0759ccdacb62606a0	too large (trace)
tr03-official-1/0351-cell-b-0144-flow045/constants.json	5760	b60b895ae8a70ba009e8fef0331b36e4f055cc6e7e075ae19d01b37f763c0360	plant-model file (private)
tr03-official-1/0351-cell-b-0144-flow045/flow.plccell.json	33668	de3b752c6569074a823f5ee6945a6aea173d27e736d7f9764b3705dc16fcefb6	plant-model file (private)
tr03-official-1/0351-cell-b-0144-flow045/reference-10ms-differences.json.gz	23	f1101f8233b16d980af348db666cbdb1b9772fa79c6fa8d7d6d9550c1f6a546d	not a metric of this report
tr03-official-1/0351-cell-b-0144-flow045/trace.jsonl.gz	467739	903184e7fe4e992f9ef4432c930ce0f3a9413ab7f527159205f87cb6b27dd901	too large (trace)
tr03-official-1/0352-cell-b-0145-normal-s1/reference-10ms-differences.json.gz	23	f1101f8233b16d980af348db666cbdb1b9772fa79c6fa8d7d6d9550c1f6a546d	not a metric of this report
tr03-official-1/0352-cell-b-0145-normal-s1/trace.jsonl.gz	2914185	9621e9deeed462df03495ce4dc24a8df0f847da07c5a083867cd322a070d9fbc	too large (trace)
tr03-official-1/0353-cell-b-0145-normal-s2/reference-10ms-differences.json.gz	23	f1101f8233b16d980af348db666cbdb1b9772fa79c6fa8d7d6d9550c1f6a546d	not a metric of this report
tr03-official-1/0353-cell-b-0145-normal-s2/trace.jsonl.gz	2699411	8af286e8f92de9825710c49e15ea31bf0d1f3ddf1a1b5a871ac22d82a3e7849a	too large (trace)
tr03-official-1/0354-cell-b-0145-normal-s3/reference-10ms-differences.json.gz	23	f1101f8233b16d980af348db666cbdb1b9772fa79c6fa8d7d6d9550c1f6a546d	not a metric of this report
tr03-official-1/0354-cell-b-0145-normal-s3/trace.jsonl.gz	2687074	448ab8036a783ee2bde841f35848d1656b5d47e54f9321edc5a0f5d16ee93987	too large (trace)
tr03-official-1/0355-cell-b-0145-cycle-stop/reference-10ms-differences.json.gz	23	f1101f8233b16d980af348db666cbdb1b9772fa79c6fa8d7d6d9550c1f6a546d	not a metric of this report
tr03-official-1/0355-cell-b-0145-cycle-stop/trace.jsonl.gz	632800	a8d2a7c76c3fa7728e9e80a190bde0ac1088421e96ad7051aeef832d49916439	too large (trace)
tr03-official-1/0356-cell-b-0145-curtain/reference-10ms-differences.json.gz	23	f1101f8233b16d980af348db666cbdb1b9772fa79c6fa8d7d6d9550c1f6a546d	not a metric of this report
tr03-official-1/0356-cell-b-0145-curtain/trace.jsonl.gz	419106	6cdaf8c354bc467993a9a47245d6cffeb3367819dc7b54d4e98a2cb16caed3d9	too large (trace)
tr03-official-1/0357-cell-b-0145-recovery/reference-10ms-differences.json.gz	23	f1101f8233b16d980af348db666cbdb1b9772fa79c6fa8d7d6d9550c1f6a546d	not a metric of this report
tr03-official-1/0357-cell-b-0145-recovery/trace.jsonl.gz	1722308	477bf88367e84800199bfcf84bde0f029882fbcd2d0437053467d0bfaee6b8bf	too large (trace)
tr03-official-1/0358-cell-b-0145-recovery-retract/reference-10ms-differences.json.gz	23	f1101f8233b16d980af348db666cbdb1b9772fa79c6fa8d7d6d9550c1f6a546d	not a metric of this report
tr03-official-1/0358-cell-b-0145-recovery-retract/trace.jsonl.gz	1739578	20ffdc3bb3bcf7e196b2ee1a544f6a982bdd27f1f297702dfb3fbf3e5315e698	too large (trace)
tr03-official-1/0359-cell-b-0145-batch/reference-10ms-differences.json.gz	23	f1101f8233b16d980af348db666cbdb1b9772fa79c6fa8d7d6d9550c1f6a546d	not a metric of this report
tr03-official-1/0359-cell-b-0145-batch/trace.jsonl.gz	1744384	daccc5d38d7986de69ab0886fe1d2aebfd22ef666133b369ae82d564a122c080	too large (trace)
tr03-official-1/0360-cell-b-0145-stroke75/constants.json	5779	23eb4ee6404d9bbca1675106843e233adf2dd72c0e37f275d0c9bb31194fcadb	plant-model file (private)
tr03-official-1/0360-cell-b-0145-stroke75/reference-10ms-differences.json.gz	23	f1101f8233b16d980af348db666cbdb1b9772fa79c6fa8d7d6d9550c1f6a546d	not a metric of this report
tr03-official-1/0360-cell-b-0145-stroke75/trace.jsonl.gz	1129287	455c945e8c1ab7e471946091d162ae95760aed5a1c09eed647351cdbe76c90e7	too large (trace)
tr03-official-1/0361-cell-b-0145-flow060/constants.json	5759	749da6a9a3b578914850d85f44d3468ebdd2fefffb551566451d2e1a2d182a14	plant-model file (private)
tr03-official-1/0361-cell-b-0145-flow060/flow.plccell.json	33668	de3b752c6569074a823f5ee6945a6aea173d27e736d7f9764b3705dc16fcefb6	plant-model file (private)
tr03-official-1/0361-cell-b-0145-flow060/reference-10ms-differences.json.gz	23	f1101f8233b16d980af348db666cbdb1b9772fa79c6fa8d7d6d9550c1f6a546d	not a metric of this report
tr03-official-1/0361-cell-b-0145-flow060/trace.jsonl.gz	485059	aff6e6a1bcd69efde608911393a2a30ace353319e24f8d52389477fb2718808d	too large (trace)
tr03-official-1/0362-cell-b-0145-flow045/constants.json	5760	b60b895ae8a70ba009e8fef0331b36e4f055cc6e7e075ae19d01b37f763c0360	plant-model file (private)
tr03-official-1/0362-cell-b-0145-flow045/flow.plccell.json	33668	de3b752c6569074a823f5ee6945a6aea173d27e736d7f9764b3705dc16fcefb6	plant-model file (private)
tr03-official-1/0362-cell-b-0145-flow045/reference-10ms-differences.json.gz	23	f1101f8233b16d980af348db666cbdb1b9772fa79c6fa8d7d6d9550c1f6a546d	not a metric of this report
tr03-official-1/0362-cell-b-0145-flow045/trace.jsonl.gz	461885	37f9fc07fc549e14a29c2d8d515704263487f9be4046b67f4fc3952c1931d3c5	too large (trace)
tr03-official-1/0363-cell-b-0152-normal-s1/reference-10ms-differences.json.gz	23	f1101f8233b16d980af348db666cbdb1b9772fa79c6fa8d7d6d9550c1f6a546d	not a metric of this report
tr03-official-1/0363-cell-b-0152-normal-s1/trace.jsonl.gz	2922308	fa0052ed507c0777e248cef38e2411ec88f8aea9d3316c15761a3caf07763db7	too large (trace)
tr03-official-1/0364-cell-b-0152-normal-s2/reference-10ms-differences.json.gz	23	f1101f8233b16d980af348db666cbdb1b9772fa79c6fa8d7d6d9550c1f6a546d	not a metric of this report
tr03-official-1/0364-cell-b-0152-normal-s2/trace.jsonl.gz	2694314	6d6033d1752161e6f682b18dca396644616c0090654c4c9f8db4f973cf4b0d44	too large (trace)
tr03-official-1/0365-cell-b-0152-normal-s3/reference-10ms-differences.json.gz	23	f1101f8233b16d980af348db666cbdb1b9772fa79c6fa8d7d6d9550c1f6a546d	not a metric of this report
tr03-official-1/0365-cell-b-0152-normal-s3/trace.jsonl.gz	2681842	b01af27b028367f5885db78e25dd5a1a1d945b2bae921bd493656d06557460aa	too large (trace)
tr03-official-1/0366-cell-b-0152-cycle-stop/reference-10ms-differences.json.gz	23	f1101f8233b16d980af348db666cbdb1b9772fa79c6fa8d7d6d9550c1f6a546d	not a metric of this report
tr03-official-1/0366-cell-b-0152-cycle-stop/trace.jsonl.gz	635974	bf6c591ec181f125a956fd35596cc3b76679db5c310e19f220934d69bf188298	too large (trace)
tr03-official-1/0367-cell-b-0152-curtain/reference-10ms-differences.json.gz	23	f1101f8233b16d980af348db666cbdb1b9772fa79c6fa8d7d6d9550c1f6a546d	not a metric of this report
tr03-official-1/0367-cell-b-0152-curtain/trace.jsonl.gz	427620	f4b641eb72100b1e559e0beef072d47c206b9389438a9c28d063f7d7f730372a	too large (trace)
tr03-official-1/0368-cell-b-0152-recovery/reference-10ms-differences.json.gz	23	f1101f8233b16d980af348db666cbdb1b9772fa79c6fa8d7d6d9550c1f6a546d	not a metric of this report
tr03-official-1/0368-cell-b-0152-recovery/trace.jsonl.gz	1722247	1c7935c2f3df65df2cc97a1866572126981643128ff0f7c20a80b6d7607a63a3	too large (trace)
tr03-official-1/0369-cell-b-0152-recovery-retract/reference-10ms-differences.json.gz	23	f1101f8233b16d980af348db666cbdb1b9772fa79c6fa8d7d6d9550c1f6a546d	not a metric of this report
tr03-official-1/0369-cell-b-0152-recovery-retract/trace.jsonl.gz	1721461	b51c1aa513cccb91c29d0a173358f725dee455f6a5a281568c41c0ab35a85d46	too large (trace)
tr03-official-1/0370-cell-b-0152-batch/reference-10ms-differences.json.gz	23	f1101f8233b16d980af348db666cbdb1b9772fa79c6fa8d7d6d9550c1f6a546d	not a metric of this report
tr03-official-1/0370-cell-b-0152-batch/trace.jsonl.gz	1748583	ffb22376c49ebbe48b093aa5825cf3eec5f47c7ecd4214b88b79205fadd47656	too large (trace)
tr03-official-1/0371-cell-b-0152-stroke75/constants.json	5779	23eb4ee6404d9bbca1675106843e233adf2dd72c0e37f275d0c9bb31194fcadb	plant-model file (private)
tr03-official-1/0371-cell-b-0152-stroke75/reference-10ms-differences.json.gz	23	f1101f8233b16d980af348db666cbdb1b9772fa79c6fa8d7d6d9550c1f6a546d	not a metric of this report
tr03-official-1/0371-cell-b-0152-stroke75/trace.jsonl.gz	1142414	ff6697fba9c2bd6e8f57cdbe91af68ff7f837bc060fe553f98a9352affc008e8	too large (trace)
tr03-official-1/0372-cell-b-0152-flow060/constants.json	5759	749da6a9a3b578914850d85f44d3468ebdd2fefffb551566451d2e1a2d182a14	plant-model file (private)
tr03-official-1/0372-cell-b-0152-flow060/flow.plccell.json	33668	de3b752c6569074a823f5ee6945a6aea173d27e736d7f9764b3705dc16fcefb6	plant-model file (private)
tr03-official-1/0372-cell-b-0152-flow060/reference-10ms-differences.json.gz	23	f1101f8233b16d980af348db666cbdb1b9772fa79c6fa8d7d6d9550c1f6a546d	not a metric of this report
tr03-official-1/0372-cell-b-0152-flow060/trace.jsonl.gz	483910	003fd684eb621f3e891fe556741713e1c98eba8c7c412aa288a6969a1bd59791	too large (trace)
tr03-official-1/0373-cell-b-0152-flow045/constants.json	5760	b60b895ae8a70ba009e8fef0331b36e4f055cc6e7e075ae19d01b37f763c0360	plant-model file (private)
tr03-official-1/0373-cell-b-0152-flow045/flow.plccell.json	33668	de3b752c6569074a823f5ee6945a6aea173d27e736d7f9764b3705dc16fcefb6	plant-model file (private)
tr03-official-1/0373-cell-b-0152-flow045/reference-10ms-differences.json.gz	23	f1101f8233b16d980af348db666cbdb1b9772fa79c6fa8d7d6d9550c1f6a546d	not a metric of this report
tr03-official-1/0373-cell-b-0152-flow045/trace.jsonl.gz	463158	53c97e30b6221133e50d216cab58c10047390615547861c6377a6db93034dc70	too large (trace)
tr03-official-1/0374-cell-b-0153-normal-s1/reference-10ms-differences.json.gz	23	f1101f8233b16d980af348db666cbdb1b9772fa79c6fa8d7d6d9550c1f6a546d	not a metric of this report
tr03-official-1/0374-cell-b-0153-normal-s1/trace.jsonl.gz	2915856	1baa8b6fbcb9faba48d49e2fa8ab04c4b3ac6b0b3ce98760ec209779ed11961a	too large (trace)
tr03-official-1/0375-cell-b-0153-normal-s2/reference-10ms-differences.json.gz	23	f1101f8233b16d980af348db666cbdb1b9772fa79c6fa8d7d6d9550c1f6a546d	not a metric of this report
tr03-official-1/0375-cell-b-0153-normal-s2/trace.jsonl.gz	2699864	50572f58dc6b386605b7dc843a26c7d47a6236c0e1176caf5f7fff9dde3c9d1b	too large (trace)
tr03-official-1/0376-cell-b-0153-normal-s3/reference-10ms-differences.json.gz	23	f1101f8233b16d980af348db666cbdb1b9772fa79c6fa8d7d6d9550c1f6a546d	not a metric of this report
tr03-official-1/0376-cell-b-0153-normal-s3/trace.jsonl.gz	2660325	68d5442f93f0722b6711b22ca7c80b8a0c273e0aa829a6be1c08ea639d5e17cd	too large (trace)
tr03-official-1/0377-cell-b-0153-cycle-stop/reference-10ms-differences.json.gz	23	f1101f8233b16d980af348db666cbdb1b9772fa79c6fa8d7d6d9550c1f6a546d	not a metric of this report
tr03-official-1/0377-cell-b-0153-cycle-stop/trace.jsonl.gz	626423	45a15685c4f64b068096285b824d47582c503056b9f983bfab79572357f03c09	too large (trace)
tr03-official-1/0378-cell-b-0153-curtain/reference-10ms-differences.json.gz	23	f1101f8233b16d980af348db666cbdb1b9772fa79c6fa8d7d6d9550c1f6a546d	not a metric of this report
tr03-official-1/0378-cell-b-0153-curtain/trace.jsonl.gz	419165	f305183f2df83075d97ea60587c087634fb513e91bcfa680b0e09d40a4ab7602	too large (trace)
tr03-official-1/0379-cell-b-0153-recovery/reference-10ms-differences.json.gz	23	f1101f8233b16d980af348db666cbdb1b9772fa79c6fa8d7d6d9550c1f6a546d	not a metric of this report
tr03-official-1/0379-cell-b-0153-recovery/trace.jsonl.gz	1724760	50f4832cffde0164eda42c906be7d0a1f7ea4b23215dabceee6ed60c45c9fe3a	too large (trace)
tr03-official-1/0380-cell-b-0153-recovery-retract/reference-10ms-differences.json.gz	23	f1101f8233b16d980af348db666cbdb1b9772fa79c6fa8d7d6d9550c1f6a546d	not a metric of this report
tr03-official-1/0380-cell-b-0153-recovery-retract/trace.jsonl.gz	1736140	397aa5c29f39869798ac5e1bc9f89e67ed54b1f86dc473b61596217d2f8ebd0a	too large (trace)
tr03-official-1/0381-cell-b-0153-batch/reference-10ms-differences.json.gz	23	f1101f8233b16d980af348db666cbdb1b9772fa79c6fa8d7d6d9550c1f6a546d	not a metric of this report
tr03-official-1/0381-cell-b-0153-batch/trace.jsonl.gz	1745912	5b10d2bff94742ad284dd7d5655456bc11b4c30c2c68a1e77df466c288daabaf	too large (trace)
tr03-official-1/0382-cell-b-0153-stroke75/constants.json	5779	23eb4ee6404d9bbca1675106843e233adf2dd72c0e37f275d0c9bb31194fcadb	plant-model file (private)
tr03-official-1/0382-cell-b-0153-stroke75/reference-10ms-differences.json.gz	23	f1101f8233b16d980af348db666cbdb1b9772fa79c6fa8d7d6d9550c1f6a546d	not a metric of this report
tr03-official-1/0382-cell-b-0153-stroke75/trace.jsonl.gz	1141923	fb48e70c0a9a68fc41457e00c65efa1561e55a74392e537c9781e7938c00562f	too large (trace)
tr03-official-1/0383-cell-b-0153-flow060/constants.json	5759	749da6a9a3b578914850d85f44d3468ebdd2fefffb551566451d2e1a2d182a14	plant-model file (private)
tr03-official-1/0383-cell-b-0153-flow060/flow.plccell.json	33668	de3b752c6569074a823f5ee6945a6aea173d27e736d7f9764b3705dc16fcefb6	plant-model file (private)
tr03-official-1/0383-cell-b-0153-flow060/reference-10ms-differences.json.gz	23	f1101f8233b16d980af348db666cbdb1b9772fa79c6fa8d7d6d9550c1f6a546d	not a metric of this report
tr03-official-1/0383-cell-b-0153-flow060/trace.jsonl.gz	484886	87fe7bc0a2e7f850e8f14ec0608fdac2f67d4a2aaa2be4a3c8372c302e776f9d	too large (trace)
tr03-official-1/0384-cell-b-0153-flow045/constants.json	5760	b60b895ae8a70ba009e8fef0331b36e4f055cc6e7e075ae19d01b37f763c0360	plant-model file (private)
tr03-official-1/0384-cell-b-0153-flow045/flow.plccell.json	33668	de3b752c6569074a823f5ee6945a6aea173d27e736d7f9764b3705dc16fcefb6	plant-model file (private)
tr03-official-1/0384-cell-b-0153-flow045/reference-10ms-differences.json.gz	23	f1101f8233b16d980af348db666cbdb1b9772fa79c6fa8d7d6d9550c1f6a546d	not a metric of this report
tr03-official-1/0384-cell-b-0153-flow045/trace.jsonl.gz	464172	50142ebbf7d157acf060279a826381b3c0dec4f9f88e7755e3ea2f55d9f597cc	too large (trace)
tr03-official-1/0385-cell-b-0155-normal-s1/reference-10ms-differences.json.gz	23	f1101f8233b16d980af348db666cbdb1b9772fa79c6fa8d7d6d9550c1f6a546d	not a metric of this report
tr03-official-1/0385-cell-b-0155-normal-s1/trace.jsonl.gz	2922918	1a074bbd325b3c55b20b5b18d64955110dc3067a831a483e6bb63325b95ee480	too large (trace)
tr03-official-1/0386-cell-b-0155-normal-s2/reference-10ms-differences.json.gz	23	f1101f8233b16d980af348db666cbdb1b9772fa79c6fa8d7d6d9550c1f6a546d	not a metric of this report
tr03-official-1/0386-cell-b-0155-normal-s2/trace.jsonl.gz	2693581	3cc097fd90bd91c1e28f4670a9a0799f765aa890e57fa2184cccddb235a91a2c	too large (trace)
tr03-official-1/0387-cell-b-0155-normal-s3/reference-10ms-differences.json.gz	23	f1101f8233b16d980af348db666cbdb1b9772fa79c6fa8d7d6d9550c1f6a546d	not a metric of this report
tr03-official-1/0387-cell-b-0155-normal-s3/trace.jsonl.gz	2664630	9a899b5c2af380d4dc5de3e3f325105c5577aa0f30a2283bc32db7482d127c55	too large (trace)
tr03-official-1/0388-cell-b-0155-cycle-stop/reference-10ms-differences.json.gz	23	f1101f8233b16d980af348db666cbdb1b9772fa79c6fa8d7d6d9550c1f6a546d	not a metric of this report
tr03-official-1/0388-cell-b-0155-cycle-stop/trace.jsonl.gz	637765	46ab9eedf6a851466cdefdacb9123e1e380a8fe4699737dee3c81193e4be34cb	too large (trace)
tr03-official-1/0389-cell-b-0155-curtain/reference-10ms-differences.json.gz	23	f1101f8233b16d980af348db666cbdb1b9772fa79c6fa8d7d6d9550c1f6a546d	not a metric of this report
tr03-official-1/0389-cell-b-0155-curtain/trace.jsonl.gz	429832	6072174e8118c43450f7deaddbd78f66b7ed70aae770851a401f5132fc71bbd2	too large (trace)
tr03-official-1/0390-cell-b-0155-recovery/reference-10ms-differences.json.gz	23	f1101f8233b16d980af348db666cbdb1b9772fa79c6fa8d7d6d9550c1f6a546d	not a metric of this report
tr03-official-1/0390-cell-b-0155-recovery/trace.jsonl.gz	1725753	f6f97db3a3fee4d8c9c257ba9f5c80e76d0170c7e1611537513c9a875f7213ad	too large (trace)
tr03-official-1/0391-cell-b-0155-recovery-retract/reference-10ms-differences.json.gz	23	f1101f8233b16d980af348db666cbdb1b9772fa79c6fa8d7d6d9550c1f6a546d	not a metric of this report
tr03-official-1/0391-cell-b-0155-recovery-retract/trace.jsonl.gz	1744447	382ab30459be7ec22f4a1c80593020355759ec0584360caacf4c574baf7bdfe7	too large (trace)
tr03-official-1/0392-cell-b-0155-batch/reference-10ms-differences.json.gz	23	f1101f8233b16d980af348db666cbdb1b9772fa79c6fa8d7d6d9550c1f6a546d	not a metric of this report
tr03-official-1/0392-cell-b-0155-batch/trace.jsonl.gz	1761556	fd58037213e01fe1744901eb6e5032dd5cf4fd09e618a3c75d415bc4f4e04521	too large (trace)
tr03-official-1/0393-cell-b-0155-stroke75/constants.json	5779	23eb4ee6404d9bbca1675106843e233adf2dd72c0e37f275d0c9bb31194fcadb	plant-model file (private)
tr03-official-1/0393-cell-b-0155-stroke75/reference-10ms-differences.json.gz	23	f1101f8233b16d980af348db666cbdb1b9772fa79c6fa8d7d6d9550c1f6a546d	not a metric of this report
tr03-official-1/0393-cell-b-0155-stroke75/trace.jsonl.gz	1139782	ae7b0271d073158d799ec3fceb3e94ab2b47d364fa77d0b1b901c8771f706be8	too large (trace)
tr03-official-1/0394-cell-b-0155-flow060/constants.json	5759	749da6a9a3b578914850d85f44d3468ebdd2fefffb551566451d2e1a2d182a14	plant-model file (private)
tr03-official-1/0394-cell-b-0155-flow060/flow.plccell.json	33668	de3b752c6569074a823f5ee6945a6aea173d27e736d7f9764b3705dc16fcefb6	plant-model file (private)
tr03-official-1/0394-cell-b-0155-flow060/reference-10ms-differences.json.gz	23	f1101f8233b16d980af348db666cbdb1b9772fa79c6fa8d7d6d9550c1f6a546d	not a metric of this report
tr03-official-1/0394-cell-b-0155-flow060/trace.jsonl.gz	483292	36d79162986d2e929dd441d861ff9daae8d96b6f7e169ce3906af327bc3108f5	too large (trace)
tr03-official-1/0395-cell-b-0155-flow045/constants.json	5760	b60b895ae8a70ba009e8fef0331b36e4f055cc6e7e075ae19d01b37f763c0360	plant-model file (private)
tr03-official-1/0395-cell-b-0155-flow045/flow.plccell.json	33668	de3b752c6569074a823f5ee6945a6aea173d27e736d7f9764b3705dc16fcefb6	plant-model file (private)
tr03-official-1/0395-cell-b-0155-flow045/reference-10ms-differences.json.gz	23	f1101f8233b16d980af348db666cbdb1b9772fa79c6fa8d7d6d9550c1f6a546d	not a metric of this report
tr03-official-1/0395-cell-b-0155-flow045/trace.jsonl.gz	462595	1989bd5b2c81d050b9c67557da21a809b084da9383a4321cf7b0c9c9a164d4cc	too large (trace)
tr03-official-1/0396-cell-b-0158-normal-s1/reference-10ms-differences.json.gz	23	f1101f8233b16d980af348db666cbdb1b9772fa79c6fa8d7d6d9550c1f6a546d	not a metric of this report
tr03-official-1/0396-cell-b-0158-normal-s1/trace.jsonl.gz	2915527	83e78237cd85d19fc2f03766b132f5866d9f9e039451559228d3d5ace3945818	too large (trace)
tr03-official-1/0397-cell-b-0158-normal-s2/reference-10ms-differences.json.gz	23	f1101f8233b16d980af348db666cbdb1b9772fa79c6fa8d7d6d9550c1f6a546d	not a metric of this report
tr03-official-1/0397-cell-b-0158-normal-s2/trace.jsonl.gz	2705311	d3a622d3703ac22646a7e3a49af5d5e3cec8d9a134aa1cca82a414d229a4febf	too large (trace)
tr03-official-1/0398-cell-b-0158-normal-s3/reference-10ms-differences.json.gz	23	f1101f8233b16d980af348db666cbdb1b9772fa79c6fa8d7d6d9550c1f6a546d	not a metric of this report
tr03-official-1/0398-cell-b-0158-normal-s3/trace.jsonl.gz	2678724	1f8bfe6f5d11aaac8627fd697676bf6ef4b38d56c87dac2f9918f937aff9dec7	too large (trace)
tr03-official-1/0399-cell-b-0158-cycle-stop/reference-10ms-differences.json.gz	23	f1101f8233b16d980af348db666cbdb1b9772fa79c6fa8d7d6d9550c1f6a546d	not a metric of this report
tr03-official-1/0399-cell-b-0158-cycle-stop/trace.jsonl.gz	642475	26ad2a045d7380c61562968038ea5b688d9bd64d835836176167dd50efbaf4d3	too large (trace)
tr03-official-1/0400-cell-b-0158-curtain/reference-10ms-differences.json.gz	23	f1101f8233b16d980af348db666cbdb1b9772fa79c6fa8d7d6d9550c1f6a546d	not a metric of this report
tr03-official-1/0400-cell-b-0158-curtain/trace.jsonl.gz	428703	7f22cb77002f8102835902048e458e7708d6183ba250205673be010ed8694263	too large (trace)
tr03-official-1/0401-cell-b-0158-recovery/reference-10ms-differences.json.gz	23	f1101f8233b16d980af348db666cbdb1b9772fa79c6fa8d7d6d9550c1f6a546d	not a metric of this report
tr03-official-1/0401-cell-b-0158-recovery/trace.jsonl.gz	1718522	ecc78a9e602fb56edc3b7f3595ba57b7dbd0a627d02efd01dd0f159633e54a64	too large (trace)
tr03-official-1/0402-cell-b-0158-recovery-retract/reference-10ms-differences.json.gz	23	f1101f8233b16d980af348db666cbdb1b9772fa79c6fa8d7d6d9550c1f6a546d	not a metric of this report
tr03-official-1/0402-cell-b-0158-recovery-retract/trace.jsonl.gz	1724301	188370b12f4329b61fa6582d62ba888a6462f3b8670fc32770899b5fab992e07	too large (trace)
tr03-official-1/0403-cell-b-0158-batch/reference-10ms-differences.json.gz	23	f1101f8233b16d980af348db666cbdb1b9772fa79c6fa8d7d6d9550c1f6a546d	not a metric of this report
tr03-official-1/0403-cell-b-0158-batch/trace.jsonl.gz	1753604	381586eda2ded4343729ecdbf8a9d2119cc4cbe93c95536ae716d3005514ef71	too large (trace)
tr03-official-1/0404-cell-b-0158-stroke75/constants.json	5779	23eb4ee6404d9bbca1675106843e233adf2dd72c0e37f275d0c9bb31194fcadb	plant-model file (private)
tr03-official-1/0404-cell-b-0158-stroke75/reference-10ms-differences.json.gz	23	f1101f8233b16d980af348db666cbdb1b9772fa79c6fa8d7d6d9550c1f6a546d	not a metric of this report
tr03-official-1/0404-cell-b-0158-stroke75/trace.jsonl.gz	1148658	7e2759a5879ebfb93c1385722cd4d8170e29cdd99e8122242b80bd8d6996ac3f	too large (trace)
tr03-official-1/0405-cell-b-0158-flow060/constants.json	5759	749da6a9a3b578914850d85f44d3468ebdd2fefffb551566451d2e1a2d182a14	plant-model file (private)
tr03-official-1/0405-cell-b-0158-flow060/flow.plccell.json	33668	de3b752c6569074a823f5ee6945a6aea173d27e736d7f9764b3705dc16fcefb6	plant-model file (private)
tr03-official-1/0405-cell-b-0158-flow060/reference-10ms-differences.json.gz	23	f1101f8233b16d980af348db666cbdb1b9772fa79c6fa8d7d6d9550c1f6a546d	not a metric of this report
tr03-official-1/0405-cell-b-0158-flow060/trace.jsonl.gz	480548	6da07f915c263f160ef06722b658a4db373ae7c4394e8ba9d75515568e00d573	too large (trace)
tr03-official-1/0406-cell-b-0158-flow045/constants.json	5760	b60b895ae8a70ba009e8fef0331b36e4f055cc6e7e075ae19d01b37f763c0360	plant-model file (private)
tr03-official-1/0406-cell-b-0158-flow045/flow.plccell.json	33668	de3b752c6569074a823f5ee6945a6aea173d27e736d7f9764b3705dc16fcefb6	plant-model file (private)
tr03-official-1/0406-cell-b-0158-flow045/reference-10ms-differences.json.gz	23	f1101f8233b16d980af348db666cbdb1b9772fa79c6fa8d7d6d9550c1f6a546d	not a metric of this report
tr03-official-1/0406-cell-b-0158-flow045/trace.jsonl.gz	462772	36511004945d9292ba012c32d6b8bbc153f6d938467362cf76d8d66af256e616	too large (trace)
tr03-official-1/0407-cell-b-0176-normal-s1/reference-10ms-differences.json.gz	23	f1101f8233b16d980af348db666cbdb1b9772fa79c6fa8d7d6d9550c1f6a546d	not a metric of this report
tr03-official-1/0407-cell-b-0176-normal-s1/trace.jsonl.gz	2917151	130bf346d1cd7d813bb895ee069495ba2c6bc95b1207e1bc73720ed62fffbfce	too large (trace)
tr03-official-1/0408-cell-b-0176-normal-s2/reference-10ms-differences.json.gz	23	f1101f8233b16d980af348db666cbdb1b9772fa79c6fa8d7d6d9550c1f6a546d	not a metric of this report
tr03-official-1/0408-cell-b-0176-normal-s2/trace.jsonl.gz	2696793	fd0abce9306e58171f8a19b40d3aee08e08af1f2e022ade3616aede305b372a8	too large (trace)
tr03-official-1/0409-cell-b-0176-normal-s3/reference-10ms-differences.json.gz	23	f1101f8233b16d980af348db666cbdb1b9772fa79c6fa8d7d6d9550c1f6a546d	not a metric of this report
tr03-official-1/0409-cell-b-0176-normal-s3/trace.jsonl.gz	2673060	c42db06d1a3fac94f8e88fcd4b31d5ab5ce2489885dc709970951f021a7eda17	too large (trace)
tr03-official-1/0410-cell-b-0176-cycle-stop/reference-10ms-differences.json.gz	23	f1101f8233b16d980af348db666cbdb1b9772fa79c6fa8d7d6d9550c1f6a546d	not a metric of this report
tr03-official-1/0410-cell-b-0176-cycle-stop/trace.jsonl.gz	635151	cbcc6ca3c94d88e5ee7b28d679a43afd43248d78a5b28affcac65874a2e30051	too large (trace)
tr03-official-1/0411-cell-b-0176-curtain/reference-10ms-differences.json.gz	23	f1101f8233b16d980af348db666cbdb1b9772fa79c6fa8d7d6d9550c1f6a546d	not a metric of this report
tr03-official-1/0411-cell-b-0176-curtain/trace.jsonl.gz	430034	27ffeaa2f062428bf37a0b0fce7c11803f77ec6b06eb20c67c622319aad24e9c	too large (trace)
tr03-official-1/0412-cell-b-0176-recovery/reference-10ms-differences.json.gz	23	f1101f8233b16d980af348db666cbdb1b9772fa79c6fa8d7d6d9550c1f6a546d	not a metric of this report
tr03-official-1/0412-cell-b-0176-recovery/trace.jsonl.gz	1730903	630c6eaa6b5753471171b95ef5d494e5b1291233ec5ac7e3f7d28af21a34c4c3	too large (trace)
tr03-official-1/0413-cell-b-0176-recovery-retract/reference-10ms-differences.json.gz	23	f1101f8233b16d980af348db666cbdb1b9772fa79c6fa8d7d6d9550c1f6a546d	not a metric of this report
tr03-official-1/0413-cell-b-0176-recovery-retract/trace.jsonl.gz	1742055	010c1781527de9046bec00b4424d4c889f45fecd182b0ab6df182f981f17f34b	too large (trace)
tr03-official-1/0414-cell-b-0176-batch/reference-10ms-differences.json.gz	23	f1101f8233b16d980af348db666cbdb1b9772fa79c6fa8d7d6d9550c1f6a546d	not a metric of this report
tr03-official-1/0414-cell-b-0176-batch/trace.jsonl.gz	1756348	25ca4c29035244484c6edaa59b8875e55470499bf4941aed3afe2d6d91a0a293	too large (trace)
tr03-official-1/0415-cell-b-0176-stroke75/constants.json	5779	23eb4ee6404d9bbca1675106843e233adf2dd72c0e37f275d0c9bb31194fcadb	plant-model file (private)
tr03-official-1/0415-cell-b-0176-stroke75/reference-10ms-differences.json.gz	23	f1101f8233b16d980af348db666cbdb1b9772fa79c6fa8d7d6d9550c1f6a546d	not a metric of this report
tr03-official-1/0415-cell-b-0176-stroke75/trace.jsonl.gz	1144566	4c3e840c4f05cad7413e890c6d9d08444b3f995b0d34a1f5a91ed3eba8f72c8a	too large (trace)
tr03-official-1/0416-cell-b-0176-flow060/constants.json	5759	749da6a9a3b578914850d85f44d3468ebdd2fefffb551566451d2e1a2d182a14	plant-model file (private)
tr03-official-1/0416-cell-b-0176-flow060/flow.plccell.json	33668	de3b752c6569074a823f5ee6945a6aea173d27e736d7f9764b3705dc16fcefb6	plant-model file (private)
tr03-official-1/0416-cell-b-0176-flow060/reference-10ms-differences.json.gz	23	f1101f8233b16d980af348db666cbdb1b9772fa79c6fa8d7d6d9550c1f6a546d	not a metric of this report
tr03-official-1/0416-cell-b-0176-flow060/trace.jsonl.gz	486364	fe9114fe7a1e3f23dfc61bfa324ed8b74ca55a4e317473c1f6b93fdd716df4c0	too large (trace)
tr03-official-1/0417-cell-b-0176-flow045/constants.json	5760	b60b895ae8a70ba009e8fef0331b36e4f055cc6e7e075ae19d01b37f763c0360	plant-model file (private)
tr03-official-1/0417-cell-b-0176-flow045/flow.plccell.json	33668	de3b752c6569074a823f5ee6945a6aea173d27e736d7f9764b3705dc16fcefb6	plant-model file (private)
tr03-official-1/0417-cell-b-0176-flow045/reference-10ms-differences.json.gz	23	f1101f8233b16d980af348db666cbdb1b9772fa79c6fa8d7d6d9550c1f6a546d	not a metric of this report
tr03-official-1/0417-cell-b-0176-flow045/trace.jsonl.gz	460514	5804672ac1013ebfccdd201a4f23e4a7dc38a08ae5c8cdf91fee1abfab72608e	too large (trace)
tr03-official-1/0418-cell-b-0181-normal-s1/reference-10ms-differences.json.gz	23	f1101f8233b16d980af348db666cbdb1b9772fa79c6fa8d7d6d9550c1f6a546d	not a metric of this report
tr03-official-1/0418-cell-b-0181-normal-s1/trace.jsonl.gz	2919066	ac1a85bb7a174d296e3f87a74f34a56aac9021baa1e0ec1280a309ace1f289f1	too large (trace)
tr03-official-1/0419-cell-b-0181-normal-s2/reference-10ms-differences.json.gz	23	f1101f8233b16d980af348db666cbdb1b9772fa79c6fa8d7d6d9550c1f6a546d	not a metric of this report
tr03-official-1/0419-cell-b-0181-normal-s2/trace.jsonl.gz	2702847	9dc232ed2333b20dadbbe00b62cfe178a3213fd09195e031dc299445c1292de9	too large (trace)
tr03-official-1/0420-cell-b-0181-normal-s3/reference-10ms-differences.json.gz	23	f1101f8233b16d980af348db666cbdb1b9772fa79c6fa8d7d6d9550c1f6a546d	not a metric of this report
tr03-official-1/0420-cell-b-0181-normal-s3/trace.jsonl.gz	2677147	d63451161a8c26c282d05efc18705c8950ca677b562eae1de2bcc8abd6076202	too large (trace)
tr03-official-1/0421-cell-b-0181-cycle-stop/reference-10ms-differences.json.gz	23	f1101f8233b16d980af348db666cbdb1b9772fa79c6fa8d7d6d9550c1f6a546d	not a metric of this report
tr03-official-1/0421-cell-b-0181-cycle-stop/trace.jsonl.gz	639406	872a2a476e9b23252af1029de9676040c3df1faa54df9b61f06fe0aef9a9a8b5	too large (trace)
tr03-official-1/0422-cell-b-0181-curtain/reference-10ms-differences.json.gz	23	f1101f8233b16d980af348db666cbdb1b9772fa79c6fa8d7d6d9550c1f6a546d	not a metric of this report
tr03-official-1/0422-cell-b-0181-curtain/trace.jsonl.gz	430352	7813514d5b7506e66bf4223ab61e34d6773f8f6c4786bf3e93be2702aa3727f8	too large (trace)
tr03-official-1/0423-cell-b-0181-recovery/reference-10ms-differences.json.gz	23	f1101f8233b16d980af348db666cbdb1b9772fa79c6fa8d7d6d9550c1f6a546d	not a metric of this report
tr03-official-1/0423-cell-b-0181-recovery/trace.jsonl.gz	1725474	b69aa2b7f08ec4282e8758ba0f8034f6ff9f55635703f89bc1efa317d9287fa0	too large (trace)
tr03-official-1/0424-cell-b-0181-recovery-retract/reference-10ms-differences.json.gz	23	f1101f8233b16d980af348db666cbdb1b9772fa79c6fa8d7d6d9550c1f6a546d	not a metric of this report
tr03-official-1/0424-cell-b-0181-recovery-retract/trace.jsonl.gz	1735057	711394c48f0f41055526d3bd1bab9ab1a2479979388bbf1f622feafef2a06494	too large (trace)
tr03-official-1/0425-cell-b-0181-batch/reference-10ms-differences.json.gz	23	f1101f8233b16d980af348db666cbdb1b9772fa79c6fa8d7d6d9550c1f6a546d	not a metric of this report
tr03-official-1/0425-cell-b-0181-batch/trace.jsonl.gz	1759336	9d1e24a82bd0c4160539fb21739b5567291563c53f111d9a4f80fe72a1a29762	too large (trace)
tr03-official-1/0426-cell-b-0181-stroke75/constants.json	5779	23eb4ee6404d9bbca1675106843e233adf2dd72c0e37f275d0c9bb31194fcadb	plant-model file (private)
tr03-official-1/0426-cell-b-0181-stroke75/reference-10ms-differences.json.gz	23	f1101f8233b16d980af348db666cbdb1b9772fa79c6fa8d7d6d9550c1f6a546d	not a metric of this report
tr03-official-1/0426-cell-b-0181-stroke75/trace.jsonl.gz	1137039	bf93690ae4c10cfc1e2e13bb0886531489a8272041e976878b147e0cdec84ce1	too large (trace)
tr03-official-1/0427-cell-b-0181-flow060/constants.json	5759	749da6a9a3b578914850d85f44d3468ebdd2fefffb551566451d2e1a2d182a14	plant-model file (private)
tr03-official-1/0427-cell-b-0181-flow060/flow.plccell.json	33668	de3b752c6569074a823f5ee6945a6aea173d27e736d7f9764b3705dc16fcefb6	plant-model file (private)
tr03-official-1/0427-cell-b-0181-flow060/reference-10ms-differences.json.gz	23	f1101f8233b16d980af348db666cbdb1b9772fa79c6fa8d7d6d9550c1f6a546d	not a metric of this report
tr03-official-1/0427-cell-b-0181-flow060/trace.jsonl.gz	485205	d531c8e02adb4eafd0bf9600ba23d834f3b901abb762b794e288b8236d45ad7e	too large (trace)
tr03-official-1/0428-cell-b-0181-flow045/constants.json	5760	b60b895ae8a70ba009e8fef0331b36e4f055cc6e7e075ae19d01b37f763c0360	plant-model file (private)
tr03-official-1/0428-cell-b-0181-flow045/flow.plccell.json	33668	de3b752c6569074a823f5ee6945a6aea173d27e736d7f9764b3705dc16fcefb6	plant-model file (private)
tr03-official-1/0428-cell-b-0181-flow045/reference-10ms-differences.json.gz	23	f1101f8233b16d980af348db666cbdb1b9772fa79c6fa8d7d6d9550c1f6a546d	not a metric of this report
tr03-official-1/0428-cell-b-0181-flow045/trace.jsonl.gz	461647	d2f5c461438d91f9ea55697229a495243b6804552793e067c56172d4cc2a3b5a	too large (trace)
tr03-official-1/0429-cell-b-0184-normal-s1/reference-10ms-differences.json.gz	23	f1101f8233b16d980af348db666cbdb1b9772fa79c6fa8d7d6d9550c1f6a546d	not a metric of this report
tr03-official-1/0429-cell-b-0184-normal-s1/trace.jsonl.gz	2920918	77b0f4e5bf1a2a71f7fc2b199d50a2ee1cf6089881a91c454fb761be616ebec5	too large (trace)
tr03-official-1/0430-cell-b-0184-normal-s2/reference-10ms-differences.json.gz	23	f1101f8233b16d980af348db666cbdb1b9772fa79c6fa8d7d6d9550c1f6a546d	not a metric of this report
tr03-official-1/0430-cell-b-0184-normal-s2/trace.jsonl.gz	2691761	432014d241efeabb5c7a23a0c28530be1464d5ccda0718b1d57b32e1f182f942	too large (trace)
tr03-official-1/0431-cell-b-0184-normal-s3/reference-10ms-differences.json.gz	23	f1101f8233b16d980af348db666cbdb1b9772fa79c6fa8d7d6d9550c1f6a546d	not a metric of this report
tr03-official-1/0431-cell-b-0184-normal-s3/trace.jsonl.gz	2683393	ffffaa802ebc8fd47058a7ffb934158646d59011f13fb379c418d39146c269a0	too large (trace)
tr03-official-1/0432-cell-b-0184-cycle-stop/reference-10ms-differences.json.gz	23	f1101f8233b16d980af348db666cbdb1b9772fa79c6fa8d7d6d9550c1f6a546d	not a metric of this report
tr03-official-1/0432-cell-b-0184-cycle-stop/trace.jsonl.gz	640046	135e2d6bdef9a9aaf8c902891bc079b1c3cd779f2db984066c1d35c1e6ecaeb0	too large (trace)
tr03-official-1/0433-cell-b-0184-curtain/reference-10ms-differences.json.gz	23	f1101f8233b16d980af348db666cbdb1b9772fa79c6fa8d7d6d9550c1f6a546d	not a metric of this report
tr03-official-1/0433-cell-b-0184-curtain/trace.jsonl.gz	430035	bb6bc077e3d9239256ac1dfac469e713bd90a0bf8fc7fe3ae5352cdec7803c35	too large (trace)
tr03-official-1/0434-cell-b-0184-recovery/reference-10ms-differences.json.gz	23	f1101f8233b16d980af348db666cbdb1b9772fa79c6fa8d7d6d9550c1f6a546d	not a metric of this report
tr03-official-1/0434-cell-b-0184-recovery/trace.jsonl.gz	1729856	937d4c2ad21ed92b4ab1735d269d7f48e1382d505ffeac6e04b7091d0a67e2af	too large (trace)
tr03-official-1/0435-cell-b-0184-recovery-retract/reference-10ms-differences.json.gz	23	f1101f8233b16d980af348db666cbdb1b9772fa79c6fa8d7d6d9550c1f6a546d	not a metric of this report
tr03-official-1/0435-cell-b-0184-recovery-retract/trace.jsonl.gz	1747431	b8d16b68b98dfa6833e66ebb68d8b7b1f348c348ca9dec30208b9c3428befc99	too large (trace)
tr03-official-1/0436-cell-b-0184-batch/reference-10ms-differences.json.gz	23	f1101f8233b16d980af348db666cbdb1b9772fa79c6fa8d7d6d9550c1f6a546d	not a metric of this report
tr03-official-1/0436-cell-b-0184-batch/trace.jsonl.gz	1757375	2d1714baeb6978b4eb49eb675ffdd0535e9e543089ca30246fcfd88c04b74319	too large (trace)
tr03-official-1/0437-cell-b-0184-stroke75/constants.json	5779	23eb4ee6404d9bbca1675106843e233adf2dd72c0e37f275d0c9bb31194fcadb	plant-model file (private)
tr03-official-1/0437-cell-b-0184-stroke75/reference-10ms-differences.json.gz	23	f1101f8233b16d980af348db666cbdb1b9772fa79c6fa8d7d6d9550c1f6a546d	not a metric of this report
tr03-official-1/0437-cell-b-0184-stroke75/trace.jsonl.gz	1134420	8d070e7acffb166688546524c61de4c6c2ae96e8b1918a1f610276c97b8c5970	too large (trace)
tr03-official-1/0438-cell-b-0184-flow060/constants.json	5759	749da6a9a3b578914850d85f44d3468ebdd2fefffb551566451d2e1a2d182a14	plant-model file (private)
tr03-official-1/0438-cell-b-0184-flow060/flow.plccell.json	33668	de3b752c6569074a823f5ee6945a6aea173d27e736d7f9764b3705dc16fcefb6	plant-model file (private)
tr03-official-1/0438-cell-b-0184-flow060/reference-10ms-differences.json.gz	23	f1101f8233b16d980af348db666cbdb1b9772fa79c6fa8d7d6d9550c1f6a546d	not a metric of this report
tr03-official-1/0438-cell-b-0184-flow060/trace.jsonl.gz	480940	f6669c1978aa80b9cb6c1cc389aaefc891a142ee281e001d895bd1af54bc5a50	too large (trace)
tr03-official-1/0439-cell-b-0184-flow045/constants.json	5760	b60b895ae8a70ba009e8fef0331b36e4f055cc6e7e075ae19d01b37f763c0360	plant-model file (private)
tr03-official-1/0439-cell-b-0184-flow045/flow.plccell.json	33668	de3b752c6569074a823f5ee6945a6aea173d27e736d7f9764b3705dc16fcefb6	plant-model file (private)
tr03-official-1/0439-cell-b-0184-flow045/reference-10ms-differences.json.gz	23	f1101f8233b16d980af348db666cbdb1b9772fa79c6fa8d7d6d9550c1f6a546d	not a metric of this report
tr03-official-1/0439-cell-b-0184-flow045/trace.jsonl.gz	457301	1042bda7b871cffa5439f58943277b26317ec9aa7fecf88580c6edefda932526	too large (trace)
tr03-official-1/0440-cell-b-0188-normal-s1/reference-10ms-differences.json.gz	23	f1101f8233b16d980af348db666cbdb1b9772fa79c6fa8d7d6d9550c1f6a546d	not a metric of this report
tr03-official-1/0440-cell-b-0188-normal-s1/trace.jsonl.gz	2912386	4d9a5ee2ae9b6156fe7ce49a903ebc9729dc36d9e2985e5c8a0561811e3d45db	too large (trace)
tr03-official-1/0441-cell-b-0188-normal-s2/reference-10ms-differences.json.gz	23	f1101f8233b16d980af348db666cbdb1b9772fa79c6fa8d7d6d9550c1f6a546d	not a metric of this report
tr03-official-1/0441-cell-b-0188-normal-s2/trace.jsonl.gz	2697514	c4b2724c924a36f4b57faa42e2ce32661752e59b72344bb6af62fd16fe951ef3	too large (trace)
tr03-official-1/0442-cell-b-0188-normal-s3/reference-10ms-differences.json.gz	23	f1101f8233b16d980af348db666cbdb1b9772fa79c6fa8d7d6d9550c1f6a546d	not a metric of this report
tr03-official-1/0442-cell-b-0188-normal-s3/trace.jsonl.gz	2684168	53c3001b60bbd5d6f1548fd08daccc06e5dfa0bb85723408c7589cf4d4396ab6	too large (trace)
tr03-official-1/0443-cell-b-0188-cycle-stop/reference-10ms-differences.json.gz	23	f1101f8233b16d980af348db666cbdb1b9772fa79c6fa8d7d6d9550c1f6a546d	not a metric of this report
tr03-official-1/0443-cell-b-0188-cycle-stop/trace.jsonl.gz	637194	da8d2c02fddd7c2eda1c783a0c927698983b68e7ed5f07fe83135fb756e39585	too large (trace)
tr03-official-1/0444-cell-b-0188-curtain/reference-10ms-differences.json.gz	23	f1101f8233b16d980af348db666cbdb1b9772fa79c6fa8d7d6d9550c1f6a546d	not a metric of this report
tr03-official-1/0444-cell-b-0188-curtain/trace.jsonl.gz	425922	bf02b509bcae4d959f5ac877a0decd8bda9901dc9b9e3bb021a9130378ca7278	too large (trace)
tr03-official-1/0445-cell-b-0188-recovery/reference-10ms-differences.json.gz	23	f1101f8233b16d980af348db666cbdb1b9772fa79c6fa8d7d6d9550c1f6a546d	not a metric of this report
tr03-official-1/0445-cell-b-0188-recovery/trace.jsonl.gz	1726374	05c4c3bb67956350e1111dc108a9f2265907d68d2183f2a6d946b1c9f0c46d6b	too large (trace)
tr03-official-1/0446-cell-b-0188-recovery-retract/reference-10ms-differences.json.gz	23	f1101f8233b16d980af348db666cbdb1b9772fa79c6fa8d7d6d9550c1f6a546d	not a metric of this report
tr03-official-1/0446-cell-b-0188-recovery-retract/trace.jsonl.gz	1727427	82b877e934414a8106889ca299cabbdb8cc0c0184e1a179840af6db222d20570	too large (trace)
tr03-official-1/0447-cell-b-0188-batch/reference-10ms-differences.json.gz	23	f1101f8233b16d980af348db666cbdb1b9772fa79c6fa8d7d6d9550c1f6a546d	not a metric of this report
tr03-official-1/0447-cell-b-0188-batch/trace.jsonl.gz	1746193	5345efc31df5d1fe52ffb89fe270fd2c38eda54f3f8da7cef5bcee8109be5b86	too large (trace)
tr03-official-1/0448-cell-b-0188-stroke75/constants.json	5779	23eb4ee6404d9bbca1675106843e233adf2dd72c0e37f275d0c9bb31194fcadb	plant-model file (private)
tr03-official-1/0448-cell-b-0188-stroke75/reference-10ms-differences.json.gz	23	f1101f8233b16d980af348db666cbdb1b9772fa79c6fa8d7d6d9550c1f6a546d	not a metric of this report
tr03-official-1/0448-cell-b-0188-stroke75/trace.jsonl.gz	1133202	8f4fca97f9587aaf0b0bac43e68e0b8efbf08ab4053e6a5e2fde991bcf509211	too large (trace)
tr03-official-1/0449-cell-b-0188-flow060/constants.json	5759	749da6a9a3b578914850d85f44d3468ebdd2fefffb551566451d2e1a2d182a14	plant-model file (private)
tr03-official-1/0449-cell-b-0188-flow060/flow.plccell.json	33668	de3b752c6569074a823f5ee6945a6aea173d27e736d7f9764b3705dc16fcefb6	plant-model file (private)
tr03-official-1/0449-cell-b-0188-flow060/reference-10ms-differences.json.gz	23	f1101f8233b16d980af348db666cbdb1b9772fa79c6fa8d7d6d9550c1f6a546d	not a metric of this report
tr03-official-1/0449-cell-b-0188-flow060/trace.jsonl.gz	486275	0f2fda216eb8c8332f62dcfb7a68b437f1ab87f64b2660eff2fcd2cca108aee0	too large (trace)
tr03-official-1/0450-cell-b-0188-flow045/constants.json	5760	b60b895ae8a70ba009e8fef0331b36e4f055cc6e7e075ae19d01b37f763c0360	plant-model file (private)
tr03-official-1/0450-cell-b-0188-flow045/flow.plccell.json	33668	de3b752c6569074a823f5ee6945a6aea173d27e736d7f9764b3705dc16fcefb6	plant-model file (private)
tr03-official-1/0450-cell-b-0188-flow045/reference-10ms-differences.json.gz	23	f1101f8233b16d980af348db666cbdb1b9772fa79c6fa8d7d6d9550c1f6a546d	not a metric of this report
tr03-official-1/0450-cell-b-0188-flow045/trace.jsonl.gz	460456	8c4256d35b8bf4a19451b3e5987e7340cf3c18a532e98df4d9560d86a7d9dce8	too large (trace)
tr03-official-1/0451-cell-b-0190-normal-s1/reference-10ms-differences.json.gz	23	f1101f8233b16d980af348db666cbdb1b9772fa79c6fa8d7d6d9550c1f6a546d	not a metric of this report
tr03-official-1/0451-cell-b-0190-normal-s1/trace.jsonl.gz	2909125	eaf738389881c2a317b1ede5a612588252e86bf168dabfbd2e0fb76530b1ed36	too large (trace)
tr03-official-1/0452-cell-b-0190-normal-s2/reference-10ms-differences.json.gz	23	f1101f8233b16d980af348db666cbdb1b9772fa79c6fa8d7d6d9550c1f6a546d	not a metric of this report
tr03-official-1/0452-cell-b-0190-normal-s2/trace.jsonl.gz	2698045	431ed5e05c5225b24b7942f2685128d00a295039bdc1f52c5ce78f4734ca69a7	too large (trace)
tr03-official-1/0453-cell-b-0190-normal-s3/reference-10ms-differences.json.gz	23	f1101f8233b16d980af348db666cbdb1b9772fa79c6fa8d7d6d9550c1f6a546d	not a metric of this report
tr03-official-1/0453-cell-b-0190-normal-s3/trace.jsonl.gz	2670550	10fd0bcb804f7eb19f4a51f994ea8c34f6ac592937cd89fcba6d5c0a58dbf101	too large (trace)
tr03-official-1/0454-cell-b-0190-cycle-stop/reference-10ms-differences.json.gz	23	f1101f8233b16d980af348db666cbdb1b9772fa79c6fa8d7d6d9550c1f6a546d	not a metric of this report
tr03-official-1/0454-cell-b-0190-cycle-stop/trace.jsonl.gz	637224	2d6361bb2e64399834d9ad569ad6962a909859730fae5d4ad08a378368c9ddc8	too large (trace)
tr03-official-1/0455-cell-b-0190-curtain/reference-10ms-differences.json.gz	23	f1101f8233b16d980af348db666cbdb1b9772fa79c6fa8d7d6d9550c1f6a546d	not a metric of this report
tr03-official-1/0455-cell-b-0190-curtain/trace.jsonl.gz	423718	53aaa1cd43236cf51c0b1456e1d2945100d31b61d34f81467e649c25c81b9ad4	too large (trace)
tr03-official-1/0456-cell-b-0190-recovery/reference-10ms-differences.json.gz	23	f1101f8233b16d980af348db666cbdb1b9772fa79c6fa8d7d6d9550c1f6a546d	not a metric of this report
tr03-official-1/0456-cell-b-0190-recovery/trace.jsonl.gz	1701467	a7b013ba0794f7193101792f454099c86c275ba8ba605f9bfc161b3dbf62131a	too large (trace)
tr03-official-1/0457-cell-b-0190-recovery-retract/reference-10ms-differences.json.gz	23	f1101f8233b16d980af348db666cbdb1b9772fa79c6fa8d7d6d9550c1f6a546d	not a metric of this report
tr03-official-1/0457-cell-b-0190-recovery-retract/trace.jsonl.gz	1737259	89d180b45dd6ce5da5bf8a0b1971480c9eb3d89baf03f3a38a25d976b858ba45	too large (trace)
tr03-official-1/0458-cell-b-0190-batch/reference-10ms-differences.json.gz	23	f1101f8233b16d980af348db666cbdb1b9772fa79c6fa8d7d6d9550c1f6a546d	not a metric of this report
tr03-official-1/0458-cell-b-0190-batch/trace.jsonl.gz	1749007	8e9aae5d0b15b016e107767cae74915e47600b3b1caea93d2dd20513d586520d	too large (trace)
tr03-official-1/0459-cell-b-0190-stroke75/constants.json	5779	23eb4ee6404d9bbca1675106843e233adf2dd72c0e37f275d0c9bb31194fcadb	plant-model file (private)
tr03-official-1/0459-cell-b-0190-stroke75/reference-10ms-differences.json.gz	23	f1101f8233b16d980af348db666cbdb1b9772fa79c6fa8d7d6d9550c1f6a546d	not a metric of this report
tr03-official-1/0459-cell-b-0190-stroke75/trace.jsonl.gz	1144653	01793e624dd409a0b98357f661e2664562bb51dc2212da9d09faff677330d4bc	too large (trace)
tr03-official-1/0460-cell-b-0190-flow060/constants.json	5759	749da6a9a3b578914850d85f44d3468ebdd2fefffb551566451d2e1a2d182a14	plant-model file (private)
tr03-official-1/0460-cell-b-0190-flow060/flow.plccell.json	33668	de3b752c6569074a823f5ee6945a6aea173d27e736d7f9764b3705dc16fcefb6	plant-model file (private)
tr03-official-1/0460-cell-b-0190-flow060/reference-10ms-differences.json.gz	23	f1101f8233b16d980af348db666cbdb1b9772fa79c6fa8d7d6d9550c1f6a546d	not a metric of this report
tr03-official-1/0460-cell-b-0190-flow060/trace.jsonl.gz	480978	837da9348c00d093b817e6d1e3ad62e7d60d49b33ca6697767095ceac108963b	too large (trace)
tr03-official-1/0461-cell-b-0190-flow045/constants.json	5760	b60b895ae8a70ba009e8fef0331b36e4f055cc6e7e075ae19d01b37f763c0360	plant-model file (private)
tr03-official-1/0461-cell-b-0190-flow045/flow.plccell.json	33668	de3b752c6569074a823f5ee6945a6aea173d27e736d7f9764b3705dc16fcefb6	plant-model file (private)
tr03-official-1/0461-cell-b-0190-flow045/reference-10ms-differences.json.gz	23	f1101f8233b16d980af348db666cbdb1b9772fa79c6fa8d7d6d9550c1f6a546d	not a metric of this report
tr03-official-1/0461-cell-b-0190-flow045/trace.jsonl.gz	458784	d24710b64fab5a35371d5e5020729dbb8779fd814c603e110af90c635ce83254	too large (trace)
tr03-official-1/0462-cell-b-0192-normal-s1/reference-10ms-differences.json.gz	23	f1101f8233b16d980af348db666cbdb1b9772fa79c6fa8d7d6d9550c1f6a546d	not a metric of this report
tr03-official-1/0462-cell-b-0192-normal-s1/trace.jsonl.gz	2916035	90f3c97683956a816ce6cbf234a9cb73b5155a8620a9a07798a3995b1b413318	too large (trace)
tr03-official-1/0463-cell-b-0192-normal-s2/reference-10ms-differences.json.gz	23	f1101f8233b16d980af348db666cbdb1b9772fa79c6fa8d7d6d9550c1f6a546d	not a metric of this report
tr03-official-1/0463-cell-b-0192-normal-s2/trace.jsonl.gz	2700577	fe56bd9721772b3034a31a02e4dd0c5e76d906c519370a69cc5e93cf89a299c3	too large (trace)
tr03-official-1/0464-cell-b-0192-normal-s3/reference-10ms-differences.json.gz	23	f1101f8233b16d980af348db666cbdb1b9772fa79c6fa8d7d6d9550c1f6a546d	not a metric of this report
tr03-official-1/0464-cell-b-0192-normal-s3/trace.jsonl.gz	2679009	aa47b8315c2e146c306b0624d19291e41325398cb0516713f125c9821c0f5d29	too large (trace)
tr03-official-1/0465-cell-b-0192-cycle-stop/reference-10ms-differences.json.gz	23	f1101f8233b16d980af348db666cbdb1b9772fa79c6fa8d7d6d9550c1f6a546d	not a metric of this report
tr03-official-1/0465-cell-b-0192-cycle-stop/trace.jsonl.gz	636950	fe3008714e606bd92f479e27af03fdf4126a45b6edbcdee3425d06d8a7644dd8	too large (trace)
tr03-official-1/0466-cell-b-0192-curtain/reference-10ms-differences.json.gz	23	f1101f8233b16d980af348db666cbdb1b9772fa79c6fa8d7d6d9550c1f6a546d	not a metric of this report
tr03-official-1/0466-cell-b-0192-curtain/trace.jsonl.gz	437572	87b1ec7691629971d169a734b3cda9c67e01fe1fa7446ab15f04eafea12e4af9	too large (trace)
tr03-official-1/0467-cell-b-0192-recovery/reference-10ms-differences.json.gz	23	f1101f8233b16d980af348db666cbdb1b9772fa79c6fa8d7d6d9550c1f6a546d	not a metric of this report
tr03-official-1/0467-cell-b-0192-recovery/trace.jsonl.gz	1729118	add298fe6d749fa5910f53e993bee65fa220d094bf3fbb3aa9588860a540facb	too large (trace)
tr03-official-1/0468-cell-b-0192-recovery-retract/reference-10ms-differences.json.gz	23	f1101f8233b16d980af348db666cbdb1b9772fa79c6fa8d7d6d9550c1f6a546d	not a metric of this report
tr03-official-1/0468-cell-b-0192-recovery-retract/trace.jsonl.gz	1733970	03901106b8deaff64f5b36a197f0f5427347521ea15c01a533151108307d24ba	too large (trace)
tr03-official-1/0469-cell-b-0192-batch/reference-10ms-differences.json.gz	23	f1101f8233b16d980af348db666cbdb1b9772fa79c6fa8d7d6d9550c1f6a546d	not a metric of this report
tr03-official-1/0469-cell-b-0192-batch/trace.jsonl.gz	1754847	a973303c2afbe5612462b252b94e285396e42529b8a661b3de9fe3260f6e0922	too large (trace)
tr03-official-1/0470-cell-b-0192-stroke75/constants.json	5779	23eb4ee6404d9bbca1675106843e233adf2dd72c0e37f275d0c9bb31194fcadb	plant-model file (private)
tr03-official-1/0470-cell-b-0192-stroke75/reference-10ms-differences.json.gz	23	f1101f8233b16d980af348db666cbdb1b9772fa79c6fa8d7d6d9550c1f6a546d	not a metric of this report
tr03-official-1/0470-cell-b-0192-stroke75/trace.jsonl.gz	1140035	b5f931d688e62d2ac9d3d762a33d2a7d234f459e46535eb6e51e208ff405777c	too large (trace)
tr03-official-1/0471-cell-b-0192-flow060/constants.json	5759	749da6a9a3b578914850d85f44d3468ebdd2fefffb551566451d2e1a2d182a14	plant-model file (private)
tr03-official-1/0471-cell-b-0192-flow060/flow.plccell.json	33668	de3b752c6569074a823f5ee6945a6aea173d27e736d7f9764b3705dc16fcefb6	plant-model file (private)
tr03-official-1/0471-cell-b-0192-flow060/reference-10ms-differences.json.gz	23	f1101f8233b16d980af348db666cbdb1b9772fa79c6fa8d7d6d9550c1f6a546d	not a metric of this report
tr03-official-1/0471-cell-b-0192-flow060/trace.jsonl.gz	482904	70c01c34be069a705200c78810542afca91e0e12d4f724a4c8204d8693492010	too large (trace)
tr03-official-1/0472-cell-b-0192-flow045/constants.json	5760	b60b895ae8a70ba009e8fef0331b36e4f055cc6e7e075ae19d01b37f763c0360	plant-model file (private)
tr03-official-1/0472-cell-b-0192-flow045/flow.plccell.json	33668	de3b752c6569074a823f5ee6945a6aea173d27e736d7f9764b3705dc16fcefb6	plant-model file (private)
tr03-official-1/0472-cell-b-0192-flow045/reference-10ms-differences.json.gz	23	f1101f8233b16d980af348db666cbdb1b9772fa79c6fa8d7d6d9550c1f6a546d	not a metric of this report
tr03-official-1/0472-cell-b-0192-flow045/trace.jsonl.gz	464140	b9312a89ef668d9df910bf1254c37b63c3b656fc5604a905c8e5550b21c582bc	too large (trace)
tr03-official-1/0473-cell-b-0196-normal-s1/reference-10ms-differences.json.gz	58131	80ca051f31baf829bc2f68e075c224a4f6725b975522df2ca606b73b002a4a21	not a metric of this report
tr03-official-1/0473-cell-b-0196-normal-s1/trace.jsonl.gz	1892485	e4182bfd4c66669ca857ca32482bfe38117e839e2bc36b39915720a747efd808	too large (trace)
tr03-official-1/0474-cell-b-0196-normal-s2/reference-10ms-differences.json.gz	56947	9698a6524c29fe2409e768aa47cccf8aba665015887f2f6388b4e01f40680e96	not a metric of this report
tr03-official-1/0474-cell-b-0196-normal-s2/trace.jsonl.gz	2050599	ef573a508a09aa17624df95ae6e1bacac23fa769b0566fec16c4e1df4074b270	too large (trace)
tr03-official-1/0475-cell-b-0196-normal-s3/reference-10ms-differences.json.gz	54421	7d35d22d1cd90947b87daf62c412d3aae285546bfc10374ca18322f4c6db36cc	not a metric of this report
tr03-official-1/0475-cell-b-0196-normal-s3/trace.jsonl.gz	2005245	9bb6f1e8eafeaea1a115afca6f5eabf0a8c6e782528d533fb96ebf68563ff250	too large (trace)
tr03-official-1/0476-cell-b-0196-cycle-stop/reference-10ms-differences.json.gz	10064	8fd4d9fd837b547c52232b3821c0b82e161d4c35c49af99f880dc7cfc389fe7b	not a metric of this report
tr03-official-1/0476-cell-b-0196-cycle-stop/trace.jsonl.gz	510793	1321939a327b4aa0fed9cc0b47501a688e8951ee7fe4a67050809da0f001fe44	too large (trace)
tr03-official-1/0477-cell-b-0196-curtain/reference-10ms-differences.json.gz	6954	06fad47607de160124685ed943231dc7a77e3889182bffe3661571f79233348d	not a metric of this report
tr03-official-1/0477-cell-b-0196-curtain/trace.jsonl.gz	441053	d06ea1a161ff71f3200cab1af880938bf3dcaa6c8eb19c25d36fd7c4e41674d3	too large (trace)
tr03-official-1/0478-cell-b-0196-recovery/reference-10ms-differences.json.gz	46763	38fe56eec1890f9fc0823b72528c4915e08be654e991835f3cde6116de2a4e77	not a metric of this report
tr03-official-1/0478-cell-b-0196-recovery/trace.jsonl.gz	1613319	c4ce428b1679f21c666ac937284f71ee366818f474bbcb53e387fdc712886bec	too large (trace)
tr03-official-1/0479-cell-b-0196-recovery-retract/reference-10ms-differences.json.gz	50209	3e177c8bd846f8bdbd4d9bb6fb57b5fc9489069b5369f9d32b92745f319a11e5	not a metric of this report
tr03-official-1/0479-cell-b-0196-recovery-retract/trace.jsonl.gz	1612465	88d6810ae5407b45980cb4bcf9d0f7b3e3dc9c716c415a07da84f99dee731b88	too large (trace)
tr03-official-1/0480-cell-b-0196-batch/reference-10ms-differences.json.gz	27835	44988c581accc40218a359300455d84db5432c495def5996ab1d5f9e91dfd6c3	not a metric of this report
tr03-official-1/0480-cell-b-0196-batch/trace.jsonl.gz	1021744	7c978f180018597b42cb03d8016c9b4bab6fe5e71f2385d52f6085233ab13ca8	too large (trace)
tr03-official-1/0481-cell-b-0196-stroke75/constants.json	5779	23eb4ee6404d9bbca1675106843e233adf2dd72c0e37f275d0c9bb31194fcadb	plant-model file (private)
tr03-official-1/0481-cell-b-0196-stroke75/reference-10ms-differences.json.gz	38481	ef88339bc768866229cfdabdbb23e9091a4d494896c98ab236bd7991dccdf33c	not a metric of this report
tr03-official-1/0481-cell-b-0196-stroke75/trace.jsonl.gz	1040421	c30d63243f28d6bba437a9e1270371ec9ddcc400d7700fc8023f86ae42c516c4	too large (trace)
tr03-official-1/0482-cell-b-0196-flow060/constants.json	5759	749da6a9a3b578914850d85f44d3468ebdd2fefffb551566451d2e1a2d182a14	plant-model file (private)
tr03-official-1/0482-cell-b-0196-flow060/flow.plccell.json	33668	de3b752c6569074a823f5ee6945a6aea173d27e736d7f9764b3705dc16fcefb6	plant-model file (private)
tr03-official-1/0482-cell-b-0196-flow060/reference-10ms-differences.json.gz	6876	9d9eae5cc058f50d04cce0131825a759549d13a254771af2932b733f7bff60fb	not a metric of this report
tr03-official-1/0482-cell-b-0196-flow060/trace.jsonl.gz	458903	8ef23128e0cf0cb9aa68ec97c1b8e1bc782214c8a8945c2251eb7f42f8b8cc58	too large (trace)
tr03-official-1/0483-cell-b-0196-flow045/constants.json	5760	b60b895ae8a70ba009e8fef0331b36e4f055cc6e7e075ae19d01b37f763c0360	plant-model file (private)
tr03-official-1/0483-cell-b-0196-flow045/flow.plccell.json	33668	de3b752c6569074a823f5ee6945a6aea173d27e736d7f9764b3705dc16fcefb6	plant-model file (private)
tr03-official-1/0483-cell-b-0196-flow045/reference-10ms-differences.json.gz	6876	9d9eae5cc058f50d04cce0131825a759549d13a254771af2932b733f7bff60fb	not a metric of this report
tr03-official-1/0483-cell-b-0196-flow045/trace.jsonl.gz	458905	f10898898ae5f17ab0e422414ad9784dd000676f37a97f497bd181c801b43ff7	too large (trace)
tr03-official-1/0484-cell-b-0200-normal-s1/reference-10ms-differences.json.gz	23	f1101f8233b16d980af348db666cbdb1b9772fa79c6fa8d7d6d9550c1f6a546d	not a metric of this report
tr03-official-1/0484-cell-b-0200-normal-s1/trace.jsonl.gz	2920572	8e452ff81209c60cb1b2cea0a885b2f28a1863d2b805176d97816f3d97aadefa	too large (trace)
tr03-official-1/0485-cell-b-0200-normal-s2/reference-10ms-differences.json.gz	23	f1101f8233b16d980af348db666cbdb1b9772fa79c6fa8d7d6d9550c1f6a546d	not a metric of this report
tr03-official-1/0485-cell-b-0200-normal-s2/trace.jsonl.gz	2704534	b6ef557e81f1c041c1401c2544509479ba309cc4b18111d30b6fbc01dad735f5	too large (trace)
tr03-official-1/0486-cell-b-0200-normal-s3/reference-10ms-differences.json.gz	23	f1101f8233b16d980af348db666cbdb1b9772fa79c6fa8d7d6d9550c1f6a546d	not a metric of this report
tr03-official-1/0486-cell-b-0200-normal-s3/trace.jsonl.gz	2689343	1ed28a87c38e131cb390447f25a271876ce2c74c0cb52fdc2f8b80acdaf845d9	too large (trace)
tr03-official-1/0487-cell-b-0200-cycle-stop/reference-10ms-differences.json.gz	23	f1101f8233b16d980af348db666cbdb1b9772fa79c6fa8d7d6d9550c1f6a546d	not a metric of this report
tr03-official-1/0487-cell-b-0200-cycle-stop/trace.jsonl.gz	641740	ef9b0270f9bc56bc0584b6c55c715fd6117b22a2fe9c8dfe5495ca49810f8d0c	too large (trace)
tr03-official-1/0488-cell-b-0200-curtain/reference-10ms-differences.json.gz	23	f1101f8233b16d980af348db666cbdb1b9772fa79c6fa8d7d6d9550c1f6a546d	not a metric of this report
tr03-official-1/0488-cell-b-0200-curtain/trace.jsonl.gz	435131	60f45bd1bddf64e67b90b4e58ac9b55dabed346f1d284a07df19bd4ce329f5f2	too large (trace)
tr03-official-1/0489-cell-b-0200-recovery/reference-10ms-differences.json.gz	23	f1101f8233b16d980af348db666cbdb1b9772fa79c6fa8d7d6d9550c1f6a546d	not a metric of this report
tr03-official-1/0489-cell-b-0200-recovery/trace.jsonl.gz	1734938	4b08d5e795d848eaa56c5930acafa87468d1ccac02a483f29c3cd77d22edfd61	too large (trace)
tr03-official-1/0490-cell-b-0200-recovery-retract/reference-10ms-differences.json.gz	23	f1101f8233b16d980af348db666cbdb1b9772fa79c6fa8d7d6d9550c1f6a546d	not a metric of this report
tr03-official-1/0490-cell-b-0200-recovery-retract/trace.jsonl.gz	1750756	8b9d92f26f0b84639c8fa3ef5380e857853a9e4ff5fcea231dd52d734eba750d	too large (trace)
tr03-official-1/0491-cell-b-0200-batch/reference-10ms-differences.json.gz	23	f1101f8233b16d980af348db666cbdb1b9772fa79c6fa8d7d6d9550c1f6a546d	not a metric of this report
tr03-official-1/0491-cell-b-0200-batch/trace.jsonl.gz	1760370	32e07d639580a17e13f3ee6ccf18a2501120b45ac28258a55a67765338a8948f	too large (trace)
tr03-official-1/0492-cell-b-0200-stroke75/constants.json	5779	23eb4ee6404d9bbca1675106843e233adf2dd72c0e37f275d0c9bb31194fcadb	plant-model file (private)
tr03-official-1/0492-cell-b-0200-stroke75/reference-10ms-differences.json.gz	23	f1101f8233b16d980af348db666cbdb1b9772fa79c6fa8d7d6d9550c1f6a546d	not a metric of this report
tr03-official-1/0492-cell-b-0200-stroke75/trace.jsonl.gz	1150535	63d73db74a6a0477f268044e3bc9bf9b2c5128bd76d51a45947de851ec09af2e	too large (trace)
tr03-official-1/0493-cell-b-0200-flow060/constants.json	5759	749da6a9a3b578914850d85f44d3468ebdd2fefffb551566451d2e1a2d182a14	plant-model file (private)
tr03-official-1/0493-cell-b-0200-flow060/flow.plccell.json	33668	de3b752c6569074a823f5ee6945a6aea173d27e736d7f9764b3705dc16fcefb6	plant-model file (private)
tr03-official-1/0493-cell-b-0200-flow060/reference-10ms-differences.json.gz	23	f1101f8233b16d980af348db666cbdb1b9772fa79c6fa8d7d6d9550c1f6a546d	not a metric of this report
tr03-official-1/0493-cell-b-0200-flow060/trace.jsonl.gz	486372	014233f88bc5d046794323700037459951aa526db59790dd846696bd67b40e45	too large (trace)
tr03-official-1/0494-cell-b-0200-flow045/constants.json	5760	b60b895ae8a70ba009e8fef0331b36e4f055cc6e7e075ae19d01b37f763c0360	plant-model file (private)
tr03-official-1/0494-cell-b-0200-flow045/flow.plccell.json	33668	de3b752c6569074a823f5ee6945a6aea173d27e736d7f9764b3705dc16fcefb6	plant-model file (private)
tr03-official-1/0494-cell-b-0200-flow045/reference-10ms-differences.json.gz	23	f1101f8233b16d980af348db666cbdb1b9772fa79c6fa8d7d6d9550c1f6a546d	not a metric of this report
tr03-official-1/0494-cell-b-0200-flow045/trace.jsonl.gz	465761	e29c1903be4ba78198849cd2941810b6de7c97cd8532cd2f8d2519a49148bbd1	too large (trace)
tr03-official-1/0495-cell-b-0201-normal-s1/reference-10ms-differences.json.gz	23	f1101f8233b16d980af348db666cbdb1b9772fa79c6fa8d7d6d9550c1f6a546d	not a metric of this report
tr03-official-1/0495-cell-b-0201-normal-s1/trace.jsonl.gz	2905997	7032b69e5bd171ca27e66e61b10206b4f2e2d379b05fb9063bb3d06093f573ae	too large (trace)
tr03-official-1/0496-cell-b-0201-normal-s2/reference-10ms-differences.json.gz	23	f1101f8233b16d980af348db666cbdb1b9772fa79c6fa8d7d6d9550c1f6a546d	not a metric of this report
tr03-official-1/0496-cell-b-0201-normal-s2/trace.jsonl.gz	2704650	10f1402b8f0ad8e9c88a62ff37b1c18b335113c235c356eba8d013c3a1408dfe	too large (trace)
tr03-official-1/0497-cell-b-0201-normal-s3/reference-10ms-differences.json.gz	23	f1101f8233b16d980af348db666cbdb1b9772fa79c6fa8d7d6d9550c1f6a546d	not a metric of this report
tr03-official-1/0497-cell-b-0201-normal-s3/trace.jsonl.gz	2666885	2bac8fa2cf411fbb71e0f6596c5e06dcc91de17434ef4eb6f7e5451cc2c3f985	too large (trace)
tr03-official-1/0498-cell-b-0201-cycle-stop/reference-10ms-differences.json.gz	23	f1101f8233b16d980af348db666cbdb1b9772fa79c6fa8d7d6d9550c1f6a546d	not a metric of this report
tr03-official-1/0498-cell-b-0201-cycle-stop/trace.jsonl.gz	635617	e721d5f15525d587bd74953868b1400db83fe2df855da2d2d62c4b98d82286fe	too large (trace)
tr03-official-1/0499-cell-b-0201-curtain/reference-10ms-differences.json.gz	23	f1101f8233b16d980af348db666cbdb1b9772fa79c6fa8d7d6d9550c1f6a546d	not a metric of this report
tr03-official-1/0499-cell-b-0201-curtain/trace.jsonl.gz	428621	5abcde125e4e7c8eb245ef9d5e588190dc1a38c48ba7e9620e77b36ed1aa9de1	too large (trace)
tr03-official-1/0500-cell-b-0201-recovery/reference-10ms-differences.json.gz	23	f1101f8233b16d980af348db666cbdb1b9772fa79c6fa8d7d6d9550c1f6a546d	not a metric of this report
tr03-official-1/0500-cell-b-0201-recovery/trace.jsonl.gz	1723078	1d1c4a7ddf5d61ca91cb31da2abe5105ad6d6bd2da08c7568d5193811a241e1e	too large (trace)
tr03-official-1/0501-cell-b-0201-recovery-retract/reference-10ms-differences.json.gz	23	f1101f8233b16d980af348db666cbdb1b9772fa79c6fa8d7d6d9550c1f6a546d	not a metric of this report
tr03-official-1/0501-cell-b-0201-recovery-retract/trace.jsonl.gz	1743715	668a788743040a7e72e44fe75c19bc3d72c65b448a2e320e381b49de21a26e7e	too large (trace)
tr03-official-1/0502-cell-b-0201-batch/reference-10ms-differences.json.gz	23	f1101f8233b16d980af348db666cbdb1b9772fa79c6fa8d7d6d9550c1f6a546d	not a metric of this report
tr03-official-1/0502-cell-b-0201-batch/trace.jsonl.gz	1747697	9f2e6bc00efbe619548361185b5a09555528df218973e0b2054ea5de8144e257	too large (trace)
tr03-official-1/0503-cell-b-0201-stroke75/constants.json	5779	23eb4ee6404d9bbca1675106843e233adf2dd72c0e37f275d0c9bb31194fcadb	plant-model file (private)
tr03-official-1/0503-cell-b-0201-stroke75/reference-10ms-differences.json.gz	23	f1101f8233b16d980af348db666cbdb1b9772fa79c6fa8d7d6d9550c1f6a546d	not a metric of this report
tr03-official-1/0503-cell-b-0201-stroke75/trace.jsonl.gz	1132921	6fd22842cb0f014d52adc4dfeb0a04efc14f4f4909c36192c9a626a39ae03ca1	too large (trace)
tr03-official-1/0504-cell-b-0201-flow060/constants.json	5759	749da6a9a3b578914850d85f44d3468ebdd2fefffb551566451d2e1a2d182a14	plant-model file (private)
tr03-official-1/0504-cell-b-0201-flow060/flow.plccell.json	33668	de3b752c6569074a823f5ee6945a6aea173d27e736d7f9764b3705dc16fcefb6	plant-model file (private)
tr03-official-1/0504-cell-b-0201-flow060/reference-10ms-differences.json.gz	23	f1101f8233b16d980af348db666cbdb1b9772fa79c6fa8d7d6d9550c1f6a546d	not a metric of this report
tr03-official-1/0504-cell-b-0201-flow060/trace.jsonl.gz	483234	c78c8923e900e5b2139a257ba512d022238b9240024dfe7c2642103ab352c2cc	too large (trace)
tr03-official-1/0505-cell-b-0201-flow045/constants.json	5760	b60b895ae8a70ba009e8fef0331b36e4f055cc6e7e075ae19d01b37f763c0360	plant-model file (private)
tr03-official-1/0505-cell-b-0201-flow045/flow.plccell.json	33668	de3b752c6569074a823f5ee6945a6aea173d27e736d7f9764b3705dc16fcefb6	plant-model file (private)
tr03-official-1/0505-cell-b-0201-flow045/reference-10ms-differences.json.gz	23	f1101f8233b16d980af348db666cbdb1b9772fa79c6fa8d7d6d9550c1f6a546d	not a metric of this report
tr03-official-1/0505-cell-b-0201-flow045/trace.jsonl.gz	465703	76a0b47973c0ee23de3b8e7587592245d6b19af723114382f4f087dc70c63d09	too large (trace)
tr03-official-1/0506-cell-b-0202-normal-s1/reference-10ms-differences.json.gz	23	f1101f8233b16d980af348db666cbdb1b9772fa79c6fa8d7d6d9550c1f6a546d	not a metric of this report
tr03-official-1/0506-cell-b-0202-normal-s1/trace.jsonl.gz	2918639	e32567c0c7d8345bd74f662d0921c42f443b25881011d81327865624967b6a68	too large (trace)
tr03-official-1/0507-cell-b-0202-normal-s2/reference-10ms-differences.json.gz	23	f1101f8233b16d980af348db666cbdb1b9772fa79c6fa8d7d6d9550c1f6a546d	not a metric of this report
tr03-official-1/0507-cell-b-0202-normal-s2/trace.jsonl.gz	2700714	7e492be884a843ad73c328f8d90c731be5d6bd4d5f94bac2fb0ca8b04c785aed	too large (trace)
tr03-official-1/0508-cell-b-0202-normal-s3/reference-10ms-differences.json.gz	23	f1101f8233b16d980af348db666cbdb1b9772fa79c6fa8d7d6d9550c1f6a546d	not a metric of this report
tr03-official-1/0508-cell-b-0202-normal-s3/trace.jsonl.gz	2676156	95a989314e1b18aedc8d1923a2c518f26bde73459879999ff9e23bdf01e1c429	too large (trace)
tr03-official-1/0509-cell-b-0202-cycle-stop/reference-10ms-differences.json.gz	23	f1101f8233b16d980af348db666cbdb1b9772fa79c6fa8d7d6d9550c1f6a546d	not a metric of this report
tr03-official-1/0509-cell-b-0202-cycle-stop/trace.jsonl.gz	634046	00b58d0cb207cb9f275707e5e2dde05341413467df60e05a58289384fbbfdee1	too large (trace)
tr03-official-1/0510-cell-b-0202-curtain/reference-10ms-differences.json.gz	23	f1101f8233b16d980af348db666cbdb1b9772fa79c6fa8d7d6d9550c1f6a546d	not a metric of this report
tr03-official-1/0510-cell-b-0202-curtain/trace.jsonl.gz	427802	32c457a8a1ae177aee6a96c61322fd9250c673edbecb3a9c3a8c93ede126d214	too large (trace)
tr03-official-1/0511-cell-b-0202-recovery/reference-10ms-differences.json.gz	23	f1101f8233b16d980af348db666cbdb1b9772fa79c6fa8d7d6d9550c1f6a546d	not a metric of this report
tr03-official-1/0511-cell-b-0202-recovery/trace.jsonl.gz	1732402	323a63d12f609df237ad6177201a186d9759740767bf9a6aedbd91e4ed63e1cd	too large (trace)
tr03-official-1/0512-cell-b-0202-recovery-retract/reference-10ms-differences.json.gz	23	f1101f8233b16d980af348db666cbdb1b9772fa79c6fa8d7d6d9550c1f6a546d	not a metric of this report
tr03-official-1/0512-cell-b-0202-recovery-retract/trace.jsonl.gz	1749632	62bfbb364ecd2c2ca3415152844aa00ba166194c76a507b8725137b8b14d3e32	too large (trace)
tr03-official-1/0513-cell-b-0202-batch/reference-10ms-differences.json.gz	23	f1101f8233b16d980af348db666cbdb1b9772fa79c6fa8d7d6d9550c1f6a546d	not a metric of this report
tr03-official-1/0513-cell-b-0202-batch/trace.jsonl.gz	1753362	6431808c6c8c9f00b4552a9f36c94f7f857223a521f6eea026e48de0822c8bc5	too large (trace)
tr03-official-1/0514-cell-b-0202-stroke75/constants.json	5779	23eb4ee6404d9bbca1675106843e233adf2dd72c0e37f275d0c9bb31194fcadb	plant-model file (private)
tr03-official-1/0514-cell-b-0202-stroke75/reference-10ms-differences.json.gz	23	f1101f8233b16d980af348db666cbdb1b9772fa79c6fa8d7d6d9550c1f6a546d	not a metric of this report
tr03-official-1/0514-cell-b-0202-stroke75/trace.jsonl.gz	1135095	be39386d86e76b8c4b721867be12502d1fc24c0127759dab36c9564f483b9faa	too large (trace)
tr03-official-1/0515-cell-b-0202-flow060/constants.json	5759	749da6a9a3b578914850d85f44d3468ebdd2fefffb551566451d2e1a2d182a14	plant-model file (private)
tr03-official-1/0515-cell-b-0202-flow060/flow.plccell.json	33668	de3b752c6569074a823f5ee6945a6aea173d27e736d7f9764b3705dc16fcefb6	plant-model file (private)
tr03-official-1/0515-cell-b-0202-flow060/reference-10ms-differences.json.gz	23	f1101f8233b16d980af348db666cbdb1b9772fa79c6fa8d7d6d9550c1f6a546d	not a metric of this report
tr03-official-1/0515-cell-b-0202-flow060/trace.jsonl.gz	480919	06e18053a3c4e21e4600f1002715388a3061c688cfaed398deaf30309bf3217e	too large (trace)
tr03-official-1/0516-cell-b-0202-flow045/constants.json	5760	b60b895ae8a70ba009e8fef0331b36e4f055cc6e7e075ae19d01b37f763c0360	plant-model file (private)
tr03-official-1/0516-cell-b-0202-flow045/flow.plccell.json	33668	de3b752c6569074a823f5ee6945a6aea173d27e736d7f9764b3705dc16fcefb6	plant-model file (private)
tr03-official-1/0516-cell-b-0202-flow045/reference-10ms-differences.json.gz	23	f1101f8233b16d980af348db666cbdb1b9772fa79c6fa8d7d6d9550c1f6a546d	not a metric of this report
tr03-official-1/0516-cell-b-0202-flow045/trace.jsonl.gz	461300	a76287a0c2d6d841f5a6b3b8a40f41ed1a6a10d222b2b527c8a8650f3e8ce6b0	too large (trace)
tr03-official-1/0517-cell-b-0222-normal-s1/reference-10ms-differences.json.gz	23	f1101f8233b16d980af348db666cbdb1b9772fa79c6fa8d7d6d9550c1f6a546d	not a metric of this report
tr03-official-1/0517-cell-b-0222-normal-s1/trace.jsonl.gz	2917757	a814f1bf7baf2c0fe4d16001a4b5d11e008d6e3bd28f63b7f61cddcabd82023a	too large (trace)
tr03-official-1/0518-cell-b-0222-normal-s2/reference-10ms-differences.json.gz	23	f1101f8233b16d980af348db666cbdb1b9772fa79c6fa8d7d6d9550c1f6a546d	not a metric of this report
tr03-official-1/0518-cell-b-0222-normal-s2/trace.jsonl.gz	2703883	0665061ecc053aa8bfbeb81204be16ba369078565ba9f51fba1119457bb854de	too large (trace)
tr03-official-1/0519-cell-b-0222-normal-s3/reference-10ms-differences.json.gz	23	f1101f8233b16d980af348db666cbdb1b9772fa79c6fa8d7d6d9550c1f6a546d	not a metric of this report
tr03-official-1/0519-cell-b-0222-normal-s3/trace.jsonl.gz	2689648	8557186dcafbecf959698f0cc290896f1c81b2f961d001cabd4d0a312023094e	too large (trace)
tr03-official-1/0520-cell-b-0222-cycle-stop/reference-10ms-differences.json.gz	23	f1101f8233b16d980af348db666cbdb1b9772fa79c6fa8d7d6d9550c1f6a546d	not a metric of this report
tr03-official-1/0520-cell-b-0222-cycle-stop/trace.jsonl.gz	629970	3ebbfd94dd18c00e56c0116f928d90bd0250a20c7da1ec224d8e7b44f71137de	too large (trace)
tr03-official-1/0521-cell-b-0222-curtain/reference-10ms-differences.json.gz	23	f1101f8233b16d980af348db666cbdb1b9772fa79c6fa8d7d6d9550c1f6a546d	not a metric of this report
tr03-official-1/0521-cell-b-0222-curtain/trace.jsonl.gz	421552	293ab4234e24a027d1656fecfad572e9601896302417ec00bf9c776a3859ef12	too large (trace)
tr03-official-1/0522-cell-b-0222-recovery/reference-10ms-differences.json.gz	23	f1101f8233b16d980af348db666cbdb1b9772fa79c6fa8d7d6d9550c1f6a546d	not a metric of this report
tr03-official-1/0522-cell-b-0222-recovery/trace.jsonl.gz	1721751	6de05b703ff701c5c86b7161221cac8fd2caf11351c9c2866c3e117dc9483b18	too large (trace)
tr03-official-1/0523-cell-b-0222-recovery-retract/reference-10ms-differences.json.gz	23	f1101f8233b16d980af348db666cbdb1b9772fa79c6fa8d7d6d9550c1f6a546d	not a metric of this report
tr03-official-1/0523-cell-b-0222-recovery-retract/trace.jsonl.gz	1737825	2f3feb29fc2997a76297e6477f00cf2bc64d147fd6ba3071744d28d68589bc31	too large (trace)
tr03-official-1/0524-cell-b-0222-batch/reference-10ms-differences.json.gz	23	f1101f8233b16d980af348db666cbdb1b9772fa79c6fa8d7d6d9550c1f6a546d	not a metric of this report
tr03-official-1/0524-cell-b-0222-batch/trace.jsonl.gz	1751900	4b7e3987323e099373c8e3a3e1bf06610bba172c58a0e3bfabe84e5b5516383a	too large (trace)
tr03-official-1/0525-cell-b-0222-stroke75/constants.json	5779	23eb4ee6404d9bbca1675106843e233adf2dd72c0e37f275d0c9bb31194fcadb	plant-model file (private)
tr03-official-1/0525-cell-b-0222-stroke75/reference-10ms-differences.json.gz	23	f1101f8233b16d980af348db666cbdb1b9772fa79c6fa8d7d6d9550c1f6a546d	not a metric of this report
tr03-official-1/0525-cell-b-0222-stroke75/trace.jsonl.gz	1140020	af233ff240ba1271deb5ebed191a84beb1c6b06a7807f6fca5bdeb2e1fbd5c96	too large (trace)
tr03-official-1/0526-cell-b-0222-flow060/constants.json	5759	749da6a9a3b578914850d85f44d3468ebdd2fefffb551566451d2e1a2d182a14	plant-model file (private)
tr03-official-1/0526-cell-b-0222-flow060/flow.plccell.json	33668	de3b752c6569074a823f5ee6945a6aea173d27e736d7f9764b3705dc16fcefb6	plant-model file (private)
tr03-official-1/0526-cell-b-0222-flow060/reference-10ms-differences.json.gz	23	f1101f8233b16d980af348db666cbdb1b9772fa79c6fa8d7d6d9550c1f6a546d	not a metric of this report
tr03-official-1/0526-cell-b-0222-flow060/trace.jsonl.gz	477365	b589d6acac779922c230fca4b6f8e9100ca8ee5b387586b1075fa6b59ef89d33	too large (trace)
tr03-official-1/0527-cell-b-0222-flow045/constants.json	5760	b60b895ae8a70ba009e8fef0331b36e4f055cc6e7e075ae19d01b37f763c0360	plant-model file (private)
tr03-official-1/0527-cell-b-0222-flow045/flow.plccell.json	33668	de3b752c6569074a823f5ee6945a6aea173d27e736d7f9764b3705dc16fcefb6	plant-model file (private)
tr03-official-1/0527-cell-b-0222-flow045/reference-10ms-differences.json.gz	23	f1101f8233b16d980af348db666cbdb1b9772fa79c6fa8d7d6d9550c1f6a546d	not a metric of this report
tr03-official-1/0527-cell-b-0222-flow045/trace.jsonl.gz	462215	18f2e1e7663b863298ddc58e0aaabcaf7af08b5a1b3ddf78f1838e1cb7e463aa	too large (trace)
tr03-official-1/0528-cell-b-0228-normal-s1/reference-10ms-differences.json.gz	59029	d62af6e3dbeaa6042d762b1963a41675fa0d200236926f078f138eeae99fc68c	not a metric of this report
tr03-official-1/0528-cell-b-0228-normal-s1/trace.jsonl.gz	2190686	4ab3e3504f3fb7ccb96cad769904221ddd2548eda10ad416bd35659a699e926a	too large (trace)
tr03-official-1/0529-cell-b-0228-normal-s2/reference-10ms-differences.json.gz	58431	e0ae6ee8361de19a78a76bfcc4aa5c4d33d9615b3aee0306adbc21439907bef1	not a metric of this report
tr03-official-1/0529-cell-b-0228-normal-s2/trace.jsonl.gz	2360616	010f0e5c01592900e34751a08eb970dc76af311df74ea063d4761df8ff34d3f3	too large (trace)
tr03-official-1/0530-cell-b-0228-normal-s3/reference-10ms-differences.json.gz	57677	090d1bbebd91a995f5f331da6f06996386116b9ee6e81986779ab7a32b0e7aaa	not a metric of this report
tr03-official-1/0530-cell-b-0228-normal-s3/trace.jsonl.gz	2301078	101a1282d131311333173b9fb6c0a0e7939be90eb6a4369466360e51dcf92b36	too large (trace)
tr03-official-1/0531-cell-b-0228-cycle-stop/reference-10ms-differences.json.gz	10871	941aeb5a17a0ed134ac0b9c8e0a0ce3485d077cbd714400c98a91725ea2f35c6	not a metric of this report
tr03-official-1/0531-cell-b-0228-cycle-stop/trace.jsonl.gz	529566	5abf6a0b6ed3bab7611a9b75df6679240b2aa726eafa2ef96aa11d64beaaa575	too large (trace)
tr03-official-1/0532-cell-b-0228-curtain/reference-10ms-differences.json.gz	443	e6408576a94cbee44f3d62d4d34c8de1707de6d7f4931f4095932c131c2356a9	not a metric of this report
tr03-official-1/0532-cell-b-0228-curtain/trace.jsonl.gz	435854	c2f1ae1d7ca85991a90f8aedbdbe6f1bb378ffefc775e87b930dff422480a3ab	too large (trace)
tr03-official-1/0533-cell-b-0228-recovery/reference-10ms-differences.json.gz	50661	07522922c2a301104bd3e17cd16c0b2efc66f9e0e74886cdf1a58159ceef9375	not a metric of this report
tr03-official-1/0533-cell-b-0228-recovery/trace.jsonl.gz	1622417	c97a3959047408e010f00f565132cb50fdbc22a109c5e959996d06f54241ab38	too large (trace)
tr03-official-1/0534-cell-b-0228-recovery-retract/reference-10ms-differences.json.gz	50508	2891ce9c17189fdfeccb324a61c56c1429146f3e1543864b4e3b803e905629ca	not a metric of this report
tr03-official-1/0534-cell-b-0228-recovery-retract/trace.jsonl.gz	1631892	06227d2e905a9f3a5e7fb3398bbd3d2a516fc30f5bad82f835e838592c7e9568	too large (trace)
tr03-official-1/0535-cell-b-0228-batch/reference-10ms-differences.json.gz	28734	d5daeb0f2f66b89ad193703a8b0330721977a392a93a23fc6b51661ca0f4f57f	not a metric of this report
tr03-official-1/0535-cell-b-0228-batch/trace.jsonl.gz	1170081	7c74c1d492df9eb6ad0d92defd7a25609343275685957f7448e4a69ab2a40a4c	too large (trace)
tr03-official-1/0536-cell-b-0228-stroke75/constants.json	5779	23eb4ee6404d9bbca1675106843e233adf2dd72c0e37f275d0c9bb31194fcadb	plant-model file (private)
tr03-official-1/0536-cell-b-0228-stroke75/reference-10ms-differences.json.gz	38706	af609f7ead186e6280c2281609583a3bdd8c6e0f3d8e289ae3c4eba8eaf75f05	not a metric of this report
tr03-official-1/0536-cell-b-0228-stroke75/trace.jsonl.gz	1005579	c5e062591242456308616c52a64bf1571cf000f19febe54ab5a2d66d829db3b4	too large (trace)
tr03-official-1/0537-cell-b-0228-flow060/constants.json	5759	749da6a9a3b578914850d85f44d3468ebdd2fefffb551566451d2e1a2d182a14	plant-model file (private)
tr03-official-1/0537-cell-b-0228-flow060/flow.plccell.json	33668	de3b752c6569074a823f5ee6945a6aea173d27e736d7f9764b3705dc16fcefb6	plant-model file (private)
tr03-official-1/0537-cell-b-0228-flow060/reference-10ms-differences.json.gz	9089	52bf0bf7cf68d29147339ae7f8d98b2d915664396913e36ae709a1237920c13d	not a metric of this report
tr03-official-1/0537-cell-b-0228-flow060/trace.jsonl.gz	453512	c82ec3fd1bc232371ec0979ea771122f51b2a762b382cafe585cb9669cce2137	too large (trace)
tr03-official-1/0538-cell-b-0228-flow045/constants.json	5760	b60b895ae8a70ba009e8fef0331b36e4f055cc6e7e075ae19d01b37f763c0360	plant-model file (private)
tr03-official-1/0538-cell-b-0228-flow045/flow.plccell.json	33668	de3b752c6569074a823f5ee6945a6aea173d27e736d7f9764b3705dc16fcefb6	plant-model file (private)
tr03-official-1/0538-cell-b-0228-flow045/reference-10ms-differences.json.gz	9264	dcbccc27aa87fff2d72cf4d2a12a1072557e67760c55f9ec876e4f95b43f9a20	not a metric of this report
tr03-official-1/0538-cell-b-0228-flow045/trace.jsonl.gz	457102	a477bf76b742660525eb281d67a44e0a23e93d7bb2641409f4b4068f47bbf939	too large (trace)
tr03-official-1/0539-cell-b-0231-normal-s1/reference-10ms-differences.json.gz	23	f1101f8233b16d980af348db666cbdb1b9772fa79c6fa8d7d6d9550c1f6a546d	not a metric of this report
tr03-official-1/0539-cell-b-0231-normal-s1/trace.jsonl.gz	2913586	028c27cd8d327863d173f7f1d701ac465e6fd375c596ba9c48e7d9d7c98db905	too large (trace)
tr03-official-1/0540-cell-b-0231-normal-s2/reference-10ms-differences.json.gz	23	f1101f8233b16d980af348db666cbdb1b9772fa79c6fa8d7d6d9550c1f6a546d	not a metric of this report
tr03-official-1/0540-cell-b-0231-normal-s2/trace.jsonl.gz	2696772	ad79bfe76ceb8593a6da7902ec55df42b1cae3ed91ec88948ab6eeec18bc9762	too large (trace)
tr03-official-1/0541-cell-b-0231-normal-s3/reference-10ms-differences.json.gz	23	f1101f8233b16d980af348db666cbdb1b9772fa79c6fa8d7d6d9550c1f6a546d	not a metric of this report
tr03-official-1/0541-cell-b-0231-normal-s3/trace.jsonl.gz	2674377	04ec4ab3a65edf33fbca9143744cf71a2c50f5449b2a23b8a75ee259f72baf81	too large (trace)
tr03-official-1/0542-cell-b-0231-cycle-stop/reference-10ms-differences.json.gz	23	f1101f8233b16d980af348db666cbdb1b9772fa79c6fa8d7d6d9550c1f6a546d	not a metric of this report
tr03-official-1/0542-cell-b-0231-cycle-stop/trace.jsonl.gz	630052	784288fcc08cd5766239fb0868946eacafe32ffa5a095e8197d65aa89f37213a	too large (trace)
tr03-official-1/0543-cell-b-0231-curtain/reference-10ms-differences.json.gz	23	f1101f8233b16d980af348db666cbdb1b9772fa79c6fa8d7d6d9550c1f6a546d	not a metric of this report
tr03-official-1/0543-cell-b-0231-curtain/trace.jsonl.gz	423728	403e044a561ff038982c536e72e2744c1d82c9b223f59bd4b4d7308a44f24409	too large (trace)
tr03-official-1/0544-cell-b-0231-recovery/reference-10ms-differences.json.gz	23	f1101f8233b16d980af348db666cbdb1b9772fa79c6fa8d7d6d9550c1f6a546d	not a metric of this report
tr03-official-1/0544-cell-b-0231-recovery/trace.jsonl.gz	1724217	8fab3b4bb50f5924c835123d44ffdd5b79f9872824ae4c879f919b9e57b1a3b6	too large (trace)
tr03-official-1/0545-cell-b-0231-recovery-retract/reference-10ms-differences.json.gz	23	f1101f8233b16d980af348db666cbdb1b9772fa79c6fa8d7d6d9550c1f6a546d	not a metric of this report
tr03-official-1/0545-cell-b-0231-recovery-retract/trace.jsonl.gz	1737860	5b608269356dc96e8e1c16ba4e7cad365e42c232ed27b8021ba767242e8d6093	too large (trace)
tr03-official-1/0546-cell-b-0231-batch/reference-10ms-differences.json.gz	23	f1101f8233b16d980af348db666cbdb1b9772fa79c6fa8d7d6d9550c1f6a546d	not a metric of this report
tr03-official-1/0546-cell-b-0231-batch/trace.jsonl.gz	1747743	9a02c3f19179ebff6f85fac29930e8b9fc3c9cf669bfa54eba3e6f95f31e3764	too large (trace)
tr03-official-1/0547-cell-b-0231-stroke75/constants.json	5779	23eb4ee6404d9bbca1675106843e233adf2dd72c0e37f275d0c9bb31194fcadb	plant-model file (private)
tr03-official-1/0547-cell-b-0231-stroke75/reference-10ms-differences.json.gz	23	f1101f8233b16d980af348db666cbdb1b9772fa79c6fa8d7d6d9550c1f6a546d	not a metric of this report
tr03-official-1/0547-cell-b-0231-stroke75/trace.jsonl.gz	1148901	7513249646a7299678a26837b96d7cbf63fadc0a30a2b498f0cb802caa1deb92	too large (trace)
tr03-official-1/0548-cell-b-0231-flow060/constants.json	5759	749da6a9a3b578914850d85f44d3468ebdd2fefffb551566451d2e1a2d182a14	plant-model file (private)
tr03-official-1/0548-cell-b-0231-flow060/flow.plccell.json	33668	de3b752c6569074a823f5ee6945a6aea173d27e736d7f9764b3705dc16fcefb6	plant-model file (private)
tr03-official-1/0548-cell-b-0231-flow060/reference-10ms-differences.json.gz	23	f1101f8233b16d980af348db666cbdb1b9772fa79c6fa8d7d6d9550c1f6a546d	not a metric of this report
tr03-official-1/0548-cell-b-0231-flow060/trace.jsonl.gz	480076	dbbc34d7ed9601a61468537140652f7658eae8cabff4d44fdd7dd4b404fa9d24	too large (trace)
tr03-official-1/0549-cell-b-0231-flow045/constants.json	5760	b60b895ae8a70ba009e8fef0331b36e4f055cc6e7e075ae19d01b37f763c0360	plant-model file (private)
tr03-official-1/0549-cell-b-0231-flow045/flow.plccell.json	33668	de3b752c6569074a823f5ee6945a6aea173d27e736d7f9764b3705dc16fcefb6	plant-model file (private)
tr03-official-1/0549-cell-b-0231-flow045/reference-10ms-differences.json.gz	23	f1101f8233b16d980af348db666cbdb1b9772fa79c6fa8d7d6d9550c1f6a546d	not a metric of this report
tr03-official-1/0549-cell-b-0231-flow045/trace.jsonl.gz	460081	c4cb71632b615ecb9304867a19167850e2e12b9be4844d625d6658e42c316049	too large (trace)
tr03-official-1/0550-cell-b-0232-normal-s1/reference-10ms-differences.json.gz	23	f1101f8233b16d980af348db666cbdb1b9772fa79c6fa8d7d6d9550c1f6a546d	not a metric of this report
tr03-official-1/0550-cell-b-0232-normal-s1/trace.jsonl.gz	2919867	4dc5f5ec829e4192fa9b0458e4f5796b8fc4b8a7544c4ba4192d147d925e2693	too large (trace)
tr03-official-1/0551-cell-b-0232-normal-s2/reference-10ms-differences.json.gz	23	f1101f8233b16d980af348db666cbdb1b9772fa79c6fa8d7d6d9550c1f6a546d	not a metric of this report
tr03-official-1/0551-cell-b-0232-normal-s2/trace.jsonl.gz	2705905	86300a003a72a92d029373bce58fd63a28f7a10354c965af45e1eb33a758cdad	too large (trace)
tr03-official-1/0552-cell-b-0232-normal-s3/reference-10ms-differences.json.gz	23	f1101f8233b16d980af348db666cbdb1b9772fa79c6fa8d7d6d9550c1f6a546d	not a metric of this report
tr03-official-1/0552-cell-b-0232-normal-s3/trace.jsonl.gz	2677868	2a8ec8bef9220d85106ec5a56c2f893bc7f029cb3485bcc29a6efb3941a629e3	too large (trace)
tr03-official-1/0553-cell-b-0232-cycle-stop/reference-10ms-differences.json.gz	23	f1101f8233b16d980af348db666cbdb1b9772fa79c6fa8d7d6d9550c1f6a546d	not a metric of this report
tr03-official-1/0553-cell-b-0232-cycle-stop/trace.jsonl.gz	646700	517d5f460b818be991da997405cb8f3a3eea0e1be679664e793dd991b2cedc98	too large (trace)
tr03-official-1/0554-cell-b-0232-curtain/reference-10ms-differences.json.gz	23	f1101f8233b16d980af348db666cbdb1b9772fa79c6fa8d7d6d9550c1f6a546d	not a metric of this report
tr03-official-1/0554-cell-b-0232-curtain/trace.jsonl.gz	431519	c73cab9cd8354be4b4cb15049367a3a255491029b3044041909d3a3038d5ecf2	too large (trace)
tr03-official-1/0555-cell-b-0232-recovery/reference-10ms-differences.json.gz	23	f1101f8233b16d980af348db666cbdb1b9772fa79c6fa8d7d6d9550c1f6a546d	not a metric of this report
tr03-official-1/0555-cell-b-0232-recovery/trace.jsonl.gz	1729292	5bb6fc740ee6d9f192c69512216e4e793f37a715e7ce2fb448f2a94fd87073b8	too large (trace)
tr03-official-1/0556-cell-b-0232-recovery-retract/reference-10ms-differences.json.gz	23	f1101f8233b16d980af348db666cbdb1b9772fa79c6fa8d7d6d9550c1f6a546d	not a metric of this report
tr03-official-1/0556-cell-b-0232-recovery-retract/trace.jsonl.gz	1742908	9b55fbf0ea60443cf82c54fea768dde8a511d74171707652a257527aa3d8834e	too large (trace)
tr03-official-1/0557-cell-b-0232-batch/reference-10ms-differences.json.gz	23	f1101f8233b16d980af348db666cbdb1b9772fa79c6fa8d7d6d9550c1f6a546d	not a metric of this report
tr03-official-1/0557-cell-b-0232-batch/trace.jsonl.gz	1757709	c11f467d1119e08ec087d862842c2688223aa92b96f6658e8c8ba19364a35642	too large (trace)
tr03-official-1/0558-cell-b-0232-stroke75/constants.json	5779	23eb4ee6404d9bbca1675106843e233adf2dd72c0e37f275d0c9bb31194fcadb	plant-model file (private)
tr03-official-1/0558-cell-b-0232-stroke75/reference-10ms-differences.json.gz	23	f1101f8233b16d980af348db666cbdb1b9772fa79c6fa8d7d6d9550c1f6a546d	not a metric of this report
tr03-official-1/0558-cell-b-0232-stroke75/trace.jsonl.gz	1143697	43935f779dc34dce63ff935b10e85b9a8a22130c16617351186de7c4a902a9e0	too large (trace)
tr03-official-1/0559-cell-b-0232-flow060/constants.json	5759	749da6a9a3b578914850d85f44d3468ebdd2fefffb551566451d2e1a2d182a14	plant-model file (private)
tr03-official-1/0559-cell-b-0232-flow060/flow.plccell.json	33668	de3b752c6569074a823f5ee6945a6aea173d27e736d7f9764b3705dc16fcefb6	plant-model file (private)
tr03-official-1/0559-cell-b-0232-flow060/reference-10ms-differences.json.gz	23	f1101f8233b16d980af348db666cbdb1b9772fa79c6fa8d7d6d9550c1f6a546d	not a metric of this report
tr03-official-1/0559-cell-b-0232-flow060/trace.jsonl.gz	481486	a71ae2b1e2ace1b1094c27e057a89021a486bf71fa0fa3b39b3d37459b524a4f	too large (trace)
tr03-official-1/0560-cell-b-0232-flow045/constants.json	5760	b60b895ae8a70ba009e8fef0331b36e4f055cc6e7e075ae19d01b37f763c0360	plant-model file (private)
tr03-official-1/0560-cell-b-0232-flow045/flow.plccell.json	33668	de3b752c6569074a823f5ee6945a6aea173d27e736d7f9764b3705dc16fcefb6	plant-model file (private)
tr03-official-1/0560-cell-b-0232-flow045/reference-10ms-differences.json.gz	23	f1101f8233b16d980af348db666cbdb1b9772fa79c6fa8d7d6d9550c1f6a546d	not a metric of this report
tr03-official-1/0560-cell-b-0232-flow045/trace.jsonl.gz	458560	c3c31c802a5e66d3032b7c5e26c1d13844f2d691ea80d235900c540d8dcb42c8	too large (trace)
tr03-official-1/0561-cell-b-0235-normal-s1/reference-10ms-differences.json.gz	23	f1101f8233b16d980af348db666cbdb1b9772fa79c6fa8d7d6d9550c1f6a546d	not a metric of this report
tr03-official-1/0561-cell-b-0235-normal-s1/trace.jsonl.gz	2910364	8d4cd78eff8a32a905229ee66b8d022dad3a53c37f72f2a4646660c19ec94db5	too large (trace)
tr03-official-1/0562-cell-b-0235-normal-s2/reference-10ms-differences.json.gz	23	f1101f8233b16d980af348db666cbdb1b9772fa79c6fa8d7d6d9550c1f6a546d	not a metric of this report
tr03-official-1/0562-cell-b-0235-normal-s2/trace.jsonl.gz	2694484	339e0b1ce1b72453f105bf997d0354f31dd685130be7670d115f9045a5e2751e	too large (trace)
tr03-official-1/0563-cell-b-0235-normal-s3/reference-10ms-differences.json.gz	23	f1101f8233b16d980af348db666cbdb1b9772fa79c6fa8d7d6d9550c1f6a546d	not a metric of this report
tr03-official-1/0563-cell-b-0235-normal-s3/trace.jsonl.gz	2678427	91d7cc001d4b0174a09f3102cd709201b0ae1bb9299c2fae4f7a4aa68bb5ea2c	too large (trace)
tr03-official-1/0564-cell-b-0235-cycle-stop/reference-10ms-differences.json.gz	23	f1101f8233b16d980af348db666cbdb1b9772fa79c6fa8d7d6d9550c1f6a546d	not a metric of this report
tr03-official-1/0564-cell-b-0235-cycle-stop/trace.jsonl.gz	635395	51b542202fc882fd0a749d5313b6dc9cb3f1479018a1ffa0da4210f8fecb5dd2	too large (trace)
tr03-official-1/0565-cell-b-0235-curtain/reference-10ms-differences.json.gz	23	f1101f8233b16d980af348db666cbdb1b9772fa79c6fa8d7d6d9550c1f6a546d	not a metric of this report
tr03-official-1/0565-cell-b-0235-curtain/trace.jsonl.gz	427660	b409b2dd32ed07967cc939fa28bbbe1f65883c0ec8dab1c181ab7f0f96e045bf	too large (trace)
tr03-official-1/0566-cell-b-0235-recovery/reference-10ms-differences.json.gz	23	f1101f8233b16d980af348db666cbdb1b9772fa79c6fa8d7d6d9550c1f6a546d	not a metric of this report
tr03-official-1/0566-cell-b-0235-recovery/trace.jsonl.gz	1734562	9e4dbefa2b1826bd7b541dcfd850e8e04ca7007d86338c89c31c19e8ffb9fac6	too large (trace)
tr03-official-1/0567-cell-b-0235-recovery-retract/reference-10ms-differences.json.gz	23	f1101f8233b16d980af348db666cbdb1b9772fa79c6fa8d7d6d9550c1f6a546d	not a metric of this report
tr03-official-1/0567-cell-b-0235-recovery-retract/trace.jsonl.gz	1737269	f55b7975f2dc27fbecfadfc2fd4b02d88c8f077bd1a2fe49cbe87c44b2c0bb6e	too large (trace)
tr03-official-1/0568-cell-b-0235-batch/reference-10ms-differences.json.gz	23	f1101f8233b16d980af348db666cbdb1b9772fa79c6fa8d7d6d9550c1f6a546d	not a metric of this report
tr03-official-1/0568-cell-b-0235-batch/trace.jsonl.gz	1749001	1431dce059e983d04a502191f0c75a950515cacd8c4b6d78a4b53640e471b197	too large (trace)
tr03-official-1/0569-cell-b-0235-stroke75/constants.json	5779	23eb4ee6404d9bbca1675106843e233adf2dd72c0e37f275d0c9bb31194fcadb	plant-model file (private)
tr03-official-1/0569-cell-b-0235-stroke75/reference-10ms-differences.json.gz	23	f1101f8233b16d980af348db666cbdb1b9772fa79c6fa8d7d6d9550c1f6a546d	not a metric of this report
tr03-official-1/0569-cell-b-0235-stroke75/trace.jsonl.gz	1150247	07833cc573988fd07a75c248e235dfde317eaf11bed7bc7e915743e4240e333a	too large (trace)
tr03-official-1/0570-cell-b-0235-flow060/constants.json	5759	749da6a9a3b578914850d85f44d3468ebdd2fefffb551566451d2e1a2d182a14	plant-model file (private)
tr03-official-1/0570-cell-b-0235-flow060/flow.plccell.json	33668	de3b752c6569074a823f5ee6945a6aea173d27e736d7f9764b3705dc16fcefb6	plant-model file (private)
tr03-official-1/0570-cell-b-0235-flow060/reference-10ms-differences.json.gz	23	f1101f8233b16d980af348db666cbdb1b9772fa79c6fa8d7d6d9550c1f6a546d	not a metric of this report
tr03-official-1/0570-cell-b-0235-flow060/trace.jsonl.gz	478379	2bc3b74859c14c495c9eb32a8ab29b0383b5277f16c43bad6c18b21d077f8c16	too large (trace)
tr03-official-1/0571-cell-b-0235-flow045/constants.json	5760	b60b895ae8a70ba009e8fef0331b36e4f055cc6e7e075ae19d01b37f763c0360	plant-model file (private)
tr03-official-1/0571-cell-b-0235-flow045/flow.plccell.json	33668	de3b752c6569074a823f5ee6945a6aea173d27e736d7f9764b3705dc16fcefb6	plant-model file (private)
tr03-official-1/0571-cell-b-0235-flow045/reference-10ms-differences.json.gz	23	f1101f8233b16d980af348db666cbdb1b9772fa79c6fa8d7d6d9550c1f6a546d	not a metric of this report
tr03-official-1/0571-cell-b-0235-flow045/trace.jsonl.gz	465180	96c8b8a018eab30a139fc0ec1f819408641fa518d98bb749f3f1221eb9884a52	too large (trace)
tr03-official-1/0572-cell-b-0240-normal-s1/reference-10ms-differences.json.gz	59164	15560addc4404eb0b04600fa1fc07e95f4f17d57d68f8ecd956542fbcb05bb13	not a metric of this report
tr03-official-1/0572-cell-b-0240-normal-s1/trace.jsonl.gz	2082614	d735a78794162bbccea227e2bdc5faa31cc9079d7515a14914b953be722d5ad4	too large (trace)
tr03-official-1/0573-cell-b-0240-normal-s2/reference-10ms-differences.json.gz	59164	15560addc4404eb0b04600fa1fc07e95f4f17d57d68f8ecd956542fbcb05bb13	not a metric of this report
tr03-official-1/0573-cell-b-0240-normal-s2/trace.jsonl.gz	2071989	97f7cd0b5f05046cc5c98841e43a4e91d264a3356d268defb9ebc9ea30ae6e1a	too large (trace)
tr03-official-1/0574-cell-b-0240-normal-s3/reference-10ms-differences.json.gz	59164	15560addc4404eb0b04600fa1fc07e95f4f17d57d68f8ecd956542fbcb05bb13	not a metric of this report
tr03-official-1/0574-cell-b-0240-normal-s3/trace.jsonl.gz	2066891	5083a1cae740682cddc8bfad70509e213e15afad1c6e44e03a7dbe15b0e1eb81	too large (trace)
tr03-official-1/0575-cell-b-0240-cycle-stop/reference-10ms-differences.json.gz	10985	4b4774f551e025a4581d41006b138395eb3fa24bb2dfbb7bd311ebb97231ae5a	not a metric of this report
tr03-official-1/0575-cell-b-0240-cycle-stop/trace.jsonl.gz	535219	c07266b83734d3753c83c91a648c823f0fee8c11e1f4d9542c33084097ce7552	too large (trace)
tr03-official-1/0576-cell-b-0240-curtain/reference-10ms-differences.json.gz	440	8e8e0f9a953f2501ef207411884926d75d2b10017d3da5b2c1b65f2fc6bbe162	not a metric of this report
tr03-official-1/0576-cell-b-0240-curtain/trace.jsonl.gz	398914	13d3084cccd7b42a566a02ee54b52124c7794fd6f683a3ac606565f59eaffaf3	too large (trace)
tr03-official-1/0577-cell-b-0240-recovery/reference-10ms-differences.json.gz	52185	5cf172f32316eebdd08839aef71514299d38dda6e0267583b6595c4c8ba332c6	not a metric of this report
tr03-official-1/0577-cell-b-0240-recovery/trace.jsonl.gz	1623332	0ad09875442816961a90b8ac8762d639c685aac127c9816e0682c3b5c1f059cc	too large (trace)
tr03-official-1/0578-cell-b-0240-recovery-retract/reference-10ms-differences.json.gz	52185	5cf172f32316eebdd08839aef71514299d38dda6e0267583b6595c4c8ba332c6	not a metric of this report
tr03-official-1/0578-cell-b-0240-recovery-retract/trace.jsonl.gz	1605219	c375834dfde7b0757326af94eeea4568815b1d76ea12a5d27ff04b78d106fc83	too large (trace)
tr03-official-1/0579-cell-b-0240-batch/reference-10ms-differences.json.gz	28869	015a915cd990e1e9d459c0670e9800c2f4c35dc442ca58858bcaa4464e63e930	not a metric of this report
tr03-official-1/0579-cell-b-0240-batch/trace.jsonl.gz	1102813	d609370aa744a84e11ff7e41651af89db7d5d205bb812aec0543adb2ad63ebef	too large (trace)
tr03-official-1/0580-cell-b-0240-stroke75/constants.json	5779	23eb4ee6404d9bbca1675106843e233adf2dd72c0e37f275d0c9bb31194fcadb	plant-model file (private)
tr03-official-1/0580-cell-b-0240-stroke75/reference-10ms-differences.json.gz	29245	7c543870e6cf17964a7fa8a9659184b3703452d38d1e2f0637fe378bf59d6cfc	not a metric of this report
tr03-official-1/0580-cell-b-0240-stroke75/trace.jsonl.gz	1111881	d726efdfc83ff3deb5089e270da2f858f9ca549ecf115037e9f1c843726d4d39	too large (trace)
tr03-official-1/0581-cell-b-0240-flow060/constants.json	5759	749da6a9a3b578914850d85f44d3468ebdd2fefffb551566451d2e1a2d182a14	plant-model file (private)
tr03-official-1/0581-cell-b-0240-flow060/flow.plccell.json	33668	de3b752c6569074a823f5ee6945a6aea173d27e736d7f9764b3705dc16fcefb6	plant-model file (private)
tr03-official-1/0581-cell-b-0240-flow060/reference-10ms-differences.json.gz	10378	9f6f433e689bf049d015ff3b125b0623936fc6c355163fbcc8487a39cdef43a3	not a metric of this report
tr03-official-1/0581-cell-b-0240-flow060/trace.jsonl.gz	511341	d835707c6d052e93becaa8aad0dd325f32f9ded8d6af893e145859774b763acb	too large (trace)
tr03-official-1/0582-cell-b-0240-flow045/constants.json	5760	b60b895ae8a70ba009e8fef0331b36e4f055cc6e7e075ae19d01b37f763c0360	plant-model file (private)
tr03-official-1/0582-cell-b-0240-flow045/flow.plccell.json	33668	de3b752c6569074a823f5ee6945a6aea173d27e736d7f9764b3705dc16fcefb6	plant-model file (private)
tr03-official-1/0582-cell-b-0240-flow045/reference-10ms-differences.json.gz	10368	2313b5e115dd51a9cf41c0767bd37ae8eaf33634b56c2e375cb436bbfb953928	not a metric of this report
tr03-official-1/0582-cell-b-0240-flow045/trace.jsonl.gz	514163	083629db87dbcdd856fd4d1f720f31d16da7d6c4552e91d20cb9c21d1aaca507	too large (trace)
tr03-official-1/0583-cell-b-0244-normal-s1/reference-10ms-differences.json.gz	57637	1189ec22e0b908cc056ae3a8eb38d4ba41dc67584bcb5d323b97b5e069e33d1e	not a metric of this report
tr03-official-1/0583-cell-b-0244-normal-s1/trace.jsonl.gz	1860041	53a4fd52d917b0b1fb07dcdf26154a0bcf2428f10ef0373ea6d6f58d7bcfe5d8	too large (trace)
tr03-official-1/0584-cell-b-0244-normal-s2/reference-10ms-differences.json.gz	56605	f0089078b50f25acadb0ea9bcd945e6b395f8ee0d6e6d541cceb2b3d75386a1e	not a metric of this report
tr03-official-1/0584-cell-b-0244-normal-s2/trace.jsonl.gz	2029132	c1f45597b283a0457bbb9477d6ff4ae8c2d7e8dd9a58a8a16a8e80dec14712ca	too large (trace)
tr03-official-1/0585-cell-b-0244-normal-s3/reference-10ms-differences.json.gz	54073	d23d0149aed11f3761ca138d6b40ba3bc68ad618b1bef50ef377c7d383a7b0c9	not a metric of this report
tr03-official-1/0585-cell-b-0244-normal-s3/trace.jsonl.gz	1990857	a097e90baec9806d58b5371d05a688a9d21a79a96bf44dac0bfd4f434454b6aa	too large (trace)
tr03-official-1/0586-cell-b-0244-cycle-stop/reference-10ms-differences.json.gz	9783	f2c20a45f664bb869ba8986bcaf10d07c4643becced5f3aff0908538a3cc41d3	not a metric of this report
tr03-official-1/0586-cell-b-0244-cycle-stop/trace.jsonl.gz	514846	e77ac159ddf33bc010efa2259d4a19321758321bfc7c892562545965e0a4c3d4	too large (trace)
tr03-official-1/0587-cell-b-0244-curtain/reference-10ms-differences.json.gz	6876	9d9eae5cc058f50d04cce0131825a759549d13a254771af2932b733f7bff60fb	not a metric of this report
tr03-official-1/0587-cell-b-0244-curtain/trace.jsonl.gz	456662	ea52672d9d2f628fb22c4adc5445709fcf3ff69c1ce49add90ca2b5f117f1f2d	too large (trace)
tr03-official-1/0588-cell-b-0244-recovery/reference-10ms-differences.json.gz	46763	38fe56eec1890f9fc0823b72528c4915e08be654e991835f3cde6116de2a4e77	not a metric of this report
tr03-official-1/0588-cell-b-0244-recovery/trace.jsonl.gz	1627256	280269f8f198b0d8b0f77022bf0387b9a8ca53d254a0d05bdedf97058033d03c	too large (trace)
tr03-official-1/0589-cell-b-0244-recovery-retract/reference-10ms-differences.json.gz	50209	3e177c8bd846f8bdbd4d9bb6fb57b5fc9489069b5369f9d32b92745f319a11e5	not a metric of this report
tr03-official-1/0589-cell-b-0244-recovery-retract/trace.jsonl.gz	1629041	04e4ee95445d41d1f42076394a7524cac7abab16ce995375aba9ad314c070490	too large (trace)
tr03-official-1/0590-cell-b-0244-batch/reference-10ms-differences.json.gz	27341	004aa70071d88c36d918de84cb25c062de567faa0b2c8e493bd89f9ca1d372a8	not a metric of this report
tr03-official-1/0590-cell-b-0244-batch/trace.jsonl.gz	1023958	06c4e3964c406f6873275474c86f21963a4364d2ab61fb5f97bf8839e556cf60	too large (trace)
tr03-official-1/0591-cell-b-0244-stroke75/constants.json	5779	23eb4ee6404d9bbca1675106843e233adf2dd72c0e37f275d0c9bb31194fcadb	plant-model file (private)
tr03-official-1/0591-cell-b-0244-stroke75/reference-10ms-differences.json.gz	27341	004aa70071d88c36d918de84cb25c062de567faa0b2c8e493bd89f9ca1d372a8	not a metric of this report
tr03-official-1/0591-cell-b-0244-stroke75/trace.jsonl.gz	1005725	398d472cbe904fa1adcfedbbdd360eafc111ae7064805d23cb747a34a4ce2377	too large (trace)
tr03-official-1/0592-cell-b-0244-flow060/constants.json	5759	749da6a9a3b578914850d85f44d3468ebdd2fefffb551566451d2e1a2d182a14	plant-model file (private)
tr03-official-1/0592-cell-b-0244-flow060/flow.plccell.json	33668	de3b752c6569074a823f5ee6945a6aea173d27e736d7f9764b3705dc16fcefb6	plant-model file (private)
tr03-official-1/0592-cell-b-0244-flow060/reference-10ms-differences.json.gz	6876	9d9eae5cc058f50d04cce0131825a759549d13a254771af2932b733f7bff60fb	not a metric of this report
tr03-official-1/0592-cell-b-0244-flow060/trace.jsonl.gz	450534	4e00678cfeed195f4ac55ef23ef0adaa33ef1b21c7786801d36e7179667d14e4	too large (trace)
tr03-official-1/0593-cell-b-0244-flow045/constants.json	5760	b60b895ae8a70ba009e8fef0331b36e4f055cc6e7e075ae19d01b37f763c0360	plant-model file (private)
tr03-official-1/0593-cell-b-0244-flow045/flow.plccell.json	33668	de3b752c6569074a823f5ee6945a6aea173d27e736d7f9764b3705dc16fcefb6	plant-model file (private)
tr03-official-1/0593-cell-b-0244-flow045/reference-10ms-differences.json.gz	6876	9d9eae5cc058f50d04cce0131825a759549d13a254771af2932b733f7bff60fb	not a metric of this report
tr03-official-1/0593-cell-b-0244-flow045/trace.jsonl.gz	450536	1443dd225bec1e48e4c206fd1b57031c93734ae1cd658cea6a513c53f8f47fa7	too large (trace)
tr03-official-1/0594-cell-b-0245-normal-s1/reference-10ms-differences.json.gz	57973	e7b5b51d5f7b805594dcc0734a765bbf10a99f8e5747f8d0eef5141d97a37c52	not a metric of this report
tr03-official-1/0594-cell-b-0245-normal-s1/trace.jsonl.gz	1875215	ac4799ff16d119b8d35f5ef8247bd9ffe5b63800017aae5073bd66994b9fd6f0	too large (trace)
tr03-official-1/0595-cell-b-0245-normal-s2/reference-10ms-differences.json.gz	57102	1e4366ac4693a57f7bf88269fa8cffdc3883fc2470890610d37140092c935cf2	not a metric of this report
tr03-official-1/0595-cell-b-0245-normal-s2/trace.jsonl.gz	2056279	0d15de77de28d031ebfeff8e2dca781413f70a26bfeaeb2a9d98d6c87b551237	too large (trace)
tr03-official-1/0596-cell-b-0245-normal-s3/reference-10ms-differences.json.gz	54631	9d1334a17fd561d3f377abeba4436f44467464840edee2560cefe965c4c92467	not a metric of this report
tr03-official-1/0596-cell-b-0245-normal-s3/trace.jsonl.gz	2008917	248b8adcde21ce253649a0ad9015b8b2e5d909384fcac9ccda65243e7ce70f62	too large (trace)
tr03-official-1/0597-cell-b-0245-cycle-stop/reference-10ms-differences.json.gz	10112	3b71d1df5e51f4abc2b023b6c14d0c650bad73fa3ec5874f3a0f547fbab8a618	not a metric of this report
tr03-official-1/0597-cell-b-0245-cycle-stop/trace.jsonl.gz	525020	4a913973abbc9a8054ea0935480fc8b904e42526e755353230c13dd7fdbeb837	too large (trace)
tr03-official-1/0598-cell-b-0245-curtain/reference-10ms-differences.json.gz	444	2f53e127dcbd9ed39243d58de73287c4654d61313a2790a4720bf36b9ceaeeda	not a metric of this report
tr03-official-1/0598-cell-b-0245-curtain/trace.jsonl.gz	435298	bbf23961c4e0c0abc4872b5b0a42647369f48a2a5b98722c9311094592bdb665	too large (trace)
tr03-official-1/0599-cell-b-0245-recovery/reference-10ms-differences.json.gz	50648	08d429e2231c704e74b0827e8fe35240985e726d0ce5d0b9a18a0da131f8e926	not a metric of this report
tr03-official-1/0599-cell-b-0245-recovery/trace.jsonl.gz	1631782	5202e33bdcd93f6f1e53108b9283155e9403d728700fa32a9a90b29a955a4137	too large (trace)
tr03-official-1/0600-cell-b-0245-recovery-retract/reference-10ms-differences.json.gz	50494	85a98a04bf04ed0b9ccbb1f24d58d98b5b00e677ff6acf32cad20fa9a7cf3972	not a metric of this report
tr03-official-1/0600-cell-b-0245-recovery-retract/trace.jsonl.gz	1631833	4342bad22a83e314691fa78f7aa73772a62ab29ce863e3d83a93259f9ffa1c9a	too large (trace)
tr03-official-1/0601-cell-b-0245-batch/reference-10ms-differences.json.gz	27677	728324bd596fb6d647a3560e5295e0f79b506415a32da25b03518acd4de50a08	not a metric of this report
tr03-official-1/0601-cell-b-0245-batch/trace.jsonl.gz	1028498	0a1c5dc71db9468a24b6f7f64e70465ce5a62eec9f45c8d289467000435d49c2	too large (trace)
tr03-official-1/0602-cell-b-0245-stroke75/constants.json	5779	23eb4ee6404d9bbca1675106843e233adf2dd72c0e37f275d0c9bb31194fcadb	plant-model file (private)
tr03-official-1/0602-cell-b-0245-stroke75/reference-10ms-differences.json.gz	38706	7734e9a04d84e05d89931877829a41916c99b7348d77939768a326186c385dde	not a metric of this report
tr03-official-1/0602-cell-b-0245-stroke75/trace.jsonl.gz	1017393	62ed4f3246c981c4cfeea553a33ea42410d7df91ca56f674e20c27118fafe42b	too large (trace)
tr03-official-1/0603-cell-b-0245-flow060/constants.json	5759	749da6a9a3b578914850d85f44d3468ebdd2fefffb551566451d2e1a2d182a14	plant-model file (private)
tr03-official-1/0603-cell-b-0245-flow060/flow.plccell.json	33668	de3b752c6569074a823f5ee6945a6aea173d27e736d7f9764b3705dc16fcefb6	plant-model file (private)
tr03-official-1/0603-cell-b-0245-flow060/reference-10ms-differences.json.gz	9077	02b151eb314946536415bc350b1dcd8769a3d65e8a466d5b52baa616879b6c57	not a metric of this report
tr03-official-1/0603-cell-b-0245-flow060/trace.jsonl.gz	455571	f5ad824ee4712f56eb474f42b93368917bcb6a759a5c8dee7251c1c2015bec23	too large (trace)
tr03-official-1/0604-cell-b-0245-flow045/constants.json	5760	b60b895ae8a70ba009e8fef0331b36e4f055cc6e7e075ae19d01b37f763c0360	plant-model file (private)
tr03-official-1/0604-cell-b-0245-flow045/flow.plccell.json	33668	de3b752c6569074a823f5ee6945a6aea173d27e736d7f9764b3705dc16fcefb6	plant-model file (private)
tr03-official-1/0604-cell-b-0245-flow045/reference-10ms-differences.json.gz	9251	64b0fff440f85a92870136b18d957eca4cc928501b05eac1e43f6ae39df3a63e	not a metric of this report
tr03-official-1/0604-cell-b-0245-flow045/trace.jsonl.gz	456485	7df49a60eef4fbb70c385fb2db8f7fb1f81d7e3579ed1b799ffed3569099f98c	too large (trace)
tr03-official-1/0605-cell-b-0246-normal-s1/reference-10ms-differences.json.gz	58135	e7305dcbbca216c4f077e3246b5b155ed36956b5959082a3a61ea326abd537fc	not a metric of this report
tr03-official-1/0605-cell-b-0246-normal-s1/trace.jsonl.gz	1883054	f27a028f36b6a37cdfd0db2897eb1db8248f49932b17b8119472b944d547a2e4	too large (trace)
tr03-official-1/0606-cell-b-0246-normal-s2/reference-10ms-differences.json.gz	56951	14f4b19ef799876ddd931c32a84eaf00c40cf6c3e1dde0feff2b9cb92159815e	not a metric of this report
tr03-official-1/0606-cell-b-0246-normal-s2/trace.jsonl.gz	2035595	244c25fbf9d5e6dbfbd398dbb59c4df8133510cfa4f22394c2c6657daa3832a1	too large (trace)
tr03-official-1/0607-cell-b-0246-normal-s3/reference-10ms-differences.json.gz	54426	b0fb4c9e776b955e4936a8f4b4bafdb11b66d4a8922d9e86600081550a4a900c	not a metric of this report
tr03-official-1/0607-cell-b-0246-normal-s3/trace.jsonl.gz	2007760	e61511325090135dcbbf37481c886c88cb676dd300a0c36dbf39e508b0e0ee42	too large (trace)
tr03-official-1/0608-cell-b-0246-cycle-stop/reference-10ms-differences.json.gz	10068	b8aa7e0e9d3ae127b74772fa4aa57b4ca1cca1012e424e790b7d49660dd259d0	not a metric of this report
tr03-official-1/0608-cell-b-0246-cycle-stop/trace.jsonl.gz	521964	dbf77d640f2f2e493f0113ad422fdb051e4281a705a84caf4530c01550dcd644	too large (trace)
tr03-official-1/0609-cell-b-0246-curtain/reference-10ms-differences.json.gz	6956	d599054a008219a0f82bf4cedff9e7c216c20b8cb8495bf5db807aab52d1590c	not a metric of this report
tr03-official-1/0609-cell-b-0246-curtain/trace.jsonl.gz	446891	8bafb179f0f7f6bd8540122780f0d9f711e0ea940b7f46fe57b1d157ac7fb7d6	too large (trace)
tr03-official-1/0610-cell-b-0246-recovery/reference-10ms-differences.json.gz	46763	38fe56eec1890f9fc0823b72528c4915e08be654e991835f3cde6116de2a4e77	not a metric of this report
tr03-official-1/0610-cell-b-0246-recovery/trace.jsonl.gz	1627428	103eac365227e7b9982572bd5deae09e88619048c48ca3f91ac5bdb3a4fed990	too large (trace)
tr03-official-1/0611-cell-b-0246-recovery-retract/reference-10ms-differences.json.gz	50209	3e177c8bd846f8bdbd4d9bb6fb57b5fc9489069b5369f9d32b92745f319a11e5	not a metric of this report
tr03-official-1/0611-cell-b-0246-recovery-retract/trace.jsonl.gz	1633612	d8b1bfb41c45ef1fdf28ca062439587e9969945f424f68feb910c9d7e537fdbe	too large (trace)
tr03-official-1/0612-cell-b-0246-batch/reference-10ms-differences.json.gz	27839	b8e2cc84e43f958bb63b131a886cbf7fbd8b043a5a956d6e7f6b48913f09258e	not a metric of this report
tr03-official-1/0612-cell-b-0246-batch/trace.jsonl.gz	1030848	3035ef9c3d70c97550413cbfaee3cc4eecd57d69ab8ead89d77083b04a21a223	too large (trace)
tr03-official-1/0613-cell-b-0246-stroke75/constants.json	5779	23eb4ee6404d9bbca1675106843e233adf2dd72c0e37f275d0c9bb31194fcadb	plant-model file (private)
tr03-official-1/0613-cell-b-0246-stroke75/reference-10ms-differences.json.gz	38640	e1d7bcfa9c3060429b9e704924a9b66b2ba79a84e882e200a685242c7e0b6cd8	not a metric of this report
tr03-official-1/0613-cell-b-0246-stroke75/trace.jsonl.gz	1032568	7d6ce74bd4e7b05154730c6622fb8fb1a4b38685ca7eb9572b2959b8b5428f6b	too large (trace)
tr03-official-1/0614-cell-b-0246-flow060/constants.json	5759	749da6a9a3b578914850d85f44d3468ebdd2fefffb551566451d2e1a2d182a14	plant-model file (private)
tr03-official-1/0614-cell-b-0246-flow060/flow.plccell.json	33668	de3b752c6569074a823f5ee6945a6aea173d27e736d7f9764b3705dc16fcefb6	plant-model file (private)
tr03-official-1/0614-cell-b-0246-flow060/reference-10ms-differences.json.gz	6876	9d9eae5cc058f50d04cce0131825a759549d13a254771af2932b733f7bff60fb	not a metric of this report
tr03-official-1/0614-cell-b-0246-flow060/trace.jsonl.gz	458797	95bd6d476549b7b08da15f53f808b811c7d35ca179903a803bcfaf9b0b5307d9	too large (trace)
tr03-official-1/0615-cell-b-0246-flow045/constants.json	5760	b60b895ae8a70ba009e8fef0331b36e4f055cc6e7e075ae19d01b37f763c0360	plant-model file (private)
tr03-official-1/0615-cell-b-0246-flow045/flow.plccell.json	33668	de3b752c6569074a823f5ee6945a6aea173d27e736d7f9764b3705dc16fcefb6	plant-model file (private)
tr03-official-1/0615-cell-b-0246-flow045/reference-10ms-differences.json.gz	6876	9d9eae5cc058f50d04cce0131825a759549d13a254771af2932b733f7bff60fb	not a metric of this report
tr03-official-1/0615-cell-b-0246-flow045/trace.jsonl.gz	458795	01bf975150c13b4f3d0f25ea9c55a60c3a2702a09563310586df2a106611a368	too large (trace)
tr03-official-1/0616-cell-b-0248-normal-s1/reference-10ms-differences.json.gz	23	f1101f8233b16d980af348db666cbdb1b9772fa79c6fa8d7d6d9550c1f6a546d	not a metric of this report
tr03-official-1/0616-cell-b-0248-normal-s1/trace.jsonl.gz	2924201	901152f5e377cb0a8918b72f29697a15e0c92b9550c0c0a872188e8a3dc4798f	too large (trace)
tr03-official-1/0617-cell-b-0248-normal-s2/reference-10ms-differences.json.gz	23	f1101f8233b16d980af348db666cbdb1b9772fa79c6fa8d7d6d9550c1f6a546d	not a metric of this report
tr03-official-1/0617-cell-b-0248-normal-s2/trace.jsonl.gz	2697785	54b18beb6158994fa33a0554d5a39edb55bb8a0d5fe2daf5de4df8cc8c8aeeec	too large (trace)
tr03-official-1/0618-cell-b-0248-normal-s3/reference-10ms-differences.json.gz	23	f1101f8233b16d980af348db666cbdb1b9772fa79c6fa8d7d6d9550c1f6a546d	not a metric of this report
tr03-official-1/0618-cell-b-0248-normal-s3/trace.jsonl.gz	2673121	b17cc3f29ca9f7643b3e70061b0684dffbdd45c893c958fd0ad86a0557b36d4a	too large (trace)
tr03-official-1/0619-cell-b-0248-cycle-stop/reference-10ms-differences.json.gz	23	f1101f8233b16d980af348db666cbdb1b9772fa79c6fa8d7d6d9550c1f6a546d	not a metric of this report
tr03-official-1/0619-cell-b-0248-cycle-stop/trace.jsonl.gz	642853	c1483c6f98e56ad5f4a5a7f9e23ee09244fbc107ff7e1648ecc0e6700714e100	too large (trace)
tr03-official-1/0620-cell-b-0248-curtain/reference-10ms-differences.json.gz	23	f1101f8233b16d980af348db666cbdb1b9772fa79c6fa8d7d6d9550c1f6a546d	not a metric of this report
tr03-official-1/0620-cell-b-0248-curtain/trace.jsonl.gz	428410	9185ea845a86c16aaa17a6d784285a1c23316d5c5b5fee163fd6598e97de908e	too large (trace)
tr03-official-1/0621-cell-b-0248-recovery/reference-10ms-differences.json.gz	23	f1101f8233b16d980af348db666cbdb1b9772fa79c6fa8d7d6d9550c1f6a546d	not a metric of this report
tr03-official-1/0621-cell-b-0248-recovery/trace.jsonl.gz	1733695	06755d1aab9b9124a3573cf7ea3117f926b94a226743ffc64a1c51b219b5f2ca	too large (trace)
tr03-official-1/0622-cell-b-0248-recovery-retract/reference-10ms-differences.json.gz	23	f1101f8233b16d980af348db666cbdb1b9772fa79c6fa8d7d6d9550c1f6a546d	not a metric of this report
tr03-official-1/0622-cell-b-0248-recovery-retract/trace.jsonl.gz	1734659	3723f113afc60a5d7d786242858e2b699ab72e442459e961f852d92707cc74dc	too large (trace)
tr03-official-1/0623-cell-b-0248-batch/reference-10ms-differences.json.gz	23	f1101f8233b16d980af348db666cbdb1b9772fa79c6fa8d7d6d9550c1f6a546d	not a metric of this report
tr03-official-1/0623-cell-b-0248-batch/trace.jsonl.gz	1756297	e2dc3a206a6e1b724d5fd32b45ebafc1279170a1eebf9cacd115dfc6bfa243d0	too large (trace)
tr03-official-1/0624-cell-b-0248-stroke75/constants.json	5779	23eb4ee6404d9bbca1675106843e233adf2dd72c0e37f275d0c9bb31194fcadb	plant-model file (private)
tr03-official-1/0624-cell-b-0248-stroke75/reference-10ms-differences.json.gz	23	f1101f8233b16d980af348db666cbdb1b9772fa79c6fa8d7d6d9550c1f6a546d	not a metric of this report
tr03-official-1/0624-cell-b-0248-stroke75/trace.jsonl.gz	1147714	f23b9a553b179e95b2aa2c612efd1a455a26bb5a6063402fa063a1b608de0f87	too large (trace)
tr03-official-1/0625-cell-b-0248-flow060/constants.json	5759	749da6a9a3b578914850d85f44d3468ebdd2fefffb551566451d2e1a2d182a14	plant-model file (private)
tr03-official-1/0625-cell-b-0248-flow060/flow.plccell.json	33668	de3b752c6569074a823f5ee6945a6aea173d27e736d7f9764b3705dc16fcefb6	plant-model file (private)
tr03-official-1/0625-cell-b-0248-flow060/reference-10ms-differences.json.gz	23	f1101f8233b16d980af348db666cbdb1b9772fa79c6fa8d7d6d9550c1f6a546d	not a metric of this report
tr03-official-1/0625-cell-b-0248-flow060/trace.jsonl.gz	479891	f983b8ff52baf9f92bfdb18fb4b7c8d7465577e4b279407c20141aaefccd8cd1	too large (trace)
tr03-official-1/0626-cell-b-0248-flow045/constants.json	5760	b60b895ae8a70ba009e8fef0331b36e4f055cc6e7e075ae19d01b37f763c0360	plant-model file (private)
tr03-official-1/0626-cell-b-0248-flow045/flow.plccell.json	33668	de3b752c6569074a823f5ee6945a6aea173d27e736d7f9764b3705dc16fcefb6	plant-model file (private)
tr03-official-1/0626-cell-b-0248-flow045/reference-10ms-differences.json.gz	23	f1101f8233b16d980af348db666cbdb1b9772fa79c6fa8d7d6d9550c1f6a546d	not a metric of this report
tr03-official-1/0626-cell-b-0248-flow045/trace.jsonl.gz	462600	320e0d0cd787b23ba0dc7c49462ae3a9827af85e8c44d3f9485161fe131e5d0d	too large (trace)
tr03-official-1/0627-cell-b-0250-normal-s1/reference-10ms-differences.json.gz	23	f1101f8233b16d980af348db666cbdb1b9772fa79c6fa8d7d6d9550c1f6a546d	not a metric of this report
tr03-official-1/0627-cell-b-0250-normal-s1/trace.jsonl.gz	2922185	da1f9011539c91d4258c13834b9b4098b10665a570e92fe0f2704be9d943be20	too large (trace)
tr03-official-1/0628-cell-b-0250-normal-s2/reference-10ms-differences.json.gz	23	f1101f8233b16d980af348db666cbdb1b9772fa79c6fa8d7d6d9550c1f6a546d	not a metric of this report
tr03-official-1/0628-cell-b-0250-normal-s2/trace.jsonl.gz	2689793	37abbee2ae289256e88101515b3e2af722167cb828d90256e9a6e8567f90ba55	too large (trace)
tr03-official-1/0629-cell-b-0250-normal-s3/reference-10ms-differences.json.gz	23	f1101f8233b16d980af348db666cbdb1b9772fa79c6fa8d7d6d9550c1f6a546d	not a metric of this report
tr03-official-1/0629-cell-b-0250-normal-s3/trace.jsonl.gz	2672995	913b4c519d264718bff19817428e799730d0242c6acd1d5b4cfb3469d3af6bb2	too large (trace)
tr03-official-1/0630-cell-b-0250-cycle-stop/reference-10ms-differences.json.gz	23	f1101f8233b16d980af348db666cbdb1b9772fa79c6fa8d7d6d9550c1f6a546d	not a metric of this report
tr03-official-1/0630-cell-b-0250-cycle-stop/trace.jsonl.gz	634632	d83bdf2a4d073d978a49c4d182f9b0e73762bdc92b866468162e05cc7975cd52	too large (trace)
tr03-official-1/0631-cell-b-0250-curtain/reference-10ms-differences.json.gz	23	f1101f8233b16d980af348db666cbdb1b9772fa79c6fa8d7d6d9550c1f6a546d	not a metric of this report
tr03-official-1/0631-cell-b-0250-curtain/trace.jsonl.gz	419878	db20225c42df5c9f50cdaa6b4856e08a656333e9e1b5f25707dcaaca417b2d85	too large (trace)
tr03-official-1/0632-cell-b-0250-recovery/reference-10ms-differences.json.gz	23	f1101f8233b16d980af348db666cbdb1b9772fa79c6fa8d7d6d9550c1f6a546d	not a metric of this report
tr03-official-1/0632-cell-b-0250-recovery/trace.jsonl.gz	1719274	e323f7e48d187778652f45060c6e9e9dc96e742a1ef8ca91c9f2493fd2bb1d52	too large (trace)
tr03-official-1/0633-cell-b-0250-recovery-retract/reference-10ms-differences.json.gz	23	f1101f8233b16d980af348db666cbdb1b9772fa79c6fa8d7d6d9550c1f6a546d	not a metric of this report
tr03-official-1/0633-cell-b-0250-recovery-retract/trace.jsonl.gz	1735736	f88233e1c2161d973ea66261fc6f9d8ff4ae7fb059113886b9e3f0eb58cd3755	too large (trace)
tr03-official-1/0634-cell-b-0250-batch/reference-10ms-differences.json.gz	23	f1101f8233b16d980af348db666cbdb1b9772fa79c6fa8d7d6d9550c1f6a546d	not a metric of this report
tr03-official-1/0634-cell-b-0250-batch/trace.jsonl.gz	1753159	cf887745802b20e52e0358604b778fc1c34191f998243549282ed1f5b851ed18	too large (trace)
tr03-official-1/0635-cell-b-0250-stroke75/constants.json	5779	23eb4ee6404d9bbca1675106843e233adf2dd72c0e37f275d0c9bb31194fcadb	plant-model file (private)
tr03-official-1/0635-cell-b-0250-stroke75/reference-10ms-differences.json.gz	23	f1101f8233b16d980af348db666cbdb1b9772fa79c6fa8d7d6d9550c1f6a546d	not a metric of this report
tr03-official-1/0635-cell-b-0250-stroke75/trace.jsonl.gz	1143634	62b87446118a7cb7efa98fc7cb715dcf8ba426e68a9451cb7b9ebc029618db21	too large (trace)
tr03-official-1/0636-cell-b-0250-flow060/constants.json	5759	749da6a9a3b578914850d85f44d3468ebdd2fefffb551566451d2e1a2d182a14	plant-model file (private)
tr03-official-1/0636-cell-b-0250-flow060/flow.plccell.json	33668	de3b752c6569074a823f5ee6945a6aea173d27e736d7f9764b3705dc16fcefb6	plant-model file (private)
tr03-official-1/0636-cell-b-0250-flow060/reference-10ms-differences.json.gz	23	f1101f8233b16d980af348db666cbdb1b9772fa79c6fa8d7d6d9550c1f6a546d	not a metric of this report
tr03-official-1/0636-cell-b-0250-flow060/trace.jsonl.gz	477843	11735d049b5bdcd8a8a2a8fbe712dce2630edb3d7abe21b39536e6aa532f387d	too large (trace)
tr03-official-1/0637-cell-b-0250-flow045/constants.json	5760	b60b895ae8a70ba009e8fef0331b36e4f055cc6e7e075ae19d01b37f763c0360	plant-model file (private)
tr03-official-1/0637-cell-b-0250-flow045/flow.plccell.json	33668	de3b752c6569074a823f5ee6945a6aea173d27e736d7f9764b3705dc16fcefb6	plant-model file (private)
tr03-official-1/0637-cell-b-0250-flow045/reference-10ms-differences.json.gz	23	f1101f8233b16d980af348db666cbdb1b9772fa79c6fa8d7d6d9550c1f6a546d	not a metric of this report
tr03-official-1/0637-cell-b-0250-flow045/trace.jsonl.gz	459098	0ee28ed4f38b758c60a8602b3d3a4f294375bec89e51000105302e22ea0f58d5	too large (trace)
tr03-official-1/0638-cell-b-0251-normal-s1/reference-10ms-differences.json.gz	23	f1101f8233b16d980af348db666cbdb1b9772fa79c6fa8d7d6d9550c1f6a546d	not a metric of this report
tr03-official-1/0638-cell-b-0251-normal-s1/trace.jsonl.gz	2929052	4d6cf6801c2ca6fbd1b26bd14af29effb2f412d47944372f8a067d176f3a4b85	too large (trace)
tr03-official-1/0639-cell-b-0251-normal-s2/reference-10ms-differences.json.gz	23	f1101f8233b16d980af348db666cbdb1b9772fa79c6fa8d7d6d9550c1f6a546d	not a metric of this report
tr03-official-1/0639-cell-b-0251-normal-s2/trace.jsonl.gz	2690483	6f3f245d3d890a9c36a5c8691666cdce82a3baca2fd40518a95436d08939e165	too large (trace)
tr03-official-1/0640-cell-b-0251-normal-s3/reference-10ms-differences.json.gz	23	f1101f8233b16d980af348db666cbdb1b9772fa79c6fa8d7d6d9550c1f6a546d	not a metric of this report
tr03-official-1/0640-cell-b-0251-normal-s3/trace.jsonl.gz	2677065	8f97fb6501d9a0967c58147c8205f042d626f6be524d63349c82361a5dcc576a	too large (trace)
tr03-official-1/0641-cell-b-0251-cycle-stop/reference-10ms-differences.json.gz	23	f1101f8233b16d980af348db666cbdb1b9772fa79c6fa8d7d6d9550c1f6a546d	not a metric of this report
tr03-official-1/0641-cell-b-0251-cycle-stop/trace.jsonl.gz	642295	faf13cdec0513c997714ca2a678868aa865d98f1677be0350708736c85a9cf7a	too large (trace)
tr03-official-1/0642-cell-b-0251-curtain/reference-10ms-differences.json.gz	23	f1101f8233b16d980af348db666cbdb1b9772fa79c6fa8d7d6d9550c1f6a546d	not a metric of this report
tr03-official-1/0642-cell-b-0251-curtain/trace.jsonl.gz	433758	9f7fff301451cfa9b0886df021ca3dca307ed73ad9fdfd415ab845363ea419c4	too large (trace)
tr03-official-1/0643-cell-b-0251-recovery/reference-10ms-differences.json.gz	23	f1101f8233b16d980af348db666cbdb1b9772fa79c6fa8d7d6d9550c1f6a546d	not a metric of this report
tr03-official-1/0643-cell-b-0251-recovery/trace.jsonl.gz	1721081	8ff66fbc492ec77a87ca7b30cbb821b6a8cbc38c77d0ee7977a691fdfb2fd8d3	too large (trace)
tr03-official-1/0644-cell-b-0251-recovery-retract/reference-10ms-differences.json.gz	23	f1101f8233b16d980af348db666cbdb1b9772fa79c6fa8d7d6d9550c1f6a546d	not a metric of this report
tr03-official-1/0644-cell-b-0251-recovery-retract/trace.jsonl.gz	1740932	d76d3cfe5096505dff7022f7e0028ad1843474d72ac17399bdeb5d26640f1beb	too large (trace)
tr03-official-1/0645-cell-b-0251-batch/reference-10ms-differences.json.gz	23	f1101f8233b16d980af348db666cbdb1b9772fa79c6fa8d7d6d9550c1f6a546d	not a metric of this report
tr03-official-1/0645-cell-b-0251-batch/trace.jsonl.gz	1757374	aebc31d77072a0d3459eb626198a0f8824c58511f1116e6ccd004e42770cd6ca	too large (trace)
tr03-official-1/0646-cell-b-0251-stroke75/constants.json	5779	23eb4ee6404d9bbca1675106843e233adf2dd72c0e37f275d0c9bb31194fcadb	plant-model file (private)
tr03-official-1/0646-cell-b-0251-stroke75/reference-10ms-differences.json.gz	23	f1101f8233b16d980af348db666cbdb1b9772fa79c6fa8d7d6d9550c1f6a546d	not a metric of this report
tr03-official-1/0646-cell-b-0251-stroke75/trace.jsonl.gz	1151758	2862609bc4897ebd00814e1416d7f6bcf40a0d629f0b0fe2baae748fd3f1fefd	too large (trace)
tr03-official-1/0647-cell-b-0251-flow060/constants.json	5759	749da6a9a3b578914850d85f44d3468ebdd2fefffb551566451d2e1a2d182a14	plant-model file (private)
tr03-official-1/0647-cell-b-0251-flow060/flow.plccell.json	33668	de3b752c6569074a823f5ee6945a6aea173d27e736d7f9764b3705dc16fcefb6	plant-model file (private)
tr03-official-1/0647-cell-b-0251-flow060/reference-10ms-differences.json.gz	23	f1101f8233b16d980af348db666cbdb1b9772fa79c6fa8d7d6d9550c1f6a546d	not a metric of this report
tr03-official-1/0647-cell-b-0251-flow060/trace.jsonl.gz	484765	8890e2347177d5a6b2e0b6356dd649c57f34a7742f95a631d6aaa77efc3fea5e	too large (trace)
tr03-official-1/0648-cell-b-0251-flow045/constants.json	5760	b60b895ae8a70ba009e8fef0331b36e4f055cc6e7e075ae19d01b37f763c0360	plant-model file (private)
tr03-official-1/0648-cell-b-0251-flow045/flow.plccell.json	33668	de3b752c6569074a823f5ee6945a6aea173d27e736d7f9764b3705dc16fcefb6	plant-model file (private)
tr03-official-1/0648-cell-b-0251-flow045/reference-10ms-differences.json.gz	23	f1101f8233b16d980af348db666cbdb1b9772fa79c6fa8d7d6d9550c1f6a546d	not a metric of this report
tr03-official-1/0648-cell-b-0251-flow045/trace.jsonl.gz	461817	750a98306a6f1a1d1ac41579ae74e804c6b925a571bf3efb0388a2cebfba803c	too large (trace)
tr03-official-1/0649-cell-b-0254-normal-s1/reference-10ms-differences.json.gz	57637	1189ec22e0b908cc056ae3a8eb38d4ba41dc67584bcb5d323b97b5e069e33d1e	not a metric of this report
tr03-official-1/0649-cell-b-0254-normal-s1/trace.jsonl.gz	1866340	28d4b2c5af514e027693669f93ed1e9103afbb6a6560f4d86901dc0cc9072089	too large (trace)
tr03-official-1/0650-cell-b-0254-normal-s2/reference-10ms-differences.json.gz	56605	f0089078b50f25acadb0ea9bcd945e6b395f8ee0d6e6d541cceb2b3d75386a1e	not a metric of this report
tr03-official-1/0650-cell-b-0254-normal-s2/trace.jsonl.gz	2045099	c4313fa153e6231b9da1b99ce4dd82deebe6a4c6cd9a28f2a8c2a5c6d8a81a8d	too large (trace)
tr03-official-1/0651-cell-b-0254-normal-s3/reference-10ms-differences.json.gz	54073	d23d0149aed11f3761ca138d6b40ba3bc68ad618b1bef50ef377c7d383a7b0c9	not a metric of this report
tr03-official-1/0651-cell-b-0254-normal-s3/trace.jsonl.gz	1987036	1f52527078a706190a47b630eb323d21b0d48a6ce8c54fb82b93c2a9f6c92553	too large (trace)
tr03-official-1/0652-cell-b-0254-cycle-stop/reference-10ms-differences.json.gz	9783	f2c20a45f664bb869ba8986bcaf10d07c4643becced5f3aff0908538a3cc41d3	not a metric of this report
tr03-official-1/0652-cell-b-0254-cycle-stop/trace.jsonl.gz	510077	920c44c359411a5c65a646e60e693d2edb47d2558f63292cba6c0bd03a6fd49a	too large (trace)
tr03-official-1/0653-cell-b-0254-curtain/reference-10ms-differences.json.gz	6876	9d9eae5cc058f50d04cce0131825a759549d13a254771af2932b733f7bff60fb	not a metric of this report
tr03-official-1/0653-cell-b-0254-curtain/trace.jsonl.gz	446329	a733e43188e8d8146195dc86e888d4944d12237a98a3df6116e15baa4103b6dd	too large (trace)
tr03-official-1/0654-cell-b-0254-recovery/reference-10ms-differences.json.gz	46763	38fe56eec1890f9fc0823b72528c4915e08be654e991835f3cde6116de2a4e77	not a metric of this report
tr03-official-1/0654-cell-b-0254-recovery/trace.jsonl.gz	1607437	f211e7cec616e6b60649443e72da01e6cb1d3d67ede14447d34d365158dc61a2	too large (trace)
tr03-official-1/0655-cell-b-0254-recovery-retract/reference-10ms-differences.json.gz	50209	3e177c8bd846f8bdbd4d9bb6fb57b5fc9489069b5369f9d32b92745f319a11e5	not a metric of this report
tr03-official-1/0655-cell-b-0254-recovery-retract/trace.jsonl.gz	1623469	db5a05f0fd06abfe58af4bd1ca47fcbce30f6dc9d7cd1191712e8f143da0cfa9	too large (trace)
tr03-official-1/0656-cell-b-0254-batch/reference-10ms-differences.json.gz	27341	004aa70071d88c36d918de84cb25c062de567faa0b2c8e493bd89f9ca1d372a8	not a metric of this report
tr03-official-1/0656-cell-b-0254-batch/trace.jsonl.gz	1022132	76ac40d44fe00d7ef5e06c43710504813d3f8726b6894a19d0d618767d9da4cf	too large (trace)
tr03-official-1/0657-cell-b-0254-stroke75/constants.json	5779	23eb4ee6404d9bbca1675106843e233adf2dd72c0e37f275d0c9bb31194fcadb	plant-model file (private)
tr03-official-1/0657-cell-b-0254-stroke75/reference-10ms-differences.json.gz	27341	004aa70071d88c36d918de84cb25c062de567faa0b2c8e493bd89f9ca1d372a8	not a metric of this report
tr03-official-1/0657-cell-b-0254-stroke75/trace.jsonl.gz	1015056	5e3e78f9986868978aa149e339a09a58c5b2d84285245d5b857431ef337dd10e	too large (trace)
tr03-official-1/0658-cell-b-0254-flow060/constants.json	5759	749da6a9a3b578914850d85f44d3468ebdd2fefffb551566451d2e1a2d182a14	plant-model file (private)
tr03-official-1/0658-cell-b-0254-flow060/flow.plccell.json	33668	de3b752c6569074a823f5ee6945a6aea173d27e736d7f9764b3705dc16fcefb6	plant-model file (private)
tr03-official-1/0658-cell-b-0254-flow060/reference-10ms-differences.json.gz	6876	9d9eae5cc058f50d04cce0131825a759549d13a254771af2932b733f7bff60fb	not a metric of this report
tr03-official-1/0658-cell-b-0254-flow060/trace.jsonl.gz	458716	9b3dad5489e368ca198d6b8fb0ff6c9801976b87623c793a6bda1ca79f6c03ab	too large (trace)
tr03-official-1/0659-cell-b-0254-flow045/constants.json	5760	b60b895ae8a70ba009e8fef0331b36e4f055cc6e7e075ae19d01b37f763c0360	plant-model file (private)
tr03-official-1/0659-cell-b-0254-flow045/flow.plccell.json	33668	de3b752c6569074a823f5ee6945a6aea173d27e736d7f9764b3705dc16fcefb6	plant-model file (private)
tr03-official-1/0659-cell-b-0254-flow045/reference-10ms-differences.json.gz	6876	9d9eae5cc058f50d04cce0131825a759549d13a254771af2932b733f7bff60fb	not a metric of this report
tr03-official-1/0659-cell-b-0254-flow045/trace.jsonl.gz	458714	844492eb611900cdfeef5b4ebdab491a4c9325344ebfde6f7313645279f35969	too large (trace)
tr03-official-1/0660-cell-b-0255-normal-s1/reference-10ms-differences.json.gz	23	f1101f8233b16d980af348db666cbdb1b9772fa79c6fa8d7d6d9550c1f6a546d	not a metric of this report
tr03-official-1/0660-cell-b-0255-normal-s1/trace.jsonl.gz	2926152	78e9166ecba1ebaf4c103c668dc2b164cefed410cd5545fb52600da737e0e891	too large (trace)
tr03-official-1/0661-cell-b-0255-normal-s2/reference-10ms-differences.json.gz	23	f1101f8233b16d980af348db666cbdb1b9772fa79c6fa8d7d6d9550c1f6a546d	not a metric of this report
tr03-official-1/0661-cell-b-0255-normal-s2/trace.jsonl.gz	2698346	d4a26ba1a0ad56aa1934a24f4b45c7e162fb0243a740ca6a497a07c0b496ed7b	too large (trace)
tr03-official-1/0662-cell-b-0255-normal-s3/reference-10ms-differences.json.gz	23	f1101f8233b16d980af348db666cbdb1b9772fa79c6fa8d7d6d9550c1f6a546d	not a metric of this report
tr03-official-1/0662-cell-b-0255-normal-s3/trace.jsonl.gz	2671276	6bf4bc7e71d4d604d19d6b297d5fe8c0a81818bf100892ba37000fb4ba80c3dd	too large (trace)
tr03-official-1/0663-cell-b-0255-cycle-stop/reference-10ms-differences.json.gz	23	f1101f8233b16d980af348db666cbdb1b9772fa79c6fa8d7d6d9550c1f6a546d	not a metric of this report
tr03-official-1/0663-cell-b-0255-cycle-stop/trace.jsonl.gz	641791	6e80964bfad816660546434bd6426c859d856d4b371a7bd82f119cc51a470ccc	too large (trace)
tr03-official-1/0664-cell-b-0255-curtain/reference-10ms-differences.json.gz	23	f1101f8233b16d980af348db666cbdb1b9772fa79c6fa8d7d6d9550c1f6a546d	not a metric of this report
tr03-official-1/0664-cell-b-0255-curtain/trace.jsonl.gz	427629	b6ce76e7ecc58b69bed9ac1bcac7577083923734f4427ff44b6798f3206861a7	too large (trace)
tr03-official-1/0665-cell-b-0255-recovery/reference-10ms-differences.json.gz	23	f1101f8233b16d980af348db666cbdb1b9772fa79c6fa8d7d6d9550c1f6a546d	not a metric of this report
tr03-official-1/0665-cell-b-0255-recovery/trace.jsonl.gz	1732423	34bc96f9b79a22dbe1cdbb71d05e7d2fd12b20af6ec02d7d0035edebed5cf83c	too large (trace)
tr03-official-1/0666-cell-b-0255-recovery-retract/reference-10ms-differences.json.gz	23	f1101f8233b16d980af348db666cbdb1b9772fa79c6fa8d7d6d9550c1f6a546d	not a metric of this report
tr03-official-1/0666-cell-b-0255-recovery-retract/trace.jsonl.gz	1740668	dcf9d342482ce0eb1fed3571a789b03bdca725a7c4791cf5a80f26ec564b2098	too large (trace)
tr03-official-1/0667-cell-b-0255-batch/reference-10ms-differences.json.gz	23	f1101f8233b16d980af348db666cbdb1b9772fa79c6fa8d7d6d9550c1f6a546d	not a metric of this report
tr03-official-1/0667-cell-b-0255-batch/trace.jsonl.gz	1758000	08baf5d8d0bbbda80d4ca63d13aa20dcf3d2ff458624b1fbbc1cc4f1975b0acf	too large (trace)
tr03-official-1/0668-cell-b-0255-stroke75/constants.json	5779	23eb4ee6404d9bbca1675106843e233adf2dd72c0e37f275d0c9bb31194fcadb	plant-model file (private)
tr03-official-1/0668-cell-b-0255-stroke75/reference-10ms-differences.json.gz	23	f1101f8233b16d980af348db666cbdb1b9772fa79c6fa8d7d6d9550c1f6a546d	not a metric of this report
tr03-official-1/0668-cell-b-0255-stroke75/trace.jsonl.gz	1147267	10caae48a9f20b05baf8b6d18732a1e60c4d02bc7aff17571bfe9b7da3c34713	too large (trace)
tr03-official-1/0669-cell-b-0255-flow060/constants.json	5759	749da6a9a3b578914850d85f44d3468ebdd2fefffb551566451d2e1a2d182a14	plant-model file (private)
tr03-official-1/0669-cell-b-0255-flow060/flow.plccell.json	33668	de3b752c6569074a823f5ee6945a6aea173d27e736d7f9764b3705dc16fcefb6	plant-model file (private)
tr03-official-1/0669-cell-b-0255-flow060/reference-10ms-differences.json.gz	23	f1101f8233b16d980af348db666cbdb1b9772fa79c6fa8d7d6d9550c1f6a546d	not a metric of this report
tr03-official-1/0669-cell-b-0255-flow060/trace.jsonl.gz	484438	dc1bca695dc0538efdaa75d2ab0938b3e39d0a3efabdee7d4a5781bb3f724587	too large (trace)
tr03-official-1/0670-cell-b-0255-flow045/constants.json	5760	b60b895ae8a70ba009e8fef0331b36e4f055cc6e7e075ae19d01b37f763c0360	plant-model file (private)
tr03-official-1/0670-cell-b-0255-flow045/flow.plccell.json	33668	de3b752c6569074a823f5ee6945a6aea173d27e736d7f9764b3705dc16fcefb6	plant-model file (private)
tr03-official-1/0670-cell-b-0255-flow045/reference-10ms-differences.json.gz	23	f1101f8233b16d980af348db666cbdb1b9772fa79c6fa8d7d6d9550c1f6a546d	not a metric of this report
tr03-official-1/0670-cell-b-0255-flow045/trace.jsonl.gz	464306	413aaa1b462759f1f38612d116d212dc6cca453edbfa576badbca13b8149c1ea	too large (trace)
tr03-official-1/0671-cell-b-0259-normal-s1/reference-10ms-differences.json.gz	64899	970e2bc4118a9b7d7d488daeae02fbc6f565e106ba6c8a9bbbb4dbe79915fe4a	not a metric of this report
tr03-official-1/0671-cell-b-0259-normal-s1/trace.jsonl.gz	1690087	aaf6f85c4a5e0ecf6f5372786427d0a1a2e7187189f30fd29b689ecf7ca66569	too large (trace)
tr03-official-1/0672-cell-b-0259-normal-s2/reference-10ms-differences.json.gz	64899	970e2bc4118a9b7d7d488daeae02fbc6f565e106ba6c8a9bbbb4dbe79915fe4a	not a metric of this report
tr03-official-1/0672-cell-b-0259-normal-s2/trace.jsonl.gz	1742148	789694f10e48410865f0ef2a4abb039cbd91b8dcec74baa85042e44452ac9d7a	too large (trace)
tr03-official-1/0673-cell-b-0259-normal-s3/reference-10ms-differences.json.gz	64899	970e2bc4118a9b7d7d488daeae02fbc6f565e106ba6c8a9bbbb4dbe79915fe4a	not a metric of this report
tr03-official-1/0673-cell-b-0259-normal-s3/trace.jsonl.gz	1728957	ca83aef6da158304eda7df2ccdf5488f4ae135631097aae0f460120124b89478	too large (trace)
tr03-official-1/0674-cell-b-0259-cycle-stop/reference-10ms-differences.json.gz	16740	14cc3e651331eb31044409dc12d2f23a2198197a6e6b8a697e0010a63cefc49f	not a metric of this report
tr03-official-1/0674-cell-b-0259-cycle-stop/trace.jsonl.gz	410463	4745803d09f107cd75683c09d7d13d207055b69f39227b00c8d03c77f8e3ae61	too large (trace)
tr03-official-1/0675-cell-b-0259-curtain/reference-10ms-differences.json.gz	14131	9a69c953f34bcb906d5444b21356121a58188995762bc43889a9138203672572	not a metric of this report
tr03-official-1/0675-cell-b-0259-curtain/trace.jsonl.gz	343969	aa4b406fa30730b2d5a31d3304fdcf108ca1c07b7be66304b34d09d390e93027	too large (trace)
tr03-official-1/0676-cell-b-0259-recovery/reference-10ms-differences.json.gz	59204	85e555bee99cd4b77ab01780e79bff214ad76dad214f3622447ffbfbea65d85a	not a metric of this report
tr03-official-1/0676-cell-b-0259-recovery/trace.jsonl.gz	1481457	95840430c2d64aacc045c7566f05493a4287a2b1ec3e6ff21cb1a2ef6a632d2e	too large (trace)
tr03-official-1/0677-cell-b-0259-recovery-retract/reference-10ms-differences.json.gz	59204	448c7797f412e3d49897b76841db7ace4988c1af4614b7086cf1241cc162a0c6	not a metric of this report
tr03-official-1/0677-cell-b-0259-recovery-retract/trace.jsonl.gz	1462406	76063c1ceb93c1e6d28a3f8a0481ac5cf76be5b6ad59d77e92e738e9e34552f8	too large (trace)
tr03-official-1/0678-cell-b-0259-batch/reference-10ms-differences.json.gz	34604	02df4f3c949d5c4770634bf46b1ee27bf8862feac92bd578c08c67201347aab9	not a metric of this report
tr03-official-1/0678-cell-b-0259-batch/trace.jsonl.gz	890798	c37d5e8fb2711d9f557bf94f331d94f17406972db378c3e678c09db76c616d4b	too large (trace)
tr03-official-1/0679-cell-b-0259-stroke75/constants.json	5779	23eb4ee6404d9bbca1675106843e233adf2dd72c0e37f275d0c9bb31194fcadb	plant-model file (private)
tr03-official-1/0679-cell-b-0259-stroke75/reference-10ms-differences.json.gz	34604	02df4f3c949d5c4770634bf46b1ee27bf8862feac92bd578c08c67201347aab9	not a metric of this report
tr03-official-1/0679-cell-b-0259-stroke75/trace.jsonl.gz	886584	28eb5ff4b20a2ce198cdddabbd84f7fb5fd11ea3d4864373d824227db006b3dc	too large (trace)
tr03-official-1/0680-cell-b-0259-flow060/constants.json	5759	749da6a9a3b578914850d85f44d3468ebdd2fefffb551566451d2e1a2d182a14	plant-model file (private)
tr03-official-1/0680-cell-b-0259-flow060/flow.plccell.json	33668	de3b752c6569074a823f5ee6945a6aea173d27e736d7f9764b3705dc16fcefb6	plant-model file (private)
tr03-official-1/0680-cell-b-0259-flow060/reference-10ms-differences.json.gz	14131	9a69c953f34bcb906d5444b21356121a58188995762bc43889a9138203672572	not a metric of this report
tr03-official-1/0680-cell-b-0259-flow060/trace.jsonl.gz	327291	b18fad0ed3a51bbe38113b5e82fa0cc7d22797544f53cfce40789553c6aa8bcb	too large (trace)
tr03-official-1/0681-cell-b-0259-flow045/constants.json	5760	b60b895ae8a70ba009e8fef0331b36e4f055cc6e7e075ae19d01b37f763c0360	plant-model file (private)
tr03-official-1/0681-cell-b-0259-flow045/flow.plccell.json	33668	de3b752c6569074a823f5ee6945a6aea173d27e736d7f9764b3705dc16fcefb6	plant-model file (private)
tr03-official-1/0681-cell-b-0259-flow045/reference-10ms-differences.json.gz	14131	9a69c953f34bcb906d5444b21356121a58188995762bc43889a9138203672572	not a metric of this report
tr03-official-1/0681-cell-b-0259-flow045/trace.jsonl.gz	327292	71a066adacea67ad6fe9b2d36a70bcebf728415491c8dad1479dd0b199ad69f6	too large (trace)
tr03-official-1/0682-cell-b-0261-normal-s1/reference-10ms-differences.json.gz	23	f1101f8233b16d980af348db666cbdb1b9772fa79c6fa8d7d6d9550c1f6a546d	not a metric of this report
tr03-official-1/0682-cell-b-0261-normal-s1/trace.jsonl.gz	2917842	f1e325eb407a0a805edd8220a365b6d73039f4b6de61ce3c4970bf115a8924fe	too large (trace)
tr03-official-1/0683-cell-b-0261-normal-s2/reference-10ms-differences.json.gz	23	f1101f8233b16d980af348db666cbdb1b9772fa79c6fa8d7d6d9550c1f6a546d	not a metric of this report
tr03-official-1/0683-cell-b-0261-normal-s2/trace.jsonl.gz	2704356	e02b8ca3b4983c08e8fab0d77fe3fbd5030041f2c3cc5268cb489e4485f130ae	too large (trace)
tr03-official-1/0684-cell-b-0261-normal-s3/reference-10ms-differences.json.gz	23	f1101f8233b16d980af348db666cbdb1b9772fa79c6fa8d7d6d9550c1f6a546d	not a metric of this report
tr03-official-1/0684-cell-b-0261-normal-s3/trace.jsonl.gz	2690436	108b1b3d6850447ac877fdd39af5939b9483552ef59210b34b4e30e8b7ccfd70	too large (trace)
tr03-official-1/0685-cell-b-0261-cycle-stop/reference-10ms-differences.json.gz	23	f1101f8233b16d980af348db666cbdb1b9772fa79c6fa8d7d6d9550c1f6a546d	not a metric of this report
tr03-official-1/0685-cell-b-0261-cycle-stop/trace.jsonl.gz	639577	9a71fd93f475ff8ae68b057c415c55b5ba85a66d18a3d33b1c471175f9c87661	too large (trace)
tr03-official-1/0686-cell-b-0261-curtain/reference-10ms-differences.json.gz	23	f1101f8233b16d980af348db666cbdb1b9772fa79c6fa8d7d6d9550c1f6a546d	not a metric of this report
tr03-official-1/0686-cell-b-0261-curtain/trace.jsonl.gz	430864	d63dcbdfa82909530c56c4d7094031713477b9ac90aedc567a65afa158e75941	too large (trace)
tr03-official-1/0687-cell-b-0261-recovery/reference-10ms-differences.json.gz	33590	284733ad03edcf0c7d8ec71461b5caf3c1c3df053cbe89e622d769c09d6d6a33	not a metric of this report
tr03-official-1/0687-cell-b-0261-recovery/trace.jsonl.gz	1419657	afc06fa613959c34a69d4dc1ae0d2d7568d58c5a5343f4f8c98af1f31b0fecb2	too large (trace)
tr03-official-1/0688-cell-b-0261-recovery-retract/reference-10ms-differences.json.gz	33658	7f668245823914c1e0568117851e75324284fd421183842e3d88d0b886624290	not a metric of this report
tr03-official-1/0688-cell-b-0261-recovery-retract/trace.jsonl.gz	1508004	c6fdea398bf668012b642a9829c1266d4f552711f8d1f1bf9d2dff06ce3571e2	too large (trace)
tr03-official-1/0689-cell-b-0261-batch/reference-10ms-differences.json.gz	23	f1101f8233b16d980af348db666cbdb1b9772fa79c6fa8d7d6d9550c1f6a546d	not a metric of this report
tr03-official-1/0689-cell-b-0261-batch/trace.jsonl.gz	1751425	ed8f36213cb47fdd036a58e6d921c0732c770a0a757b665f911c4e07f209d474	too large (trace)
tr03-official-1/0690-cell-b-0261-stroke75/constants.json	5779	23eb4ee6404d9bbca1675106843e233adf2dd72c0e37f275d0c9bb31194fcadb	plant-model file (private)
tr03-official-1/0690-cell-b-0261-stroke75/reference-10ms-differences.json.gz	23	f1101f8233b16d980af348db666cbdb1b9772fa79c6fa8d7d6d9550c1f6a546d	not a metric of this report
tr03-official-1/0690-cell-b-0261-stroke75/trace.jsonl.gz	1146105	58be8e9d3050bfd57d274fed61cd5b1181792876b76a94a256530ca24fcaab5d	too large (trace)
tr03-official-1/0691-cell-b-0261-flow060/constants.json	5759	749da6a9a3b578914850d85f44d3468ebdd2fefffb551566451d2e1a2d182a14	plant-model file (private)
tr03-official-1/0691-cell-b-0261-flow060/flow.plccell.json	33668	de3b752c6569074a823f5ee6945a6aea173d27e736d7f9764b3705dc16fcefb6	plant-model file (private)
tr03-official-1/0691-cell-b-0261-flow060/reference-10ms-differences.json.gz	23	f1101f8233b16d980af348db666cbdb1b9772fa79c6fa8d7d6d9550c1f6a546d	not a metric of this report
tr03-official-1/0691-cell-b-0261-flow060/trace.jsonl.gz	484897	5c353ef754000a8ddc2fd2daa2544f9d032caa57bbd84c746e7eb36d818ffb09	too large (trace)
tr03-official-1/0692-cell-b-0261-flow045/constants.json	5760	b60b895ae8a70ba009e8fef0331b36e4f055cc6e7e075ae19d01b37f763c0360	plant-model file (private)
tr03-official-1/0692-cell-b-0261-flow045/flow.plccell.json	33668	de3b752c6569074a823f5ee6945a6aea173d27e736d7f9764b3705dc16fcefb6	plant-model file (private)
tr03-official-1/0692-cell-b-0261-flow045/reference-10ms-differences.json.gz	23	f1101f8233b16d980af348db666cbdb1b9772fa79c6fa8d7d6d9550c1f6a546d	not a metric of this report
tr03-official-1/0692-cell-b-0261-flow045/trace.jsonl.gz	463710	6ba4d0b85595f82f58356434d4ed31e65cbb2036688eb308ec17fde7e30a4329	too large (trace)
tr03-official-1/0693-cell-b-0263-normal-s1/reference-10ms-differences.json.gz	57637	1189ec22e0b908cc056ae3a8eb38d4ba41dc67584bcb5d323b97b5e069e33d1e	not a metric of this report
tr03-official-1/0693-cell-b-0263-normal-s1/trace.jsonl.gz	1875602	dcd84539c0bbfe34de69bf20449c32beb68bcb1a1196114ea1772a383139cf06	too large (trace)
tr03-official-1/0694-cell-b-0263-normal-s2/reference-10ms-differences.json.gz	56605	f0089078b50f25acadb0ea9bcd945e6b395f8ee0d6e6d541cceb2b3d75386a1e	not a metric of this report
tr03-official-1/0694-cell-b-0263-normal-s2/trace.jsonl.gz	2033194	1cc556442ed36b7a8a0a8188c2b555e69c5af912805e2b67f8ecd406fce027af	too large (trace)
tr03-official-1/0695-cell-b-0263-normal-s3/reference-10ms-differences.json.gz	54073	d23d0149aed11f3761ca138d6b40ba3bc68ad618b1bef50ef377c7d383a7b0c9	not a metric of this report
tr03-official-1/0695-cell-b-0263-normal-s3/trace.jsonl.gz	1987028	67566ab0ea2ab5e3eea199997ebda559a765ac75b3d0b9b34e91673773e4f867	too large (trace)
tr03-official-1/0696-cell-b-0263-cycle-stop/reference-10ms-differences.json.gz	9783	f2c20a45f664bb869ba8986bcaf10d07c4643becced5f3aff0908538a3cc41d3	not a metric of this report
tr03-official-1/0696-cell-b-0263-cycle-stop/trace.jsonl.gz	514447	5bc427616595f9c0db6872c18e9bb903310558d9355acbe35bcd0009d0183637	too large (trace)
tr03-official-1/0697-cell-b-0263-curtain/reference-10ms-differences.json.gz	6876	9d9eae5cc058f50d04cce0131825a759549d13a254771af2932b733f7bff60fb	not a metric of this report
tr03-official-1/0697-cell-b-0263-curtain/trace.jsonl.gz	447485	ea1584c2ec1710215ad0bfe7763fd9900257ba481ac4e2cf18eb4255251b3ef5	too large (trace)
tr03-official-1/0698-cell-b-0263-recovery/reference-10ms-differences.json.gz	46763	38fe56eec1890f9fc0823b72528c4915e08be654e991835f3cde6116de2a4e77	not a metric of this report
tr03-official-1/0698-cell-b-0263-recovery/trace.jsonl.gz	1624737	6e5be2bedbcd36e54e4b6ac87287aea9d2b24d27ba5f9bcdfa8ce664243f94a1	too large (trace)
tr03-official-1/0699-cell-b-0263-recovery-retract/reference-10ms-differences.json.gz	50209	3e177c8bd846f8bdbd4d9bb6fb57b5fc9489069b5369f9d32b92745f319a11e5	not a metric of this report
tr03-official-1/0699-cell-b-0263-recovery-retract/trace.jsonl.gz	1619388	0782af16a83b11e440f84be3c2e5c12f14b17cba7869f0b2b7c3e783be0deb39	too large (trace)
tr03-official-1/0700-cell-b-0263-batch/reference-10ms-differences.json.gz	27341	004aa70071d88c36d918de84cb25c062de567faa0b2c8e493bd89f9ca1d372a8	not a metric of this report
tr03-official-1/0700-cell-b-0263-batch/trace.jsonl.gz	1022640	6268ac496bbb3c3ec88888d9c5609f017fe291314d18bbbd007b29b735a5ad53	too large (trace)
tr03-official-1/0701-cell-b-0263-stroke75/constants.json	5779	23eb4ee6404d9bbca1675106843e233adf2dd72c0e37f275d0c9bb31194fcadb	plant-model file (private)
tr03-official-1/0701-cell-b-0263-stroke75/reference-10ms-differences.json.gz	27341	004aa70071d88c36d918de84cb25c062de567faa0b2c8e493bd89f9ca1d372a8	not a metric of this report
tr03-official-1/0701-cell-b-0263-stroke75/trace.jsonl.gz	1013743	6cff9e79638194a22b657e49d1e490881d8887a3dbdab5055a00cb313ee6d41d	too large (trace)
tr03-official-1/0702-cell-b-0263-flow060/constants.json	5759	749da6a9a3b578914850d85f44d3468ebdd2fefffb551566451d2e1a2d182a14	plant-model file (private)
tr03-official-1/0702-cell-b-0263-flow060/flow.plccell.json	33668	de3b752c6569074a823f5ee6945a6aea173d27e736d7f9764b3705dc16fcefb6	plant-model file (private)
tr03-official-1/0702-cell-b-0263-flow060/reference-10ms-differences.json.gz	6876	9d9eae5cc058f50d04cce0131825a759549d13a254771af2932b733f7bff60fb	not a metric of this report
tr03-official-1/0702-cell-b-0263-flow060/trace.jsonl.gz	456634	1af246a6cd9ea9c8ee2173d3c2bfc64d3d8e7f0e43ca42c441ed155a361d4cb7	too large (trace)
tr03-official-1/0703-cell-b-0263-flow045/constants.json	5760	b60b895ae8a70ba009e8fef0331b36e4f055cc6e7e075ae19d01b37f763c0360	plant-model file (private)
tr03-official-1/0703-cell-b-0263-flow045/flow.plccell.json	33668	de3b752c6569074a823f5ee6945a6aea173d27e736d7f9764b3705dc16fcefb6	plant-model file (private)
tr03-official-1/0703-cell-b-0263-flow045/reference-10ms-differences.json.gz	6876	9d9eae5cc058f50d04cce0131825a759549d13a254771af2932b733f7bff60fb	not a metric of this report
tr03-official-1/0703-cell-b-0263-flow045/trace.jsonl.gz	456633	575a82f21c03ae7a16a6baab9a26300d2cd553d7fde8984f522c4e6bd237bd6c	too large (trace)
tr03-official-1/0704-cell-b-0267-normal-s1/reference-10ms-differences.json.gz	84020	38ad967cdc5fcb8acc2ea8e76c045cb67e6e3910d6c28b7c5c77c12fcac3671c	not a metric of this report
tr03-official-1/0704-cell-b-0267-normal-s1/trace.jsonl.gz	2934595	bf81740695a593905afb36cb434dd987ff9d2aa5d3b4def598fb61f469a7480c	too large (trace)
tr03-official-1/0705-cell-b-0267-normal-s2/reference-10ms-differences.json.gz	84039	a856b156ca423279c16df873cd6e8511668ed97047574d99af2ce39ca362a9e8	not a metric of this report
tr03-official-1/0705-cell-b-0267-normal-s2/trace.jsonl.gz	2721627	04b1755a4e39e44dd6542d1cc5a1905cc292687c665d97a8169814ad3f989681	too large (trace)
tr03-official-1/0706-cell-b-0267-normal-s3/reference-10ms-differences.json.gz	84227	7879447fe6a66750c9d9c1aa73239ee2d90654cd7d34d3c90db4b2c350ff76c8	not a metric of this report
tr03-official-1/0706-cell-b-0267-normal-s3/trace.jsonl.gz	2647815	7bf6f717b352185954a7e93bcbe947f32c7d062df9a2a6972aa135c393e6c200	too large (trace)
tr03-official-1/0707-cell-b-0267-cycle-stop/reference-10ms-differences.json.gz	14472	79fe4f1f4026c2570e6610b57197cb206adea2b5345d2011d5a13af050157ec2	not a metric of this report
tr03-official-1/0707-cell-b-0267-cycle-stop/trace.jsonl.gz	644007	1295802ee00939af4b0cc764149f567609291d5a1f8ac8f130a314c84e4bbd77	too large (trace)
tr03-official-1/0708-cell-b-0267-curtain/reference-10ms-differences.json.gz	11704	528388049f080f38e0ba06ff1a19d940b71bf70e6cb0a14453625646628d3258	not a metric of this report
tr03-official-1/0708-cell-b-0267-curtain/trace.jsonl.gz	426536	076fb728ab5bfeb910206744db671a3bf6b739a23c4bc9b64bcc042c97c91244	too large (trace)
tr03-official-1/0709-cell-b-0267-recovery/reference-10ms-differences.json.gz	57473	68ec8b411eb6c72023d8024039d1145767172763772fbffc37982cab146257fe	not a metric of this report
tr03-official-1/0709-cell-b-0267-recovery/trace.jsonl.gz	1736356	05d14da5b2ec21a3694aac9c7b5b1cc1035c7e54f9a367d3b9e4274fa832774f	too large (trace)
tr03-official-1/0710-cell-b-0267-recovery-retract/reference-10ms-differences.json.gz	57501	d9b1d0344b2a21e4fb038099ffba1e74294546372911d2a36d58be1dbfed04b9	not a metric of this report
tr03-official-1/0710-cell-b-0267-recovery-retract/trace.jsonl.gz	1753324	4ddf1c0bebd869fc236e4ccb1bf551bfb4c4848ae15a722b1a81c47fb7e9ddd7	too large (trace)
tr03-official-1/0711-cell-b-0267-batch/reference-10ms-differences.json.gz	39806	38326ee2fe2543767ebac1fd4c4b9409eaabf52beb1e8be378f83c3a77dbd448	not a metric of this report
tr03-official-1/0711-cell-b-0267-batch/trace.jsonl.gz	1761251	f0ac492dd518755c3d6baf65d7c32e62e0609243301c48eb30deba03009a7c95	too large (trace)
tr03-official-1/0712-cell-b-0267-stroke75/constants.json	5779	23eb4ee6404d9bbca1675106843e233adf2dd72c0e37f275d0c9bb31194fcadb	plant-model file (private)
tr03-official-1/0712-cell-b-0267-stroke75/reference-10ms-differences.json.gz	3631	ab1509d19ff34bad63747541f6036c0c298954dbcc9bfd5e6b17f7e60e256d47	not a metric of this report
tr03-official-1/0712-cell-b-0267-stroke75/trace.jsonl.gz	1135801	d49f6785b7331df919d8b0d5f17abce680637f92805d1e39f3a797d9ff691dd3	too large (trace)
tr03-official-1/0713-cell-b-0267-flow060/constants.json	5759	749da6a9a3b578914850d85f44d3468ebdd2fefffb551566451d2e1a2d182a14	plant-model file (private)
tr03-official-1/0713-cell-b-0267-flow060/flow.plccell.json	33668	de3b752c6569074a823f5ee6945a6aea173d27e736d7f9764b3705dc16fcefb6	plant-model file (private)
tr03-official-1/0713-cell-b-0267-flow060/reference-10ms-differences.json.gz	3709	d741bee06b603440be06dccdabf6de7e6e023bb20b5e8f5ec49425bb7b0b7052	not a metric of this report
tr03-official-1/0713-cell-b-0267-flow060/trace.jsonl.gz	487571	aca2d9a5caaa9b8ae7e425e44e3a55935b9003df13d263df98f62c8823668250	too large (trace)
tr03-official-1/0714-cell-b-0267-flow045/constants.json	5760	b60b895ae8a70ba009e8fef0331b36e4f055cc6e7e075ae19d01b37f763c0360	plant-model file (private)
tr03-official-1/0714-cell-b-0267-flow045/flow.plccell.json	33668	de3b752c6569074a823f5ee6945a6aea173d27e736d7f9764b3705dc16fcefb6	plant-model file (private)
tr03-official-1/0714-cell-b-0267-flow045/reference-10ms-differences.json.gz	3855	683859af0218417dfefb4a4e32c590c0a4de9b009d93b85fc10b069d77c420c6	not a metric of this report
tr03-official-1/0714-cell-b-0267-flow045/trace.jsonl.gz	463821	3abdb67392d3a6cf94b9c349d3eb1a8780e702addc7b8c4983d63f815dca5aa8	too large (trace)
tr03-official-1/0715-cell-b-0270-normal-s1/reference-10ms-differences.json.gz	89975	c97b64132ff29edd1c69dca3cad2fd07c0e9ce58f63857ae6bda3381edb11631	not a metric of this report
tr03-official-1/0715-cell-b-0270-normal-s1/trace.jsonl.gz	2932586	52dcc501dee5874e3bd56ffce4f9c6ed75978a982bb285471e6027a21645f7e2	too large (trace)
tr03-official-1/0716-cell-b-0270-normal-s2/reference-10ms-differences.json.gz	89995	f52d4350787084ab5a4ed727dd9b5593d2a9fd64b7ddce2c6d36cf12c2ac4630	not a metric of this report
tr03-official-1/0716-cell-b-0270-normal-s2/trace.jsonl.gz	2721360	8234ce5c895070e4035eb3e1bae0607e0d964cf46670d12d4175ddbd270588a3	too large (trace)
tr03-official-1/0717-cell-b-0270-normal-s3/reference-10ms-differences.json.gz	90186	15d96cde53023139993b701f92ddbe1497cf53658d396fa2a162293305b73055	not a metric of this report
tr03-official-1/0717-cell-b-0270-normal-s3/trace.jsonl.gz	2660814	5200a909ac641260f19aed085b44582aa15ea99e6aef62e7ed5bbd73266ae168	too large (trace)
tr03-official-1/0718-cell-b-0270-cycle-stop/reference-10ms-differences.json.gz	20442	10b36be0259b43c7c6331ed44fd0b9cc6dc26a5b369cd1d007206d99eb648768	not a metric of this report
tr03-official-1/0718-cell-b-0270-cycle-stop/trace.jsonl.gz	642218	a475e5d35532b2b68db1c1a9be25700ec66185001dce7d6802d41b92f7b9c4c4	too large (trace)
tr03-official-1/0719-cell-b-0270-curtain/reference-10ms-differences.json.gz	17732	102d92249644bfb1f2110f6efb0b45aacf533885473352dbfd7dcc0c3af39a83	not a metric of this report
tr03-official-1/0719-cell-b-0270-curtain/trace.jsonl.gz	433099	6d74ef54cf497b7e462f8a4f4891a867c826f0494d8791084234b24dd91b0138	too large (trace)
tr03-official-1/0720-cell-b-0270-recovery/reference-10ms-differences.json.gz	63495	6d2c27735a6dbf907928527cf4e74597d9041a85c7ad5be1397aec346ca62bba	not a metric of this report
tr03-official-1/0720-cell-b-0270-recovery/trace.jsonl.gz	1745082	dd58e5b4d0c16ae5c2a60a501501388fef8d14e85ee22e7f3f32058b47c44716	too large (trace)
tr03-official-1/0721-cell-b-0270-recovery-retract/reference-10ms-differences.json.gz	63517	ba1f6b73946385c14cee6eeec4841eda7f137b3fc4aa86bf10e87f6d477f6a71	not a metric of this report
tr03-official-1/0721-cell-b-0270-recovery-retract/trace.jsonl.gz	1756630	5e17d57a9bfabbbd1b07feb2225e7c0b64384f8c0a9a004bf2a5eb2a275ee937	too large (trace)
tr03-official-1/0722-cell-b-0270-batch/reference-10ms-differences.json.gz	45793	c9764e828a785411446565dab1feb7bd936e7d910f7d0731d36ebc299fffc752	not a metric of this report
tr03-official-1/0722-cell-b-0270-batch/trace.jsonl.gz	1759682	0cfde62e6ce91c85268d1d655cf6c1d142366e0bcdc4303f193a753e823b5b38	too large (trace)
tr03-official-1/0723-cell-b-0270-stroke75/constants.json	5779	23eb4ee6404d9bbca1675106843e233adf2dd72c0e37f275d0c9bb31194fcadb	plant-model file (private)
tr03-official-1/0723-cell-b-0270-stroke75/reference-10ms-differences.json.gz	9587	7bef3954722f428ecf036952fea59f31e2befc1e4ca23449e593b38b562cc763	not a metric of this report
tr03-official-1/0723-cell-b-0270-stroke75/trace.jsonl.gz	1139968	8e557dd0784e98e8d30d5956e027efde22e743001d6d89ac6468229c9ea2ec7f	too large (trace)
tr03-official-1/0724-cell-b-0270-flow060/constants.json	5759	749da6a9a3b578914850d85f44d3468ebdd2fefffb551566451d2e1a2d182a14	plant-model file (private)
tr03-official-1/0724-cell-b-0270-flow060/flow.plccell.json	33668	de3b752c6569074a823f5ee6945a6aea173d27e736d7f9764b3705dc16fcefb6	plant-model file (private)
tr03-official-1/0724-cell-b-0270-flow060/reference-10ms-differences.json.gz	9663	f7d3017e0cdc97d7ceff8adc2c157b9da2760611d1c94cfb7dab82c23ce6c9a5	not a metric of this report
tr03-official-1/0724-cell-b-0270-flow060/trace.jsonl.gz	485637	63441da076c2ac3b0c85b3016ddde2b26427faa2c27a65a8852cb50186d03b10	too large (trace)
tr03-official-1/0725-cell-b-0270-flow045/constants.json	5760	b60b895ae8a70ba009e8fef0331b36e4f055cc6e7e075ae19d01b37f763c0360	plant-model file (private)
tr03-official-1/0725-cell-b-0270-flow045/flow.plccell.json	33668	de3b752c6569074a823f5ee6945a6aea173d27e736d7f9764b3705dc16fcefb6	plant-model file (private)
tr03-official-1/0725-cell-b-0270-flow045/reference-10ms-differences.json.gz	9807	c4045d1596fd62c2061b94dda53089e9918e5e195facc2d9fb6d9b3212a96cb3	not a metric of this report
tr03-official-1/0725-cell-b-0270-flow045/trace.jsonl.gz	467437	804792680c4aeb3a73bf2feceec6118370beb432ed5ac6c853b8fc316abee6b6	too large (trace)
tr03-official-1/0726-cell-b-0273-normal-s1/reference-10ms-differences.json.gz	23	f1101f8233b16d980af348db666cbdb1b9772fa79c6fa8d7d6d9550c1f6a546d	not a metric of this report
tr03-official-1/0726-cell-b-0273-normal-s1/trace.jsonl.gz	2913576	9be5b30326cb30450afae98838bbda49303e3fbe4660346e070499616f1bb3f0	too large (trace)
tr03-official-1/0727-cell-b-0273-normal-s2/reference-10ms-differences.json.gz	23	f1101f8233b16d980af348db666cbdb1b9772fa79c6fa8d7d6d9550c1f6a546d	not a metric of this report
tr03-official-1/0727-cell-b-0273-normal-s2/trace.jsonl.gz	2700350	45678979c67d3d2876d376d92b563f8531c1a19cfc60a19264837edd77fa325c	too large (trace)
tr03-official-1/0728-cell-b-0273-normal-s3/reference-10ms-differences.json.gz	23	f1101f8233b16d980af348db666cbdb1b9772fa79c6fa8d7d6d9550c1f6a546d	not a metric of this report
tr03-official-1/0728-cell-b-0273-normal-s3/trace.jsonl.gz	2674823	e5996fafc56c5d317a52feef0582a9c86aa00c4f31e7e120540aa5e99e752f82	too large (trace)
tr03-official-1/0729-cell-b-0273-cycle-stop/reference-10ms-differences.json.gz	23	f1101f8233b16d980af348db666cbdb1b9772fa79c6fa8d7d6d9550c1f6a546d	not a metric of this report
tr03-official-1/0729-cell-b-0273-cycle-stop/trace.jsonl.gz	634882	dd614fbf96edf3ea974258cd873c7611e83fef88adb33d8dc37b01c54f87540a	too large (trace)
tr03-official-1/0730-cell-b-0273-curtain/reference-10ms-differences.json.gz	23	f1101f8233b16d980af348db666cbdb1b9772fa79c6fa8d7d6d9550c1f6a546d	not a metric of this report
tr03-official-1/0730-cell-b-0273-curtain/trace.jsonl.gz	418014	2acac8dfea95502d1b06463025fa160f1564452370bf85d772f736b4edc82d40	too large (trace)
tr03-official-1/0731-cell-b-0273-recovery/reference-10ms-differences.json.gz	23	f1101f8233b16d980af348db666cbdb1b9772fa79c6fa8d7d6d9550c1f6a546d	not a metric of this report
tr03-official-1/0731-cell-b-0273-recovery/trace.jsonl.gz	1710826	9bc53d6eaa4b647708236d20105657bdf59e20b0a5cdea31e43fed81d89b36f5	too large (trace)
tr03-official-1/0732-cell-b-0273-recovery-retract/reference-10ms-differences.json.gz	23	f1101f8233b16d980af348db666cbdb1b9772fa79c6fa8d7d6d9550c1f6a546d	not a metric of this report
tr03-official-1/0732-cell-b-0273-recovery-retract/trace.jsonl.gz	1740596	8dd544a9a79cfea0ed2ca751e23c62b2c70992784e74cfdcfba6aee266713bcd	too large (trace)
tr03-official-1/0733-cell-b-0273-batch/reference-10ms-differences.json.gz	23	f1101f8233b16d980af348db666cbdb1b9772fa79c6fa8d7d6d9550c1f6a546d	not a metric of this report
tr03-official-1/0733-cell-b-0273-batch/trace.jsonl.gz	1744985	477ba2f328281a00914b6dd0f496e49191379c37a910e9ad538bc44b7f3d17ec	too large (trace)
tr03-official-1/0734-cell-b-0273-stroke75/constants.json	5779	23eb4ee6404d9bbca1675106843e233adf2dd72c0e37f275d0c9bb31194fcadb	plant-model file (private)
tr03-official-1/0734-cell-b-0273-stroke75/reference-10ms-differences.json.gz	38737	ede776854dbea2bedf92d48c5b6dbef452257d2bc19cb1bf848934121a9f13e2	not a metric of this report
tr03-official-1/0734-cell-b-0273-stroke75/trace.jsonl.gz	1088133	2eaf69c28da083381cef7d9b8e2fc58b03695e4cefc0b27bd0b5b89990a68840	too large (trace)
tr03-official-1/0735-cell-b-0273-flow060/constants.json	5759	749da6a9a3b578914850d85f44d3468ebdd2fefffb551566451d2e1a2d182a14	plant-model file (private)
tr03-official-1/0735-cell-b-0273-flow060/flow.plccell.json	33668	de3b752c6569074a823f5ee6945a6aea173d27e736d7f9764b3705dc16fcefb6	plant-model file (private)
tr03-official-1/0735-cell-b-0273-flow060/reference-10ms-differences.json.gz	8234	ee95aeb088a08ec77c9aef125b70561db717db7dcd6e984fd1daaaa48cb5750a	not a metric of this report
tr03-official-1/0735-cell-b-0273-flow060/trace.jsonl.gz	485329	6a92fb6a13fbb2b7813f076ca5a6d0b72577c075883e2a9e62f3bb72d6694373	too large (trace)
tr03-official-1/0736-cell-b-0273-flow045/constants.json	5760	b60b895ae8a70ba009e8fef0331b36e4f055cc6e7e075ae19d01b37f763c0360	plant-model file (private)
tr03-official-1/0736-cell-b-0273-flow045/flow.plccell.json	33668	de3b752c6569074a823f5ee6945a6aea173d27e736d7f9764b3705dc16fcefb6	plant-model file (private)
tr03-official-1/0736-cell-b-0273-flow045/reference-10ms-differences.json.gz	8052	2648f79e2bf5adb4ef63c479316bee4ad8e544275f724a238b239d19f125ff80	not a metric of this report
tr03-official-1/0736-cell-b-0273-flow045/trace.jsonl.gz	465305	e84fa3744a4a9f8b82e87cd8d547d0407ba840a57a74047b03bd711a9682a425	too large (trace)
tr03-official-1/0737-cell-b-0274-normal-s1/reference-10ms-differences.json.gz	23	f1101f8233b16d980af348db666cbdb1b9772fa79c6fa8d7d6d9550c1f6a546d	not a metric of this report
tr03-official-1/0737-cell-b-0274-normal-s1/trace.jsonl.gz	2917947	d2b36249498eeebe056fcce8810088e0dff916ac3fd32c1ecd6dd2c8fabe2dc2	too large (trace)
tr03-official-1/0738-cell-b-0274-normal-s2/reference-10ms-differences.json.gz	23	f1101f8233b16d980af348db666cbdb1b9772fa79c6fa8d7d6d9550c1f6a546d	not a metric of this report
tr03-official-1/0738-cell-b-0274-normal-s2/trace.jsonl.gz	2705579	ca89063e82e9bfb13a27e96cc722d6932ee662a63c78e42a0669413d7afe46f8	too large (trace)
tr03-official-1/0739-cell-b-0274-normal-s3/reference-10ms-differences.json.gz	23	f1101f8233b16d980af348db666cbdb1b9772fa79c6fa8d7d6d9550c1f6a546d	not a metric of this report
tr03-official-1/0739-cell-b-0274-normal-s3/trace.jsonl.gz	2695399	25999a68a96590c0bd1e075438fa4284e8a6c6f9ac681b77e421a6f23f8a4dcd	too large (trace)
tr03-official-1/0740-cell-b-0274-cycle-stop/reference-10ms-differences.json.gz	23	f1101f8233b16d980af348db666cbdb1b9772fa79c6fa8d7d6d9550c1f6a546d	not a metric of this report
tr03-official-1/0740-cell-b-0274-cycle-stop/trace.jsonl.gz	642671	b87de55cd3252adcf22d06d35baf69063e055c436595a774c4f96db9fea532bc	too large (trace)
tr03-official-1/0741-cell-b-0274-curtain/reference-10ms-differences.json.gz	23	f1101f8233b16d980af348db666cbdb1b9772fa79c6fa8d7d6d9550c1f6a546d	not a metric of this report
tr03-official-1/0741-cell-b-0274-curtain/trace.jsonl.gz	431738	df0595633a3f322471a8477503a89d6554ee268faf906a4fdfdc56147e367838	too large (trace)
tr03-official-1/0742-cell-b-0274-recovery/reference-10ms-differences.json.gz	23	f1101f8233b16d980af348db666cbdb1b9772fa79c6fa8d7d6d9550c1f6a546d	not a metric of this report
tr03-official-1/0742-cell-b-0274-recovery/trace.jsonl.gz	1735662	ed82862c70fb0841fc10a7ddaaad099e27214f957fd515d98b2563d81d75c923	too large (trace)
tr03-official-1/0743-cell-b-0274-recovery-retract/reference-10ms-differences.json.gz	23	f1101f8233b16d980af348db666cbdb1b9772fa79c6fa8d7d6d9550c1f6a546d	not a metric of this report
tr03-official-1/0743-cell-b-0274-recovery-retract/trace.jsonl.gz	1751689	33051eb258455a05bf38cbb661f065471109e3c59dee946fb186fa7c7307c175	too large (trace)
tr03-official-1/0744-cell-b-0274-batch/reference-10ms-differences.json.gz	23	f1101f8233b16d980af348db666cbdb1b9772fa79c6fa8d7d6d9550c1f6a546d	not a metric of this report
tr03-official-1/0744-cell-b-0274-batch/trace.jsonl.gz	1757317	3090b30c863987846a684aab2dbddfecfc2b46bce2db9d05dbadaa0cb5dbd19a	too large (trace)
tr03-official-1/0745-cell-b-0274-stroke75/constants.json	5779	23eb4ee6404d9bbca1675106843e233adf2dd72c0e37f275d0c9bb31194fcadb	plant-model file (private)
tr03-official-1/0745-cell-b-0274-stroke75/reference-10ms-differences.json.gz	23	f1101f8233b16d980af348db666cbdb1b9772fa79c6fa8d7d6d9550c1f6a546d	not a metric of this report
tr03-official-1/0745-cell-b-0274-stroke75/trace.jsonl.gz	1138556	1d8894082a8c562c2808006145e0d62b898ac41b8d36fb62c0b6b4aabda9ddfa	too large (trace)
tr03-official-1/0746-cell-b-0274-flow060/constants.json	5759	749da6a9a3b578914850d85f44d3468ebdd2fefffb551566451d2e1a2d182a14	plant-model file (private)
tr03-official-1/0746-cell-b-0274-flow060/flow.plccell.json	33668	de3b752c6569074a823f5ee6945a6aea173d27e736d7f9764b3705dc16fcefb6	plant-model file (private)
tr03-official-1/0746-cell-b-0274-flow060/reference-10ms-differences.json.gz	23	f1101f8233b16d980af348db666cbdb1b9772fa79c6fa8d7d6d9550c1f6a546d	not a metric of this report
tr03-official-1/0746-cell-b-0274-flow060/trace.jsonl.gz	480225	c2fe443b9b887ff9f210168cb2c76e58a8ba119816ee549936093be7a555f56a	too large (trace)
tr03-official-1/0747-cell-b-0274-flow045/constants.json	5760	b60b895ae8a70ba009e8fef0331b36e4f055cc6e7e075ae19d01b37f763c0360	plant-model file (private)
tr03-official-1/0747-cell-b-0274-flow045/flow.plccell.json	33668	de3b752c6569074a823f5ee6945a6aea173d27e736d7f9764b3705dc16fcefb6	plant-model file (private)
tr03-official-1/0747-cell-b-0274-flow045/reference-10ms-differences.json.gz	23	f1101f8233b16d980af348db666cbdb1b9772fa79c6fa8d7d6d9550c1f6a546d	not a metric of this report
tr03-official-1/0747-cell-b-0274-flow045/trace.jsonl.gz	461427	8e05b25aacd07f07603a76762e7e4b390d599d826634f16aaae6b04edcde0b07	too large (trace)
tr03-official-1/0748-cell-b-0280-normal-s1/reference-10ms-differences.json.gz	23	f1101f8233b16d980af348db666cbdb1b9772fa79c6fa8d7d6d9550c1f6a546d	not a metric of this report
tr03-official-1/0748-cell-b-0280-normal-s1/trace.jsonl.gz	2922586	58e478e50943d14b7419d4ad5c3fee85487fd3bd2d899ac449f69b638483fc67	too large (trace)
tr03-official-1/0749-cell-b-0280-normal-s2/reference-10ms-differences.json.gz	23	f1101f8233b16d980af348db666cbdb1b9772fa79c6fa8d7d6d9550c1f6a546d	not a metric of this report
tr03-official-1/0749-cell-b-0280-normal-s2/trace.jsonl.gz	2697819	36cb98afc52078ade849ebd448f9f9ce03cb0ad6121e20b4e3acdc1a1f8bcca1	too large (trace)
tr03-official-1/0750-cell-b-0280-normal-s3/reference-10ms-differences.json.gz	23	f1101f8233b16d980af348db666cbdb1b9772fa79c6fa8d7d6d9550c1f6a546d	not a metric of this report
tr03-official-1/0750-cell-b-0280-normal-s3/trace.jsonl.gz	2661613	2ab91edb8522a22d6ae735ca1b9806659778d8ba4426afa71ce54006e518bd25	too large (trace)
tr03-official-1/0751-cell-b-0280-cycle-stop/reference-10ms-differences.json.gz	23	f1101f8233b16d980af348db666cbdb1b9772fa79c6fa8d7d6d9550c1f6a546d	not a metric of this report
tr03-official-1/0751-cell-b-0280-cycle-stop/trace.jsonl.gz	633436	3acd0380f8bc8284bf6df227eba290813ea38fdfdb3561b63c45699b576b662c	too large (trace)
tr03-official-1/0752-cell-b-0280-curtain/reference-10ms-differences.json.gz	23	f1101f8233b16d980af348db666cbdb1b9772fa79c6fa8d7d6d9550c1f6a546d	not a metric of this report
tr03-official-1/0752-cell-b-0280-curtain/trace.jsonl.gz	426613	3a09f3c10ca7f728f32df0034bdecbbaee1750b06146192b924f843b0d7d40f1	too large (trace)
tr03-official-1/0753-cell-b-0280-recovery/reference-10ms-differences.json.gz	23	f1101f8233b16d980af348db666cbdb1b9772fa79c6fa8d7d6d9550c1f6a546d	not a metric of this report
tr03-official-1/0753-cell-b-0280-recovery/trace.jsonl.gz	1723882	abbf037c441660257c83f7593440d6e81a491dd5ad313e30832901d8f70eef1c	too large (trace)
tr03-official-1/0754-cell-b-0280-recovery-retract/reference-10ms-differences.json.gz	23	f1101f8233b16d980af348db666cbdb1b9772fa79c6fa8d7d6d9550c1f6a546d	not a metric of this report
tr03-official-1/0754-cell-b-0280-recovery-retract/trace.jsonl.gz	1739665	ddb76759e1f81bf0cce27b7a3d3921c3e5bfb80a61d520f7eb571c360b846de9	too large (trace)
tr03-official-1/0755-cell-b-0280-batch/reference-10ms-differences.json.gz	23	f1101f8233b16d980af348db666cbdb1b9772fa79c6fa8d7d6d9550c1f6a546d	not a metric of this report
tr03-official-1/0755-cell-b-0280-batch/trace.jsonl.gz	1757294	9bf0a503740d29ae06c94d71f4eb7f9ee8e13d90b07d9f12ec5632afd541a483	too large (trace)
tr03-official-1/0756-cell-b-0280-stroke75/constants.json	5779	23eb4ee6404d9bbca1675106843e233adf2dd72c0e37f275d0c9bb31194fcadb	plant-model file (private)
tr03-official-1/0756-cell-b-0280-stroke75/reference-10ms-differences.json.gz	38888	d618e22ee5ede973e6350494d62fca596acdfa5ab71ad3b70f0224f21c7da925	not a metric of this report
tr03-official-1/0756-cell-b-0280-stroke75/trace.jsonl.gz	1170726	56a12b20f0b0f7fe6644f661230b010fe468bc19dcb655e7f3307d7aee75f678	too large (trace)
tr03-official-1/0757-cell-b-0280-flow060/constants.json	5759	749da6a9a3b578914850d85f44d3468ebdd2fefffb551566451d2e1a2d182a14	plant-model file (private)
tr03-official-1/0757-cell-b-0280-flow060/flow.plccell.json	33668	de3b752c6569074a823f5ee6945a6aea173d27e736d7f9764b3705dc16fcefb6	plant-model file (private)
tr03-official-1/0757-cell-b-0280-flow060/reference-10ms-differences.json.gz	23	f1101f8233b16d980af348db666cbdb1b9772fa79c6fa8d7d6d9550c1f6a546d	not a metric of this report
tr03-official-1/0757-cell-b-0280-flow060/trace.jsonl.gz	480390	1a24fe03fdde9d112d6dd23d2102cefc8ef870dcdf3b0f42ec6a016ca44966de	too large (trace)
tr03-official-1/0758-cell-b-0280-flow045/constants.json	5760	b60b895ae8a70ba009e8fef0331b36e4f055cc6e7e075ae19d01b37f763c0360	plant-model file (private)
tr03-official-1/0758-cell-b-0280-flow045/flow.plccell.json	33668	de3b752c6569074a823f5ee6945a6aea173d27e736d7f9764b3705dc16fcefb6	plant-model file (private)
tr03-official-1/0758-cell-b-0280-flow045/reference-10ms-differences.json.gz	23	f1101f8233b16d980af348db666cbdb1b9772fa79c6fa8d7d6d9550c1f6a546d	not a metric of this report
tr03-official-1/0758-cell-b-0280-flow045/trace.jsonl.gz	461512	a53d443f67aa384e1bd7d033811e68c6b4a2898dcd77d845b0b6a4925310a4a2	too large (trace)
tr03-official-1/0759-cell-b-0281-normal-s1/reference-10ms-differences.json.gz	57637	1189ec22e0b908cc056ae3a8eb38d4ba41dc67584bcb5d323b97b5e069e33d1e	not a metric of this report
tr03-official-1/0759-cell-b-0281-normal-s1/trace.jsonl.gz	1849724	cea0ca4db6d962721163504473793def52c6a3e5b302ce969eb8abb03a64ef70	too large (trace)
tr03-official-1/0760-cell-b-0281-normal-s2/reference-10ms-differences.json.gz	56605	f0089078b50f25acadb0ea9bcd945e6b395f8ee0d6e6d541cceb2b3d75386a1e	not a metric of this report
tr03-official-1/0760-cell-b-0281-normal-s2/trace.jsonl.gz	2027118	cf6d21582e528e6de02a51b036de18fcafcaef9fec085c42a202b11727c54f09	too large (trace)
tr03-official-1/0761-cell-b-0281-normal-s3/reference-10ms-differences.json.gz	54073	d23d0149aed11f3761ca138d6b40ba3bc68ad618b1bef50ef377c7d383a7b0c9	not a metric of this report
tr03-official-1/0761-cell-b-0281-normal-s3/trace.jsonl.gz	1982924	17ae3dae9a0f272dbfc433b871ad5c7b5c22abd1e40d8fee4478d00b2279f72b	too large (trace)
tr03-official-1/0762-cell-b-0281-cycle-stop/reference-10ms-differences.json.gz	9783	f2c20a45f664bb869ba8986bcaf10d07c4643becced5f3aff0908538a3cc41d3	not a metric of this report
tr03-official-1/0762-cell-b-0281-cycle-stop/trace.jsonl.gz	518939	6960bb36103e4b826b97dc3677c38f8af40e3eddd16983458163e957edaa1c52	too large (trace)
tr03-official-1/0763-cell-b-0281-curtain/reference-10ms-differences.json.gz	6876	9d9eae5cc058f50d04cce0131825a759549d13a254771af2932b733f7bff60fb	not a metric of this report
tr03-official-1/0763-cell-b-0281-curtain/trace.jsonl.gz	444712	231bda226f9a375844600e46b3a6c80357fd57c7d4d43de2047d0efeef094504	too large (trace)
tr03-official-1/0764-cell-b-0281-recovery/reference-10ms-differences.json.gz	46763	38fe56eec1890f9fc0823b72528c4915e08be654e991835f3cde6116de2a4e77	not a metric of this report
tr03-official-1/0764-cell-b-0281-recovery/trace.jsonl.gz	1618600	e1ba946151316e8c914f1ac53dbb8fabe8fb0932de65311c9fdf37585735660c	too large (trace)
tr03-official-1/0765-cell-b-0281-recovery-retract/reference-10ms-differences.json.gz	50209	3e177c8bd846f8bdbd4d9bb6fb57b5fc9489069b5369f9d32b92745f319a11e5	not a metric of this report
tr03-official-1/0765-cell-b-0281-recovery-retract/trace.jsonl.gz	1617511	475758dcacd3cccb8b5bfe0b999d172a76357afdecec7ff5a3c865f7a2798720	too large (trace)
tr03-official-1/0766-cell-b-0281-batch/reference-10ms-differences.json.gz	27341	004aa70071d88c36d918de84cb25c062de567faa0b2c8e493bd89f9ca1d372a8	not a metric of this report
tr03-official-1/0766-cell-b-0281-batch/trace.jsonl.gz	1007462	b5776353d126c1d42fe987c24de82f8eada5540ef80d80d043a14f658c6a6ea5	too large (trace)
tr03-official-1/0767-cell-b-0281-stroke75/constants.json	5779	23eb4ee6404d9bbca1675106843e233adf2dd72c0e37f275d0c9bb31194fcadb	plant-model file (private)
tr03-official-1/0767-cell-b-0281-stroke75/reference-10ms-differences.json.gz	27341	004aa70071d88c36d918de84cb25c062de567faa0b2c8e493bd89f9ca1d372a8	not a metric of this report
tr03-official-1/0767-cell-b-0281-stroke75/trace.jsonl.gz	1014942	b958bf894212404c979c4714e94d0ccf1251f5c3b75b410ce4b536e192438308	too large (trace)
tr03-official-1/0768-cell-b-0281-flow060/constants.json	5759	749da6a9a3b578914850d85f44d3468ebdd2fefffb551566451d2e1a2d182a14	plant-model file (private)
tr03-official-1/0768-cell-b-0281-flow060/flow.plccell.json	33668	de3b752c6569074a823f5ee6945a6aea173d27e736d7f9764b3705dc16fcefb6	plant-model file (private)
tr03-official-1/0768-cell-b-0281-flow060/reference-10ms-differences.json.gz	6876	9d9eae5cc058f50d04cce0131825a759549d13a254771af2932b733f7bff60fb	not a metric of this report
tr03-official-1/0768-cell-b-0281-flow060/trace.jsonl.gz	455763	27010b4ddfe5a992151cbac123dc470e5adaec9395b5c05df625415a4182fd39	too large (trace)
tr03-official-1/0769-cell-b-0281-flow045/constants.json	5760	b60b895ae8a70ba009e8fef0331b36e4f055cc6e7e075ae19d01b37f763c0360	plant-model file (private)
tr03-official-1/0769-cell-b-0281-flow045/flow.plccell.json	33668	de3b752c6569074a823f5ee6945a6aea173d27e736d7f9764b3705dc16fcefb6	plant-model file (private)
tr03-official-1/0769-cell-b-0281-flow045/reference-10ms-differences.json.gz	6876	9d9eae5cc058f50d04cce0131825a759549d13a254771af2932b733f7bff60fb	not a metric of this report
tr03-official-1/0769-cell-b-0281-flow045/trace.jsonl.gz	455764	bb06233e60c20b93ccb4c8b686d0b7d1c0a12974df0912d5d7ccd6ed0dfb5523	too large (trace)
tr03-official-1/0770-cell-b-0286-normal-s1/reference-10ms-differences.json.gz	64873	c1a8aae2fbfbb4e5fa80198150f312bf0392343a52097f913b4389d94f451539	not a metric of this report
tr03-official-1/0770-cell-b-0286-normal-s1/trace.jsonl.gz	1689888	e49ab2ca13061f28b48077cb2f9bf1f035dc95455d908ca314c5bba21910cdc1	too large (trace)
tr03-official-1/0771-cell-b-0286-normal-s2/reference-10ms-differences.json.gz	64873	c1a8aae2fbfbb4e5fa80198150f312bf0392343a52097f913b4389d94f451539	not a metric of this report
tr03-official-1/0771-cell-b-0286-normal-s2/trace.jsonl.gz	1737315	162479f638482f1cd5c516ba60568fe72d593e8984682720780ac1310506f7b1	too large (trace)
tr03-official-1/0772-cell-b-0286-normal-s3/reference-10ms-differences.json.gz	64873	c1a8aae2fbfbb4e5fa80198150f312bf0392343a52097f913b4389d94f451539	not a metric of this report
tr03-official-1/0772-cell-b-0286-normal-s3/trace.jsonl.gz	1750307	3ffdd30d06ab058d73e1626bbba6152b0c405a6acc010f147c507a9c50019c66	too large (trace)
tr03-official-1/0773-cell-b-0286-cycle-stop/reference-10ms-differences.json.gz	16717	69b2461886fe7ba2bfb0dd123e2b6e4503d18e6a684aa4f8ad3c4e1393c6c8f1	not a metric of this report
tr03-official-1/0773-cell-b-0286-cycle-stop/trace.jsonl.gz	416480	7d0162d30a4e139e1d295171b51dc31a1f84620f2103b75cddf70c1c3ee327f7	too large (trace)
tr03-official-1/0774-cell-b-0286-curtain/reference-10ms-differences.json.gz	14110	0343f508ff37aa14e1854f6e7e5b990391ad361e2a0145d892b76c0385388417	not a metric of this report
tr03-official-1/0774-cell-b-0286-curtain/trace.jsonl.gz	341709	034ff062dab40268d3c448eebd51f1f035f64e39c1b1fcb57f36433730dd4896	too large (trace)
tr03-official-1/0775-cell-b-0286-recovery/reference-10ms-differences.json.gz	59166	13b32426af989547cefee95262c51ee0a8c47ee07837001ba472ef3c876a32dc	not a metric of this report
tr03-official-1/0775-cell-b-0286-recovery/trace.jsonl.gz	1474933	b7b9f257d4b2c9b0b6879a1fa1af8de09aaad62f7181e3249ed2e9451ff64c0e	too large (trace)
tr03-official-1/0776-cell-b-0286-recovery-retract/reference-10ms-differences.json.gz	59164	9571b1030248ffcacda219b85dbe99d510aea9281d7cbcd2f5f1333584224ae8	not a metric of this report
tr03-official-1/0776-cell-b-0286-recovery-retract/trace.jsonl.gz	1474900	afb23af489a16bfcfa451408ffc235998692f2773c0b1ffe9ebfe40c6c7cb209	too large (trace)
tr03-official-1/0777-cell-b-0286-batch/reference-10ms-differences.json.gz	34578	21e7b255dc98d87085a0680d78a030e0a875fd5201d72ddb1cbba9c306bd5636	not a metric of this report
tr03-official-1/0777-cell-b-0286-batch/trace.jsonl.gz	888796	8281771c044e552f6187dbc1f3fc8dfc58577ff241647cf5df74cb40cb52e024	too large (trace)
tr03-official-1/0778-cell-b-0286-stroke75/constants.json	5779	23eb4ee6404d9bbca1675106843e233adf2dd72c0e37f275d0c9bb31194fcadb	plant-model file (private)
tr03-official-1/0778-cell-b-0286-stroke75/reference-10ms-differences.json.gz	34578	21e7b255dc98d87085a0680d78a030e0a875fd5201d72ddb1cbba9c306bd5636	not a metric of this report
tr03-official-1/0778-cell-b-0286-stroke75/trace.jsonl.gz	900005	eab7b7e89b4c4ef83a85d28e262ba8d2e8be87441634562b0452b4d0e7ff5c1a	too large (trace)
tr03-official-1/0779-cell-b-0286-flow060/constants.json	5759	749da6a9a3b578914850d85f44d3468ebdd2fefffb551566451d2e1a2d182a14	plant-model file (private)
tr03-official-1/0779-cell-b-0286-flow060/flow.plccell.json	33668	de3b752c6569074a823f5ee6945a6aea173d27e736d7f9764b3705dc16fcefb6	plant-model file (private)
tr03-official-1/0779-cell-b-0286-flow060/reference-10ms-differences.json.gz	14110	0343f508ff37aa14e1854f6e7e5b990391ad361e2a0145d892b76c0385388417	not a metric of this report
tr03-official-1/0779-cell-b-0286-flow060/trace.jsonl.gz	334222	3920c16ff7a0fd9cad9df0525ab5b2e3a090042f1e68126cdf2174a9e789179e	too large (trace)
tr03-official-1/0780-cell-b-0286-flow045/constants.json	5760	b60b895ae8a70ba009e8fef0331b36e4f055cc6e7e075ae19d01b37f763c0360	plant-model file (private)
tr03-official-1/0780-cell-b-0286-flow045/flow.plccell.json	33668	de3b752c6569074a823f5ee6945a6aea173d27e736d7f9764b3705dc16fcefb6	plant-model file (private)
tr03-official-1/0780-cell-b-0286-flow045/reference-10ms-differences.json.gz	14110	0343f508ff37aa14e1854f6e7e5b990391ad361e2a0145d892b76c0385388417	not a metric of this report
tr03-official-1/0780-cell-b-0286-flow045/trace.jsonl.gz	334221	94c91751625e7d3ede3d33b65877ba420b797956d9db4bee0ce1889ab3772f8c	too large (trace)
tr03-official-1/0781-cell-b-0290-normal-s1/reference-10ms-differences.json.gz	23	f1101f8233b16d980af348db666cbdb1b9772fa79c6fa8d7d6d9550c1f6a546d	not a metric of this report
tr03-official-1/0781-cell-b-0290-normal-s1/trace.jsonl.gz	2915855	30cb706ebe456613c2cd1121f43924f415ab0ee82243b30f10eb1419a873c6f7	too large (trace)
tr03-official-1/0782-cell-b-0290-normal-s2/reference-10ms-differences.json.gz	23	f1101f8233b16d980af348db666cbdb1b9772fa79c6fa8d7d6d9550c1f6a546d	not a metric of this report
tr03-official-1/0782-cell-b-0290-normal-s2/trace.jsonl.gz	2694732	0488b30bdfe8af6377c687ca629dc0adaee0d3db655a935d641a14c5f9e9895a	too large (trace)
tr03-official-1/0783-cell-b-0290-normal-s3/reference-10ms-differences.json.gz	23	f1101f8233b16d980af348db666cbdb1b9772fa79c6fa8d7d6d9550c1f6a546d	not a metric of this report
tr03-official-1/0783-cell-b-0290-normal-s3/trace.jsonl.gz	2668485	6e0ea39922722bbfd46d32640e4a836df8f28aeb37b5037efb54ff21ea67b9df	too large (trace)
tr03-official-1/0784-cell-b-0290-cycle-stop/reference-10ms-differences.json.gz	23	f1101f8233b16d980af348db666cbdb1b9772fa79c6fa8d7d6d9550c1f6a546d	not a metric of this report
tr03-official-1/0784-cell-b-0290-cycle-stop/trace.jsonl.gz	642168	af9dadb0655336102a2bc70abf90aaec27498652d5bf33cef9244a225fd2062e	too large (trace)
tr03-official-1/0785-cell-b-0290-curtain/reference-10ms-differences.json.gz	23	f1101f8233b16d980af348db666cbdb1b9772fa79c6fa8d7d6d9550c1f6a546d	not a metric of this report
tr03-official-1/0785-cell-b-0290-curtain/trace.jsonl.gz	424713	38811445950c884d6602a26610465034504ae17fcef27acfaca533c7c0038fcf	too large (trace)
tr03-official-1/0786-cell-b-0290-recovery/reference-10ms-differences.json.gz	33590	284733ad03edcf0c7d8ec71461b5caf3c1c3df053cbe89e622d769c09d6d6a33	not a metric of this report
tr03-official-1/0786-cell-b-0290-recovery/trace.jsonl.gz	1419757	12103c6a9f4f346c261f8646bf1a3d04d6af964a319b6e0795d454c33fdc7f54	too large (trace)
tr03-official-1/0787-cell-b-0290-recovery-retract/reference-10ms-differences.json.gz	33658	7f668245823914c1e0568117851e75324284fd421183842e3d88d0b886624290	not a metric of this report
tr03-official-1/0787-cell-b-0290-recovery-retract/trace.jsonl.gz	1517240	278b933e2820634ef8ead32aa267222a784cce7f1a73a4e0767100f93df0a335	too large (trace)
tr03-official-1/0788-cell-b-0290-batch/reference-10ms-differences.json.gz	23	f1101f8233b16d980af348db666cbdb1b9772fa79c6fa8d7d6d9550c1f6a546d	not a metric of this report
tr03-official-1/0788-cell-b-0290-batch/trace.jsonl.gz	1759868	20abc383a76028344fcee7f3eac21df071e95c1dcd09db20d701d817be8af7c5	too large (trace)
tr03-official-1/0789-cell-b-0290-stroke75/constants.json	5779	23eb4ee6404d9bbca1675106843e233adf2dd72c0e37f275d0c9bb31194fcadb	plant-model file (private)
tr03-official-1/0789-cell-b-0290-stroke75/reference-10ms-differences.json.gz	23	f1101f8233b16d980af348db666cbdb1b9772fa79c6fa8d7d6d9550c1f6a546d	not a metric of this report
tr03-official-1/0789-cell-b-0290-stroke75/trace.jsonl.gz	1133386	c11a12dbe026337b62f575149cc1dc05999419a137b98a38fbcac63db3059aa7	too large (trace)
tr03-official-1/0790-cell-b-0290-flow060/constants.json	5759	749da6a9a3b578914850d85f44d3468ebdd2fefffb551566451d2e1a2d182a14	plant-model file (private)
tr03-official-1/0790-cell-b-0290-flow060/flow.plccell.json	33668	de3b752c6569074a823f5ee6945a6aea173d27e736d7f9764b3705dc16fcefb6	plant-model file (private)
tr03-official-1/0790-cell-b-0290-flow060/reference-10ms-differences.json.gz	23	f1101f8233b16d980af348db666cbdb1b9772fa79c6fa8d7d6d9550c1f6a546d	not a metric of this report
tr03-official-1/0790-cell-b-0290-flow060/trace.jsonl.gz	480609	e28e04624aab266b49ea16e4d0dc53d64081f6d9cb5e18d432b4ccee8bb0d1e5	too large (trace)
tr03-official-1/0791-cell-b-0290-flow045/constants.json	5760	b60b895ae8a70ba009e8fef0331b36e4f055cc6e7e075ae19d01b37f763c0360	plant-model file (private)
tr03-official-1/0791-cell-b-0290-flow045/flow.plccell.json	33668	de3b752c6569074a823f5ee6945a6aea173d27e736d7f9764b3705dc16fcefb6	plant-model file (private)
tr03-official-1/0791-cell-b-0290-flow045/reference-10ms-differences.json.gz	23	f1101f8233b16d980af348db666cbdb1b9772fa79c6fa8d7d6d9550c1f6a546d	not a metric of this report
tr03-official-1/0791-cell-b-0290-flow045/trace.jsonl.gz	459412	8fe051f63a330c3143ba793cf260cafc3b76a0130f004de2f9af67dec3cc1a16	too large (trace)
tr03-official-1/0792-cell-b-0300-normal-s1/reference-10ms-differences.json.gz	64898	ec43988c3e8083082784fb860b96022f65425f40b8c560149acec2581296e0ea	not a metric of this report
tr03-official-1/0792-cell-b-0300-normal-s1/trace.jsonl.gz	1688159	c6d62ea99e778e9895153c442d0628a1750343c11e2d41cd1f919baf290cda96	too large (trace)
tr03-official-1/0793-cell-b-0300-normal-s2/reference-10ms-differences.json.gz	64898	ec43988c3e8083082784fb860b96022f65425f40b8c560149acec2581296e0ea	not a metric of this report
tr03-official-1/0793-cell-b-0300-normal-s2/trace.jsonl.gz	1736635	f7d7c22e6a0b8ec4b8273c1e81c896efc0e2590c11089870655ae900afd3c0ff	too large (trace)
tr03-official-1/0794-cell-b-0300-normal-s3/reference-10ms-differences.json.gz	64898	ec43988c3e8083082784fb860b96022f65425f40b8c560149acec2581296e0ea	not a metric of this report
tr03-official-1/0794-cell-b-0300-normal-s3/trace.jsonl.gz	1725390	a45bd57944e81308a7ec836916b77d4c010d7d5755ee5270ec11893028a8ce06	too large (trace)
tr03-official-1/0795-cell-b-0300-cycle-stop/reference-10ms-differences.json.gz	16740	8293469e4a736ccfe7740b0cb66de2ac9fc7bb481f7440acf750d8b6ba6f1407	not a metric of this report
tr03-official-1/0795-cell-b-0300-cycle-stop/trace.jsonl.gz	415935	3070ca93f0270139da850025d8df04dabe832cd2638b52a7fac9b8ee58dd1933	too large (trace)
tr03-official-1/0796-cell-b-0300-curtain/reference-10ms-differences.json.gz	14131	0dc2233f3c66e2b760d83c62d4fef38bc441f378c8e0d1290e3418b6a8022c85	not a metric of this report
tr03-official-1/0796-cell-b-0300-curtain/trace.jsonl.gz	344973	65757040a644ae2b38c5c70079d00e1aa8fefcd2d234293f08c4801af24b22a9	too large (trace)
tr03-official-1/0797-cell-b-0300-recovery/reference-10ms-differences.json.gz	59231	3a41c9680c226db48f62669fe4ee1303d4c664e0ce8f1569a1055a1c99c6efab	not a metric of this report
tr03-official-1/0797-cell-b-0300-recovery/trace.jsonl.gz	1476067	e00e30225e4a98ead4ad1139e9f4e6cdd011931d2801ef150394269eadd1692c	too large (trace)
tr03-official-1/0798-cell-b-0300-recovery-retract/reference-10ms-differences.json.gz	59230	63894f411882329060a66c550b85cf0652c053099b3117e2dd563c6e1a67ee10	not a metric of this report
tr03-official-1/0798-cell-b-0300-recovery-retract/trace.jsonl.gz	1472208	a8d8ed32ebff6adba0362669e794a4142fd09756bae7e8be52dddb0db1e0bcad	too large (trace)
tr03-official-1/0799-cell-b-0300-batch/reference-10ms-differences.json.gz	34603	2e261a45d233bccbeea2d7042299d6099cad1477ee6b26f102c448dc7ad362cb	not a metric of this report
tr03-official-1/0799-cell-b-0300-batch/trace.jsonl.gz	882341	7fd937b0c540fd28378da7aa3bef721776eac2d57504538afe358055578818c8	too large (trace)
tr03-official-1/0800-cell-b-0300-stroke75/constants.json	5779	23eb4ee6404d9bbca1675106843e233adf2dd72c0e37f275d0c9bb31194fcadb	plant-model file (private)
tr03-official-1/0800-cell-b-0300-stroke75/reference-10ms-differences.json.gz	34603	2e261a45d233bccbeea2d7042299d6099cad1477ee6b26f102c448dc7ad362cb	not a metric of this report
tr03-official-1/0800-cell-b-0300-stroke75/trace.jsonl.gz	883152	a41b865c434e112efa3c8c6092349b32be6ba8f29c1583ab7c2044ebeb10b78e	too large (trace)
tr03-official-1/0801-cell-b-0300-flow060/constants.json	5759	749da6a9a3b578914850d85f44d3468ebdd2fefffb551566451d2e1a2d182a14	plant-model file (private)
tr03-official-1/0801-cell-b-0300-flow060/flow.plccell.json	33668	de3b752c6569074a823f5ee6945a6aea173d27e736d7f9764b3705dc16fcefb6	plant-model file (private)
tr03-official-1/0801-cell-b-0300-flow060/reference-10ms-differences.json.gz	14131	0dc2233f3c66e2b760d83c62d4fef38bc441f378c8e0d1290e3418b6a8022c85	not a metric of this report
tr03-official-1/0801-cell-b-0300-flow060/trace.jsonl.gz	338388	5d55c3a5d1195cde9e62150c16dc55181bc518fe7794a2ed6fe87460ee091124	too large (trace)
tr03-official-1/0802-cell-b-0300-flow045/constants.json	5760	b60b895ae8a70ba009e8fef0331b36e4f055cc6e7e075ae19d01b37f763c0360	plant-model file (private)
tr03-official-1/0802-cell-b-0300-flow045/flow.plccell.json	33668	de3b752c6569074a823f5ee6945a6aea173d27e736d7f9764b3705dc16fcefb6	plant-model file (private)
tr03-official-1/0802-cell-b-0300-flow045/reference-10ms-differences.json.gz	14131	0dc2233f3c66e2b760d83c62d4fef38bc441f378c8e0d1290e3418b6a8022c85	not a metric of this report
tr03-official-1/0802-cell-b-0300-flow045/trace.jsonl.gz	338388	3debe691828cb164e464aaa323dbe80caba687b6348a91d719f1fb032fdd7146	too large (trace)
tr03-official-1/0803-cell-b-0301-normal-s1/reference-10ms-differences.json.gz	23	f1101f8233b16d980af348db666cbdb1b9772fa79c6fa8d7d6d9550c1f6a546d	not a metric of this report
tr03-official-1/0803-cell-b-0301-normal-s1/trace.jsonl.gz	2916606	e0fd0adf8aab0c259bb108005bdb12d2a70455824dcdc99818e56d9855288225	too large (trace)
tr03-official-1/0804-cell-b-0301-normal-s2/reference-10ms-differences.json.gz	23	f1101f8233b16d980af348db666cbdb1b9772fa79c6fa8d7d6d9550c1f6a546d	not a metric of this report
tr03-official-1/0804-cell-b-0301-normal-s2/trace.jsonl.gz	2704613	28db826ec129455360490cb736b2fbeba3fbeb119f11489115bccc44f23f866b	too large (trace)
tr03-official-1/0805-cell-b-0301-normal-s3/reference-10ms-differences.json.gz	23	f1101f8233b16d980af348db666cbdb1b9772fa79c6fa8d7d6d9550c1f6a546d	not a metric of this report
tr03-official-1/0805-cell-b-0301-normal-s3/trace.jsonl.gz	2694411	aa6d748723b3fd7558afb9db037f691f27a9ded251bef0dec6fea533a0a149e5	too large (trace)
tr03-official-1/0806-cell-b-0301-cycle-stop/reference-10ms-differences.json.gz	23	f1101f8233b16d980af348db666cbdb1b9772fa79c6fa8d7d6d9550c1f6a546d	not a metric of this report
tr03-official-1/0806-cell-b-0301-cycle-stop/trace.jsonl.gz	638163	f4272ebcc64c1f89d4100a48493a9753723c17feb44978db35551bdd22b2cfd1	too large (trace)
tr03-official-1/0807-cell-b-0301-curtain/reference-10ms-differences.json.gz	23	f1101f8233b16d980af348db666cbdb1b9772fa79c6fa8d7d6d9550c1f6a546d	not a metric of this report
tr03-official-1/0807-cell-b-0301-curtain/trace.jsonl.gz	430028	56eaa1502f1bf9cefde2344b33f7169fd4193df4fd7de2cbf62cc1db09351516	too large (trace)
tr03-official-1/0808-cell-b-0301-recovery/reference-10ms-differences.json.gz	23	f1101f8233b16d980af348db666cbdb1b9772fa79c6fa8d7d6d9550c1f6a546d	not a metric of this report
tr03-official-1/0808-cell-b-0301-recovery/trace.jsonl.gz	1725525	18a9dc734eec353717bb5c836d06f2acd02ccd0dde21881b5891394d89174ce7	too large (trace)
tr03-official-1/0809-cell-b-0301-recovery-retract/reference-10ms-differences.json.gz	23	f1101f8233b16d980af348db666cbdb1b9772fa79c6fa8d7d6d9550c1f6a546d	not a metric of this report
tr03-official-1/0809-cell-b-0301-recovery-retract/trace.jsonl.gz	1742473	cb78432f91aff322ffb18271461ecb6bfff456c743777c5947fa14ed92a5af00	too large (trace)
tr03-official-1/0810-cell-b-0301-batch/reference-10ms-differences.json.gz	23	f1101f8233b16d980af348db666cbdb1b9772fa79c6fa8d7d6d9550c1f6a546d	not a metric of this report
tr03-official-1/0810-cell-b-0301-batch/trace.jsonl.gz	1756930	1b1ff036c65465a7a0ed9877e5d5ddcbfe61e88bb89d6ed8ce70e6a802938153	too large (trace)
tr03-official-1/0811-cell-b-0301-stroke75/constants.json	5779	23eb4ee6404d9bbca1675106843e233adf2dd72c0e37f275d0c9bb31194fcadb	plant-model file (private)
tr03-official-1/0811-cell-b-0301-stroke75/reference-10ms-differences.json.gz	23	f1101f8233b16d980af348db666cbdb1b9772fa79c6fa8d7d6d9550c1f6a546d	not a metric of this report
tr03-official-1/0811-cell-b-0301-stroke75/trace.jsonl.gz	1145708	50a2ce6e144583afdae33e3308ddd39f325f51dd8a32ef33234e0c469db88ddb	too large (trace)
tr03-official-1/0812-cell-b-0301-flow060/constants.json	5759	749da6a9a3b578914850d85f44d3468ebdd2fefffb551566451d2e1a2d182a14	plant-model file (private)
tr03-official-1/0812-cell-b-0301-flow060/flow.plccell.json	33668	de3b752c6569074a823f5ee6945a6aea173d27e736d7f9764b3705dc16fcefb6	plant-model file (private)
tr03-official-1/0812-cell-b-0301-flow060/reference-10ms-differences.json.gz	23	f1101f8233b16d980af348db666cbdb1b9772fa79c6fa8d7d6d9550c1f6a546d	not a metric of this report
tr03-official-1/0812-cell-b-0301-flow060/trace.jsonl.gz	482569	f315fc5d8913ded077503cc0d0653940a6c9040675caae4a321644cbb03543b7	too large (trace)
tr03-official-1/0813-cell-b-0301-flow045/constants.json	5760	b60b895ae8a70ba009e8fef0331b36e4f055cc6e7e075ae19d01b37f763c0360	plant-model file (private)
tr03-official-1/0813-cell-b-0301-flow045/flow.plccell.json	33668	de3b752c6569074a823f5ee6945a6aea173d27e736d7f9764b3705dc16fcefb6	plant-model file (private)
tr03-official-1/0813-cell-b-0301-flow045/reference-10ms-differences.json.gz	23	f1101f8233b16d980af348db666cbdb1b9772fa79c6fa8d7d6d9550c1f6a546d	not a metric of this report
tr03-official-1/0813-cell-b-0301-flow045/trace.jsonl.gz	465168	b4f76c60d69ec9d061e6ada9d865b516ea90c2a554d21daf0adb876964aeb3bf	too large (trace)
tr03-official-1/0814-cell-b-0303-normal-s1/reference-10ms-differences.json.gz	64181	a107646e7271b6871373621866f66d5010733cb32bfa94f5f1a273142bde62e8	not a metric of this report
tr03-official-1/0814-cell-b-0303-normal-s1/trace.jsonl.gz	1625200	bb0a6fadaef3f21615cba599dab869769facc67f4c9444e0b958b7a34828ddb9	too large (trace)
tr03-official-1/0815-cell-b-0303-normal-s2/reference-10ms-differences.json.gz	64181	a107646e7271b6871373621866f66d5010733cb32bfa94f5f1a273142bde62e8	not a metric of this report
tr03-official-1/0815-cell-b-0303-normal-s2/trace.jsonl.gz	1653163	3097756323a62f8817ad1fece8b9f32aa083ebaa19f4bd9c5efafcdd793e0c4d	too large (trace)
tr03-official-1/0816-cell-b-0303-normal-s3/reference-10ms-differences.json.gz	64181	a107646e7271b6871373621866f66d5010733cb32bfa94f5f1a273142bde62e8	not a metric of this report
tr03-official-1/0816-cell-b-0303-normal-s3/trace.jsonl.gz	1639133	1bcc731a19adae418c89617fb9bb517d52b27159e3600730129d33765dee8025	too large (trace)
tr03-official-1/0817-cell-b-0303-cycle-stop/reference-10ms-differences.json.gz	16007	8d5f59181df57b71308ac233a4acb83130c991331593e5aad435222427c01bd1	not a metric of this report
tr03-official-1/0817-cell-b-0303-cycle-stop/trace.jsonl.gz	417958	23cc4d946ccef3e178b9eaa3bfe99368f63cb4623320a64fc57bd5a668eece8a	too large (trace)
tr03-official-1/0818-cell-b-0303-curtain/reference-10ms-differences.json.gz	13391	61630ec2535f7434d81286bb78fe509c803cc2040bf37e69b8bf0167899af579	not a metric of this report
tr03-official-1/0818-cell-b-0303-curtain/trace.jsonl.gz	338238	ed6404f81f0513d9d363ad62d3cdc9f7aaa2f1296d55527c05720e78aa8d8cee	too large (trace)
tr03-official-1/0819-cell-b-0303-recovery/reference-10ms-differences.json.gz	45988	fec0afec30eff608cd67fa4c4d62f189b942f9f6df3aea37c45c9a6ac6c6a2ee	not a metric of this report
tr03-official-1/0819-cell-b-0303-recovery/trace.jsonl.gz	1140392	1ac6d846c71dc630fefa0f9f9bb497b26fe37c3b6792bc3b0fc315898e7fdcfc	too large (trace)
tr03-official-1/0820-cell-b-0303-recovery-retract/reference-10ms-differences.json.gz	45988	fec0afec30eff608cd67fa4c4d62f189b942f9f6df3aea37c45c9a6ac6c6a2ee	not a metric of this report
tr03-official-1/0820-cell-b-0303-recovery-retract/trace.jsonl.gz	1153837	9ec99528f00fffd8af657850025ffec045441bafd36e8f179467dca7f103caf8	too large (trace)
tr03-official-1/0821-cell-b-0303-batch/reference-10ms-differences.json.gz	33882	1d44ecbab357f42f775965795a32bddff5a51b791c537a09cc252736e2648aa4	not a metric of this report
tr03-official-1/0821-cell-b-0303-batch/trace.jsonl.gz	860525	5a8ba4d0be3f3f564e27d4fc347920d4faf4674ee65365db1b48f8c7b74a753f	too large (trace)
tr03-official-1/0822-cell-b-0303-stroke75/constants.json	5779	23eb4ee6404d9bbca1675106843e233adf2dd72c0e37f275d0c9bb31194fcadb	plant-model file (private)
tr03-official-1/0822-cell-b-0303-stroke75/reference-10ms-differences.json.gz	33882	1d44ecbab357f42f775965795a32bddff5a51b791c537a09cc252736e2648aa4	not a metric of this report
tr03-official-1/0822-cell-b-0303-stroke75/trace.jsonl.gz	856572	61ac3f2e0c5d5984991332121aff14aae429370a3531e5e2c247d6d3978e99db	too large (trace)
tr03-official-1/0823-cell-b-0303-flow060/constants.json	5759	749da6a9a3b578914850d85f44d3468ebdd2fefffb551566451d2e1a2d182a14	plant-model file (private)
tr03-official-1/0823-cell-b-0303-flow060/flow.plccell.json	33668	de3b752c6569074a823f5ee6945a6aea173d27e736d7f9764b3705dc16fcefb6	plant-model file (private)
tr03-official-1/0823-cell-b-0303-flow060/reference-10ms-differences.json.gz	13391	61630ec2535f7434d81286bb78fe509c803cc2040bf37e69b8bf0167899af579	not a metric of this report
tr03-official-1/0823-cell-b-0303-flow060/trace.jsonl.gz	327663	633b44e05cc67b65ca998aee57fe1d9656cc07dd3921d4488a8e2e88748f3a82	too large (trace)
tr03-official-1/0824-cell-b-0303-flow045/constants.json	5760	b60b895ae8a70ba009e8fef0331b36e4f055cc6e7e075ae19d01b37f763c0360	plant-model file (private)
tr03-official-1/0824-cell-b-0303-flow045/flow.plccell.json	33668	de3b752c6569074a823f5ee6945a6aea173d27e736d7f9764b3705dc16fcefb6	plant-model file (private)
tr03-official-1/0824-cell-b-0303-flow045/reference-10ms-differences.json.gz	13391	61630ec2535f7434d81286bb78fe509c803cc2040bf37e69b8bf0167899af579	not a metric of this report
tr03-official-1/0824-cell-b-0303-flow045/trace.jsonl.gz	327664	194abbb18c03e33723c22b78970255e0ba1056dbc33dda3af652ac29cbc0443d	too large (trace)
tr03-official-1/0825-cell-b-0304-normal-s1/reference-10ms-differences.json.gz	23	f1101f8233b16d980af348db666cbdb1b9772fa79c6fa8d7d6d9550c1f6a546d	not a metric of this report
tr03-official-1/0825-cell-b-0304-normal-s1/trace.jsonl.gz	2906937	96cb273fa4968cecbe6ab66f186bbc7cc73f1d88dc61faffca5adc5c701c91c6	too large (trace)
tr03-official-1/0826-cell-b-0304-normal-s2/reference-10ms-differences.json.gz	23	f1101f8233b16d980af348db666cbdb1b9772fa79c6fa8d7d6d9550c1f6a546d	not a metric of this report
tr03-official-1/0826-cell-b-0304-normal-s2/trace.jsonl.gz	2704679	51084941a87d062113c287f869d1dced31e8f762da5c028b76821d71b533d2de	too large (trace)
tr03-official-1/0827-cell-b-0304-normal-s3/reference-10ms-differences.json.gz	23	f1101f8233b16d980af348db666cbdb1b9772fa79c6fa8d7d6d9550c1f6a546d	not a metric of this report
tr03-official-1/0827-cell-b-0304-normal-s3/trace.jsonl.gz	2669162	c1416f3a1d7f546eaee2132c8c8e49c8f307b6469fa67e816f853921ec4d03c0	too large (trace)
tr03-official-1/0828-cell-b-0304-cycle-stop/reference-10ms-differences.json.gz	23	f1101f8233b16d980af348db666cbdb1b9772fa79c6fa8d7d6d9550c1f6a546d	not a metric of this report
tr03-official-1/0828-cell-b-0304-cycle-stop/trace.jsonl.gz	637031	04ad4876923c7149baba18c83c1af392c56f2561193cc6797b026648f2bde8f3	too large (trace)
tr03-official-1/0829-cell-b-0304-curtain/reference-10ms-differences.json.gz	23	f1101f8233b16d980af348db666cbdb1b9772fa79c6fa8d7d6d9550c1f6a546d	not a metric of this report
tr03-official-1/0829-cell-b-0304-curtain/trace.jsonl.gz	428278	4cf821afca2f360ff2a53b76429cbf5f5889868f4b273e595a5c78c1a3c888ff	too large (trace)
tr03-official-1/0830-cell-b-0304-recovery/reference-10ms-differences.json.gz	33590	284733ad03edcf0c7d8ec71461b5caf3c1c3df053cbe89e622d769c09d6d6a33	not a metric of this report
tr03-official-1/0830-cell-b-0304-recovery/trace.jsonl.gz	1418053	c0e49137dd229a8ce01f83a46a815c7fa683cc574699f877250f3a5a6e7350b0	too large (trace)
tr03-official-1/0831-cell-b-0304-recovery-retract/reference-10ms-differences.json.gz	33658	7f668245823914c1e0568117851e75324284fd421183842e3d88d0b886624290	not a metric of this report
tr03-official-1/0831-cell-b-0304-recovery-retract/trace.jsonl.gz	1505050	b090e4c168bae9e9ee88b9cacab6d11856150d0d36f0acebf7f03d0b928ae25b	too large (trace)
tr03-official-1/0832-cell-b-0304-batch/reference-10ms-differences.json.gz	23	f1101f8233b16d980af348db666cbdb1b9772fa79c6fa8d7d6d9550c1f6a546d	not a metric of this report
tr03-official-1/0832-cell-b-0304-batch/trace.jsonl.gz	1755082	59bb4839d494f7a47724232b60675931d3e9979ab3c7f24138e8da6eecfe4a37	too large (trace)
tr03-official-1/0833-cell-b-0304-stroke75/constants.json	5779	23eb4ee6404d9bbca1675106843e233adf2dd72c0e37f275d0c9bb31194fcadb	plant-model file (private)
tr03-official-1/0833-cell-b-0304-stroke75/reference-10ms-differences.json.gz	23	f1101f8233b16d980af348db666cbdb1b9772fa79c6fa8d7d6d9550c1f6a546d	not a metric of this report
tr03-official-1/0833-cell-b-0304-stroke75/trace.jsonl.gz	1139906	ff008366002b0c9022280dc41fbfdccde5f409c78d969fac9f6d3b964b7f183b	too large (trace)
tr03-official-1/0834-cell-b-0304-flow060/constants.json	5759	749da6a9a3b578914850d85f44d3468ebdd2fefffb551566451d2e1a2d182a14	plant-model file (private)
tr03-official-1/0834-cell-b-0304-flow060/flow.plccell.json	33668	de3b752c6569074a823f5ee6945a6aea173d27e736d7f9764b3705dc16fcefb6	plant-model file (private)
tr03-official-1/0834-cell-b-0304-flow060/reference-10ms-differences.json.gz	23	f1101f8233b16d980af348db666cbdb1b9772fa79c6fa8d7d6d9550c1f6a546d	not a metric of this report
tr03-official-1/0834-cell-b-0304-flow060/trace.jsonl.gz	479420	86bbf8bf991fb1b1e266bedb0f126525558e69b19ff3a24fcda1489f7b8aa7cf	too large (trace)
tr03-official-1/0835-cell-b-0304-flow045/constants.json	5760	b60b895ae8a70ba009e8fef0331b36e4f055cc6e7e075ae19d01b37f763c0360	plant-model file (private)
tr03-official-1/0835-cell-b-0304-flow045/flow.plccell.json	33668	de3b752c6569074a823f5ee6945a6aea173d27e736d7f9764b3705dc16fcefb6	plant-model file (private)
tr03-official-1/0835-cell-b-0304-flow045/reference-10ms-differences.json.gz	23	f1101f8233b16d980af348db666cbdb1b9772fa79c6fa8d7d6d9550c1f6a546d	not a metric of this report
tr03-official-1/0835-cell-b-0304-flow045/trace.jsonl.gz	465893	58bc8b426a88cb467156cea027a12cf30a4e796a62fe0503cafdb32e3f8c8768	too large (trace)
tr03-official-1/0836-cell-b-0306-normal-s1/reference-10ms-differences.json.gz	57260	54c9a62d3f8c853eb9c4a766e70470d729b03708b3195fafe500d78b0a515134	not a metric of this report
tr03-official-1/0836-cell-b-0306-normal-s1/trace.jsonl.gz	1844244	7cdb8403a69fe70234c65d5eb67c6a3244cfcbabfc181aa3daa4f267e78d8f39	too large (trace)
tr03-official-1/0837-cell-b-0306-normal-s2/reference-10ms-differences.json.gz	55570	4655902b8bd11080aa480854b28c0498c05f6dcc4993462adccabb86e33ddbd6	not a metric of this report
tr03-official-1/0837-cell-b-0306-normal-s2/trace.jsonl.gz	1870624	0b1aaea389206e7eec8315ffdb8c50a52d1187de468f4925162dfe160e815acd	too large (trace)
tr03-official-1/0838-cell-b-0306-normal-s3/reference-10ms-differences.json.gz	53050	4cd3aec2230302746e1d25226b4ef4d65a559c0f5c432ca7e4430f769535cdad	not a metric of this report
tr03-official-1/0838-cell-b-0306-normal-s3/trace.jsonl.gz	1915140	48b495a67c1b0acb28a13bf9cac03be09e7c472cb6b11055afc12ea26b1f4b48	too large (trace)
tr03-official-1/0839-cell-b-0306-cycle-stop/reference-10ms-differences.json.gz	9163	5ec6e1abf60854378231a9f4ed3c5c480cedad756a2f12f1e93772a859932e6a	not a metric of this report
tr03-official-1/0839-cell-b-0306-cycle-stop/trace.jsonl.gz	479521	3f7f2f46c376ff4e41d05647e7e2192dd950734ceaf2aa3e8c47d503f4f514ff	too large (trace)
tr03-official-1/0840-cell-b-0306-curtain/reference-10ms-differences.json.gz	6574	ea2ed1a5d1639b8d47fb18eeaaf96c13eb1c7086a1865b20e4696ae546e164d7	not a metric of this report
tr03-official-1/0840-cell-b-0306-curtain/trace.jsonl.gz	404623	237f3d3a60e9db15aa590ceea6cc622eac52e771678ad5e48c800dca5d4ab67e	too large (trace)
tr03-official-1/0841-cell-b-0306-recovery/reference-10ms-differences.json.gz	50114	c3fe293403e778942df529bb8906a9b203514794b05610fa378a531fb905d012	not a metric of this report
tr03-official-1/0841-cell-b-0306-recovery/trace.jsonl.gz	1565478	6942c0d45715b953a81a3751a8042f585a13027ea52c43318775cdcaba1524f6	too large (trace)
tr03-official-1/0842-cell-b-0306-recovery-retract/reference-10ms-differences.json.gz	50114	c3fe293403e778942df529bb8906a9b203514794b05610fa378a531fb905d012	not a metric of this report
tr03-official-1/0842-cell-b-0306-recovery-retract/trace.jsonl.gz	1558449	5106207535f7b63b0987831fcffa7d6be184b931704b5f102fcb5209aa1b019e	too large (trace)
tr03-official-1/0843-cell-b-0306-batch/reference-10ms-differences.json.gz	26964	7dff3d57a3e35c95659bad9999294361884e8c489fcca35dac20f54a3462150d	not a metric of this report
tr03-official-1/0843-cell-b-0306-batch/trace.jsonl.gz	987867	419e6c2584877cf4219554fa964d262abf72784d15c033c3bbef1a4c2e668201	too large (trace)
tr03-official-1/0844-cell-b-0306-stroke75/constants.json	5779	23eb4ee6404d9bbca1675106843e233adf2dd72c0e37f275d0c9bb31194fcadb	plant-model file (private)
tr03-official-1/0844-cell-b-0306-stroke75/reference-10ms-differences.json.gz	26964	7dff3d57a3e35c95659bad9999294361884e8c489fcca35dac20f54a3462150d	not a metric of this report
tr03-official-1/0844-cell-b-0306-stroke75/trace.jsonl.gz	983586	75e6a63a98d7737abeb3a0899170a0c01bc3bc6efec0288afcf89287a16b4ba7	too large (trace)
tr03-official-1/0845-cell-b-0306-flow060/constants.json	5759	749da6a9a3b578914850d85f44d3468ebdd2fefffb551566451d2e1a2d182a14	plant-model file (private)
tr03-official-1/0845-cell-b-0306-flow060/flow.plccell.json	33668	de3b752c6569074a823f5ee6945a6aea173d27e736d7f9764b3705dc16fcefb6	plant-model file (private)
tr03-official-1/0845-cell-b-0306-flow060/reference-10ms-differences.json.gz	6574	ea2ed1a5d1639b8d47fb18eeaaf96c13eb1c7086a1865b20e4696ae546e164d7	not a metric of this report
tr03-official-1/0845-cell-b-0306-flow060/trace.jsonl.gz	409667	1858eee58571ef2c68690577716ca68e1cddf7575ce93c1c179cb2844262b1db	too large (trace)
tr03-official-1/0846-cell-b-0306-flow045/constants.json	5760	b60b895ae8a70ba009e8fef0331b36e4f055cc6e7e075ae19d01b37f763c0360	plant-model file (private)
tr03-official-1/0846-cell-b-0306-flow045/flow.plccell.json	33668	de3b752c6569074a823f5ee6945a6aea173d27e736d7f9764b3705dc16fcefb6	plant-model file (private)
tr03-official-1/0846-cell-b-0306-flow045/reference-10ms-differences.json.gz	6574	ea2ed1a5d1639b8d47fb18eeaaf96c13eb1c7086a1865b20e4696ae546e164d7	not a metric of this report
tr03-official-1/0846-cell-b-0306-flow045/trace.jsonl.gz	409666	aedd462e0a4da695b25bdfe679d939b318ef6b2af2e0e5690d87d9ff03c27dd8	too large (trace)
tr03-official-1/0847-cell-b-0311-normal-s1/reference-10ms-differences.json.gz	23	f1101f8233b16d980af348db666cbdb1b9772fa79c6fa8d7d6d9550c1f6a546d	not a metric of this report
tr03-official-1/0847-cell-b-0311-normal-s1/trace.jsonl.gz	2911080	fc7bebd73cee3092497bbf972b4b6b50ce67fc83923f5403c384a747bbf4b3bc	too large (trace)
tr03-official-1/0848-cell-b-0311-normal-s2/reference-10ms-differences.json.gz	23	f1101f8233b16d980af348db666cbdb1b9772fa79c6fa8d7d6d9550c1f6a546d	not a metric of this report
tr03-official-1/0848-cell-b-0311-normal-s2/trace.jsonl.gz	2703155	5f1258bd95afa838137b4e5b3139a580198c9431d7026a0696d190609d4a1bdb	too large (trace)
tr03-official-1/0849-cell-b-0311-normal-s3/reference-10ms-differences.json.gz	23	f1101f8233b16d980af348db666cbdb1b9772fa79c6fa8d7d6d9550c1f6a546d	not a metric of this report
tr03-official-1/0849-cell-b-0311-normal-s3/trace.jsonl.gz	2680566	e1febfc0f3a48c06a416207bee3557a33014625721b1e68c3d143701afe3b8b6	too large (trace)
tr03-official-1/0850-cell-b-0311-cycle-stop/reference-10ms-differences.json.gz	23	f1101f8233b16d980af348db666cbdb1b9772fa79c6fa8d7d6d9550c1f6a546d	not a metric of this report
tr03-official-1/0850-cell-b-0311-cycle-stop/trace.jsonl.gz	628089	2de8177c0114aba8cc2845059ef241c125ceed82c6973c76173a9bb9ca132dec	too large (trace)
tr03-official-1/0851-cell-b-0311-curtain/reference-10ms-differences.json.gz	23	f1101f8233b16d980af348db666cbdb1b9772fa79c6fa8d7d6d9550c1f6a546d	not a metric of this report
tr03-official-1/0851-cell-b-0311-curtain/trace.jsonl.gz	420983	dbdc7d7a25d3354e99b0244b06ae088b315c564eb385163ae8bb2617de746f8e	too large (trace)
tr03-official-1/0852-cell-b-0311-recovery/reference-10ms-differences.json.gz	23	f1101f8233b16d980af348db666cbdb1b9772fa79c6fa8d7d6d9550c1f6a546d	not a metric of this report
tr03-official-1/0852-cell-b-0311-recovery/trace.jsonl.gz	1720480	3229add7baf1d07d738cf0abdefa8051ec5e6d14065e2d28bcfa4239be409452	too large (trace)
tr03-official-1/0853-cell-b-0311-recovery-retract/reference-10ms-differences.json.gz	23	f1101f8233b16d980af348db666cbdb1b9772fa79c6fa8d7d6d9550c1f6a546d	not a metric of this report
tr03-official-1/0853-cell-b-0311-recovery-retract/trace.jsonl.gz	1732325	0257044d3c62c4c215a08f5fe0bade090620d21b00ca8e002a2110e2be39f4fd	too large (trace)
tr03-official-1/0854-cell-b-0311-batch/reference-10ms-differences.json.gz	23	f1101f8233b16d980af348db666cbdb1b9772fa79c6fa8d7d6d9550c1f6a546d	not a metric of this report
tr03-official-1/0854-cell-b-0311-batch/trace.jsonl.gz	1746611	377de8b6020ce86eb469d81cc4f928c071f9c6575e633b070da9498669beefef	too large (trace)
tr03-official-1/0855-cell-b-0311-stroke75/constants.json	5779	23eb4ee6404d9bbca1675106843e233adf2dd72c0e37f275d0c9bb31194fcadb	plant-model file (private)
tr03-official-1/0855-cell-b-0311-stroke75/reference-10ms-differences.json.gz	23	f1101f8233b16d980af348db666cbdb1b9772fa79c6fa8d7d6d9550c1f6a546d	not a metric of this report
tr03-official-1/0855-cell-b-0311-stroke75/trace.jsonl.gz	1131671	20e8349f2e2054a096017675c72471ae1fa6ca4debc7ada878c4e15e0af451e8	too large (trace)
tr03-official-1/0856-cell-b-0311-flow060/constants.json	5759	749da6a9a3b578914850d85f44d3468ebdd2fefffb551566451d2e1a2d182a14	plant-model file (private)
tr03-official-1/0856-cell-b-0311-flow060/flow.plccell.json	33668	de3b752c6569074a823f5ee6945a6aea173d27e736d7f9764b3705dc16fcefb6	plant-model file (private)
tr03-official-1/0856-cell-b-0311-flow060/reference-10ms-differences.json.gz	23	f1101f8233b16d980af348db666cbdb1b9772fa79c6fa8d7d6d9550c1f6a546d	not a metric of this report
tr03-official-1/0856-cell-b-0311-flow060/trace.jsonl.gz	478145	4c05d723adee50e8a204bc3651d84210f025d3954d85a078f52b5f8fdc611f59	too large (trace)
tr03-official-1/0857-cell-b-0311-flow045/constants.json	5760	b60b895ae8a70ba009e8fef0331b36e4f055cc6e7e075ae19d01b37f763c0360	plant-model file (private)
tr03-official-1/0857-cell-b-0311-flow045/flow.plccell.json	33668	de3b752c6569074a823f5ee6945a6aea173d27e736d7f9764b3705dc16fcefb6	plant-model file (private)
tr03-official-1/0857-cell-b-0311-flow045/reference-10ms-differences.json.gz	23	f1101f8233b16d980af348db666cbdb1b9772fa79c6fa8d7d6d9550c1f6a546d	not a metric of this report
tr03-official-1/0857-cell-b-0311-flow045/trace.jsonl.gz	459592	93e8e1e9bd8ce309eef1695c37e04ab0a29557d980f74e521046dcbc9d5dcf17	too large (trace)
tr03-official-1/0858-cell-b-0312-normal-s1/reference-10ms-differences.json.gz	64898	716575b8b1c2d5b3564533f028b7376325053a134e5d616d1ed95030f7fc9a99	not a metric of this report
tr03-official-1/0858-cell-b-0312-normal-s1/trace.jsonl.gz	1707609	77d174602ab52525a1ed3f77af7fdad7abff39ed33403bf5dd4583b6a3694a98	too large (trace)
tr03-official-1/0859-cell-b-0312-normal-s2/reference-10ms-differences.json.gz	64898	716575b8b1c2d5b3564533f028b7376325053a134e5d616d1ed95030f7fc9a99	not a metric of this report
tr03-official-1/0859-cell-b-0312-normal-s2/trace.jsonl.gz	1740555	d9172af9e0ca2f081ae55b8d055d60f3b45a56b6643a5da1396619c7f6be35f5	too large (trace)
tr03-official-1/0860-cell-b-0312-normal-s3/reference-10ms-differences.json.gz	64898	716575b8b1c2d5b3564533f028b7376325053a134e5d616d1ed95030f7fc9a99	not a metric of this report
tr03-official-1/0860-cell-b-0312-normal-s3/trace.jsonl.gz	1731318	5cfd32be12792ee6ab18d579ea2bbcb43a46808658ecec138251d8116e6dcad4	too large (trace)
tr03-official-1/0861-cell-b-0312-cycle-stop/reference-10ms-differences.json.gz	16740	d110e82eeed3f8e244f54dc3ef7f1d06892fb7874adb31f68956548703e58e34	not a metric of this report
tr03-official-1/0861-cell-b-0312-cycle-stop/trace.jsonl.gz	412928	73968deee33e4f1f45fdea468a6cacb718db40fd04f5d11ba2b1a1f946184f42	too large (trace)
tr03-official-1/0862-cell-b-0312-curtain/reference-10ms-differences.json.gz	14131	e913bc9f65e166ccc04bf134cc14e73ce81d37d2937ce176fa5f92016b783e46	not a metric of this report
tr03-official-1/0862-cell-b-0312-curtain/trace.jsonl.gz	342221	bf2d2ee653b0f4429cca7fa6284ccf7ad1c11be38c8875c1adb40171c87b8a20	too large (trace)
tr03-official-1/0863-cell-b-0312-recovery/reference-10ms-differences.json.gz	59276	caf5e130ccac721ace8405cc7a380f74d7365485dd81f25e0c918ffa79045912	not a metric of this report
tr03-official-1/0863-cell-b-0312-recovery/trace.jsonl.gz	1461520	78f5e14729bc79784fc3ad6d523b9b8cff20acdfd3752655683a0e4e2923970a	too large (trace)
tr03-official-1/0864-cell-b-0312-recovery-retract/reference-10ms-differences.json.gz	59276	b392152945cfaaea5fca6f8155f513947233c43833a583960cd4ecb92fc416ea	not a metric of this report
tr03-official-1/0864-cell-b-0312-recovery-retract/trace.jsonl.gz	1456953	f2d87c54dd06801c9d28383cfb80c3323811d1c6d1001e8d79566562072f5216	too large (trace)
tr03-official-1/0865-cell-b-0312-batch/reference-10ms-differences.json.gz	34603	2b7536d502f3847c8e9e2d605ea0af6e3dc6184b4ff9a17002af32ec9edb5317	not a metric of this report
tr03-official-1/0865-cell-b-0312-batch/trace.jsonl.gz	888878	a7ef13c542cfbb6807df3e95a3ee3917c7c7f07dff9db7da3f216106cb9d9bd7	too large (trace)
tr03-official-1/0866-cell-b-0312-stroke75/constants.json	5779	23eb4ee6404d9bbca1675106843e233adf2dd72c0e37f275d0c9bb31194fcadb	plant-model file (private)
tr03-official-1/0866-cell-b-0312-stroke75/reference-10ms-differences.json.gz	34603	2b7536d502f3847c8e9e2d605ea0af6e3dc6184b4ff9a17002af32ec9edb5317	not a metric of this report
tr03-official-1/0866-cell-b-0312-stroke75/trace.jsonl.gz	887014	93d8ea2c8184a745d78feeaf403838b142087db0ae68d6b54f627474bd32cba9	too large (trace)
tr03-official-1/0867-cell-b-0312-flow060/constants.json	5759	749da6a9a3b578914850d85f44d3468ebdd2fefffb551566451d2e1a2d182a14	plant-model file (private)
tr03-official-1/0867-cell-b-0312-flow060/flow.plccell.json	33668	de3b752c6569074a823f5ee6945a6aea173d27e736d7f9764b3705dc16fcefb6	plant-model file (private)
tr03-official-1/0867-cell-b-0312-flow060/reference-10ms-differences.json.gz	14131	e913bc9f65e166ccc04bf134cc14e73ce81d37d2937ce176fa5f92016b783e46	not a metric of this report
tr03-official-1/0867-cell-b-0312-flow060/trace.jsonl.gz	332105	1986d50873cb66e5d6b76ae667024a8a3dc4a0ecd88246b78cd9c8bd3b2b337e	too large (trace)
tr03-official-1/0868-cell-b-0312-flow045/constants.json	5760	b60b895ae8a70ba009e8fef0331b36e4f055cc6e7e075ae19d01b37f763c0360	plant-model file (private)
tr03-official-1/0868-cell-b-0312-flow045/flow.plccell.json	33668	de3b752c6569074a823f5ee6945a6aea173d27e736d7f9764b3705dc16fcefb6	plant-model file (private)
tr03-official-1/0868-cell-b-0312-flow045/reference-10ms-differences.json.gz	14131	e913bc9f65e166ccc04bf134cc14e73ce81d37d2937ce176fa5f92016b783e46	not a metric of this report
tr03-official-1/0868-cell-b-0312-flow045/trace.jsonl.gz	332107	cc31b8c1ef1cb4993ac56bff0b7cc6c1ae2a050797c89633d1804684e6f5c7a6	too large (trace)
tr03-official-1/0869-cell-b-0315-normal-s1/reference-10ms-differences.json.gz	23	f1101f8233b16d980af348db666cbdb1b9772fa79c6fa8d7d6d9550c1f6a546d	not a metric of this report
tr03-official-1/0869-cell-b-0315-normal-s1/trace.jsonl.gz	2920774	40443326a674038be0566e424c6e9716766b4d36b2518e6d12cbe685f8020588	too large (trace)
tr03-official-1/0870-cell-b-0315-normal-s2/reference-10ms-differences.json.gz	23	f1101f8233b16d980af348db666cbdb1b9772fa79c6fa8d7d6d9550c1f6a546d	not a metric of this report
tr03-official-1/0870-cell-b-0315-normal-s2/trace.jsonl.gz	2703894	08df895877687065eccd88fbb5c4487f54212de156b19a5b2b4ac947c414422a	too large (trace)
tr03-official-1/0871-cell-b-0315-normal-s3/reference-10ms-differences.json.gz	23	f1101f8233b16d980af348db666cbdb1b9772fa79c6fa8d7d6d9550c1f6a546d	not a metric of this report
tr03-official-1/0871-cell-b-0315-normal-s3/trace.jsonl.gz	2681351	0cf6b96197e91f1d2f117d7800aacb9dd93f74dcfa5238a0700963001376d8bb	too large (trace)
tr03-official-1/0872-cell-b-0315-cycle-stop/reference-10ms-differences.json.gz	23	f1101f8233b16d980af348db666cbdb1b9772fa79c6fa8d7d6d9550c1f6a546d	not a metric of this report
tr03-official-1/0872-cell-b-0315-cycle-stop/trace.jsonl.gz	641012	d92b219093d5f80f8b866fbb8fb45147a2c691c38bf82333f2df4c412625f8af	too large (trace)
tr03-official-1/0873-cell-b-0315-curtain/reference-10ms-differences.json.gz	23	f1101f8233b16d980af348db666cbdb1b9772fa79c6fa8d7d6d9550c1f6a546d	not a metric of this report
tr03-official-1/0873-cell-b-0315-curtain/trace.jsonl.gz	431829	d49dc9eaf683fce1a353ee8feefd8bbd12045474e7643fbb1c60637619a5437b	too large (trace)
tr03-official-1/0874-cell-b-0315-recovery/reference-10ms-differences.json.gz	360	f6683fe298d97cb6f38c1f4414cc02a5f5b89907c84f59278b93e4f8cfdefe97	not a metric of this report
tr03-official-1/0874-cell-b-0315-recovery/trace.jsonl.gz	1442285	a53ceb45cb83cee89e34b15be5e8d12ae18cc20c36a438a8834fbff8f50fe9ea	too large (trace)
tr03-official-1/0875-cell-b-0315-recovery-retract/reference-10ms-differences.json.gz	23	f1101f8233b16d980af348db666cbdb1b9772fa79c6fa8d7d6d9550c1f6a546d	not a metric of this report
tr03-official-1/0875-cell-b-0315-recovery-retract/trace.jsonl.gz	1738199	f6b4b316af3687999318d08a914e289186889dfcd709d7587d04e37bb28cb6b5	too large (trace)
tr03-official-1/0876-cell-b-0315-batch/reference-10ms-differences.json.gz	23	f1101f8233b16d980af348db666cbdb1b9772fa79c6fa8d7d6d9550c1f6a546d	not a metric of this report
tr03-official-1/0876-cell-b-0315-batch/trace.jsonl.gz	1758491	f71fd8ed82e43f052c5c2d52a6495bbaad656a6b72ca8021f9a9fe84f64dea96	too large (trace)
tr03-official-1/0877-cell-b-0315-stroke75/constants.json	5779	23eb4ee6404d9bbca1675106843e233adf2dd72c0e37f275d0c9bb31194fcadb	plant-model file (private)
tr03-official-1/0877-cell-b-0315-stroke75/reference-10ms-differences.json.gz	23	f1101f8233b16d980af348db666cbdb1b9772fa79c6fa8d7d6d9550c1f6a546d	not a metric of this report
tr03-official-1/0877-cell-b-0315-stroke75/trace.jsonl.gz	1138097	8b6e27907095eae75e217915dcf2e0dc2531296b18342796d131390829f1ee0e	too large (trace)
tr03-official-1/0878-cell-b-0315-flow060/constants.json	5759	749da6a9a3b578914850d85f44d3468ebdd2fefffb551566451d2e1a2d182a14	plant-model file (private)
tr03-official-1/0878-cell-b-0315-flow060/flow.plccell.json	33668	de3b752c6569074a823f5ee6945a6aea173d27e736d7f9764b3705dc16fcefb6	plant-model file (private)
tr03-official-1/0878-cell-b-0315-flow060/reference-10ms-differences.json.gz	23	f1101f8233b16d980af348db666cbdb1b9772fa79c6fa8d7d6d9550c1f6a546d	not a metric of this report
tr03-official-1/0878-cell-b-0315-flow060/trace.jsonl.gz	483888	84a1e09f58f4f35a23e26b961fc7969eb083a7221a64fdce9af05f69ced576dc	too large (trace)
tr03-official-1/0879-cell-b-0315-flow045/constants.json	5760	b60b895ae8a70ba009e8fef0331b36e4f055cc6e7e075ae19d01b37f763c0360	plant-model file (private)
tr03-official-1/0879-cell-b-0315-flow045/flow.plccell.json	33668	de3b752c6569074a823f5ee6945a6aea173d27e736d7f9764b3705dc16fcefb6	plant-model file (private)
tr03-official-1/0879-cell-b-0315-flow045/reference-10ms-differences.json.gz	23	f1101f8233b16d980af348db666cbdb1b9772fa79c6fa8d7d6d9550c1f6a546d	not a metric of this report
tr03-official-1/0879-cell-b-0315-flow045/trace.jsonl.gz	461329	aa80ceda83ec1db1a20e2513fc6927b88d2287c77e4ba82b785a34da7019779f	too large (trace)
tr03-official-1/0880-cell-b-0317-normal-s1/reference-10ms-differences.json.gz	23	f1101f8233b16d980af348db666cbdb1b9772fa79c6fa8d7d6d9550c1f6a546d	not a metric of this report
tr03-official-1/0880-cell-b-0317-normal-s1/trace.jsonl.gz	2924934	ad3f382643165d3abf379a8a7162dc4fc62ff54d26ec62867e97d2a43232f7dc	too large (trace)
tr03-official-1/0881-cell-b-0317-normal-s2/reference-10ms-differences.json.gz	23	f1101f8233b16d980af348db666cbdb1b9772fa79c6fa8d7d6d9550c1f6a546d	not a metric of this report
tr03-official-1/0881-cell-b-0317-normal-s2/trace.jsonl.gz	2687068	8451bd8d54b04c9a15382d2b08b34d89bcc5ade55cd7096f7d28783d68e851b6	too large (trace)
tr03-official-1/0882-cell-b-0317-normal-s3/reference-10ms-differences.json.gz	23	f1101f8233b16d980af348db666cbdb1b9772fa79c6fa8d7d6d9550c1f6a546d	not a metric of this report
tr03-official-1/0882-cell-b-0317-normal-s3/trace.jsonl.gz	2674717	fbf3dc5209c2afdb73320b5ee289d2196ab1e700ba340735177dde51ff5ba483	too large (trace)
tr03-official-1/0883-cell-b-0317-cycle-stop/reference-10ms-differences.json.gz	23	f1101f8233b16d980af348db666cbdb1b9772fa79c6fa8d7d6d9550c1f6a546d	not a metric of this report
tr03-official-1/0883-cell-b-0317-cycle-stop/trace.jsonl.gz	639468	046852c1d6085e71e6d5fa02084f6f041a95b63115cad0111701d83e2af21f3f	too large (trace)
tr03-official-1/0884-cell-b-0317-curtain/reference-10ms-differences.json.gz	23	f1101f8233b16d980af348db666cbdb1b9772fa79c6fa8d7d6d9550c1f6a546d	not a metric of this report
tr03-official-1/0884-cell-b-0317-curtain/trace.jsonl.gz	425930	f07e7c7ec8eec38e8a7d510ab9f7dd6edea3e74d8b92ed492f19075266ac4df9	too large (trace)
tr03-official-1/0885-cell-b-0317-recovery/reference-10ms-differences.json.gz	23	f1101f8233b16d980af348db666cbdb1b9772fa79c6fa8d7d6d9550c1f6a546d	not a metric of this report
tr03-official-1/0885-cell-b-0317-recovery/trace.jsonl.gz	1733609	28188f6ac2141e4a17aab702fd48c2e6ff37150055b3f3ec57c20159adfd905e	too large (trace)
tr03-official-1/0886-cell-b-0317-recovery-retract/reference-10ms-differences.json.gz	23	f1101f8233b16d980af348db666cbdb1b9772fa79c6fa8d7d6d9550c1f6a546d	not a metric of this report
tr03-official-1/0886-cell-b-0317-recovery-retract/trace.jsonl.gz	1743693	9ce11252bdc6f37edc50fad8a0444df0e3227b596b6bb0325c93fce4a7da627d	too large (trace)
tr03-official-1/0887-cell-b-0317-batch/reference-10ms-differences.json.gz	23	f1101f8233b16d980af348db666cbdb1b9772fa79c6fa8d7d6d9550c1f6a546d	not a metric of this report
tr03-official-1/0887-cell-b-0317-batch/trace.jsonl.gz	1752286	a838632d65e5c72cbb7153cc28cec6b0abc7d6eb69eebcbbaf2263a91c22ef54	too large (trace)
tr03-official-1/0888-cell-b-0317-stroke75/constants.json	5779	23eb4ee6404d9bbca1675106843e233adf2dd72c0e37f275d0c9bb31194fcadb	plant-model file (private)
tr03-official-1/0888-cell-b-0317-stroke75/reference-10ms-differences.json.gz	23	f1101f8233b16d980af348db666cbdb1b9772fa79c6fa8d7d6d9550c1f6a546d	not a metric of this report
tr03-official-1/0888-cell-b-0317-stroke75/trace.jsonl.gz	1133876	05bab35430f0575da49ffc5b68b567b7b95e19cfd9da60a4eb8fab39638acf00	too large (trace)
tr03-official-1/0889-cell-b-0317-flow060/constants.json	5759	749da6a9a3b578914850d85f44d3468ebdd2fefffb551566451d2e1a2d182a14	plant-model file (private)
tr03-official-1/0889-cell-b-0317-flow060/flow.plccell.json	33668	de3b752c6569074a823f5ee6945a6aea173d27e736d7f9764b3705dc16fcefb6	plant-model file (private)
tr03-official-1/0889-cell-b-0317-flow060/reference-10ms-differences.json.gz	23	f1101f8233b16d980af348db666cbdb1b9772fa79c6fa8d7d6d9550c1f6a546d	not a metric of this report
tr03-official-1/0889-cell-b-0317-flow060/trace.jsonl.gz	483924	d7de23f1591481864e366eaeedf4e04c312ea0fd4d568dee12ee1425b62b3b41	too large (trace)
tr03-official-1/0890-cell-b-0317-flow045/constants.json	5760	b60b895ae8a70ba009e8fef0331b36e4f055cc6e7e075ae19d01b37f763c0360	plant-model file (private)
tr03-official-1/0890-cell-b-0317-flow045/flow.plccell.json	33668	de3b752c6569074a823f5ee6945a6aea173d27e736d7f9764b3705dc16fcefb6	plant-model file (private)
tr03-official-1/0890-cell-b-0317-flow045/reference-10ms-differences.json.gz	23	f1101f8233b16d980af348db666cbdb1b9772fa79c6fa8d7d6d9550c1f6a546d	not a metric of this report
tr03-official-1/0890-cell-b-0317-flow045/trace.jsonl.gz	468936	791bdbdfbb747123628f27bbadf5b9df0b61487561fc97382269e88dcc18fc35	too large (trace)
tr03-official-1/0891-cell-b-0318-normal-s1/reference-10ms-differences.json.gz	64897	23ec17ad1facc026af8e114760b3fbc04976843d71c0e7d44bfc9f0ad2de424e	not a metric of this report
tr03-official-1/0891-cell-b-0318-normal-s1/trace.jsonl.gz	1694809	7d7797891563d9a5852e7500d98ff5b7bf6366935a707fbe5db7a3cf1cb5a52e	too large (trace)
tr03-official-1/0892-cell-b-0318-normal-s2/reference-10ms-differences.json.gz	64897	23ec17ad1facc026af8e114760b3fbc04976843d71c0e7d44bfc9f0ad2de424e	not a metric of this report
tr03-official-1/0892-cell-b-0318-normal-s2/trace.jsonl.gz	1724260	71256142fc9b9f29708ca9ea6abc25ab9fb32ef5b8bf584d39f0221bf7c08c9f	too large (trace)
tr03-official-1/0893-cell-b-0318-normal-s3/reference-10ms-differences.json.gz	64897	23ec17ad1facc026af8e114760b3fbc04976843d71c0e7d44bfc9f0ad2de424e	not a metric of this report
tr03-official-1/0893-cell-b-0318-normal-s3/trace.jsonl.gz	1726073	ee3d623e8e32294bd711d19c1af6a3bbe1e221e3fa97478baa349236c7b24d2b	too large (trace)
tr03-official-1/0894-cell-b-0318-cycle-stop/reference-10ms-differences.json.gz	16739	da87e898e7baa80fe2dcf25b2be49365f13114ee84d8752fb67c7fc2bc8fa350	not a metric of this report
tr03-official-1/0894-cell-b-0318-cycle-stop/trace.jsonl.gz	420649	d87f8f36b78290bde6d159c790b789b93bad9cff1a006477369c3d55a2e46d1f	too large (trace)
tr03-official-1/0895-cell-b-0318-curtain/reference-10ms-differences.json.gz	14130	3542a26550bfee914734296192cde834ebfe2db35f724850ed4c5304655f889d	not a metric of this report
tr03-official-1/0895-cell-b-0318-curtain/trace.jsonl.gz	343931	c04b3aca4bb8ae5fd9f723cca5707003e49e030e2850788e1258ce3de3c0dd51	too large (trace)
tr03-official-1/0896-cell-b-0318-recovery/reference-10ms-differences.json.gz	59257	bf733967c67fae61c2e07ca540202a869f939820fd71f80b2be301ffcb7e9e22	not a metric of this report
tr03-official-1/0896-cell-b-0318-recovery/trace.jsonl.gz	1472953	e5570b421bb4a477c334a3728692e1aa803cc200185ffa6520d85ec1d54e52f6	too large (trace)
tr03-official-1/0897-cell-b-0318-recovery-retract/reference-10ms-differences.json.gz	59255	1c3d3d01ccc5024ffd4d7cfb5b7e7f475840d47168f79db090163d3e8a18ff7b	not a metric of this report
tr03-official-1/0897-cell-b-0318-recovery-retract/trace.jsonl.gz	1471409	ac9ffe8c8dcdf4870bf59dc656c293ca3c90070390a3855b77cb7a3f50cfb5e6	too large (trace)
tr03-official-1/0898-cell-b-0318-batch/reference-10ms-differences.json.gz	34603	283168efe4dcb6b61f865d96a2f59fa57c21bbe4e1b6bfcf755e064cd072cb28	not a metric of this report
tr03-official-1/0898-cell-b-0318-batch/trace.jsonl.gz	886394	f43bbca8840b4453f21e85d81d1128bb3c680580f3053fbd9d786af794b9e521	too large (trace)
tr03-official-1/0899-cell-b-0318-stroke75/constants.json	5779	23eb4ee6404d9bbca1675106843e233adf2dd72c0e37f275d0c9bb31194fcadb	plant-model file (private)
tr03-official-1/0899-cell-b-0318-stroke75/reference-10ms-differences.json.gz	34603	283168efe4dcb6b61f865d96a2f59fa57c21bbe4e1b6bfcf755e064cd072cb28	not a metric of this report
tr03-official-1/0899-cell-b-0318-stroke75/trace.jsonl.gz	887125	32c787ab84869f428cc283b9db2f147fae1bb010de22737e9dd1e98a958923ea	too large (trace)
tr03-official-1/0900-cell-b-0318-flow060/constants.json	5759	749da6a9a3b578914850d85f44d3468ebdd2fefffb551566451d2e1a2d182a14	plant-model file (private)
tr03-official-1/0900-cell-b-0318-flow060/flow.plccell.json	33668	de3b752c6569074a823f5ee6945a6aea173d27e736d7f9764b3705dc16fcefb6	plant-model file (private)
tr03-official-1/0900-cell-b-0318-flow060/reference-10ms-differences.json.gz	14130	3542a26550bfee914734296192cde834ebfe2db35f724850ed4c5304655f889d	not a metric of this report
tr03-official-1/0900-cell-b-0318-flow060/trace.jsonl.gz	335939	509166d05060dc31e67307f347909cae51e6411a4b349509cd059cd3fceb9c54	too large (trace)
tr03-official-1/0901-cell-b-0318-flow045/constants.json	5760	b60b895ae8a70ba009e8fef0331b36e4f055cc6e7e075ae19d01b37f763c0360	plant-model file (private)
tr03-official-1/0901-cell-b-0318-flow045/flow.plccell.json	33668	de3b752c6569074a823f5ee6945a6aea173d27e736d7f9764b3705dc16fcefb6	plant-model file (private)
tr03-official-1/0901-cell-b-0318-flow045/reference-10ms-differences.json.gz	14130	3542a26550bfee914734296192cde834ebfe2db35f724850ed4c5304655f889d	not a metric of this report
tr03-official-1/0901-cell-b-0318-flow045/trace.jsonl.gz	335940	0cc54ff78049a32d45b97cf92b6a174adef39c9b09fec627997c5d50d8e7d231	too large (trace)
tr03-official-1/0902-cell-b-0321-normal-s1/reference-10ms-differences.json.gz	64181	a107646e7271b6871373621866f66d5010733cb32bfa94f5f1a273142bde62e8	not a metric of this report
tr03-official-1/0902-cell-b-0321-normal-s1/trace.jsonl.gz	1590512	d9e76bff96660142a404fc762c882197ff902ccfda450755a9aab24d9ca68ad1	too large (trace)
tr03-official-1/0903-cell-b-0321-normal-s2/reference-10ms-differences.json.gz	64181	a107646e7271b6871373621866f66d5010733cb32bfa94f5f1a273142bde62e8	not a metric of this report
tr03-official-1/0903-cell-b-0321-normal-s2/trace.jsonl.gz	1731347	72840f9344085d611f9e42a91d70537ad49be60e0b128cbc232d8bcb93cc1690	too large (trace)
tr03-official-1/0904-cell-b-0321-normal-s3/reference-10ms-differences.json.gz	64181	a107646e7271b6871373621866f66d5010733cb32bfa94f5f1a273142bde62e8	not a metric of this report
tr03-official-1/0904-cell-b-0321-normal-s3/trace.jsonl.gz	1686788	8f0e0216628b108571e1d650ac581d9cf8beeb33b0856402e52b68802d63d43e	too large (trace)
tr03-official-1/0905-cell-b-0321-cycle-stop/reference-10ms-differences.json.gz	16007	8d5f59181df57b71308ac233a4acb83130c991331593e5aad435222427c01bd1	not a metric of this report
tr03-official-1/0905-cell-b-0321-cycle-stop/trace.jsonl.gz	399321	5bd2d43b2260f5591d0c0a3899f3558bc8dab90372b4034ef2dba3d7cbd9c6b1	too large (trace)
tr03-official-1/0906-cell-b-0321-curtain/reference-10ms-differences.json.gz	13391	61630ec2535f7434d81286bb78fe509c803cc2040bf37e69b8bf0167899af579	not a metric of this report
tr03-official-1/0906-cell-b-0321-curtain/trace.jsonl.gz	324188	f30ca5ee707561da9bfc65073ed80513361e84ab4b3b3e0d55b3faf12fff7cdc	too large (trace)
tr03-official-1/0907-cell-b-0321-recovery/reference-10ms-differences.json.gz	45988	fec0afec30eff608cd67fa4c4d62f189b942f9f6df3aea37c45c9a6ac6c6a2ee	not a metric of this report
tr03-official-1/0907-cell-b-0321-recovery/trace.jsonl.gz	1134862	dcf980a1e607d0c8c5924be13670c0c4bc3d032cfc33911753801cace04004f8	too large (trace)
tr03-official-1/0908-cell-b-0321-recovery-retract/reference-10ms-differences.json.gz	45988	fec0afec30eff608cd67fa4c4d62f189b942f9f6df3aea37c45c9a6ac6c6a2ee	not a metric of this report
tr03-official-1/0908-cell-b-0321-recovery-retract/trace.jsonl.gz	1167705	e1397f92b14cd92fa21a7a91d556700436069a657ef277403b900a96e2dcabd4	too large (trace)
tr03-official-1/0909-cell-b-0321-batch/reference-10ms-differences.json.gz	33882	1d44ecbab357f42f775965795a32bddff5a51b791c537a09cc252736e2648aa4	not a metric of this report
tr03-official-1/0909-cell-b-0321-batch/trace.jsonl.gz	830528	eac313ee6e121f3bc0253a806b6920dd13440cc993ac35f81408c77d3737240b	too large (trace)
tr03-official-1/0910-cell-b-0321-stroke75/constants.json	5779	23eb4ee6404d9bbca1675106843e233adf2dd72c0e37f275d0c9bb31194fcadb	plant-model file (private)
tr03-official-1/0910-cell-b-0321-stroke75/reference-10ms-differences.json.gz	33882	1d44ecbab357f42f775965795a32bddff5a51b791c537a09cc252736e2648aa4	not a metric of this report
tr03-official-1/0910-cell-b-0321-stroke75/trace.jsonl.gz	827766	f40c8ee9be42118a3f8bee3f19bfbb637ecef0a622883bf33d2f4907213d75c3	too large (trace)
tr03-official-1/0911-cell-b-0321-flow060/constants.json	5759	749da6a9a3b578914850d85f44d3468ebdd2fefffb551566451d2e1a2d182a14	plant-model file (private)
tr03-official-1/0911-cell-b-0321-flow060/flow.plccell.json	33668	de3b752c6569074a823f5ee6945a6aea173d27e736d7f9764b3705dc16fcefb6	plant-model file (private)
tr03-official-1/0911-cell-b-0321-flow060/reference-10ms-differences.json.gz	13391	61630ec2535f7434d81286bb78fe509c803cc2040bf37e69b8bf0167899af579	not a metric of this report
tr03-official-1/0911-cell-b-0321-flow060/trace.jsonl.gz	322101	bfdf6d7681170b849c868f01a1866d3a6742dec96e8247c1e5d30fa0aa5ca3ab	too large (trace)
tr03-official-1/0912-cell-b-0321-flow045/constants.json	5760	b60b895ae8a70ba009e8fef0331b36e4f055cc6e7e075ae19d01b37f763c0360	plant-model file (private)
tr03-official-1/0912-cell-b-0321-flow045/flow.plccell.json	33668	de3b752c6569074a823f5ee6945a6aea173d27e736d7f9764b3705dc16fcefb6	plant-model file (private)
tr03-official-1/0912-cell-b-0321-flow045/reference-10ms-differences.json.gz	13391	61630ec2535f7434d81286bb78fe509c803cc2040bf37e69b8bf0167899af579	not a metric of this report
tr03-official-1/0912-cell-b-0321-flow045/trace.jsonl.gz	322104	9d15cc5b918c0c2956c7e374cbe3bae9a1a898a430d904e89f2f33c5e1068d22	too large (trace)
tr03-official-1/0913-cell-b-0323-normal-s1/reference-10ms-differences.json.gz	23	f1101f8233b16d980af348db666cbdb1b9772fa79c6fa8d7d6d9550c1f6a546d	not a metric of this report
tr03-official-1/0913-cell-b-0323-normal-s1/trace.jsonl.gz	2902800	3e65991eea13c98da0079dcbb699c432ddbabe9d51ee93692aadbaa3d89597d5	too large (trace)
tr03-official-1/0914-cell-b-0323-normal-s2/reference-10ms-differences.json.gz	23	f1101f8233b16d980af348db666cbdb1b9772fa79c6fa8d7d6d9550c1f6a546d	not a metric of this report
tr03-official-1/0914-cell-b-0323-normal-s2/trace.jsonl.gz	2704335	e4c4ba63a8ce3ee696c7b4e987e6bf6b6f81798b9c7015e970daf80898aed47f	too large (trace)
tr03-official-1/0915-cell-b-0323-normal-s3/reference-10ms-differences.json.gz	23	f1101f8233b16d980af348db666cbdb1b9772fa79c6fa8d7d6d9550c1f6a546d	not a metric of this report
tr03-official-1/0915-cell-b-0323-normal-s3/trace.jsonl.gz	2683856	c068af057fa43d4d4410071a66e255adfe716f1ac4dd21d19fe9da0ad893063c	too large (trace)
tr03-official-1/0916-cell-b-0323-cycle-stop/reference-10ms-differences.json.gz	23	f1101f8233b16d980af348db666cbdb1b9772fa79c6fa8d7d6d9550c1f6a546d	not a metric of this report
tr03-official-1/0916-cell-b-0323-cycle-stop/trace.jsonl.gz	629810	0092c5237eded23dfdf9fcaf4d777713c7f281a115592b6900877d0c86a63b3c	too large (trace)
tr03-official-1/0917-cell-b-0323-curtain/reference-10ms-differences.json.gz	23	f1101f8233b16d980af348db666cbdb1b9772fa79c6fa8d7d6d9550c1f6a546d	not a metric of this report
tr03-official-1/0917-cell-b-0323-curtain/trace.jsonl.gz	423447	ea91ba27d6412a4024926b131f98ba54e064a663aca5d17d97c815065c17e89f	too large (trace)
tr03-official-1/0918-cell-b-0323-recovery/reference-10ms-differences.json.gz	23	f1101f8233b16d980af348db666cbdb1b9772fa79c6fa8d7d6d9550c1f6a546d	not a metric of this report
tr03-official-1/0918-cell-b-0323-recovery/trace.jsonl.gz	1730484	008149f37c37bd9e086bceb9fb8bb341bde7e9492d42fd56fc4ee486d1fe85e1	too large (trace)
tr03-official-1/0919-cell-b-0323-recovery-retract/reference-10ms-differences.json.gz	356	c1b45303fd1373d7036afe36fd732ddbcd5625d1c49eb8b485d78a2a032b7abb	not a metric of this report
tr03-official-1/0919-cell-b-0323-recovery-retract/trace.jsonl.gz	1471492	9b5d5a1a10188556bb7f38a3b75fe75f0b097e554edc532f9b2e18ea10c4727c	too large (trace)
tr03-official-1/0920-cell-b-0323-batch/reference-10ms-differences.json.gz	23	f1101f8233b16d980af348db666cbdb1b9772fa79c6fa8d7d6d9550c1f6a546d	not a metric of this report
tr03-official-1/0920-cell-b-0323-batch/trace.jsonl.gz	1746517	9e5a0759b1e8ad6fa89cbf3a62cbf5872ab0502c45fd8b908c3e41befbc94008	too large (trace)
tr03-official-1/0921-cell-b-0323-stroke75/constants.json	5779	23eb4ee6404d9bbca1675106843e233adf2dd72c0e37f275d0c9bb31194fcadb	plant-model file (private)
tr03-official-1/0921-cell-b-0323-stroke75/reference-10ms-differences.json.gz	23	f1101f8233b16d980af348db666cbdb1b9772fa79c6fa8d7d6d9550c1f6a546d	not a metric of this report
tr03-official-1/0921-cell-b-0323-stroke75/trace.jsonl.gz	1134661	0400db668e641a2f952afefc55275abcb5b56ab2a9f0b900dee6c506a0c9ace3	too large (trace)
tr03-official-1/0922-cell-b-0323-flow060/constants.json	5759	749da6a9a3b578914850d85f44d3468ebdd2fefffb551566451d2e1a2d182a14	plant-model file (private)
tr03-official-1/0922-cell-b-0323-flow060/flow.plccell.json	33668	de3b752c6569074a823f5ee6945a6aea173d27e736d7f9764b3705dc16fcefb6	plant-model file (private)
tr03-official-1/0922-cell-b-0323-flow060/reference-10ms-differences.json.gz	23	f1101f8233b16d980af348db666cbdb1b9772fa79c6fa8d7d6d9550c1f6a546d	not a metric of this report
tr03-official-1/0922-cell-b-0323-flow060/trace.jsonl.gz	479180	4ca646c7db5376521c490c3ac658fded91a314b9159b3aeff6afb26135f0b7c0	too large (trace)
tr03-official-1/0923-cell-b-0323-flow045/constants.json	5760	b60b895ae8a70ba009e8fef0331b36e4f055cc6e7e075ae19d01b37f763c0360	plant-model file (private)
tr03-official-1/0923-cell-b-0323-flow045/flow.plccell.json	33668	de3b752c6569074a823f5ee6945a6aea173d27e736d7f9764b3705dc16fcefb6	plant-model file (private)
tr03-official-1/0923-cell-b-0323-flow045/reference-10ms-differences.json.gz	23	f1101f8233b16d980af348db666cbdb1b9772fa79c6fa8d7d6d9550c1f6a546d	not a metric of this report
tr03-official-1/0923-cell-b-0323-flow045/trace.jsonl.gz	459068	933515c567aa89383107b2a43edcc7007e6a4069420bf2032d41234bf808d450	too large (trace)
tr03-official-1/0924-cell-b-0324-normal-s1/reference-10ms-differences.json.gz	23	f1101f8233b16d980af348db666cbdb1b9772fa79c6fa8d7d6d9550c1f6a546d	not a metric of this report
tr03-official-1/0924-cell-b-0324-normal-s1/trace.jsonl.gz	2919040	1c45bd8f9e9a22fd43e60950e6c539ab68dff34bbb2faf5b43e9db7559a8a718	too large (trace)
tr03-official-1/0925-cell-b-0324-normal-s2/reference-10ms-differences.json.gz	23	f1101f8233b16d980af348db666cbdb1b9772fa79c6fa8d7d6d9550c1f6a546d	not a metric of this report
tr03-official-1/0925-cell-b-0324-normal-s2/trace.jsonl.gz	2703501	3d888ad754c97e268cbff34ea862d6d8a892d66e3853b803394da52d398640cc	too large (trace)
tr03-official-1/0926-cell-b-0324-normal-s3/reference-10ms-differences.json.gz	23	f1101f8233b16d980af348db666cbdb1b9772fa79c6fa8d7d6d9550c1f6a546d	not a metric of this report
tr03-official-1/0926-cell-b-0324-normal-s3/trace.jsonl.gz	2679297	4685c9fb289bbb7f2d43552425a580a0bfcd64843f23648ed5fd70252d7a81b8	too large (trace)
tr03-official-1/0927-cell-b-0324-cycle-stop/reference-10ms-differences.json.gz	23	f1101f8233b16d980af348db666cbdb1b9772fa79c6fa8d7d6d9550c1f6a546d	not a metric of this report
tr03-official-1/0927-cell-b-0324-cycle-stop/trace.jsonl.gz	637368	81b570441ff88c03ac038c508edf5b5fe6031ac1a6dbfd09e0ab3d9eeeb1275b	too large (trace)
tr03-official-1/0928-cell-b-0324-curtain/reference-10ms-differences.json.gz	23	f1101f8233b16d980af348db666cbdb1b9772fa79c6fa8d7d6d9550c1f6a546d	not a metric of this report
tr03-official-1/0928-cell-b-0324-curtain/trace.jsonl.gz	421789	f6f61634bf8f76292cccdd0052c2ad9683541fffc59b4fe3973148433ed8cd5f	too large (trace)
tr03-official-1/0929-cell-b-0324-recovery/reference-10ms-differences.json.gz	23	f1101f8233b16d980af348db666cbdb1b9772fa79c6fa8d7d6d9550c1f6a546d	not a metric of this report
tr03-official-1/0929-cell-b-0324-recovery/trace.jsonl.gz	1731108	61f41246956356a0d471454da1b8145467efd720dfa4bde81f439e724d325a5a	too large (trace)
tr03-official-1/0930-cell-b-0324-recovery-retract/reference-10ms-differences.json.gz	23	f1101f8233b16d980af348db666cbdb1b9772fa79c6fa8d7d6d9550c1f6a546d	not a metric of this report
tr03-official-1/0930-cell-b-0324-recovery-retract/trace.jsonl.gz	1744812	ba0fb1732aef7cffcb59b2de83b27aedb776ef75e13800d0b8a9525be4e9a7c0	too large (trace)
tr03-official-1/0931-cell-b-0324-batch/reference-10ms-differences.json.gz	23	f1101f8233b16d980af348db666cbdb1b9772fa79c6fa8d7d6d9550c1f6a546d	not a metric of this report
tr03-official-1/0931-cell-b-0324-batch/trace.jsonl.gz	1754232	772ecaac32596e4b601128bade6f7f434878f24b4ea032760f48fdc8d26ffd56	too large (trace)
tr03-official-1/0932-cell-b-0324-stroke75/constants.json	5779	23eb4ee6404d9bbca1675106843e233adf2dd72c0e37f275d0c9bb31194fcadb	plant-model file (private)
tr03-official-1/0932-cell-b-0324-stroke75/reference-10ms-differences.json.gz	23	f1101f8233b16d980af348db666cbdb1b9772fa79c6fa8d7d6d9550c1f6a546d	not a metric of this report
tr03-official-1/0932-cell-b-0324-stroke75/trace.jsonl.gz	1139466	78ec6c99a275304e4477afa05a8c81a7b71416ae882fc34de93ebeb90de951ac	too large (trace)
tr03-official-1/0933-cell-b-0324-flow060/constants.json	5759	749da6a9a3b578914850d85f44d3468ebdd2fefffb551566451d2e1a2d182a14	plant-model file (private)
tr03-official-1/0933-cell-b-0324-flow060/flow.plccell.json	33668	de3b752c6569074a823f5ee6945a6aea173d27e736d7f9764b3705dc16fcefb6	plant-model file (private)
tr03-official-1/0933-cell-b-0324-flow060/reference-10ms-differences.json.gz	23	f1101f8233b16d980af348db666cbdb1b9772fa79c6fa8d7d6d9550c1f6a546d	not a metric of this report
tr03-official-1/0933-cell-b-0324-flow060/trace.jsonl.gz	478578	c417767c640334bde5512964b28f557440c4b97cffb74e3f8d293da8632e0f47	too large (trace)
tr03-official-1/0934-cell-b-0324-flow045/constants.json	5760	b60b895ae8a70ba009e8fef0331b36e4f055cc6e7e075ae19d01b37f763c0360	plant-model file (private)
tr03-official-1/0934-cell-b-0324-flow045/flow.plccell.json	33668	de3b752c6569074a823f5ee6945a6aea173d27e736d7f9764b3705dc16fcefb6	plant-model file (private)
tr03-official-1/0934-cell-b-0324-flow045/reference-10ms-differences.json.gz	23	f1101f8233b16d980af348db666cbdb1b9772fa79c6fa8d7d6d9550c1f6a546d	not a metric of this report
tr03-official-1/0934-cell-b-0324-flow045/trace.jsonl.gz	458347	7a4bed19b641c43a35e67d937478f8e06a463b9db211018be1177a7f208d9f10	too large (trace)
tr03-official-1/0935-cell-b-0326-normal-s1/reference-10ms-differences.json.gz	23	f1101f8233b16d980af348db666cbdb1b9772fa79c6fa8d7d6d9550c1f6a546d	not a metric of this report
tr03-official-1/0935-cell-b-0326-normal-s1/trace.jsonl.gz	2916757	82b5df060ea02cf94276e055388d865a4b864055f7340619fdd22412dc1e9ba7	too large (trace)
tr03-official-1/0936-cell-b-0326-normal-s2/reference-10ms-differences.json.gz	23	f1101f8233b16d980af348db666cbdb1b9772fa79c6fa8d7d6d9550c1f6a546d	not a metric of this report
tr03-official-1/0936-cell-b-0326-normal-s2/trace.jsonl.gz	2700914	90bc22e41e8ce2e6ec2f9e2f02be6a93f5a540ddc1a4ede871a50cb4a6d6c793	too large (trace)
tr03-official-1/0937-cell-b-0326-normal-s3/reference-10ms-differences.json.gz	23	f1101f8233b16d980af348db666cbdb1b9772fa79c6fa8d7d6d9550c1f6a546d	not a metric of this report
tr03-official-1/0937-cell-b-0326-normal-s3/trace.jsonl.gz	2671342	32cb5b90cf7f3e7056e64d60d9227bfb357bd15ff9d3f5ec3e3687bf2f2f0170	too large (trace)
tr03-official-1/0938-cell-b-0326-cycle-stop/reference-10ms-differences.json.gz	23	f1101f8233b16d980af348db666cbdb1b9772fa79c6fa8d7d6d9550c1f6a546d	not a metric of this report
tr03-official-1/0938-cell-b-0326-cycle-stop/trace.jsonl.gz	632160	1cd69ef2f788254c001b0e29762e11e23e73ae9fb2aa632bafd5d4e355a53043	too large (trace)
tr03-official-1/0939-cell-b-0326-curtain/reference-10ms-differences.json.gz	23	f1101f8233b16d980af348db666cbdb1b9772fa79c6fa8d7d6d9550c1f6a546d	not a metric of this report
tr03-official-1/0939-cell-b-0326-curtain/trace.jsonl.gz	432732	e7c5dc5c64006bfbdb9cbb1a140a3703a602f8207dc58a2b6434c1ab04b1f1f8	too large (trace)
tr03-official-1/0940-cell-b-0326-recovery/reference-10ms-differences.json.gz	23	f1101f8233b16d980af348db666cbdb1b9772fa79c6fa8d7d6d9550c1f6a546d	not a metric of this report
tr03-official-1/0940-cell-b-0326-recovery/trace.jsonl.gz	1725362	5cc09e3a16a6d415ec65ccc6c2b4d62867131accef2077aec104d0927cb03299	too large (trace)
tr03-official-1/0941-cell-b-0326-recovery-retract/reference-10ms-differences.json.gz	23	f1101f8233b16d980af348db666cbdb1b9772fa79c6fa8d7d6d9550c1f6a546d	not a metric of this report
tr03-official-1/0941-cell-b-0326-recovery-retract/trace.jsonl.gz	1748348	8abbdc94541d227564c8ab26a34f717c736fdd4b2e0f555e5ccf412332e787b9	too large (trace)
tr03-official-1/0942-cell-b-0326-batch/reference-10ms-differences.json.gz	23	f1101f8233b16d980af348db666cbdb1b9772fa79c6fa8d7d6d9550c1f6a546d	not a metric of this report
tr03-official-1/0942-cell-b-0326-batch/trace.jsonl.gz	1750970	2e081b465859012cd4939f099e1195f883de595db1ef472c0ecdf65a8dfddf7c	too large (trace)
tr03-official-1/0943-cell-b-0326-stroke75/constants.json	5779	23eb4ee6404d9bbca1675106843e233adf2dd72c0e37f275d0c9bb31194fcadb	plant-model file (private)
tr03-official-1/0943-cell-b-0326-stroke75/reference-10ms-differences.json.gz	23	f1101f8233b16d980af348db666cbdb1b9772fa79c6fa8d7d6d9550c1f6a546d	not a metric of this report
tr03-official-1/0943-cell-b-0326-stroke75/trace.jsonl.gz	1138258	856447b85dfaa3d3610067d65f1b14fe702a262f9b774038ba9cb2a0bedef64c	too large (trace)
tr03-official-1/0944-cell-b-0326-flow060/constants.json	5759	749da6a9a3b578914850d85f44d3468ebdd2fefffb551566451d2e1a2d182a14	plant-model file (private)
tr03-official-1/0944-cell-b-0326-flow060/flow.plccell.json	33668	de3b752c6569074a823f5ee6945a6aea173d27e736d7f9764b3705dc16fcefb6	plant-model file (private)
tr03-official-1/0944-cell-b-0326-flow060/reference-10ms-differences.json.gz	23	f1101f8233b16d980af348db666cbdb1b9772fa79c6fa8d7d6d9550c1f6a546d	not a metric of this report
tr03-official-1/0944-cell-b-0326-flow060/trace.jsonl.gz	482685	bb3bafa67ef551ed1c2cf475b074d048e8c532a1299ccce4539e33962010e737	too large (trace)
tr03-official-1/0945-cell-b-0326-flow045/constants.json	5760	b60b895ae8a70ba009e8fef0331b36e4f055cc6e7e075ae19d01b37f763c0360	plant-model file (private)
tr03-official-1/0945-cell-b-0326-flow045/flow.plccell.json	33668	de3b752c6569074a823f5ee6945a6aea173d27e736d7f9764b3705dc16fcefb6	plant-model file (private)
tr03-official-1/0945-cell-b-0326-flow045/reference-10ms-differences.json.gz	23	f1101f8233b16d980af348db666cbdb1b9772fa79c6fa8d7d6d9550c1f6a546d	not a metric of this report
tr03-official-1/0945-cell-b-0326-flow045/trace.jsonl.gz	464437	f10e1532b29b49d9960f9860b5afc447a88709f30fa80bd3d1bc093c757dc019	too large (trace)
tr03-official-1/0946-cell-b-0327-normal-s1/reference-10ms-differences.json.gz	64893	afcfb6252e574bbfff43fcb95b58c9a291476e9c72908502baf70a5a97c3ee9f	not a metric of this report
tr03-official-1/0946-cell-b-0327-normal-s1/trace.jsonl.gz	1696997	3144cde978dc5799fa394991313f5fb578b0ff179f534097e6187e412f00ef28	too large (trace)
tr03-official-1/0947-cell-b-0327-normal-s2/reference-10ms-differences.json.gz	64893	afcfb6252e574bbfff43fcb95b58c9a291476e9c72908502baf70a5a97c3ee9f	not a metric of this report
tr03-official-1/0947-cell-b-0327-normal-s2/trace.jsonl.gz	1725342	34be875500fb6d6359489cd2dcb28086a6a8aa63eec82adab06c5a17db2d0330	too large (trace)
tr03-official-1/0948-cell-b-0327-normal-s3/reference-10ms-differences.json.gz	64893	afcfb6252e574bbfff43fcb95b58c9a291476e9c72908502baf70a5a97c3ee9f	not a metric of this report
tr03-official-1/0948-cell-b-0327-normal-s3/trace.jsonl.gz	1731610	f3be059717a63505791414770a005b1b112f7ca41799df1e70261d14be7c7183	too large (trace)
tr03-official-1/0949-cell-b-0327-cycle-stop/reference-10ms-differences.json.gz	16734	2887f49c789fc2a115e047056a23668b9f51b3707d6a74b7ec685b077cdb36ff	not a metric of this report
tr03-official-1/0949-cell-b-0327-cycle-stop/trace.jsonl.gz	408367	6a294ff446971b2ce529e8fc62f2c9a5cc31ddd5d5d2778d301331133acb2824	too large (trace)
tr03-official-1/0950-cell-b-0327-curtain/reference-10ms-differences.json.gz	14125	848caf1f7bf69269bcaf2ab75ec0d60590d9de4f1c92e23d3443dc4e0087179e	not a metric of this report
tr03-official-1/0950-cell-b-0327-curtain/trace.jsonl.gz	345279	12290207269fb891980c421b3545c8b02474ec673ca0f45b1956a122be53575f	too large (trace)
tr03-official-1/0951-cell-b-0327-recovery/reference-10ms-differences.json.gz	59189	8f0b31bd5d30e0467e26804ce8eadd057f11308532ea6deef3fe52fb0cc6e8c4	not a metric of this report
tr03-official-1/0951-cell-b-0327-recovery/trace.jsonl.gz	1476366	5d7b2b529e5dc95c7761e0bbbe4102bbb2c9bf771cdcf4b4e28f6525563b20cc	too large (trace)
tr03-official-1/0952-cell-b-0327-recovery-retract/reference-10ms-differences.json.gz	59187	18acc20e8bc0f5f4686154381cc0f814b4741e3a37766e6ab4a47f97ecce17fe	not a metric of this report
tr03-official-1/0952-cell-b-0327-recovery-retract/trace.jsonl.gz	1470693	e1937ace43d7c28f0b6d66728c9a663f41a1c7b10473a63384588f982b6bdea7	too large (trace)
tr03-official-1/0953-cell-b-0327-batch/reference-10ms-differences.json.gz	34598	a59716d11e9134b5a4343b3af8ccfbb2fa2a3cf5e67d2e6a1e53419ae0cc46a2	not a metric of this report
tr03-official-1/0953-cell-b-0327-batch/trace.jsonl.gz	886250	22c9d23d7e89b4faa95039d6f5b9dad62177b641f080029e6cf5862bcca327b9	too large (trace)
tr03-official-1/0954-cell-b-0327-stroke75/constants.json	5779	23eb4ee6404d9bbca1675106843e233adf2dd72c0e37f275d0c9bb31194fcadb	plant-model file (private)
tr03-official-1/0954-cell-b-0327-stroke75/reference-10ms-differences.json.gz	34598	a59716d11e9134b5a4343b3af8ccfbb2fa2a3cf5e67d2e6a1e53419ae0cc46a2	not a metric of this report
tr03-official-1/0954-cell-b-0327-stroke75/trace.jsonl.gz	879382	9f48c0917e2f09c11ac3947ba923422be369a7a92983877a65bd7c61d31493f9	too large (trace)
tr03-official-1/0955-cell-b-0327-flow060/constants.json	5759	749da6a9a3b578914850d85f44d3468ebdd2fefffb551566451d2e1a2d182a14	plant-model file (private)
tr03-official-1/0955-cell-b-0327-flow060/flow.plccell.json	33668	de3b752c6569074a823f5ee6945a6aea173d27e736d7f9764b3705dc16fcefb6	plant-model file (private)
tr03-official-1/0955-cell-b-0327-flow060/reference-10ms-differences.json.gz	14125	848caf1f7bf69269bcaf2ab75ec0d60590d9de4f1c92e23d3443dc4e0087179e	not a metric of this report
tr03-official-1/0955-cell-b-0327-flow060/trace.jsonl.gz	334321	d4cf8e0befcf1e9ffb2486fbd64c214dc4ba1da609fb64907a0dd57fe5141413	too large (trace)
tr03-official-1/0956-cell-b-0327-flow045/constants.json	5760	b60b895ae8a70ba009e8fef0331b36e4f055cc6e7e075ae19d01b37f763c0360	plant-model file (private)
tr03-official-1/0956-cell-b-0327-flow045/flow.plccell.json	33668	de3b752c6569074a823f5ee6945a6aea173d27e736d7f9764b3705dc16fcefb6	plant-model file (private)
tr03-official-1/0956-cell-b-0327-flow045/reference-10ms-differences.json.gz	14125	848caf1f7bf69269bcaf2ab75ec0d60590d9de4f1c92e23d3443dc4e0087179e	not a metric of this report
tr03-official-1/0956-cell-b-0327-flow045/trace.jsonl.gz	334321	7e71072df75ca41224b8eee845b5e10bcc988e76b4073f7683a959e7bdc83346	too large (trace)
tr03-official-1/0957-cell-b-0328-normal-s1/reference-10ms-differences.json.gz	64181	a107646e7271b6871373621866f66d5010733cb32bfa94f5f1a273142bde62e8	not a metric of this report
tr03-official-1/0957-cell-b-0328-normal-s1/trace.jsonl.gz	1625368	03ae13f0a685684ec0f0c1cb637dc4c735f6a1a289a43cf6894faae2a72f2487	too large (trace)
tr03-official-1/0958-cell-b-0328-normal-s2/reference-10ms-differences.json.gz	64181	a107646e7271b6871373621866f66d5010733cb32bfa94f5f1a273142bde62e8	not a metric of this report
tr03-official-1/0958-cell-b-0328-normal-s2/trace.jsonl.gz	1639787	97a235ed16f9bad372b369841e9123bb3d93a4b227d2b3bc85499dea2008f97a	too large (trace)
tr03-official-1/0959-cell-b-0328-normal-s3/reference-10ms-differences.json.gz	64181	a107646e7271b6871373621866f66d5010733cb32bfa94f5f1a273142bde62e8	not a metric of this report
tr03-official-1/0959-cell-b-0328-normal-s3/trace.jsonl.gz	1666803	947db9a4c02b54d20a0c6d547968b374510fa721799cc64dce16550ca443b2ba	too large (trace)
tr03-official-1/0960-cell-b-0328-cycle-stop/reference-10ms-differences.json.gz	16007	8d5f59181df57b71308ac233a4acb83130c991331593e5aad435222427c01bd1	not a metric of this report
tr03-official-1/0960-cell-b-0328-cycle-stop/trace.jsonl.gz	419393	fae76c65618f31b0acef8d710be494735e59161afcf51f8312b79d7312c066ad	too large (trace)
tr03-official-1/0961-cell-b-0328-curtain/reference-10ms-differences.json.gz	13391	61630ec2535f7434d81286bb78fe509c803cc2040bf37e69b8bf0167899af579	not a metric of this report
tr03-official-1/0961-cell-b-0328-curtain/trace.jsonl.gz	347749	7817af1fb6c5babd757853bf3e7a0d1e522693e5522d7cc669927cbf0f573ccd	too large (trace)
tr03-official-1/0962-cell-b-0328-recovery/reference-10ms-differences.json.gz	45988	fec0afec30eff608cd67fa4c4d62f189b942f9f6df3aea37c45c9a6ac6c6a2ee	not a metric of this report
tr03-official-1/0962-cell-b-0328-recovery/trace.jsonl.gz	1173431	71b7c9218ccb709cfd044843ed2d350fdc4cd8ef31ca3298f4ef4ef35f2e3655	too large (trace)
tr03-official-1/0963-cell-b-0328-recovery-retract/reference-10ms-differences.json.gz	45988	fec0afec30eff608cd67fa4c4d62f189b942f9f6df3aea37c45c9a6ac6c6a2ee	not a metric of this report
tr03-official-1/0963-cell-b-0328-recovery-retract/trace.jsonl.gz	1149697	58cb9f408ceef183ebc486b134202bbecd269ffd09ad91cc201b03ce882e9cc7	too large (trace)
tr03-official-1/0964-cell-b-0328-batch/reference-10ms-differences.json.gz	33882	1d44ecbab357f42f775965795a32bddff5a51b791c537a09cc252736e2648aa4	not a metric of this report
tr03-official-1/0964-cell-b-0328-batch/trace.jsonl.gz	857404	3258b26ea80a295d213a600d1b8a0ba69a55b5d8dfa655f37dd6f7b5e9f0e4f1	too large (trace)
tr03-official-1/0965-cell-b-0328-stroke75/constants.json	5779	23eb4ee6404d9bbca1675106843e233adf2dd72c0e37f275d0c9bb31194fcadb	plant-model file (private)
tr03-official-1/0965-cell-b-0328-stroke75/reference-10ms-differences.json.gz	33882	1d44ecbab357f42f775965795a32bddff5a51b791c537a09cc252736e2648aa4	not a metric of this report
tr03-official-1/0965-cell-b-0328-stroke75/trace.jsonl.gz	859385	f4cbccd5cb2198ac92254bd8e57bdea643eb90d208b5214d188bd2cfb79b930a	too large (trace)
tr03-official-1/0966-cell-b-0328-flow060/constants.json	5759	749da6a9a3b578914850d85f44d3468ebdd2fefffb551566451d2e1a2d182a14	plant-model file (private)
tr03-official-1/0966-cell-b-0328-flow060/flow.plccell.json	33668	de3b752c6569074a823f5ee6945a6aea173d27e736d7f9764b3705dc16fcefb6	plant-model file (private)
tr03-official-1/0966-cell-b-0328-flow060/reference-10ms-differences.json.gz	13391	61630ec2535f7434d81286bb78fe509c803cc2040bf37e69b8bf0167899af579	not a metric of this report
tr03-official-1/0966-cell-b-0328-flow060/trace.jsonl.gz	324540	b56033072f600aded3c95a5ccfd18f9a85980a246d6dd8c1f3b3c0a1e1c84078	too large (trace)
tr03-official-1/0967-cell-b-0328-flow045/constants.json	5760	b60b895ae8a70ba009e8fef0331b36e4f055cc6e7e075ae19d01b37f763c0360	plant-model file (private)
tr03-official-1/0967-cell-b-0328-flow045/flow.plccell.json	33668	de3b752c6569074a823f5ee6945a6aea173d27e736d7f9764b3705dc16fcefb6	plant-model file (private)
tr03-official-1/0967-cell-b-0328-flow045/reference-10ms-differences.json.gz	13391	61630ec2535f7434d81286bb78fe509c803cc2040bf37e69b8bf0167899af579	not a metric of this report
tr03-official-1/0967-cell-b-0328-flow045/trace.jsonl.gz	324540	0896c3e1749a7391e3b72710b5d46b26448747d3607cd88a1505ad26645b1acd	too large (trace)
tr03-official-1/0968-cell-b-0329-normal-s1/reference-10ms-differences.json.gz	23	f1101f8233b16d980af348db666cbdb1b9772fa79c6fa8d7d6d9550c1f6a546d	not a metric of this report
tr03-official-1/0968-cell-b-0329-normal-s1/trace.jsonl.gz	2928154	00fb4ac68a0a8674f2b20babdd20b71e9aa892f0d628867044e2a903bf457f24	too large (trace)
tr03-official-1/0969-cell-b-0329-normal-s2/reference-10ms-differences.json.gz	23	f1101f8233b16d980af348db666cbdb1b9772fa79c6fa8d7d6d9550c1f6a546d	not a metric of this report
tr03-official-1/0969-cell-b-0329-normal-s2/trace.jsonl.gz	2701435	d5c3678d97b90a67f8889791f252fb1cfda7bb51f6feb1d7742a76014119948a	too large (trace)
tr03-official-1/0970-cell-b-0329-normal-s3/reference-10ms-differences.json.gz	23	f1101f8233b16d980af348db666cbdb1b9772fa79c6fa8d7d6d9550c1f6a546d	not a metric of this report
tr03-official-1/0970-cell-b-0329-normal-s3/trace.jsonl.gz	2685966	4e714be704516af6cc26d6f9a533dd87b876237d780412d02435c590b12989ba	too large (trace)
tr03-official-1/0971-cell-b-0329-cycle-stop/reference-10ms-differences.json.gz	23	f1101f8233b16d980af348db666cbdb1b9772fa79c6fa8d7d6d9550c1f6a546d	not a metric of this report
tr03-official-1/0971-cell-b-0329-cycle-stop/trace.jsonl.gz	639194	e3a7072bc816fecb6d969d0ca0306a27a0081bc439001f2c80c995cdb203142f	too large (trace)
tr03-official-1/0972-cell-b-0329-curtain/reference-10ms-differences.json.gz	23	f1101f8233b16d980af348db666cbdb1b9772fa79c6fa8d7d6d9550c1f6a546d	not a metric of this report
tr03-official-1/0972-cell-b-0329-curtain/trace.jsonl.gz	428342	550ff28f0ea48bc7ee01d7c26f3629dc39390009a906b8785230db793edacb9e	too large (trace)
tr03-official-1/0973-cell-b-0329-recovery/reference-10ms-differences.json.gz	33590	284733ad03edcf0c7d8ec71461b5caf3c1c3df053cbe89e622d769c09d6d6a33	not a metric of this report
tr03-official-1/0973-cell-b-0329-recovery/trace.jsonl.gz	1418236	0ce9610618e65d580852c82cd84f6e8353fd372b0df2633f0fdc8876f1f5d482	too large (trace)
tr03-official-1/0974-cell-b-0329-recovery-retract/reference-10ms-differences.json.gz	33658	7f668245823914c1e0568117851e75324284fd421183842e3d88d0b886624290	not a metric of this report
tr03-official-1/0974-cell-b-0329-recovery-retract/trace.jsonl.gz	1521428	16db33a1aa2775c7cecbda23f09dbb3f6d456ccd3123d891f545fec5e893f6fe	too large (trace)
tr03-official-1/0975-cell-b-0329-batch/reference-10ms-differences.json.gz	23	f1101f8233b16d980af348db666cbdb1b9772fa79c6fa8d7d6d9550c1f6a546d	not a metric of this report
tr03-official-1/0975-cell-b-0329-batch/trace.jsonl.gz	1753854	15b85ffda966828397acb255c5297cb06929c9146833f7c5e5631c9696fad12c	too large (trace)
tr03-official-1/0976-cell-b-0329-stroke75/constants.json	5779	23eb4ee6404d9bbca1675106843e233adf2dd72c0e37f275d0c9bb31194fcadb	plant-model file (private)
tr03-official-1/0976-cell-b-0329-stroke75/reference-10ms-differences.json.gz	23	f1101f8233b16d980af348db666cbdb1b9772fa79c6fa8d7d6d9550c1f6a546d	not a metric of this report
tr03-official-1/0976-cell-b-0329-stroke75/trace.jsonl.gz	1152839	76aeeae3fb8193c2e34dbbb6d5f75b6fb3d35d66014e3efbf181e049d8e37c80	too large (trace)
tr03-official-1/0977-cell-b-0329-flow060/constants.json	5759	749da6a9a3b578914850d85f44d3468ebdd2fefffb551566451d2e1a2d182a14	plant-model file (private)
tr03-official-1/0977-cell-b-0329-flow060/flow.plccell.json	33668	de3b752c6569074a823f5ee6945a6aea173d27e736d7f9764b3705dc16fcefb6	plant-model file (private)
tr03-official-1/0977-cell-b-0329-flow060/reference-10ms-differences.json.gz	23	f1101f8233b16d980af348db666cbdb1b9772fa79c6fa8d7d6d9550c1f6a546d	not a metric of this report
tr03-official-1/0977-cell-b-0329-flow060/trace.jsonl.gz	481480	bb7a901c6e1c04fc1e098cdc3e0e4a471c9feac34b9b0583f8ded3599c3fba72	too large (trace)
tr03-official-1/0978-cell-b-0329-flow045/constants.json	5760	b60b895ae8a70ba009e8fef0331b36e4f055cc6e7e075ae19d01b37f763c0360	plant-model file (private)
tr03-official-1/0978-cell-b-0329-flow045/flow.plccell.json	33668	de3b752c6569074a823f5ee6945a6aea173d27e736d7f9764b3705dc16fcefb6	plant-model file (private)
tr03-official-1/0978-cell-b-0329-flow045/reference-10ms-differences.json.gz	23	f1101f8233b16d980af348db666cbdb1b9772fa79c6fa8d7d6d9550c1f6a546d	not a metric of this report
tr03-official-1/0978-cell-b-0329-flow045/trace.jsonl.gz	466576	6bd749b6d1378aee5ee97781659d49cc3d05d9d952596d05025806ecd30fb796	too large (trace)
tr03-official-1/0979-cell-b-0330-normal-s1/reference-10ms-differences.json.gz	23	f1101f8233b16d980af348db666cbdb1b9772fa79c6fa8d7d6d9550c1f6a546d	not a metric of this report
tr03-official-1/0979-cell-b-0330-normal-s1/trace.jsonl.gz	2913788	7efe92ddc102333ba75f9e37a3126c0b0841c15ba85a61fa151d5a17980ddb3c	too large (trace)
tr03-official-1/0980-cell-b-0330-normal-s2/reference-10ms-differences.json.gz	23	f1101f8233b16d980af348db666cbdb1b9772fa79c6fa8d7d6d9550c1f6a546d	not a metric of this report
tr03-official-1/0980-cell-b-0330-normal-s2/trace.jsonl.gz	2693101	6f42d290f341dfa9d9000ac6ba68dd43b9eab7fc55fa7ca80b9913b4a7a9a8f9	too large (trace)
tr03-official-1/0981-cell-b-0330-normal-s3/reference-10ms-differences.json.gz	23	f1101f8233b16d980af348db666cbdb1b9772fa79c6fa8d7d6d9550c1f6a546d	not a metric of this report
tr03-official-1/0981-cell-b-0330-normal-s3/trace.jsonl.gz	2687442	e72c1c6a3550f964e5e4ecb2f4c80a62bf3638d2a825ed9d0b9d25c9ee1f7e26	too large (trace)
tr03-official-1/0982-cell-b-0330-cycle-stop/reference-10ms-differences.json.gz	23	f1101f8233b16d980af348db666cbdb1b9772fa79c6fa8d7d6d9550c1f6a546d	not a metric of this report
tr03-official-1/0982-cell-b-0330-cycle-stop/trace.jsonl.gz	641619	85670693d20a509c3d09e583ddec013b3b22186373715d2f6cd3ae440259ae46	too large (trace)
tr03-official-1/0983-cell-b-0330-curtain/reference-10ms-differences.json.gz	23	f1101f8233b16d980af348db666cbdb1b9772fa79c6fa8d7d6d9550c1f6a546d	not a metric of this report
tr03-official-1/0983-cell-b-0330-curtain/trace.jsonl.gz	427547	ac4df76041a04e182bceec1f406c54ae487ad6afce8428a759c6d154ee88e14e	too large (trace)
tr03-official-1/0984-cell-b-0330-recovery/reference-10ms-differences.json.gz	23	f1101f8233b16d980af348db666cbdb1b9772fa79c6fa8d7d6d9550c1f6a546d	not a metric of this report
tr03-official-1/0984-cell-b-0330-recovery/trace.jsonl.gz	1725737	5eb7a9ce2f4c7addef19370d69c7759e6e5aeae0d117eb52a814ed8edcd0e9b6	too large (trace)
tr03-official-1/0985-cell-b-0330-recovery-retract/reference-10ms-differences.json.gz	33263	a06e25eca1918709815a14c305965e7b872feacaa1b7991d8f6bc84d2acac372	not a metric of this report
tr03-official-1/0985-cell-b-0330-recovery-retract/trace.jsonl.gz	1767037	89072c847203e4b089e22ee041c308f282b88257747eb0f0fa840acc614f29ef	too large (trace)
tr03-official-1/0986-cell-b-0330-batch/reference-10ms-differences.json.gz	23	f1101f8233b16d980af348db666cbdb1b9772fa79c6fa8d7d6d9550c1f6a546d	not a metric of this report
tr03-official-1/0986-cell-b-0330-batch/trace.jsonl.gz	1753920	7a56b3cb1cd336b55376f034628f55c495f54686132b43298b1fcf5b8df3cdd8	too large (trace)
tr03-official-1/0987-cell-b-0330-stroke75/constants.json	5779	23eb4ee6404d9bbca1675106843e233adf2dd72c0e37f275d0c9bb31194fcadb	plant-model file (private)
tr03-official-1/0987-cell-b-0330-stroke75/reference-10ms-differences.json.gz	23	f1101f8233b16d980af348db666cbdb1b9772fa79c6fa8d7d6d9550c1f6a546d	not a metric of this report
tr03-official-1/0987-cell-b-0330-stroke75/trace.jsonl.gz	1150105	4de39116662c86f58f9e73d081c8bb055ad865d798b3c011b63efc1a1f99b05b	too large (trace)
tr03-official-1/0988-cell-b-0330-flow060/constants.json	5759	749da6a9a3b578914850d85f44d3468ebdd2fefffb551566451d2e1a2d182a14	plant-model file (private)
tr03-official-1/0988-cell-b-0330-flow060/flow.plccell.json	33668	de3b752c6569074a823f5ee6945a6aea173d27e736d7f9764b3705dc16fcefb6	plant-model file (private)
tr03-official-1/0988-cell-b-0330-flow060/reference-10ms-differences.json.gz	23	f1101f8233b16d980af348db666cbdb1b9772fa79c6fa8d7d6d9550c1f6a546d	not a metric of this report
tr03-official-1/0988-cell-b-0330-flow060/trace.jsonl.gz	483611	6db76afa663ed2055925b1f2c2c791f1b0a7ed3b7c93f6deb47e7e6d96e0caea	too large (trace)
tr03-official-1/0989-cell-b-0330-flow045/constants.json	5760	b60b895ae8a70ba009e8fef0331b36e4f055cc6e7e075ae19d01b37f763c0360	plant-model file (private)
tr03-official-1/0989-cell-b-0330-flow045/flow.plccell.json	33668	de3b752c6569074a823f5ee6945a6aea173d27e736d7f9764b3705dc16fcefb6	plant-model file (private)
tr03-official-1/0989-cell-b-0330-flow045/reference-10ms-differences.json.gz	23	f1101f8233b16d980af348db666cbdb1b9772fa79c6fa8d7d6d9550c1f6a546d	not a metric of this report
tr03-official-1/0989-cell-b-0330-flow045/trace.jsonl.gz	463767	d68111653ff5bddef2a7e9bad92ec81094114ba56f5bd9785565defbd1eb467b	too large (trace)
tr03-official-1/0990-cell-b-0332-normal-s1/reference-10ms-differences.json.gz	53930	e6bf8268592e5b3aafdb170297da64ee4f4dd69cc6291ea357e2a26aa6171ab9	not a metric of this report
tr03-official-1/0990-cell-b-0332-normal-s1/trace.jsonl.gz	1966057	9b66537aec2dccb2b1722ea031a22abf6e446104aeb49e37a9b5081a9ccb3f59	too large (trace)
tr03-official-1/0991-cell-b-0332-normal-s2/reference-10ms-differences.json.gz	54766	d9f9eaaccdc8eb0af114029b8dec695588557c11f0ff4047ba539c41b4e99531	not a metric of this report
tr03-official-1/0991-cell-b-0332-normal-s2/trace.jsonl.gz	1993852	f5dd46c33011e57b02800e2f3e069748eb87b3d0d311e2443c493b195360b632	too large (trace)
tr03-official-1/0992-cell-b-0332-normal-s3/reference-10ms-differences.json.gz	54766	d9f9eaaccdc8eb0af114029b8dec695588557c11f0ff4047ba539c41b4e99531	not a metric of this report
tr03-official-1/0992-cell-b-0332-normal-s3/trace.jsonl.gz	1838939	be66c4fb5cc82272d482345a9db882d2a5bd9a300d6ee69dc813fb3284762865	too large (trace)
tr03-official-1/0993-cell-b-0332-cycle-stop/reference-10ms-differences.json.gz	5846	e9c3dbe3bf67492e090a3b67d105d683bda69db4f53ee4fabb1adcca20a4579c	not a metric of this report
tr03-official-1/0993-cell-b-0332-cycle-stop/trace.jsonl.gz	601305	23132f943d04972152406ef8ba6ba8de73b9e3f1a2fb32de4bbeb9e683e7f5c3	too large (trace)
tr03-official-1/0994-cell-b-0332-curtain/reference-10ms-differences.json.gz	23	f1101f8233b16d980af348db666cbdb1b9772fa79c6fa8d7d6d9550c1f6a546d	not a metric of this report
tr03-official-1/0994-cell-b-0332-curtain/trace.jsonl.gz	426680	dbf4bca7e8a35a6425c20563f8c20e27285ebaf9b9ffcc7c9d7a231c5bef5638	too large (trace)
tr03-official-1/0995-cell-b-0332-recovery/reference-10ms-differences.json.gz	23	f1101f8233b16d980af348db666cbdb1b9772fa79c6fa8d7d6d9550c1f6a546d	not a metric of this report
tr03-official-1/0995-cell-b-0332-recovery/trace.jsonl.gz	1727593	407c32baa66c824bf86da90f75177af69b2b99dcce4dc9be13588f0e3779695a	too large (trace)
tr03-official-1/0996-cell-b-0332-recovery-retract/reference-10ms-differences.json.gz	46368	a5140775a961969e9b13451487bc343836d1c7c13c717f7e31f1edec72803061	not a metric of this report
tr03-official-1/0996-cell-b-0332-recovery-retract/trace.jsonl.gz	1744304	7ebb3e697bebe6ac3b6babd19d5b3ad4a33c70fd29bf2157ca4e17d0cb50922f	too large (trace)
tr03-official-1/0997-cell-b-0332-batch/reference-10ms-differences.json.gz	23598	30f9363c30d34ba9def12e099a7eeb26ae93e0488507b3b2e0265bc7d7cbb20d	not a metric of this report
tr03-official-1/0997-cell-b-0332-batch/trace.jsonl.gz	1102379	4057382344cccd69f570e35cba63c0f6d332fb192b401e6f2ac22ef4f6b01ab0	too large (trace)
tr03-official-1/0998-cell-b-0332-stroke75/constants.json	5779	23eb4ee6404d9bbca1675106843e233adf2dd72c0e37f275d0c9bb31194fcadb	plant-model file (private)
tr03-official-1/0998-cell-b-0332-stroke75/reference-10ms-differences.json.gz	23	f1101f8233b16d980af348db666cbdb1b9772fa79c6fa8d7d6d9550c1f6a546d	not a metric of this report
tr03-official-1/0998-cell-b-0332-stroke75/trace.jsonl.gz	1153302	5f81b575402823757dbae1c9a4e6a77ab0b159a6e658401c65ec890bfa7406ff	too large (trace)
tr03-official-1/0999-cell-b-0332-flow060/constants.json	5759	749da6a9a3b578914850d85f44d3468ebdd2fefffb551566451d2e1a2d182a14	plant-model file (private)
tr03-official-1/0999-cell-b-0332-flow060/flow.plccell.json	33668	de3b752c6569074a823f5ee6945a6aea173d27e736d7f9764b3705dc16fcefb6	plant-model file (private)
tr03-official-1/0999-cell-b-0332-flow060/reference-10ms-differences.json.gz	23	f1101f8233b16d980af348db666cbdb1b9772fa79c6fa8d7d6d9550c1f6a546d	not a metric of this report
tr03-official-1/0999-cell-b-0332-flow060/trace.jsonl.gz	480545	b60908fcaec88f7b962d1196a82c2a466a20356adf1204eada1464490356ec8a	too large (trace)
tr03-official-1/1000-cell-b-0332-flow045/constants.json	5760	b60b895ae8a70ba009e8fef0331b36e4f055cc6e7e075ae19d01b37f763c0360	plant-model file (private)
tr03-official-1/1000-cell-b-0332-flow045/flow.plccell.json	33668	de3b752c6569074a823f5ee6945a6aea173d27e736d7f9764b3705dc16fcefb6	plant-model file (private)
tr03-official-1/1000-cell-b-0332-flow045/reference-10ms-differences.json.gz	23	f1101f8233b16d980af348db666cbdb1b9772fa79c6fa8d7d6d9550c1f6a546d	not a metric of this report
tr03-official-1/1000-cell-b-0332-flow045/trace.jsonl.gz	464022	9f4f7e1180be532453eb8736e612652c5cc11fee11803e1b5e7c070a75d2f8a6	too large (trace)
tr03-official-1/1001-cell-b-0333-normal-s1/reference-10ms-differences.json.gz	56035	7b1e548f8dc520a76b6e1c166bbb643d704f7aaf87d66abba9968eae45f50d17	not a metric of this report
tr03-official-1/1001-cell-b-0333-normal-s1/trace.jsonl.gz	1988638	8ea5ef5cac08224103e1ac926dfb615858e557593f9de420e17f1c881a9e8534	too large (trace)
tr03-official-1/1002-cell-b-0333-normal-s2/reference-10ms-differences.json.gz	54766	d9f9eaaccdc8eb0af114029b8dec695588557c11f0ff4047ba539c41b4e99531	not a metric of this report
tr03-official-1/1002-cell-b-0333-normal-s2/trace.jsonl.gz	2000608	aaab5e8c0ece0165526c8bfb77a4d0be95caaf450611e593253fa60767290899	too large (trace)
tr03-official-1/1003-cell-b-0333-normal-s3/reference-10ms-differences.json.gz	54766	d9f9eaaccdc8eb0af114029b8dec695588557c11f0ff4047ba539c41b4e99531	not a metric of this report
tr03-official-1/1003-cell-b-0333-normal-s3/trace.jsonl.gz	1844607	988e3c1a374dd325cfa9e8567ce685e12ae5b5b2f4110229fb1fdc30ab499d40	too large (trace)
tr03-official-1/1004-cell-b-0333-cycle-stop/reference-10ms-differences.json.gz	7928	3fa325fd88e006bca68a8ce26564dfbd2b4dddd7a03a69d647cd7f5ed75825a0	not a metric of this report
tr03-official-1/1004-cell-b-0333-cycle-stop/trace.jsonl.gz	578573	b8e0958209693044506f6ff6018c89616f87f0a9e969cee273b827eb148b08b0	too large (trace)
tr03-official-1/1005-cell-b-0333-curtain/reference-10ms-differences.json.gz	23	f1101f8233b16d980af348db666cbdb1b9772fa79c6fa8d7d6d9550c1f6a546d	not a metric of this report
tr03-official-1/1005-cell-b-0333-curtain/trace.jsonl.gz	421271	7a477791f4644f820dd5a9bd203020ca601919b750a3b4f5cdf44ec0e72105bb	too large (trace)
tr03-official-1/1006-cell-b-0333-recovery/reference-10ms-differences.json.gz	23	f1101f8233b16d980af348db666cbdb1b9772fa79c6fa8d7d6d9550c1f6a546d	not a metric of this report
tr03-official-1/1006-cell-b-0333-recovery/trace.jsonl.gz	1729356	36a56bd1fe72c13a4fd9319c66538fa56635c4620ddee5c0dd96a7d66bdb989c	too large (trace)
tr03-official-1/1007-cell-b-0333-recovery-retract/reference-10ms-differences.json.gz	23	f1101f8233b16d980af348db666cbdb1b9772fa79c6fa8d7d6d9550c1f6a546d	not a metric of this report
tr03-official-1/1007-cell-b-0333-recovery-retract/trace.jsonl.gz	1745839	699f88eb7e9138a7e32831189e36d1eb7f3861e466d181428dd425c399434194	too large (trace)
tr03-official-1/1008-cell-b-0333-batch/reference-10ms-differences.json.gz	25710	90e97cb88b5c121bc4f23e5d472e8ea237791a499c876a614c62f134fd17da9c	not a metric of this report
tr03-official-1/1008-cell-b-0333-batch/trace.jsonl.gz	1107591	1eaf4114153b969fe8367ec5fc0c3641dc43a650cdc8377135e31d007d78a331	too large (trace)
tr03-official-1/1009-cell-b-0333-stroke75/constants.json	5779	23eb4ee6404d9bbca1675106843e233adf2dd72c0e37f275d0c9bb31194fcadb	plant-model file (private)
tr03-official-1/1009-cell-b-0333-stroke75/reference-10ms-differences.json.gz	23	f1101f8233b16d980af348db666cbdb1b9772fa79c6fa8d7d6d9550c1f6a546d	not a metric of this report
tr03-official-1/1009-cell-b-0333-stroke75/trace.jsonl.gz	1128897	9c8fb04d3e811d55d1a27ac79a19f031e9963e3d34a29e7fc856952cfec44bee	too large (trace)
tr03-official-1/1010-cell-b-0333-flow060/constants.json	5759	749da6a9a3b578914850d85f44d3468ebdd2fefffb551566451d2e1a2d182a14	plant-model file (private)
tr03-official-1/1010-cell-b-0333-flow060/flow.plccell.json	33668	de3b752c6569074a823f5ee6945a6aea173d27e736d7f9764b3705dc16fcefb6	plant-model file (private)
tr03-official-1/1010-cell-b-0333-flow060/reference-10ms-differences.json.gz	23	f1101f8233b16d980af348db666cbdb1b9772fa79c6fa8d7d6d9550c1f6a546d	not a metric of this report
tr03-official-1/1010-cell-b-0333-flow060/trace.jsonl.gz	480839	4ed3d83664c364d120278f2cf0f3c1f439f32cd34da2d7ae8a129d3519f0498a	too large (trace)
tr03-official-1/1011-cell-b-0333-flow045/constants.json	5760	b60b895ae8a70ba009e8fef0331b36e4f055cc6e7e075ae19d01b37f763c0360	plant-model file (private)
tr03-official-1/1011-cell-b-0333-flow045/flow.plccell.json	33668	de3b752c6569074a823f5ee6945a6aea173d27e736d7f9764b3705dc16fcefb6	plant-model file (private)
tr03-official-1/1011-cell-b-0333-flow045/reference-10ms-differences.json.gz	23	f1101f8233b16d980af348db666cbdb1b9772fa79c6fa8d7d6d9550c1f6a546d	not a metric of this report
tr03-official-1/1011-cell-b-0333-flow045/trace.jsonl.gz	463207	5541d69fde0e60a0b3e25b2c2749823ebe11609dcabcd5a5543cfec9f6e033a6	too large (trace)
tr03-official-1/1012-cell-b-0335-normal-s1/reference-10ms-differences.json.gz	52213	50c145b7c50909d291e07bf1d977cf8443748507ebc5bd6e1a11a7f45c3ab754	not a metric of this report
tr03-official-1/1012-cell-b-0335-normal-s1/trace.jsonl.gz	1912662	dd70e82c81df839669f4f8b72272d5c496ae92a6824cc3f9a8526dbbf39b8e05	too large (trace)
tr03-official-1/1013-cell-b-0335-normal-s2/reference-10ms-differences.json.gz	49637	392e9fffdc14a139840e012dd3e3b390485835815b7cd17e77cfea3e34d6d5ac	not a metric of this report
tr03-official-1/1013-cell-b-0335-normal-s2/trace.jsonl.gz	2275783	e749bc267c4f27950dfdc12a93f9b3b9309286ed6413d251c0ff8c5818ce9298	too large (trace)
tr03-official-1/1014-cell-b-0335-normal-s3/reference-10ms-differences.json.gz	53104	0fcd4279f7e192fcbde32f3f79e1d50894cbf52b45769d2db5c3dc9b07670c5c	not a metric of this report
tr03-official-1/1014-cell-b-0335-normal-s3/trace.jsonl.gz	2000758	74fd0a7fd62abf91f60af2a9e17b3980728a895a40dc8ba544704001d1b82734	too large (trace)
tr03-official-1/1015-cell-b-0335-cycle-stop/reference-10ms-differences.json.gz	23	f1101f8233b16d980af348db666cbdb1b9772fa79c6fa8d7d6d9550c1f6a546d	not a metric of this report
tr03-official-1/1015-cell-b-0335-cycle-stop/trace.jsonl.gz	635055	a9b4a1a7bf8cbba7eb949492b3dbfe9cd5d6f000228f8920e234a18966d6fb87	too large (trace)
tr03-official-1/1016-cell-b-0335-curtain/reference-10ms-differences.json.gz	23	f1101f8233b16d980af348db666cbdb1b9772fa79c6fa8d7d6d9550c1f6a546d	not a metric of this report
tr03-official-1/1016-cell-b-0335-curtain/trace.jsonl.gz	426235	47386cdea904730eb215ffe6bd7b033ba2c4bc4aa6eab7f66da1019be6e4a5a2	too large (trace)
tr03-official-1/1017-cell-b-0335-recovery/reference-10ms-differences.json.gz	23	f1101f8233b16d980af348db666cbdb1b9772fa79c6fa8d7d6d9550c1f6a546d	not a metric of this report
tr03-official-1/1017-cell-b-0335-recovery/trace.jsonl.gz	1717308	e2a2278efcf3a9c6e1df44e748dc9afcc591b4058ce9ccb248cbb028afbbf4cb	too large (trace)
tr03-official-1/1018-cell-b-0335-recovery-retract/reference-10ms-differences.json.gz	23	f1101f8233b16d980af348db666cbdb1b9772fa79c6fa8d7d6d9550c1f6a546d	not a metric of this report
tr03-official-1/1018-cell-b-0335-recovery-retract/trace.jsonl.gz	1741161	d18744b30a5adb6c3663b560d0cb5854a1b33f9f470aaa21ac6a86b7ed907877	too large (trace)
tr03-official-1/1019-cell-b-0335-batch/reference-10ms-differences.json.gz	21879	162b547bc9a05c6110ebc820bf99e0565d5ce2a688b2e352782086124b890ba6	not a metric of this report
tr03-official-1/1019-cell-b-0335-batch/trace.jsonl.gz	1121900	09bc1fa4776bd2cb32f86f90602f6ff9d8dcf4327f5d24ca2b4d4e029b09ad74	too large (trace)
tr03-official-1/1020-cell-b-0335-stroke75/constants.json	5779	23eb4ee6404d9bbca1675106843e233adf2dd72c0e37f275d0c9bb31194fcadb	plant-model file (private)
tr03-official-1/1020-cell-b-0335-stroke75/reference-10ms-differences.json.gz	23	f1101f8233b16d980af348db666cbdb1b9772fa79c6fa8d7d6d9550c1f6a546d	not a metric of this report
tr03-official-1/1020-cell-b-0335-stroke75/trace.jsonl.gz	1141526	84943b2aea3babc4f845c38c11b54a088eadecd77dc2b856d4b4aaf5679f568a	too large (trace)
tr03-official-1/1021-cell-b-0335-flow060/constants.json	5759	749da6a9a3b578914850d85f44d3468ebdd2fefffb551566451d2e1a2d182a14	plant-model file (private)
tr03-official-1/1021-cell-b-0335-flow060/flow.plccell.json	33668	de3b752c6569074a823f5ee6945a6aea173d27e736d7f9764b3705dc16fcefb6	plant-model file (private)
tr03-official-1/1021-cell-b-0335-flow060/reference-10ms-differences.json.gz	23	f1101f8233b16d980af348db666cbdb1b9772fa79c6fa8d7d6d9550c1f6a546d	not a metric of this report
tr03-official-1/1021-cell-b-0335-flow060/trace.jsonl.gz	486975	9119ceda2fb06e8a02a91d933eeb7dda3b2955b31e8d6d28ae0d03a0510f9990	too large (trace)
tr03-official-1/1022-cell-b-0335-flow045/constants.json	5760	b60b895ae8a70ba009e8fef0331b36e4f055cc6e7e075ae19d01b37f763c0360	plant-model file (private)
tr03-official-1/1022-cell-b-0335-flow045/flow.plccell.json	33668	de3b752c6569074a823f5ee6945a6aea173d27e736d7f9764b3705dc16fcefb6	plant-model file (private)
tr03-official-1/1022-cell-b-0335-flow045/reference-10ms-differences.json.gz	23	f1101f8233b16d980af348db666cbdb1b9772fa79c6fa8d7d6d9550c1f6a546d	not a metric of this report
tr03-official-1/1022-cell-b-0335-flow045/trace.jsonl.gz	467640	4731b8c7fa056fd9ae9912c1e16b5309a7f04741b7306cd5cdd800a126cf8b8f	too large (trace)
tr03-official-1/1023-cell-b-0336-normal-s1/reference-10ms-differences.json.gz	52187	9f250c000ba2905e5ad6f2abc8621059a97d561a8ca5607ecd14f24942052889	not a metric of this report
tr03-official-1/1023-cell-b-0336-normal-s1/trace.jsonl.gz	1966493	97e198659d0b1408d4944fd561013a451cc3ba2a6abb8094128391cc078846b6	too large (trace)
tr03-official-1/1024-cell-b-0336-normal-s2/reference-10ms-differences.json.gz	49616	7bd2ff9b665cec684bf50f2376d0aea111cfa7c704b373ccb4dcd9749ab5cc2c	not a metric of this report
tr03-official-1/1024-cell-b-0336-normal-s2/trace.jsonl.gz	2269533	8823f1dda97e827a718301d7a0ce5506a73735c1129622e345d81d31ed73036c	too large (trace)
tr03-official-1/1025-cell-b-0336-normal-s3/reference-10ms-differences.json.gz	53046	580897f96373738c6a44fb70a3f67125258a0df767ae168238b257fdb8a184fa	not a metric of this report
tr03-official-1/1025-cell-b-0336-normal-s3/trace.jsonl.gz	1917263	ed0f79ba87604c17f7eeb11de615206657762666d01ed652e22a73b043767a6b	too large (trace)
tr03-official-1/1026-cell-b-0336-cycle-stop/reference-10ms-differences.json.gz	23	f1101f8233b16d980af348db666cbdb1b9772fa79c6fa8d7d6d9550c1f6a546d	not a metric of this report
tr03-official-1/1026-cell-b-0336-cycle-stop/trace.jsonl.gz	632284	17b173566b7039dad030da63f03702882d217e232ef84b650c6847b9beb14ece	too large (trace)
tr03-official-1/1027-cell-b-0336-curtain/reference-10ms-differences.json.gz	23	f1101f8233b16d980af348db666cbdb1b9772fa79c6fa8d7d6d9550c1f6a546d	not a metric of this report
tr03-official-1/1027-cell-b-0336-curtain/trace.jsonl.gz	425240	4f2cd3f1310864e6fda82d55d120a825b236587a609dfec0e456a7543c18a1c3	too large (trace)
tr03-official-1/1028-cell-b-0336-recovery/reference-10ms-differences.json.gz	23	f1101f8233b16d980af348db666cbdb1b9772fa79c6fa8d7d6d9550c1f6a546d	not a metric of this report
tr03-official-1/1028-cell-b-0336-recovery/trace.jsonl.gz	1721038	46990a1770310565ad569e348c50f69167d81abbc9be4d4b4e97b7dda765519d	too large (trace)
tr03-official-1/1029-cell-b-0336-recovery-retract/reference-10ms-differences.json.gz	23	f1101f8233b16d980af348db666cbdb1b9772fa79c6fa8d7d6d9550c1f6a546d	not a metric of this report
tr03-official-1/1029-cell-b-0336-recovery-retract/trace.jsonl.gz	1746808	622b341a5ee9fcf98d3fecc8c0961f5b6a7c172a0676c4da34475dae50691e80	too large (trace)
tr03-official-1/1030-cell-b-0336-batch/reference-10ms-differences.json.gz	21853	1e155846ad417e02c1eeb629cefe8c6ebd826826ac571680f63a9ee6c94fcd3c	not a metric of this report
tr03-official-1/1030-cell-b-0336-batch/trace.jsonl.gz	1128212	cbc65ae50c1da16784a58ea528c81d37d6f5268807ec8b06c07687882b179319	too large (trace)
tr03-official-1/1031-cell-b-0336-stroke75/constants.json	5779	23eb4ee6404d9bbca1675106843e233adf2dd72c0e37f275d0c9bb31194fcadb	plant-model file (private)
tr03-official-1/1031-cell-b-0336-stroke75/reference-10ms-differences.json.gz	23	f1101f8233b16d980af348db666cbdb1b9772fa79c6fa8d7d6d9550c1f6a546d	not a metric of this report
tr03-official-1/1031-cell-b-0336-stroke75/trace.jsonl.gz	1122421	8b2e72a430728a74e5ea3bc5122b796f7ad5695023a778cf57ada06a9ceab2cd	too large (trace)
tr03-official-1/1032-cell-b-0336-flow060/constants.json	5759	749da6a9a3b578914850d85f44d3468ebdd2fefffb551566451d2e1a2d182a14	plant-model file (private)
tr03-official-1/1032-cell-b-0336-flow060/flow.plccell.json	33668	de3b752c6569074a823f5ee6945a6aea173d27e736d7f9764b3705dc16fcefb6	plant-model file (private)
tr03-official-1/1032-cell-b-0336-flow060/reference-10ms-differences.json.gz	23	f1101f8233b16d980af348db666cbdb1b9772fa79c6fa8d7d6d9550c1f6a546d	not a metric of this report
tr03-official-1/1032-cell-b-0336-flow060/trace.jsonl.gz	486415	f3a9837f9533e43a583dfc2d3cd744955b9d8465af0ca33503d3af5371ca5234	too large (trace)
tr03-official-1/1033-cell-b-0336-flow045/constants.json	5760	b60b895ae8a70ba009e8fef0331b36e4f055cc6e7e075ae19d01b37f763c0360	plant-model file (private)
tr03-official-1/1033-cell-b-0336-flow045/flow.plccell.json	33668	de3b752c6569074a823f5ee6945a6aea173d27e736d7f9764b3705dc16fcefb6	plant-model file (private)
tr03-official-1/1033-cell-b-0336-flow045/reference-10ms-differences.json.gz	23	f1101f8233b16d980af348db666cbdb1b9772fa79c6fa8d7d6d9550c1f6a546d	not a metric of this report
tr03-official-1/1033-cell-b-0336-flow045/trace.jsonl.gz	465305	0cea71ad812033525af0520122504997b37828133c459ccd8ab5fa0c9fe93bfe	too large (trace)
tr03-official-1/1034-cell-b-0337-normal-s1/reference-10ms-differences.json.gz	23	f1101f8233b16d980af348db666cbdb1b9772fa79c6fa8d7d6d9550c1f6a546d	not a metric of this report
tr03-official-1/1034-cell-b-0337-normal-s1/trace.jsonl.gz	2923001	51fb379e0943865c72b6ebbb9b9093922dc528d049cf8723744b291043289ce2	too large (trace)
tr03-official-1/1035-cell-b-0337-normal-s2/reference-10ms-differences.json.gz	23	f1101f8233b16d980af348db666cbdb1b9772fa79c6fa8d7d6d9550c1f6a546d	not a metric of this report
tr03-official-1/1035-cell-b-0337-normal-s2/trace.jsonl.gz	2703152	d6120a7b57d03cf1dd37da22d24be151f9faf6ef647c031ba2e2b1f91df4fa7b	too large (trace)
tr03-official-1/1036-cell-b-0337-normal-s3/reference-10ms-differences.json.gz	23	f1101f8233b16d980af348db666cbdb1b9772fa79c6fa8d7d6d9550c1f6a546d	not a metric of this report
tr03-official-1/1036-cell-b-0337-normal-s3/trace.jsonl.gz	2684861	07dc3236c8edc81065e5573ac04261b6b099ab9de12bd3c7be8f50ecb88e4195	too large (trace)
tr03-official-1/1037-cell-b-0337-cycle-stop/reference-10ms-differences.json.gz	23	f1101f8233b16d980af348db666cbdb1b9772fa79c6fa8d7d6d9550c1f6a546d	not a metric of this report
tr03-official-1/1037-cell-b-0337-cycle-stop/trace.jsonl.gz	640786	ab3d5659b06b5c6aa8d7c389729f19affb9d8800676496e8be4bdbc04aab1d45	too large (trace)
tr03-official-1/1038-cell-b-0337-curtain/reference-10ms-differences.json.gz	23	f1101f8233b16d980af348db666cbdb1b9772fa79c6fa8d7d6d9550c1f6a546d	not a metric of this report
tr03-official-1/1038-cell-b-0337-curtain/trace.jsonl.gz	435464	5b2a2c50d1127e7719a9a1e3046fa84e7e02d49e7b7c041cacb84814f7e9be74	too large (trace)
tr03-official-1/1039-cell-b-0337-recovery/reference-10ms-differences.json.gz	23	f1101f8233b16d980af348db666cbdb1b9772fa79c6fa8d7d6d9550c1f6a546d	not a metric of this report
tr03-official-1/1039-cell-b-0337-recovery/trace.jsonl.gz	1734373	fdd9bc77a7b30b9fd71e21951af4e303ae906b09b887e0262963f887a151d816	too large (trace)
tr03-official-1/1040-cell-b-0337-recovery-retract/reference-10ms-differences.json.gz	23	f1101f8233b16d980af348db666cbdb1b9772fa79c6fa8d7d6d9550c1f6a546d	not a metric of this report
tr03-official-1/1040-cell-b-0337-recovery-retract/trace.jsonl.gz	1749923	8a4166d822ee326f7c251fc6ee420a7242ad1f70a4b1dcadde880d3c16a90549	too large (trace)
tr03-official-1/1041-cell-b-0337-batch/reference-10ms-differences.json.gz	23	f1101f8233b16d980af348db666cbdb1b9772fa79c6fa8d7d6d9550c1f6a546d	not a metric of this report
tr03-official-1/1041-cell-b-0337-batch/trace.jsonl.gz	1756157	db327642ddb6373b01d92fa91a3fb3439a8f19bc59930d23defb32292b0fe9d8	too large (trace)
tr03-official-1/1042-cell-b-0337-stroke75/constants.json	5779	23eb4ee6404d9bbca1675106843e233adf2dd72c0e37f275d0c9bb31194fcadb	plant-model file (private)
tr03-official-1/1042-cell-b-0337-stroke75/reference-10ms-differences.json.gz	23	f1101f8233b16d980af348db666cbdb1b9772fa79c6fa8d7d6d9550c1f6a546d	not a metric of this report
tr03-official-1/1042-cell-b-0337-stroke75/trace.jsonl.gz	1148460	c3416a37e5f46e8ef8434707399ef730494fb6eb2a03550a60555d2f51eb92e9	too large (trace)
tr03-official-1/1043-cell-b-0337-flow060/constants.json	5759	749da6a9a3b578914850d85f44d3468ebdd2fefffb551566451d2e1a2d182a14	plant-model file (private)
tr03-official-1/1043-cell-b-0337-flow060/flow.plccell.json	33668	de3b752c6569074a823f5ee6945a6aea173d27e736d7f9764b3705dc16fcefb6	plant-model file (private)
tr03-official-1/1043-cell-b-0337-flow060/reference-10ms-differences.json.gz	23	f1101f8233b16d980af348db666cbdb1b9772fa79c6fa8d7d6d9550c1f6a546d	not a metric of this report
tr03-official-1/1043-cell-b-0337-flow060/trace.jsonl.gz	484481	b79462389f9212e177cdd5f038ae9bb7cbd002086949528eedac2ad38ac60ac4	too large (trace)
tr03-official-1/1044-cell-b-0337-flow045/constants.json	5760	b60b895ae8a70ba009e8fef0331b36e4f055cc6e7e075ae19d01b37f763c0360	plant-model file (private)
tr03-official-1/1044-cell-b-0337-flow045/flow.plccell.json	33668	de3b752c6569074a823f5ee6945a6aea173d27e736d7f9764b3705dc16fcefb6	plant-model file (private)
tr03-official-1/1044-cell-b-0337-flow045/reference-10ms-differences.json.gz	23	f1101f8233b16d980af348db666cbdb1b9772fa79c6fa8d7d6d9550c1f6a546d	not a metric of this report
tr03-official-1/1044-cell-b-0337-flow045/trace.jsonl.gz	465850	8caa3548b4596c573d3114ac02c6a2ffcbf68940863d4e168011a7fddf4ce2ba	too large (trace)
tr03-official-1/1045-cell-b-0339-normal-s1/reference-10ms-differences.json.gz	23	f1101f8233b16d980af348db666cbdb1b9772fa79c6fa8d7d6d9550c1f6a546d	not a metric of this report
tr03-official-1/1045-cell-b-0339-normal-s1/trace.jsonl.gz	2922694	39af5080de09f8c96e309173ce7132f1a4b127932afeee3ee50b808e5ac042de	too large (trace)
tr03-official-1/1046-cell-b-0339-normal-s2/reference-10ms-differences.json.gz	23	f1101f8233b16d980af348db666cbdb1b9772fa79c6fa8d7d6d9550c1f6a546d	not a metric of this report
tr03-official-1/1046-cell-b-0339-normal-s2/trace.jsonl.gz	2698125	a825121b59cb3e0d07c34fcbda0079d9f85340548c1eacf5fac9a25645393611	too large (trace)
tr03-official-1/1047-cell-b-0339-normal-s3/reference-10ms-differences.json.gz	23	f1101f8233b16d980af348db666cbdb1b9772fa79c6fa8d7d6d9550c1f6a546d	not a metric of this report
tr03-official-1/1047-cell-b-0339-normal-s3/trace.jsonl.gz	2673363	d60ae4b4b60580e4ebfdb6779afc0be2f9c76113223408f9b9efd31250cd4ce6	too large (trace)
tr03-official-1/1048-cell-b-0339-cycle-stop/reference-10ms-differences.json.gz	23	f1101f8233b16d980af348db666cbdb1b9772fa79c6fa8d7d6d9550c1f6a546d	not a metric of this report
tr03-official-1/1048-cell-b-0339-cycle-stop/trace.jsonl.gz	643885	964449ef729c1814157efddf92045ff73dc12bf5e150df857c0cfa97dcef97f6	too large (trace)
tr03-official-1/1049-cell-b-0339-curtain/reference-10ms-differences.json.gz	23	f1101f8233b16d980af348db666cbdb1b9772fa79c6fa8d7d6d9550c1f6a546d	not a metric of this report
tr03-official-1/1049-cell-b-0339-curtain/trace.jsonl.gz	430814	fc5f0ef8aca7b137f9b6089ff813560b0055a2c2afbde9ed781e24b416d5cd9f	too large (trace)
tr03-official-1/1050-cell-b-0339-recovery/reference-10ms-differences.json.gz	23	f1101f8233b16d980af348db666cbdb1b9772fa79c6fa8d7d6d9550c1f6a546d	not a metric of this report
tr03-official-1/1050-cell-b-0339-recovery/trace.jsonl.gz	1731955	b2a43565d15d7e57dcdf7bfd8805b38126773e94b40bd440ed3d9b32aa32e873	too large (trace)
tr03-official-1/1051-cell-b-0339-recovery-retract/reference-10ms-differences.json.gz	23	f1101f8233b16d980af348db666cbdb1b9772fa79c6fa8d7d6d9550c1f6a546d	not a metric of this report
tr03-official-1/1051-cell-b-0339-recovery-retract/trace.jsonl.gz	1753320	690c56194a9f21ddc1dce266bc66b725ea8c4ca87ee294b36597c76b7e8c286c	too large (trace)
tr03-official-1/1052-cell-b-0339-batch/reference-10ms-differences.json.gz	23	f1101f8233b16d980af348db666cbdb1b9772fa79c6fa8d7d6d9550c1f6a546d	not a metric of this report
tr03-official-1/1052-cell-b-0339-batch/trace.jsonl.gz	1753143	c69adc5662de1ece67e6562b2bd7a26060ae313ce33e46283dbf4833f67d2fa8	too large (trace)
tr03-official-1/1053-cell-b-0339-stroke75/constants.json	5779	23eb4ee6404d9bbca1675106843e233adf2dd72c0e37f275d0c9bb31194fcadb	plant-model file (private)
tr03-official-1/1053-cell-b-0339-stroke75/reference-10ms-differences.json.gz	23	f1101f8233b16d980af348db666cbdb1b9772fa79c6fa8d7d6d9550c1f6a546d	not a metric of this report
tr03-official-1/1053-cell-b-0339-stroke75/trace.jsonl.gz	1147428	c1021cac95a8f4db6ede9c1cc214d6ec0f3bf03a950b5a83c060cc7b54558d41	too large (trace)
tr03-official-1/1054-cell-b-0339-flow060/constants.json	5759	749da6a9a3b578914850d85f44d3468ebdd2fefffb551566451d2e1a2d182a14	plant-model file (private)
tr03-official-1/1054-cell-b-0339-flow060/flow.plccell.json	33668	de3b752c6569074a823f5ee6945a6aea173d27e736d7f9764b3705dc16fcefb6	plant-model file (private)
tr03-official-1/1054-cell-b-0339-flow060/reference-10ms-differences.json.gz	23	f1101f8233b16d980af348db666cbdb1b9772fa79c6fa8d7d6d9550c1f6a546d	not a metric of this report
tr03-official-1/1054-cell-b-0339-flow060/trace.jsonl.gz	483304	792f0af102ae482d1aab9e491f7eb7cb7969328ce300b18f58e1b6d64c233f8f	too large (trace)
tr03-official-1/1055-cell-b-0339-flow045/constants.json	5760	b60b895ae8a70ba009e8fef0331b36e4f055cc6e7e075ae19d01b37f763c0360	plant-model file (private)
tr03-official-1/1055-cell-b-0339-flow045/flow.plccell.json	33668	de3b752c6569074a823f5ee6945a6aea173d27e736d7f9764b3705dc16fcefb6	plant-model file (private)
tr03-official-1/1055-cell-b-0339-flow045/reference-10ms-differences.json.gz	23	f1101f8233b16d980af348db666cbdb1b9772fa79c6fa8d7d6d9550c1f6a546d	not a metric of this report
tr03-official-1/1055-cell-b-0339-flow045/trace.jsonl.gz	458645	a827bd57721c51b34ac4f1b3012523cf3f3de056dddaa542bd46ae3447f5e8ea	too large (trace)
tr03-official-1/1056-cell-b-0343-normal-s1/reference-10ms-differences.json.gz	23	f1101f8233b16d980af348db666cbdb1b9772fa79c6fa8d7d6d9550c1f6a546d	not a metric of this report
tr03-official-1/1056-cell-b-0343-normal-s1/trace.jsonl.gz	2918900	e05f3b322940064a2030c5657f41ed5330a2ed815449220aff07b96ac9f3c349	too large (trace)
tr03-official-1/1057-cell-b-0343-normal-s2/reference-10ms-differences.json.gz	23	f1101f8233b16d980af348db666cbdb1b9772fa79c6fa8d7d6d9550c1f6a546d	not a metric of this report
tr03-official-1/1057-cell-b-0343-normal-s2/trace.jsonl.gz	2698828	229de17437dfa95762fec297fe3287aca1c81f18aefe13e005ab8984116c9231	too large (trace)
tr03-official-1/1058-cell-b-0343-normal-s3/reference-10ms-differences.json.gz	23	f1101f8233b16d980af348db666cbdb1b9772fa79c6fa8d7d6d9550c1f6a546d	not a metric of this report
tr03-official-1/1058-cell-b-0343-normal-s3/trace.jsonl.gz	2675112	4585249b0648d3b0f62fa65a65c0fd34c6aea665856de3da1900d090eaf934bc	too large (trace)
tr03-official-1/1059-cell-b-0343-cycle-stop/reference-10ms-differences.json.gz	23	f1101f8233b16d980af348db666cbdb1b9772fa79c6fa8d7d6d9550c1f6a546d	not a metric of this report
tr03-official-1/1059-cell-b-0343-cycle-stop/trace.jsonl.gz	632414	859b7e080ac487516932b2fc26f4e696677f727caee9f9e53e5059c49da86178	too large (trace)
tr03-official-1/1060-cell-b-0343-curtain/reference-10ms-differences.json.gz	23	f1101f8233b16d980af348db666cbdb1b9772fa79c6fa8d7d6d9550c1f6a546d	not a metric of this report
tr03-official-1/1060-cell-b-0343-curtain/trace.jsonl.gz	417579	f6435e4755d7534e6d02a1c80faaff9c8e222cd78b1aaa73f57b22fd6e22eb98	too large (trace)
tr03-official-1/1061-cell-b-0343-recovery/reference-10ms-differences.json.gz	6238	20cfbfee278a7870645b8cc31bf2cf5a08532008863d6f5abb8bcd2d004853e3	not a metric of this report
tr03-official-1/1061-cell-b-0343-recovery/trace.jsonl.gz	1374302	ed0f8719fed9c47a0794aa1e41c46ed8a52a1fa15648d20d7591dfbae578a8c2	too large (trace)
tr03-official-1/1062-cell-b-0343-recovery-retract/reference-10ms-differences.json.gz	23	f1101f8233b16d980af348db666cbdb1b9772fa79c6fa8d7d6d9550c1f6a546d	not a metric of this report
tr03-official-1/1062-cell-b-0343-recovery-retract/trace.jsonl.gz	1741947	6b5e56f6405f0f86b1a9c73760e410079f35adf1e18a803c5081c6f9347796b0	too large (trace)
tr03-official-1/1063-cell-b-0343-batch/reference-10ms-differences.json.gz	23	f1101f8233b16d980af348db666cbdb1b9772fa79c6fa8d7d6d9550c1f6a546d	not a metric of this report
tr03-official-1/1063-cell-b-0343-batch/trace.jsonl.gz	1749804	5f5513447ba645da71526389145c5dae7909023c48c6146c70c7a2203fa782e6	too large (trace)
tr03-official-1/1064-cell-b-0343-stroke75/constants.json	5779	23eb4ee6404d9bbca1675106843e233adf2dd72c0e37f275d0c9bb31194fcadb	plant-model file (private)
tr03-official-1/1064-cell-b-0343-stroke75/reference-10ms-differences.json.gz	23	f1101f8233b16d980af348db666cbdb1b9772fa79c6fa8d7d6d9550c1f6a546d	not a metric of this report
tr03-official-1/1064-cell-b-0343-stroke75/trace.jsonl.gz	1135699	5a8da6d688db979c86709830cdedbfbeb2855700b3cfb4dba3eb83eb071a722f	too large (trace)
tr03-official-1/1065-cell-b-0343-flow060/constants.json	5759	749da6a9a3b578914850d85f44d3468ebdd2fefffb551566451d2e1a2d182a14	plant-model file (private)
tr03-official-1/1065-cell-b-0343-flow060/flow.plccell.json	33668	de3b752c6569074a823f5ee6945a6aea173d27e736d7f9764b3705dc16fcefb6	plant-model file (private)
tr03-official-1/1065-cell-b-0343-flow060/reference-10ms-differences.json.gz	23	f1101f8233b16d980af348db666cbdb1b9772fa79c6fa8d7d6d9550c1f6a546d	not a metric of this report
tr03-official-1/1065-cell-b-0343-flow060/trace.jsonl.gz	483374	f7249502aee45dec07eb3ab46ce2b9352d10e52adc963fa56c1116d5a278c623	too large (trace)
tr03-official-1/1066-cell-b-0343-flow045/constants.json	5760	b60b895ae8a70ba009e8fef0331b36e4f055cc6e7e075ae19d01b37f763c0360	plant-model file (private)
tr03-official-1/1066-cell-b-0343-flow045/flow.plccell.json	33668	de3b752c6569074a823f5ee6945a6aea173d27e736d7f9764b3705dc16fcefb6	plant-model file (private)
tr03-official-1/1066-cell-b-0343-flow045/reference-10ms-differences.json.gz	23	f1101f8233b16d980af348db666cbdb1b9772fa79c6fa8d7d6d9550c1f6a546d	not a metric of this report
tr03-official-1/1066-cell-b-0343-flow045/trace.jsonl.gz	465867	c8935bd5d27d52f41c9ccd6e69c2437b4076a5d0312ad389c6bbc24b99b9dd46	too large (trace)
tr03-official-1/1067-cell-b-0344-normal-s1/reference-10ms-differences.json.gz	59787	9e9b67e5238410f87e8a2a338acc968602dd00cae1ce7d79b7bafe8d7be824da	not a metric of this report
tr03-official-1/1067-cell-b-0344-normal-s1/trace.jsonl.gz	1692471	c37b8c09388f293d9b47367cf86d7610434976840e51410afb0b3c8a40bd1d87	too large (trace)
tr03-official-1/1068-cell-b-0344-normal-s2/reference-10ms-differences.json.gz	59787	9e9b67e5238410f87e8a2a338acc968602dd00cae1ce7d79b7bafe8d7be824da	not a metric of this report
tr03-official-1/1068-cell-b-0344-normal-s2/trace.jsonl.gz	1736600	c1831db0b8ee2aac76183a0ff799a95bf7991de77fea290afdd0e32ffd9204b1	too large (trace)
tr03-official-1/1069-cell-b-0344-normal-s3/reference-10ms-differences.json.gz	59787	9e9b67e5238410f87e8a2a338acc968602dd00cae1ce7d79b7bafe8d7be824da	not a metric of this report
tr03-official-1/1069-cell-b-0344-normal-s3/trace.jsonl.gz	1729808	c05e59a017bc0bff873f07dd49214c7b2279d9aebb57100eae66aff72e6efc6b	too large (trace)
tr03-official-1/1070-cell-b-0344-cycle-stop/reference-10ms-differences.json.gz	11671	412cc0059f56ab8fd7db35dd63bd915ae241ff80209c5722956a64138843b142	not a metric of this report
tr03-official-1/1070-cell-b-0344-cycle-stop/trace.jsonl.gz	414864	f11dc55d54762684372a4c9ed5401dd6b0e6ea99c830177d186129ded28be965	too large (trace)
tr03-official-1/1071-cell-b-0344-curtain/reference-10ms-differences.json.gz	9075	0df39cdf559e4de045557285e6166aba09180d2c5aaab5aa185df5b1057f3764	not a metric of this report
tr03-official-1/1071-cell-b-0344-curtain/trace.jsonl.gz	347076	2c3dec68da0fcfbf71fa6d954e612bfa0e7eca076dcf15d9b7b5dc785f22cca1	too large (trace)
tr03-official-1/1072-cell-b-0344-recovery/reference-10ms-differences.json.gz	52620	35ee2c7480cb572046dff2fdb87e595ea0ee9a43c88f518b91e8f796d78f2732	not a metric of this report
tr03-official-1/1072-cell-b-0344-recovery/trace.jsonl.gz	1471958	ca0cdd5fd2e207d9569185b97b577e3c574b85c17dbbbb1a94369bd3f00c4786	too large (trace)
tr03-official-1/1073-cell-b-0344-recovery-retract/reference-10ms-differences.json.gz	52620	35ee2c7480cb572046dff2fdb87e595ea0ee9a43c88f518b91e8f796d78f2732	not a metric of this report
tr03-official-1/1073-cell-b-0344-recovery-retract/trace.jsonl.gz	1475277	6e822d1f1086be4e36a3bac452e4470ff3c08dfedf09ffd80e31b75f4ee8d69a	too large (trace)
tr03-official-1/1074-cell-b-0344-batch/reference-10ms-differences.json.gz	29491	e30279fec1d1cdad6b7f27714cc2f4216f590d55e560f0e2f372171497f8b9be	not a metric of this report
tr03-official-1/1074-cell-b-0344-batch/trace.jsonl.gz	889897	7d14c74c9442399a1419bbf8ee684d6d63033dfaeb1e4f67b3c45b359cb5adb5	too large (trace)
tr03-official-1/1075-cell-b-0344-stroke75/constants.json	5779	23eb4ee6404d9bbca1675106843e233adf2dd72c0e37f275d0c9bb31194fcadb	plant-model file (private)
tr03-official-1/1075-cell-b-0344-stroke75/reference-10ms-differences.json.gz	29491	e30279fec1d1cdad6b7f27714cc2f4216f590d55e560f0e2f372171497f8b9be	not a metric of this report
tr03-official-1/1075-cell-b-0344-stroke75/trace.jsonl.gz	890596	c34a7df92ee3bc321e179d5dab8663ad9e77f81ed0d79476c9f5d89ad532d86b	too large (trace)
tr03-official-1/1076-cell-b-0344-flow060/constants.json	5759	749da6a9a3b578914850d85f44d3468ebdd2fefffb551566451d2e1a2d182a14	plant-model file (private)
tr03-official-1/1076-cell-b-0344-flow060/flow.plccell.json	33668	de3b752c6569074a823f5ee6945a6aea173d27e736d7f9764b3705dc16fcefb6	plant-model file (private)
tr03-official-1/1076-cell-b-0344-flow060/reference-10ms-differences.json.gz	9075	0df39cdf559e4de045557285e6166aba09180d2c5aaab5aa185df5b1057f3764	not a metric of this report
tr03-official-1/1076-cell-b-0344-flow060/trace.jsonl.gz	334557	3fece494744b5f729b0553393726e7454117e62841d5ed0cc80f4542248f3af1	too large (trace)
tr03-official-1/1077-cell-b-0344-flow045/constants.json	5760	b60b895ae8a70ba009e8fef0331b36e4f055cc6e7e075ae19d01b37f763c0360	plant-model file (private)
tr03-official-1/1077-cell-b-0344-flow045/flow.plccell.json	33668	de3b752c6569074a823f5ee6945a6aea173d27e736d7f9764b3705dc16fcefb6	plant-model file (private)
tr03-official-1/1077-cell-b-0344-flow045/reference-10ms-differences.json.gz	9075	0df39cdf559e4de045557285e6166aba09180d2c5aaab5aa185df5b1057f3764	not a metric of this report
tr03-official-1/1077-cell-b-0344-flow045/trace.jsonl.gz	334558	f7321970b61c7fa8fd4926223f85ccde6d8a48bf31978d2dd08bfae118e3105d	too large (trace)
tr03-official-1/1078-cell-b-0346-normal-s1/reference-10ms-differences.json.gz	64895	da9ddcc959e117dcb5ad1f585c0cce7d3e7d3f242ccc2806231c24d9418302fa	not a metric of this report
tr03-official-1/1078-cell-b-0346-normal-s1/trace.jsonl.gz	1706542	31553a4721dc15b7246f455227c198f505adf5f9a02c28ebfaf9f7a5edafa028	too large (trace)
tr03-official-1/1079-cell-b-0346-normal-s2/reference-10ms-differences.json.gz	64895	da9ddcc959e117dcb5ad1f585c0cce7d3e7d3f242ccc2806231c24d9418302fa	not a metric of this report
tr03-official-1/1079-cell-b-0346-normal-s2/trace.jsonl.gz	1720160	862bdbe7a5616aeb374739ab0089a403e2d9287cb7d7809d04838bb4fb448463	too large (trace)
tr03-official-1/1080-cell-b-0346-normal-s3/reference-10ms-differences.json.gz	64895	da9ddcc959e117dcb5ad1f585c0cce7d3e7d3f242ccc2806231c24d9418302fa	not a metric of this report
tr03-official-1/1080-cell-b-0346-normal-s3/trace.jsonl.gz	1742696	0e25978f889b69d8da2cff96b6bf91799fd6c2101f15372611e9020c129c6a18	too large (trace)
tr03-official-1/1081-cell-b-0346-cycle-stop/reference-10ms-differences.json.gz	16737	1e2c4fcf4136480acd544e03f25e441a256b30bb06593c03cb14b112976b1a8d	not a metric of this report
tr03-official-1/1081-cell-b-0346-cycle-stop/trace.jsonl.gz	405360	ec87927d2615de2e4c0874aff9dbea12767d1ee2db58811ffa5582d2897ec556	too large (trace)
tr03-official-1/1082-cell-b-0346-curtain/reference-10ms-differences.json.gz	14129	485984a0e44820fb8c2ea0177b1131922c73d848cc9660ba362e12d9948d34aa	not a metric of this report
tr03-official-1/1082-cell-b-0346-curtain/trace.jsonl.gz	347028	54c90f2c7e79e56c95a0a694d0a374a04e36514bbf6078f493047abd0790a7da	too large (trace)
tr03-official-1/1083-cell-b-0346-recovery/reference-10ms-differences.json.gz	59291	105be429d806b70ad71b41fb9f25cdcb4fa0f3d4ed26d8dcf5f63cc33fdc10e1	not a metric of this report
tr03-official-1/1083-cell-b-0346-recovery/trace.jsonl.gz	1474291	2f9b5ec851f8c213453d1633b76d60dd1ae78b9061fafc9045e89c2af4ac0637	too large (trace)
tr03-official-1/1084-cell-b-0346-recovery-retract/reference-10ms-differences.json.gz	59290	0c6faba24b51de2a0ef1958ecdfc41bd9b740a9c5137d04f7427cea0cbcacef2	not a metric of this report
tr03-official-1/1084-cell-b-0346-recovery-retract/trace.jsonl.gz	1474513	1450e551072a74b42dbf0cd5f9d7f942def37e5712571e92b318527f8c4c817e	too large (trace)
tr03-official-1/1085-cell-b-0346-batch/reference-10ms-differences.json.gz	34600	e1efeffd4e945b6b7e145051d96510ad3f5ba252d5e1d00912af57ffec4736af	not a metric of this report
tr03-official-1/1085-cell-b-0346-batch/trace.jsonl.gz	897636	b8cd7415602e2ca0375dbb09ddcb6128854f8acbca0b17ac5f1112c60c1bee1c	too large (trace)
tr03-official-1/1086-cell-b-0346-stroke75/constants.json	5779	23eb4ee6404d9bbca1675106843e233adf2dd72c0e37f275d0c9bb31194fcadb	plant-model file (private)
tr03-official-1/1086-cell-b-0346-stroke75/reference-10ms-differences.json.gz	34600	e1efeffd4e945b6b7e145051d96510ad3f5ba252d5e1d00912af57ffec4736af	not a metric of this report
tr03-official-1/1086-cell-b-0346-stroke75/trace.jsonl.gz	894891	e9f3faf98aa425fa2e4e0b3e58dfb573bc9c7918bc9883bebc20a99344676eb8	too large (trace)
tr03-official-1/1087-cell-b-0346-flow060/constants.json	5759	749da6a9a3b578914850d85f44d3468ebdd2fefffb551566451d2e1a2d182a14	plant-model file (private)
tr03-official-1/1087-cell-b-0346-flow060/flow.plccell.json	33668	de3b752c6569074a823f5ee6945a6aea173d27e736d7f9764b3705dc16fcefb6	plant-model file (private)
tr03-official-1/1087-cell-b-0346-flow060/reference-10ms-differences.json.gz	14129	485984a0e44820fb8c2ea0177b1131922c73d848cc9660ba362e12d9948d34aa	not a metric of this report
tr03-official-1/1087-cell-b-0346-flow060/trace.jsonl.gz	329045	b60128ada28241d99290cb3ec818cdc4164bfc6323b8d4047b0f246e9f63b0c2	too large (trace)
tr03-official-1/1088-cell-b-0346-flow045/constants.json	5760	b60b895ae8a70ba009e8fef0331b36e4f055cc6e7e075ae19d01b37f763c0360	plant-model file (private)
tr03-official-1/1088-cell-b-0346-flow045/flow.plccell.json	33668	de3b752c6569074a823f5ee6945a6aea173d27e736d7f9764b3705dc16fcefb6	plant-model file (private)
tr03-official-1/1088-cell-b-0346-flow045/reference-10ms-differences.json.gz	14129	485984a0e44820fb8c2ea0177b1131922c73d848cc9660ba362e12d9948d34aa	not a metric of this report
tr03-official-1/1088-cell-b-0346-flow045/trace.jsonl.gz	329045	6d7cdd93edb1042243200fbd788ebfb677b13b5a36fb8470639d7d9b3b85dab6	too large (trace)
tr03-official-1/1089-cell-b-0347-normal-s1/reference-10ms-differences.json.gz	23	f1101f8233b16d980af348db666cbdb1b9772fa79c6fa8d7d6d9550c1f6a546d	not a metric of this report
tr03-official-1/1089-cell-b-0347-normal-s1/trace.jsonl.gz	2920743	46995eb2fab7c113932692b961fb8c765d74b5f0288fe4db77608f3bf4aa51a2	too large (trace)
tr03-official-1/1090-cell-b-0347-normal-s2/reference-10ms-differences.json.gz	23	f1101f8233b16d980af348db666cbdb1b9772fa79c6fa8d7d6d9550c1f6a546d	not a metric of this report
tr03-official-1/1090-cell-b-0347-normal-s2/trace.jsonl.gz	2696859	0ba31d3dfbbee7f3be4c211a081a5b62f8667118f98d351ce0278e942dcdfd47	too large (trace)
tr03-official-1/1091-cell-b-0347-normal-s3/reference-10ms-differences.json.gz	23	f1101f8233b16d980af348db666cbdb1b9772fa79c6fa8d7d6d9550c1f6a546d	not a metric of this report
tr03-official-1/1091-cell-b-0347-normal-s3/trace.jsonl.gz	2670330	9661a07e0f08cd173498bf32b4e2b1ed27b90bc50b89890b1fdb4e7c31e74e30	too large (trace)
tr03-official-1/1092-cell-b-0347-cycle-stop/reference-10ms-differences.json.gz	23	f1101f8233b16d980af348db666cbdb1b9772fa79c6fa8d7d6d9550c1f6a546d	not a metric of this report
tr03-official-1/1092-cell-b-0347-cycle-stop/trace.jsonl.gz	641078	d2b4741c316240a6baac2946f0255feda691af4d07ef3eb2812c1bcc0c011329	too large (trace)
tr03-official-1/1093-cell-b-0347-curtain/reference-10ms-differences.json.gz	23	f1101f8233b16d980af348db666cbdb1b9772fa79c6fa8d7d6d9550c1f6a546d	not a metric of this report
tr03-official-1/1093-cell-b-0347-curtain/trace.jsonl.gz	431526	6c5c16276fabc5b23b5e505da3bedd2a6502eb7ca5c8d7bd169b89b12067c851	too large (trace)
tr03-official-1/1094-cell-b-0347-recovery/reference-10ms-differences.json.gz	23	f1101f8233b16d980af348db666cbdb1b9772fa79c6fa8d7d6d9550c1f6a546d	not a metric of this report
tr03-official-1/1094-cell-b-0347-recovery/trace.jsonl.gz	1730638	572f4d818be79a17f853b1a55c1a6acffffeb31481c71386f09ad62858ba22f1	too large (trace)
tr03-official-1/1095-cell-b-0347-recovery-retract/reference-10ms-differences.json.gz	23	f1101f8233b16d980af348db666cbdb1b9772fa79c6fa8d7d6d9550c1f6a546d	not a metric of this report
tr03-official-1/1095-cell-b-0347-recovery-retract/trace.jsonl.gz	1749550	dc163b2ea8276ae94c0f8260fced309b684c482bff725d402a63d742b1ce7cbf	too large (trace)
tr03-official-1/1096-cell-b-0347-batch/reference-10ms-differences.json.gz	23	f1101f8233b16d980af348db666cbdb1b9772fa79c6fa8d7d6d9550c1f6a546d	not a metric of this report
tr03-official-1/1096-cell-b-0347-batch/trace.jsonl.gz	1756035	d571ff604d439504421d3460268bff90a468f26bd670334aa7b448fac5da9931	too large (trace)
tr03-official-1/1097-cell-b-0347-stroke75/constants.json	5779	23eb4ee6404d9bbca1675106843e233adf2dd72c0e37f275d0c9bb31194fcadb	plant-model file (private)
tr03-official-1/1097-cell-b-0347-stroke75/reference-10ms-differences.json.gz	23	f1101f8233b16d980af348db666cbdb1b9772fa79c6fa8d7d6d9550c1f6a546d	not a metric of this report
tr03-official-1/1097-cell-b-0347-stroke75/trace.jsonl.gz	1145517	cfd0228923b68cd517612505bf1567cf77d78c4627bc9f832ffbc91a12b108de	too large (trace)
tr03-official-1/1098-cell-b-0347-flow060/constants.json	5759	749da6a9a3b578914850d85f44d3468ebdd2fefffb551566451d2e1a2d182a14	plant-model file (private)
tr03-official-1/1098-cell-b-0347-flow060/flow.plccell.json	33668	de3b752c6569074a823f5ee6945a6aea173d27e736d7f9764b3705dc16fcefb6	plant-model file (private)
tr03-official-1/1098-cell-b-0347-flow060/reference-10ms-differences.json.gz	23	f1101f8233b16d980af348db666cbdb1b9772fa79c6fa8d7d6d9550c1f6a546d	not a metric of this report
tr03-official-1/1098-cell-b-0347-flow060/trace.jsonl.gz	486550	8027e7d30760d662da401e846e9fae9f0022ac3efb25439ff541cdf69109b5ee	too large (trace)
tr03-official-1/1099-cell-b-0347-flow045/constants.json	5760	b60b895ae8a70ba009e8fef0331b36e4f055cc6e7e075ae19d01b37f763c0360	plant-model file (private)
tr03-official-1/1099-cell-b-0347-flow045/flow.plccell.json	33668	de3b752c6569074a823f5ee6945a6aea173d27e736d7f9764b3705dc16fcefb6	plant-model file (private)
tr03-official-1/1099-cell-b-0347-flow045/reference-10ms-differences.json.gz	23	f1101f8233b16d980af348db666cbdb1b9772fa79c6fa8d7d6d9550c1f6a546d	not a metric of this report
tr03-official-1/1099-cell-b-0347-flow045/trace.jsonl.gz	464510	55831e53b47fd0c46d9d5f381b4a1e99c7ba57e15fa47de82f3ecf01042be235	too large (trace)
tr03-official-1/1100-cell-b-0348-normal-s1/reference-10ms-differences.json.gz	64895	da9ddcc959e117dcb5ad1f585c0cce7d3e7d3f242ccc2806231c24d9418302fa	not a metric of this report
tr03-official-1/1100-cell-b-0348-normal-s1/trace.jsonl.gz	1689586	039b9bfe279e495e785e6b463e6d9f364f10ad94a21c7590899baa03d38a9451	too large (trace)
tr03-official-1/1101-cell-b-0348-normal-s2/reference-10ms-differences.json.gz	64895	da9ddcc959e117dcb5ad1f585c0cce7d3e7d3f242ccc2806231c24d9418302fa	not a metric of this report
tr03-official-1/1101-cell-b-0348-normal-s2/trace.jsonl.gz	1736534	d0b0076398a6c61d1d2b816576c265093c94a476904fe6ccbd68edee1cfad2b0	too large (trace)
tr03-official-1/1102-cell-b-0348-normal-s3/reference-10ms-differences.json.gz	64895	da9ddcc959e117dcb5ad1f585c0cce7d3e7d3f242ccc2806231c24d9418302fa	not a metric of this report
tr03-official-1/1102-cell-b-0348-normal-s3/trace.jsonl.gz	1743658	623fae71468acfd6a012a25cbf3bff4d8477a08aa64654e39d40f9fc89814e05	too large (trace)
tr03-official-1/1103-cell-b-0348-cycle-stop/reference-10ms-differences.json.gz	16737	1e2c4fcf4136480acd544e03f25e441a256b30bb06593c03cb14b112976b1a8d	not a metric of this report
tr03-official-1/1103-cell-b-0348-cycle-stop/trace.jsonl.gz	416100	8103572977579d25859a2dc8bed33a9250e7931d63b1fb99e99ba31b9c4ffb68	too large (trace)
tr03-official-1/1104-cell-b-0348-curtain/reference-10ms-differences.json.gz	14129	485984a0e44820fb8c2ea0177b1131922c73d848cc9660ba362e12d9948d34aa	not a metric of this report
tr03-official-1/1104-cell-b-0348-curtain/trace.jsonl.gz	343443	d9603d57fdf9e958b1728a7561a4004d673d48f84a5701054ae13f75be917cc9	too large (trace)
tr03-official-1/1105-cell-b-0348-recovery/reference-10ms-differences.json.gz	59291	105be429d806b70ad71b41fb9f25cdcb4fa0f3d4ed26d8dcf5f63cc33fdc10e1	not a metric of this report
tr03-official-1/1105-cell-b-0348-recovery/trace.jsonl.gz	1473964	5e3ec2819e319d1f6ff64cf1611d0e99782d094cf37527c80c305eccd217a3d8	too large (trace)
tr03-official-1/1106-cell-b-0348-recovery-retract/reference-10ms-differences.json.gz	59290	0c6faba24b51de2a0ef1958ecdfc41bd9b740a9c5137d04f7427cea0cbcacef2	not a metric of this report
tr03-official-1/1106-cell-b-0348-recovery-retract/trace.jsonl.gz	1471945	ffc8d3e5a259513ad513545b905e3d462a6dd15a417fee3c56502518874fc894	too large (trace)
tr03-official-1/1107-cell-b-0348-batch/reference-10ms-differences.json.gz	34600	e1efeffd4e945b6b7e145051d96510ad3f5ba252d5e1d00912af57ffec4736af	not a metric of this report
tr03-official-1/1107-cell-b-0348-batch/trace.jsonl.gz	886262	e7e19cbd16713bbb07f91bba377931aa447f7a811145b931cf37e10400a49fe0	too large (trace)
tr03-official-1/1108-cell-b-0348-stroke75/constants.json	5779	23eb4ee6404d9bbca1675106843e233adf2dd72c0e37f275d0c9bb31194fcadb	plant-model file (private)
tr03-official-1/1108-cell-b-0348-stroke75/reference-10ms-differences.json.gz	34600	e1efeffd4e945b6b7e145051d96510ad3f5ba252d5e1d00912af57ffec4736af	not a metric of this report
tr03-official-1/1108-cell-b-0348-stroke75/trace.jsonl.gz	895521	80468a30c78199db77266141ce98c4377fc9a85de9160e414a78d9a851b32715	too large (trace)
tr03-official-1/1109-cell-b-0348-flow060/constants.json	5759	749da6a9a3b578914850d85f44d3468ebdd2fefffb551566451d2e1a2d182a14	plant-model file (private)
tr03-official-1/1109-cell-b-0348-flow060/flow.plccell.json	33668	de3b752c6569074a823f5ee6945a6aea173d27e736d7f9764b3705dc16fcefb6	plant-model file (private)
tr03-official-1/1109-cell-b-0348-flow060/reference-10ms-differences.json.gz	14129	485984a0e44820fb8c2ea0177b1131922c73d848cc9660ba362e12d9948d34aa	not a metric of this report
tr03-official-1/1109-cell-b-0348-flow060/trace.jsonl.gz	339775	6e39a59cf8ac5b865a5fe6fdf0b1d2ea7d497d9022cfe0da4db82e822d8264bc	too large (trace)
tr03-official-1/1110-cell-b-0348-flow045/constants.json	5760	b60b895ae8a70ba009e8fef0331b36e4f055cc6e7e075ae19d01b37f763c0360	plant-model file (private)
tr03-official-1/1110-cell-b-0348-flow045/flow.plccell.json	33668	de3b752c6569074a823f5ee6945a6aea173d27e736d7f9764b3705dc16fcefb6	plant-model file (private)
tr03-official-1/1110-cell-b-0348-flow045/reference-10ms-differences.json.gz	14129	485984a0e44820fb8c2ea0177b1131922c73d848cc9660ba362e12d9948d34aa	not a metric of this report
tr03-official-1/1110-cell-b-0348-flow045/trace.jsonl.gz	339776	1254df2420c8f9bb26f09710cbbf2cdd5db3568807b6b87576b23d4664ff263d	too large (trace)
tr03-official-1/1111-cell-b-0349-normal-s1/reference-10ms-differences.json.gz	64181	a107646e7271b6871373621866f66d5010733cb32bfa94f5f1a273142bde62e8	not a metric of this report
tr03-official-1/1111-cell-b-0349-normal-s1/trace.jsonl.gz	1620448	8d34a550ac82ed17dbf334ab167e845af3d52a5cfc53573d47ee0dc063f70cce	too large (trace)
tr03-official-1/1112-cell-b-0349-normal-s2/reference-10ms-differences.json.gz	64181	a107646e7271b6871373621866f66d5010733cb32bfa94f5f1a273142bde62e8	not a metric of this report
tr03-official-1/1112-cell-b-0349-normal-s2/trace.jsonl.gz	1606690	c6d67497fb7f535f43be1b24cc033c29fa6c3ea0eb1ab7d67d29f273b6fe386b	too large (trace)
tr03-official-1/1113-cell-b-0349-normal-s3/reference-10ms-differences.json.gz	64181	a107646e7271b6871373621866f66d5010733cb32bfa94f5f1a273142bde62e8	not a metric of this report
tr03-official-1/1113-cell-b-0349-normal-s3/trace.jsonl.gz	1629098	915b74aa61fddd32e637d8aab830be62c71d8868f9a8a3841c0814b05c7d5c17	too large (trace)
tr03-official-1/1114-cell-b-0349-cycle-stop/reference-10ms-differences.json.gz	16007	8d5f59181df57b71308ac233a4acb83130c991331593e5aad435222427c01bd1	not a metric of this report
tr03-official-1/1114-cell-b-0349-cycle-stop/trace.jsonl.gz	402155	a464107065ea64bff4e3fbb8f5b4545ce6ff323eeccfd7bd113f731408b7f88c	too large (trace)
tr03-official-1/1115-cell-b-0349-curtain/reference-10ms-differences.json.gz	13391	61630ec2535f7434d81286bb78fe509c803cc2040bf37e69b8bf0167899af579	not a metric of this report
tr03-official-1/1115-cell-b-0349-curtain/trace.jsonl.gz	328134	9b5e69f6006eea9784985fa630629959975f95236d1751ebc68fa9cc49ae505b	too large (trace)
tr03-official-1/1116-cell-b-0349-recovery/reference-10ms-differences.json.gz	45988	fec0afec30eff608cd67fa4c4d62f189b942f9f6df3aea37c45c9a6ac6c6a2ee	not a metric of this report
tr03-official-1/1116-cell-b-0349-recovery/trace.jsonl.gz	1127790	78d47800b307564af001de5dbf8b11dbca1cbb0993ab93a8eb35ad7c4cb0643e	too large (trace)
tr03-official-1/1117-cell-b-0349-recovery-retract/reference-10ms-differences.json.gz	45988	fec0afec30eff608cd67fa4c4d62f189b942f9f6df3aea37c45c9a6ac6c6a2ee	not a metric of this report
tr03-official-1/1117-cell-b-0349-recovery-retract/trace.jsonl.gz	1126061	92454bdd9cd91af3638a34c24cef3d48417473b4cb8c66a12ed7adf80181aa34	too large (trace)
tr03-official-1/1118-cell-b-0349-batch/reference-10ms-differences.json.gz	33882	1d44ecbab357f42f775965795a32bddff5a51b791c537a09cc252736e2648aa4	not a metric of this report
tr03-official-1/1118-cell-b-0349-batch/trace.jsonl.gz	846585	0f05de8a776765034477a67f48832d8e9099b20ec156105d049983c0d8d38eec	too large (trace)
tr03-official-1/1119-cell-b-0349-stroke75/constants.json	5779	23eb4ee6404d9bbca1675106843e233adf2dd72c0e37f275d0c9bb31194fcadb	plant-model file (private)
tr03-official-1/1119-cell-b-0349-stroke75/reference-10ms-differences.json.gz	33882	1d44ecbab357f42f775965795a32bddff5a51b791c537a09cc252736e2648aa4	not a metric of this report
tr03-official-1/1119-cell-b-0349-stroke75/trace.jsonl.gz	858432	7a27979e5a72f981f5f06b0af420b8427bef7baae0c03a0b1002a2260893e6a7	too large (trace)
tr03-official-1/1120-cell-b-0349-flow060/constants.json	5759	749da6a9a3b578914850d85f44d3468ebdd2fefffb551566451d2e1a2d182a14	plant-model file (private)
tr03-official-1/1120-cell-b-0349-flow060/flow.plccell.json	33668	de3b752c6569074a823f5ee6945a6aea173d27e736d7f9764b3705dc16fcefb6	plant-model file (private)
tr03-official-1/1120-cell-b-0349-flow060/reference-10ms-differences.json.gz	13391	61630ec2535f7434d81286bb78fe509c803cc2040bf37e69b8bf0167899af579	not a metric of this report
tr03-official-1/1120-cell-b-0349-flow060/trace.jsonl.gz	325595	c557cc5077e687f970a8dd7655d431a1f51d2caf122a7cfa6347a65e3bee5a72	too large (trace)
tr03-official-1/1121-cell-b-0349-flow045/constants.json	5760	b60b895ae8a70ba009e8fef0331b36e4f055cc6e7e075ae19d01b37f763c0360	plant-model file (private)
tr03-official-1/1121-cell-b-0349-flow045/flow.plccell.json	33668	de3b752c6569074a823f5ee6945a6aea173d27e736d7f9764b3705dc16fcefb6	plant-model file (private)
tr03-official-1/1121-cell-b-0349-flow045/reference-10ms-differences.json.gz	13391	61630ec2535f7434d81286bb78fe509c803cc2040bf37e69b8bf0167899af579	not a metric of this report
tr03-official-1/1121-cell-b-0349-flow045/trace.jsonl.gz	325596	4feafde7bc8df0b3d0a30de5d001c972bfa4e8ccfa14a61f811a7620e51db87b	too large (trace)
tr03-official-1/1122-cell-b-0352-normal-s1/reference-10ms-differences.json.gz	23	f1101f8233b16d980af348db666cbdb1b9772fa79c6fa8d7d6d9550c1f6a546d	not a metric of this report
tr03-official-1/1122-cell-b-0352-normal-s1/trace.jsonl.gz	2917123	929dedd9080e5eeb689086ccef19194246e11bbc04080eb933072f6be1e4a84f	too large (trace)
tr03-official-1/1123-cell-b-0352-normal-s2/reference-10ms-differences.json.gz	23	f1101f8233b16d980af348db666cbdb1b9772fa79c6fa8d7d6d9550c1f6a546d	not a metric of this report
tr03-official-1/1123-cell-b-0352-normal-s2/trace.jsonl.gz	2697050	0ef49a9ff05bf6f73983d2ef190ec53d3cb28b934eb0cbc068012b3d03de6449	too large (trace)
tr03-official-1/1124-cell-b-0352-normal-s3/reference-10ms-differences.json.gz	23	f1101f8233b16d980af348db666cbdb1b9772fa79c6fa8d7d6d9550c1f6a546d	not a metric of this report
tr03-official-1/1124-cell-b-0352-normal-s3/trace.jsonl.gz	2673854	cc022a6eee9d1a82ce89ef4f4126b9783b4008f0d97150c9119ffdf2afbce20f	too large (trace)
tr03-official-1/1125-cell-b-0352-cycle-stop/reference-10ms-differences.json.gz	23	f1101f8233b16d980af348db666cbdb1b9772fa79c6fa8d7d6d9550c1f6a546d	not a metric of this report
tr03-official-1/1125-cell-b-0352-cycle-stop/trace.jsonl.gz	631919	48878f41157ba00c820a565796bda4eaf5a7e2961652a66480590713ad590ba8	too large (trace)
tr03-official-1/1126-cell-b-0352-curtain/reference-10ms-differences.json.gz	23	f1101f8233b16d980af348db666cbdb1b9772fa79c6fa8d7d6d9550c1f6a546d	not a metric of this report
tr03-official-1/1126-cell-b-0352-curtain/trace.jsonl.gz	419999	18572e8a5df594c08d18ee798ba5dfea93fe89e8ed6d93af4b8c1e5ca720209a	too large (trace)
tr03-official-1/1127-cell-b-0352-recovery/reference-10ms-differences.json.gz	23	f1101f8233b16d980af348db666cbdb1b9772fa79c6fa8d7d6d9550c1f6a546d	not a metric of this report
tr03-official-1/1127-cell-b-0352-recovery/trace.jsonl.gz	1722709	11365abc7de959dd8f23481f33f97f9e42b7886ef945a778c1d2a050c0250e58	too large (trace)
tr03-official-1/1128-cell-b-0352-recovery-retract/reference-10ms-differences.json.gz	23	f1101f8233b16d980af348db666cbdb1b9772fa79c6fa8d7d6d9550c1f6a546d	not a metric of this report
tr03-official-1/1128-cell-b-0352-recovery-retract/trace.jsonl.gz	1735596	bdfe4985a6837d275c65fbfa718bde04174db2eeda8bc05b4db5ff2ad1342ed3	too large (trace)
tr03-official-1/1129-cell-b-0352-batch/reference-10ms-differences.json.gz	23	f1101f8233b16d980af348db666cbdb1b9772fa79c6fa8d7d6d9550c1f6a546d	not a metric of this report
tr03-official-1/1129-cell-b-0352-batch/trace.jsonl.gz	1752361	946765c51dcaa7e27730815ab001da5e9783b26142f0c99f3187213167aeed0b	too large (trace)
tr03-official-1/1130-cell-b-0352-stroke75/constants.json	5779	23eb4ee6404d9bbca1675106843e233adf2dd72c0e37f275d0c9bb31194fcadb	plant-model file (private)
tr03-official-1/1130-cell-b-0352-stroke75/reference-10ms-differences.json.gz	23	f1101f8233b16d980af348db666cbdb1b9772fa79c6fa8d7d6d9550c1f6a546d	not a metric of this report
tr03-official-1/1130-cell-b-0352-stroke75/trace.jsonl.gz	1138697	a7534b9ecaa002e4960fc8d9a41c3563307182edf09bd45a0eba02fd8ab53471	too large (trace)
tr03-official-1/1131-cell-b-0352-flow060/constants.json	5759	749da6a9a3b578914850d85f44d3468ebdd2fefffb551566451d2e1a2d182a14	plant-model file (private)
tr03-official-1/1131-cell-b-0352-flow060/flow.plccell.json	33668	de3b752c6569074a823f5ee6945a6aea173d27e736d7f9764b3705dc16fcefb6	plant-model file (private)
tr03-official-1/1131-cell-b-0352-flow060/reference-10ms-differences.json.gz	23	f1101f8233b16d980af348db666cbdb1b9772fa79c6fa8d7d6d9550c1f6a546d	not a metric of this report
tr03-official-1/1131-cell-b-0352-flow060/trace.jsonl.gz	483864	ec93566b793a1cf6db1506345e4e2487dfc5b794a96836f66d8e8ca4978c7762	too large (trace)
tr03-official-1/1132-cell-b-0352-flow045/constants.json	5760	b60b895ae8a70ba009e8fef0331b36e4f055cc6e7e075ae19d01b37f763c0360	plant-model file (private)
tr03-official-1/1132-cell-b-0352-flow045/flow.plccell.json	33668	de3b752c6569074a823f5ee6945a6aea173d27e736d7f9764b3705dc16fcefb6	plant-model file (private)
tr03-official-1/1132-cell-b-0352-flow045/reference-10ms-differences.json.gz	23	f1101f8233b16d980af348db666cbdb1b9772fa79c6fa8d7d6d9550c1f6a546d	not a metric of this report
tr03-official-1/1132-cell-b-0352-flow045/trace.jsonl.gz	466193	e0811a0a87111c47a3a73fbc5b5f3303288e1c3a77eff215f06a1cbcf805133e	too large (trace)
tr03-official-1/1133-cell-b-0353-normal-s1/reference-10ms-differences.json.gz	64897	31234c9d771f95e3044066a4a9c2fe0eb17b928e1f7ffb63e16441b25576a64a	not a metric of this report
tr03-official-1/1133-cell-b-0353-normal-s1/trace.jsonl.gz	1695644	ea97926539770cc5796d066b1a2e09c18f694c8980d834df0c3e427676745d0c	too large (trace)
tr03-official-1/1134-cell-b-0353-normal-s2/reference-10ms-differences.json.gz	64897	31234c9d771f95e3044066a4a9c2fe0eb17b928e1f7ffb63e16441b25576a64a	not a metric of this report
tr03-official-1/1134-cell-b-0353-normal-s2/trace.jsonl.gz	1736396	11b87edb236ebbc5488e3c949db1f734af662ba9e71394bf11794ab51dd9b0cc	too large (trace)
tr03-official-1/1135-cell-b-0353-normal-s3/reference-10ms-differences.json.gz	64897	31234c9d771f95e3044066a4a9c2fe0eb17b928e1f7ffb63e16441b25576a64a	not a metric of this report
tr03-official-1/1135-cell-b-0353-normal-s3/trace.jsonl.gz	1743745	c6353f40ff5b4564725233432b7dca714a8e273f35deb8f5bf87ae559ad135ff	too large (trace)
tr03-official-1/1136-cell-b-0353-cycle-stop/reference-10ms-differences.json.gz	16738	7dee739a089fd9664ec69b9ddffa65669893bbf2ea771717954067fccbd5500a	not a metric of this report
tr03-official-1/1136-cell-b-0353-cycle-stop/trace.jsonl.gz	416612	7117b6cc554694ff6ddba99c1f810397d1b2ec0612857ff86a6e05ff23a4d6e0	too large (trace)
tr03-official-1/1137-cell-b-0353-curtain/reference-10ms-differences.json.gz	14130	fd7bbb18d0f5d5d017d177057a4a61cff453ec7ca0db3ff2d970798c2251aa6f	not a metric of this report
tr03-official-1/1137-cell-b-0353-curtain/trace.jsonl.gz	344231	145ff17dfec16fce036fcb18b7f634e6cf4380f5f42dc13c717bcde3e8ccaaa6	too large (trace)
tr03-official-1/1138-cell-b-0353-recovery/reference-10ms-differences.json.gz	59296	5cb34e935cca49020697d3e52c73bd1eab729193c7f12be77e0c1833ed5f7c6c	not a metric of this report
tr03-official-1/1138-cell-b-0353-recovery/trace.jsonl.gz	1476405	73864dd54b1fed44ffa8c4daaaf2d755d0ec69a8dc370187c52950f87ab18ac5	too large (trace)
tr03-official-1/1139-cell-b-0353-recovery-retract/reference-10ms-differences.json.gz	59295	2b6d217044c9ac454fffaf3e2021225d059abba7c028e3ccb0ca7ab6d4da984d	not a metric of this report
tr03-official-1/1139-cell-b-0353-recovery-retract/trace.jsonl.gz	1467672	d6d58e9f40b86cf806d172dda45f6253419a6f5537d2a92711231cc8dfcfc4a2	too large (trace)
tr03-official-1/1140-cell-b-0353-batch/reference-10ms-differences.json.gz	34602	4b4467048f8ec12ab909c97c1a3b99562e5d03071c57e81a4eced385959c5dd5	not a metric of this report
tr03-official-1/1140-cell-b-0353-batch/trace.jsonl.gz	877403	08f61417762aad3f5fd68a96d8de004c62c1e2b606d1a942b2400fdb20629a7f	too large (trace)
tr03-official-1/1141-cell-b-0353-stroke75/constants.json	5779	23eb4ee6404d9bbca1675106843e233adf2dd72c0e37f275d0c9bb31194fcadb	plant-model file (private)
tr03-official-1/1141-cell-b-0353-stroke75/reference-10ms-differences.json.gz	34602	4b4467048f8ec12ab909c97c1a3b99562e5d03071c57e81a4eced385959c5dd5	not a metric of this report
tr03-official-1/1141-cell-b-0353-stroke75/trace.jsonl.gz	883222	45f935050c2e78dd4cb37803e3f5d04ecc55404a5301995a6096d8997ea90d19	too large (trace)
tr03-official-1/1142-cell-b-0353-flow060/constants.json	5759	749da6a9a3b578914850d85f44d3468ebdd2fefffb551566451d2e1a2d182a14	plant-model file (private)
tr03-official-1/1142-cell-b-0353-flow060/flow.plccell.json	33668	de3b752c6569074a823f5ee6945a6aea173d27e736d7f9764b3705dc16fcefb6	plant-model file (private)
tr03-official-1/1142-cell-b-0353-flow060/reference-10ms-differences.json.gz	14130	fd7bbb18d0f5d5d017d177057a4a61cff453ec7ca0db3ff2d970798c2251aa6f	not a metric of this report
tr03-official-1/1142-cell-b-0353-flow060/trace.jsonl.gz	332552	59fc14c211115bea24854930bb2f9fb820b11982edd088dae939b1162d062160	too large (trace)
tr03-official-1/1143-cell-b-0353-flow045/constants.json	5760	b60b895ae8a70ba009e8fef0331b36e4f055cc6e7e075ae19d01b37f763c0360	plant-model file (private)
tr03-official-1/1143-cell-b-0353-flow045/flow.plccell.json	33668	de3b752c6569074a823f5ee6945a6aea173d27e736d7f9764b3705dc16fcefb6	plant-model file (private)
tr03-official-1/1143-cell-b-0353-flow045/reference-10ms-differences.json.gz	14130	fd7bbb18d0f5d5d017d177057a4a61cff453ec7ca0db3ff2d970798c2251aa6f	not a metric of this report
tr03-official-1/1143-cell-b-0353-flow045/trace.jsonl.gz	332553	ca55348586719347080cb1e0be3a580faccbee955d2a05945863e071bac8faa5	too large (trace)
tr03-official-1/1144-cell-b-0354-normal-s1/reference-10ms-differences.json.gz	23	f1101f8233b16d980af348db666cbdb1b9772fa79c6fa8d7d6d9550c1f6a546d	not a metric of this report
tr03-official-1/1144-cell-b-0354-normal-s1/trace.jsonl.gz	2907110	985e91e1efc401d2d6d982680fcfa5cb7cd723af376eea5aa6c44e9bcb35eda9	too large (trace)
tr03-official-1/1145-cell-b-0354-normal-s2/reference-10ms-differences.json.gz	23	f1101f8233b16d980af348db666cbdb1b9772fa79c6fa8d7d6d9550c1f6a546d	not a metric of this report
tr03-official-1/1145-cell-b-0354-normal-s2/trace.jsonl.gz	2699036	ef774306b55980c7b44c907b48022982ff563635a84b98b92626c19187869c16	too large (trace)
tr03-official-1/1146-cell-b-0354-normal-s3/reference-10ms-differences.json.gz	23	f1101f8233b16d980af348db666cbdb1b9772fa79c6fa8d7d6d9550c1f6a546d	not a metric of this report
tr03-official-1/1146-cell-b-0354-normal-s3/trace.jsonl.gz	2668687	8725a212c87282dec2fff3da4f85329c85e487cf1afb4e9b0419f91957fb6421	too large (trace)
tr03-official-1/1147-cell-b-0354-cycle-stop/reference-10ms-differences.json.gz	23	f1101f8233b16d980af348db666cbdb1b9772fa79c6fa8d7d6d9550c1f6a546d	not a metric of this report
tr03-official-1/1147-cell-b-0354-cycle-stop/trace.jsonl.gz	634706	e0d732b9d7dcfb6ba97fb77ab8f3a8234a61085a1ca4b59a906a4533fc0cddc4	too large (trace)
tr03-official-1/1148-cell-b-0354-curtain/reference-10ms-differences.json.gz	23	f1101f8233b16d980af348db666cbdb1b9772fa79c6fa8d7d6d9550c1f6a546d	not a metric of this report
tr03-official-1/1148-cell-b-0354-curtain/trace.jsonl.gz	419805	8cc8487ebf5fb99dc7b0f3d57124dc0b902263643834c8102e82f529f66908ac	too large (trace)
tr03-official-1/1149-cell-b-0354-recovery/reference-10ms-differences.json.gz	23	f1101f8233b16d980af348db666cbdb1b9772fa79c6fa8d7d6d9550c1f6a546d	not a metric of this report
tr03-official-1/1149-cell-b-0354-recovery/trace.jsonl.gz	1730309	32225268130f00f98c1f929d1acedc49b3a830d079e642afca7fe009ff075e14	too large (trace)
tr03-official-1/1150-cell-b-0354-recovery-retract/reference-10ms-differences.json.gz	23	f1101f8233b16d980af348db666cbdb1b9772fa79c6fa8d7d6d9550c1f6a546d	not a metric of this report
tr03-official-1/1150-cell-b-0354-recovery-retract/trace.jsonl.gz	1742238	2a9929810ea752fd59342312d6df8d6ae04dbfa618341e426b34c68caaa56717	too large (trace)
tr03-official-1/1151-cell-b-0354-batch/reference-10ms-differences.json.gz	23	f1101f8233b16d980af348db666cbdb1b9772fa79c6fa8d7d6d9550c1f6a546d	not a metric of this report
tr03-official-1/1151-cell-b-0354-batch/trace.jsonl.gz	1747600	3af7e4dd5cc6cdb368c9d8f6f9ede5e43dd9754e07e702ccae1f5fabf7484f4d	too large (trace)
tr03-official-1/1152-cell-b-0354-stroke75/constants.json	5779	23eb4ee6404d9bbca1675106843e233adf2dd72c0e37f275d0c9bb31194fcadb	plant-model file (private)
tr03-official-1/1152-cell-b-0354-stroke75/reference-10ms-differences.json.gz	23	f1101f8233b16d980af348db666cbdb1b9772fa79c6fa8d7d6d9550c1f6a546d	not a metric of this report
tr03-official-1/1152-cell-b-0354-stroke75/trace.jsonl.gz	1140072	d13e56bc1bb9fc99134bad818372f3b056ed05e29af25ec32fab047f44956f0c	too large (trace)
tr03-official-1/1153-cell-b-0354-flow060/constants.json	5759	749da6a9a3b578914850d85f44d3468ebdd2fefffb551566451d2e1a2d182a14	plant-model file (private)
tr03-official-1/1153-cell-b-0354-flow060/flow.plccell.json	33668	de3b752c6569074a823f5ee6945a6aea173d27e736d7f9764b3705dc16fcefb6	plant-model file (private)
tr03-official-1/1153-cell-b-0354-flow060/reference-10ms-differences.json.gz	23	f1101f8233b16d980af348db666cbdb1b9772fa79c6fa8d7d6d9550c1f6a546d	not a metric of this report
tr03-official-1/1153-cell-b-0354-flow060/trace.jsonl.gz	480986	423e6022e035ea9c67b8ef9709df67d9c616bc42c603d0019f1eeb8ab29f33ac	too large (trace)
tr03-official-1/1154-cell-b-0354-flow045/constants.json	5760	b60b895ae8a70ba009e8fef0331b36e4f055cc6e7e075ae19d01b37f763c0360	plant-model file (private)
tr03-official-1/1154-cell-b-0354-flow045/flow.plccell.json	33668	de3b752c6569074a823f5ee6945a6aea173d27e736d7f9764b3705dc16fcefb6	plant-model file (private)
tr03-official-1/1154-cell-b-0354-flow045/reference-10ms-differences.json.gz	23	f1101f8233b16d980af348db666cbdb1b9772fa79c6fa8d7d6d9550c1f6a546d	not a metric of this report
tr03-official-1/1154-cell-b-0354-flow045/trace.jsonl.gz	463735	8781dae8cfd756f06f8ac8d7a9b48eedad4d7925a09597fc98cfc12189f10d68	too large (trace)
tr03-official-1/1155-cell-b-0355-normal-s1/reference-10ms-differences.json.gz	64897	31234c9d771f95e3044066a4a9c2fe0eb17b928e1f7ffb63e16441b25576a64a	not a metric of this report
tr03-official-1/1155-cell-b-0355-normal-s1/trace.jsonl.gz	1689072	a2ff0ca31165dbe75984b86953b2d76982cd52710112fb1b2c2301592f3b5a94	too large (trace)
tr03-official-1/1156-cell-b-0355-normal-s2/reference-10ms-differences.json.gz	64897	31234c9d771f95e3044066a4a9c2fe0eb17b928e1f7ffb63e16441b25576a64a	not a metric of this report
tr03-official-1/1156-cell-b-0355-normal-s2/trace.jsonl.gz	1715509	e1d611ff51f9bbf93a6ae24a5555d0dcdeff84563afd1c67ae315c59d3602fa9	too large (trace)
tr03-official-1/1157-cell-b-0355-normal-s3/reference-10ms-differences.json.gz	64897	31234c9d771f95e3044066a4a9c2fe0eb17b928e1f7ffb63e16441b25576a64a	not a metric of this report
tr03-official-1/1157-cell-b-0355-normal-s3/trace.jsonl.gz	1722839	9edb16575d5a25c5bab10fa34ca0a6164cabd71166005beff39bc1e0bd6a4a3d	too large (trace)
tr03-official-1/1158-cell-b-0355-cycle-stop/reference-10ms-differences.json.gz	16738	7dee739a089fd9664ec69b9ddffa65669893bbf2ea771717954067fccbd5500a	not a metric of this report
tr03-official-1/1158-cell-b-0355-cycle-stop/trace.jsonl.gz	414081	3bafabfe3f0f00fa3fbcfac74b6b008d4833cbdc23b43f11795ae553ddad67c1	too large (trace)
tr03-official-1/1159-cell-b-0355-curtain/reference-10ms-differences.json.gz	14130	fd7bbb18d0f5d5d017d177057a4a61cff453ec7ca0db3ff2d970798c2251aa6f	not a metric of this report
tr03-official-1/1159-cell-b-0355-curtain/trace.jsonl.gz	345711	c59b0443c6aeeaf9e48904b5b6df8f8514cc8d51770461eac101d284e4ff7496	too large (trace)
tr03-official-1/1160-cell-b-0355-recovery/reference-10ms-differences.json.gz	59296	5cb34e935cca49020697d3e52c73bd1eab729193c7f12be77e0c1833ed5f7c6c	not a metric of this report
tr03-official-1/1160-cell-b-0355-recovery/trace.jsonl.gz	1474913	60e39d4201015aa53e73746b4abd6a6258ed8ea633082caa62d812a0d42779b6	too large (trace)
tr03-official-1/1161-cell-b-0355-recovery-retract/reference-10ms-differences.json.gz	59295	2b6d217044c9ac454fffaf3e2021225d059abba7c028e3ccb0ca7ab6d4da984d	not a metric of this report
tr03-official-1/1161-cell-b-0355-recovery-retract/trace.jsonl.gz	1475533	96ffefc5198da26528c681b828b6008d4ddb0a03e3cd4cef1a786ede11a05044	too large (trace)
tr03-official-1/1162-cell-b-0355-batch/reference-10ms-differences.json.gz	34602	4b4467048f8ec12ab909c97c1a3b99562e5d03071c57e81a4eced385959c5dd5	not a metric of this report
tr03-official-1/1162-cell-b-0355-batch/trace.jsonl.gz	877983	bea78d802ad4e29c2f9a67f8bde43aedbd06086236e954f18dcd7738f6ecdb62	too large (trace)
tr03-official-1/1163-cell-b-0355-stroke75/constants.json	5779	23eb4ee6404d9bbca1675106843e233adf2dd72c0e37f275d0c9bb31194fcadb	plant-model file (private)
tr03-official-1/1163-cell-b-0355-stroke75/reference-10ms-differences.json.gz	34602	4b4467048f8ec12ab909c97c1a3b99562e5d03071c57e81a4eced385959c5dd5	not a metric of this report
tr03-official-1/1163-cell-b-0355-stroke75/trace.jsonl.gz	875864	a033d9c4c1db92834c428094fc84bdb76f2937d3959abc085a190226b10ec206	too large (trace)
tr03-official-1/1164-cell-b-0355-flow060/constants.json	5759	749da6a9a3b578914850d85f44d3468ebdd2fefffb551566451d2e1a2d182a14	plant-model file (private)
tr03-official-1/1164-cell-b-0355-flow060/flow.plccell.json	33668	de3b752c6569074a823f5ee6945a6aea173d27e736d7f9764b3705dc16fcefb6	plant-model file (private)
tr03-official-1/1164-cell-b-0355-flow060/reference-10ms-differences.json.gz	14130	fd7bbb18d0f5d5d017d177057a4a61cff453ec7ca0db3ff2d970798c2251aa6f	not a metric of this report
tr03-official-1/1164-cell-b-0355-flow060/trace.jsonl.gz	331301	87c92a163b8c76c2b8e5f744d9b065cb8f11bd41129deea3f0670cad4dac9931	too large (trace)
tr03-official-1/1165-cell-b-0355-flow045/constants.json	5760	b60b895ae8a70ba009e8fef0331b36e4f055cc6e7e075ae19d01b37f763c0360	plant-model file (private)
tr03-official-1/1165-cell-b-0355-flow045/flow.plccell.json	33668	de3b752c6569074a823f5ee6945a6aea173d27e736d7f9764b3705dc16fcefb6	plant-model file (private)
tr03-official-1/1165-cell-b-0355-flow045/reference-10ms-differences.json.gz	14130	fd7bbb18d0f5d5d017d177057a4a61cff453ec7ca0db3ff2d970798c2251aa6f	not a metric of this report
tr03-official-1/1165-cell-b-0355-flow045/trace.jsonl.gz	331302	efb4998892299aabbb6c73bf1d48b4ebf6e000583d298319fa9109848e9d2e39	too large (trace)
tr03-official-1/1166-cell-b-0357-normal-s1/reference-10ms-differences.json.gz	23	f1101f8233b16d980af348db666cbdb1b9772fa79c6fa8d7d6d9550c1f6a546d	not a metric of this report
tr03-official-1/1166-cell-b-0357-normal-s1/trace.jsonl.gz	2918220	418e759d7b8d37dca9ad2f43e112de45fa231e30d61e1cea15472315367650bc	too large (trace)
tr03-official-1/1167-cell-b-0357-normal-s2/reference-10ms-differences.json.gz	23	f1101f8233b16d980af348db666cbdb1b9772fa79c6fa8d7d6d9550c1f6a546d	not a metric of this report
tr03-official-1/1167-cell-b-0357-normal-s2/trace.jsonl.gz	2696971	dd61615bf9b9c54e02831e05e70d5c5677bb355193547dfd5029caf1b8aab56c	too large (trace)
tr03-official-1/1168-cell-b-0357-normal-s3/reference-10ms-differences.json.gz	23	f1101f8233b16d980af348db666cbdb1b9772fa79c6fa8d7d6d9550c1f6a546d	not a metric of this report
tr03-official-1/1168-cell-b-0357-normal-s3/trace.jsonl.gz	2680637	adc10637db5ffd1356cabdb17e0cb62c37ce872e911e4bd06c37f5d56f0b9030	too large (trace)
tr03-official-1/1169-cell-b-0357-cycle-stop/reference-10ms-differences.json.gz	23	f1101f8233b16d980af348db666cbdb1b9772fa79c6fa8d7d6d9550c1f6a546d	not a metric of this report
tr03-official-1/1169-cell-b-0357-cycle-stop/trace.jsonl.gz	634843	d6e63d9c3add986393e4f6d1777afcab933ee4faa5be5691c8324595f56c59a4	too large (trace)
tr03-official-1/1170-cell-b-0357-curtain/reference-10ms-differences.json.gz	23	f1101f8233b16d980af348db666cbdb1b9772fa79c6fa8d7d6d9550c1f6a546d	not a metric of this report
tr03-official-1/1170-cell-b-0357-curtain/trace.jsonl.gz	422361	d543e17eabe25fb740d1d02f3301437ab395d19d2032b221b3c2303ad0a027fd	too large (trace)
tr03-official-1/1171-cell-b-0357-recovery/reference-10ms-differences.json.gz	33590	284733ad03edcf0c7d8ec71461b5caf3c1c3df053cbe89e622d769c09d6d6a33	not a metric of this report
tr03-official-1/1171-cell-b-0357-recovery/trace.jsonl.gz	1414165	8c59642c36e7f1cbc010b52a3ce80a0fa69b473de90d0a181442fdd4a39e0f3b	too large (trace)
tr03-official-1/1172-cell-b-0357-recovery-retract/reference-10ms-differences.json.gz	33658	7f668245823914c1e0568117851e75324284fd421183842e3d88d0b886624290	not a metric of this report
tr03-official-1/1172-cell-b-0357-recovery-retract/trace.jsonl.gz	1501720	8d3ad3ab48a50053278255d9985dd45ec1671f6eec56179784b8400de4fad9df	too large (trace)
tr03-official-1/1173-cell-b-0357-batch/reference-10ms-differences.json.gz	23	f1101f8233b16d980af348db666cbdb1b9772fa79c6fa8d7d6d9550c1f6a546d	not a metric of this report
tr03-official-1/1173-cell-b-0357-batch/trace.jsonl.gz	1747994	d4c4b3e485b83591901d175e74887d6316b8529ea557836e86afc4b27a70e9b8	too large (trace)
tr03-official-1/1174-cell-b-0357-stroke75/constants.json	5779	23eb4ee6404d9bbca1675106843e233adf2dd72c0e37f275d0c9bb31194fcadb	plant-model file (private)
tr03-official-1/1174-cell-b-0357-stroke75/reference-10ms-differences.json.gz	23	f1101f8233b16d980af348db666cbdb1b9772fa79c6fa8d7d6d9550c1f6a546d	not a metric of this report
tr03-official-1/1174-cell-b-0357-stroke75/trace.jsonl.gz	1145275	3f7dc1b85711ea3b834ffbd9957e5ae4b8c99dc6b2360ccbd5ca9026f1a9f0aa	too large (trace)
tr03-official-1/1175-cell-b-0357-flow060/constants.json	5759	749da6a9a3b578914850d85f44d3468ebdd2fefffb551566451d2e1a2d182a14	plant-model file (private)
tr03-official-1/1175-cell-b-0357-flow060/flow.plccell.json	33668	de3b752c6569074a823f5ee6945a6aea173d27e736d7f9764b3705dc16fcefb6	plant-model file (private)
tr03-official-1/1175-cell-b-0357-flow060/reference-10ms-differences.json.gz	23	f1101f8233b16d980af348db666cbdb1b9772fa79c6fa8d7d6d9550c1f6a546d	not a metric of this report
tr03-official-1/1175-cell-b-0357-flow060/trace.jsonl.gz	478289	7bbb1b415821248f797bd9fb83b1fcf6ab15708f5123a28014d651bc3917fc26	too large (trace)
tr03-official-1/1176-cell-b-0357-flow045/constants.json	5760	b60b895ae8a70ba009e8fef0331b36e4f055cc6e7e075ae19d01b37f763c0360	plant-model file (private)
tr03-official-1/1176-cell-b-0357-flow045/flow.plccell.json	33668	de3b752c6569074a823f5ee6945a6aea173d27e736d7f9764b3705dc16fcefb6	plant-model file (private)
tr03-official-1/1176-cell-b-0357-flow045/reference-10ms-differences.json.gz	23	f1101f8233b16d980af348db666cbdb1b9772fa79c6fa8d7d6d9550c1f6a546d	not a metric of this report
tr03-official-1/1176-cell-b-0357-flow045/trace.jsonl.gz	466703	737f2e68c95d71532713c7d07a3be9d58a271a96bd07b6d219ce436725757046	too large (trace)
tr03-official-1/1177-cell-b-0361-normal-s1/reference-10ms-differences.json.gz	57698	bc85c6b5f2659d52fc22122f0576719ddfe526ea291d3ae25c514d4bf85af04a	not a metric of this report
tr03-official-1/1177-cell-b-0361-normal-s1/trace.jsonl.gz	1798220	2b9799acd27d3de965dc328789412eae9b80199c74c41bfae4597b9d602af9e4	too large (trace)
tr03-official-1/1178-cell-b-0361-normal-s2/reference-10ms-differences.json.gz	56008	3b04867a91efd7d7233f2741504cb92ce9afa4954bd568747a99e97d7006b6dc	not a metric of this report
tr03-official-1/1178-cell-b-0361-normal-s2/trace.jsonl.gz	1762120	2b3b025e170ffb237cf858737c567ea1bdc6ef2d8c71d3072a609d280a6c7b72	too large (trace)
tr03-official-1/1179-cell-b-0361-normal-s3/reference-10ms-differences.json.gz	53458	cc7f8f198e80cbb834f8867a28ac066121a49161ba5c5e2d197588714a711f93	not a metric of this report
tr03-official-1/1179-cell-b-0361-normal-s3/trace.jsonl.gz	1874890	5670a90c13cba40fcd473da15bde3f4acf581f7ae47ad3ecf80c2e92e6b5798e	too large (trace)
tr03-official-1/1180-cell-b-0361-cycle-stop/reference-10ms-differences.json.gz	9601	8319d9c901af7035b93f5a17cc9d844105b6f12e9e871fd841da5589cac09911	not a metric of this report
tr03-official-1/1180-cell-b-0361-cycle-stop/trace.jsonl.gz	472692	9791ffeb7af886b1694f593339a2b01ebda2dbbcba4a8a96740903c7aad788e5	too large (trace)
tr03-official-1/1181-cell-b-0361-curtain/reference-10ms-differences.json.gz	7012	10c7cbcbef840e293ec4a92880261207c6016bffb5390e0948e98271f7f0824b	not a metric of this report
tr03-official-1/1181-cell-b-0361-curtain/trace.jsonl.gz	399268	c94459924ec366391ae7dad19eec1eb771e7a9234a790b24b0970bc728095ee0	too large (trace)
tr03-official-1/1182-cell-b-0361-recovery/reference-10ms-differences.json.gz	50556	bc4cbfdd7a6400aff669eed8cd75c1f8b25e8672bada249e18eb7de4a3b7be2f	not a metric of this report
tr03-official-1/1182-cell-b-0361-recovery/trace.jsonl.gz	1521837	7475155f46eedb6d44b39c6b0af3c587b07cebc3d365dc46ff4e74f6c8c6a879	too large (trace)
tr03-official-1/1183-cell-b-0361-recovery-retract/reference-10ms-differences.json.gz	50556	bc4cbfdd7a6400aff669eed8cd75c1f8b25e8672bada249e18eb7de4a3b7be2f	not a metric of this report
tr03-official-1/1183-cell-b-0361-recovery-retract/trace.jsonl.gz	1530618	4f4ae41055a3233e316c129d0f59643f089ca4029fecbf79b66d76eed5e8780f	too large (trace)
tr03-official-1/1184-cell-b-0361-batch/reference-10ms-differences.json.gz	27402	7ad1eaa95bb18acaf97d8fcfbea71f2c149dd8d7591910986b3e779ee0cf2ad2	not a metric of this report
tr03-official-1/1184-cell-b-0361-batch/trace.jsonl.gz	957157	f1c6bf681bc57064d56a6749e59f833f062db06fef8dd2711a6cc9c7537973bd	too large (trace)
tr03-official-1/1185-cell-b-0361-stroke75/constants.json	5779	23eb4ee6404d9bbca1675106843e233adf2dd72c0e37f275d0c9bb31194fcadb	plant-model file (private)
tr03-official-1/1185-cell-b-0361-stroke75/reference-10ms-differences.json.gz	27402	7ad1eaa95bb18acaf97d8fcfbea71f2c149dd8d7591910986b3e779ee0cf2ad2	not a metric of this report
tr03-official-1/1185-cell-b-0361-stroke75/trace.jsonl.gz	949041	b5845463e3a121f075b3f613886d2288f07dab9a95e76f89219dc1694123b642	too large (trace)
tr03-official-1/1186-cell-b-0361-flow060/constants.json	5759	749da6a9a3b578914850d85f44d3468ebdd2fefffb551566451d2e1a2d182a14	plant-model file (private)
tr03-official-1/1186-cell-b-0361-flow060/flow.plccell.json	33668	de3b752c6569074a823f5ee6945a6aea173d27e736d7f9764b3705dc16fcefb6	plant-model file (private)
tr03-official-1/1186-cell-b-0361-flow060/reference-10ms-differences.json.gz	7012	10c7cbcbef840e293ec4a92880261207c6016bffb5390e0948e98271f7f0824b	not a metric of this report
tr03-official-1/1186-cell-b-0361-flow060/trace.jsonl.gz	405890	5e94b925a0ff2ea7456ad0aba75ab0e9a28269cb2729c963cbcccb46327d3316	too large (trace)
tr03-official-1/1187-cell-b-0361-flow045/constants.json	5760	b60b895ae8a70ba009e8fef0331b36e4f055cc6e7e075ae19d01b37f763c0360	plant-model file (private)
tr03-official-1/1187-cell-b-0361-flow045/flow.plccell.json	33668	de3b752c6569074a823f5ee6945a6aea173d27e736d7f9764b3705dc16fcefb6	plant-model file (private)
tr03-official-1/1187-cell-b-0361-flow045/reference-10ms-differences.json.gz	7012	10c7cbcbef840e293ec4a92880261207c6016bffb5390e0948e98271f7f0824b	not a metric of this report
tr03-official-1/1187-cell-b-0361-flow045/trace.jsonl.gz	405891	851341f4d25e83993ca6da790cde15b0ea433a0695a3c385ac3b1a07b6bc66d2	too large (trace)
tr03-official-1/1188-cell-b-0374-normal-s1/reference-10ms-differences.json.gz	35766	61d76147bcc8ba19d48c66229139b90d33adb8ecd6100b828498a3f6960ddeee	not a metric of this report
tr03-official-1/1188-cell-b-0374-normal-s1/trace.jsonl.gz	2895792	31d35785ac46add86c0ecbaed18167301ad4e66d426c1e47266f1388aa3b2221	too large (trace)
tr03-official-1/1189-cell-b-0374-normal-s2/reference-10ms-differences.json.gz	35772	2dd06271f5e2bfb4e8f628e3633989dc01d4bf6af16123b401da48018e94ab10	not a metric of this report
tr03-official-1/1189-cell-b-0374-normal-s2/trace.jsonl.gz	2685295	de31580a6b61474bfdf6d25de4a1f21e2d21d27c4731a618609dae73dc7745e8	too large (trace)
tr03-official-1/1190-cell-b-0374-normal-s3/reference-10ms-differences.json.gz	35772	2dd06271f5e2bfb4e8f628e3633989dc01d4bf6af16123b401da48018e94ab10	not a metric of this report
tr03-official-1/1190-cell-b-0374-normal-s3/trace.jsonl.gz	2405322	93cf68707c06931b492d0b3ec44694ca5044e5f23e8505ca3366876547bb61e6	too large (trace)
tr03-official-1/1191-cell-b-0374-cycle-stop/reference-10ms-differences.json.gz	23	f1101f8233b16d980af348db666cbdb1b9772fa79c6fa8d7d6d9550c1f6a546d	not a metric of this report
tr03-official-1/1191-cell-b-0374-cycle-stop/trace.jsonl.gz	629180	340b9095fd6a1d30f1f296c20566bb3de26ca878c801867c1991b69e3b0b45a6	too large (trace)
tr03-official-1/1192-cell-b-0374-curtain/reference-10ms-differences.json.gz	23	f1101f8233b16d980af348db666cbdb1b9772fa79c6fa8d7d6d9550c1f6a546d	not a metric of this report
tr03-official-1/1192-cell-b-0374-curtain/trace.jsonl.gz	420885	077979f2dbf3ff75d03c54af95a6de81acd763a754e9b34cf412ca226bfea966	too large (trace)
tr03-official-1/1193-cell-b-0374-recovery/reference-10ms-differences.json.gz	23	f1101f8233b16d980af348db666cbdb1b9772fa79c6fa8d7d6d9550c1f6a546d	not a metric of this report
tr03-official-1/1193-cell-b-0374-recovery/trace.jsonl.gz	1717221	b741c4a14351a30d3b10aab8569e15476cc4413a9cd3c8f87f01d053a7709920	too large (trace)
tr03-official-1/1194-cell-b-0374-recovery-retract/reference-10ms-differences.json.gz	23	f1101f8233b16d980af348db666cbdb1b9772fa79c6fa8d7d6d9550c1f6a546d	not a metric of this report
tr03-official-1/1194-cell-b-0374-recovery-retract/trace.jsonl.gz	1737172	b5fd2ea41c595b2c191c8d8e89bb4a5d4bbf19f13837dc088769642c8cbf0898	too large (trace)
tr03-official-1/1195-cell-b-0374-batch/reference-10ms-differences.json.gz	2836	b61a9ee472ef4432790f9320bbdf4240001613cd0c4240ecd3dc3130b2076efc	not a metric of this report
tr03-official-1/1195-cell-b-0374-batch/trace.jsonl.gz	1746138	aabe68fd581223e52f5095271cd627087d2dbfc66cc078ed904deac11991dfcf	too large (trace)
tr03-official-1/1196-cell-b-0374-stroke75/constants.json	5779	23eb4ee6404d9bbca1675106843e233adf2dd72c0e37f275d0c9bb31194fcadb	plant-model file (private)
tr03-official-1/1196-cell-b-0374-stroke75/reference-10ms-differences.json.gz	23	f1101f8233b16d980af348db666cbdb1b9772fa79c6fa8d7d6d9550c1f6a546d	not a metric of this report
tr03-official-1/1196-cell-b-0374-stroke75/trace.jsonl.gz	1148399	db73d7ec6b7881d658559b538e899568c9f3725fe868df03c5354b20db97fb99	too large (trace)
tr03-official-1/1197-cell-b-0374-flow060/constants.json	5759	749da6a9a3b578914850d85f44d3468ebdd2fefffb551566451d2e1a2d182a14	plant-model file (private)
tr03-official-1/1197-cell-b-0374-flow060/flow.plccell.json	33668	de3b752c6569074a823f5ee6945a6aea173d27e736d7f9764b3705dc16fcefb6	plant-model file (private)
tr03-official-1/1197-cell-b-0374-flow060/reference-10ms-differences.json.gz	23	f1101f8233b16d980af348db666cbdb1b9772fa79c6fa8d7d6d9550c1f6a546d	not a metric of this report
tr03-official-1/1197-cell-b-0374-flow060/trace.jsonl.gz	478493	1c678208db5c92d105fde3942477939caed01a7e8cf49bd24751cd613c874f51	too large (trace)
tr03-official-1/1198-cell-b-0374-flow045/constants.json	5760	b60b895ae8a70ba009e8fef0331b36e4f055cc6e7e075ae19d01b37f763c0360	plant-model file (private)
tr03-official-1/1198-cell-b-0374-flow045/flow.plccell.json	33668	de3b752c6569074a823f5ee6945a6aea173d27e736d7f9764b3705dc16fcefb6	plant-model file (private)
tr03-official-1/1198-cell-b-0374-flow045/reference-10ms-differences.json.gz	23	f1101f8233b16d980af348db666cbdb1b9772fa79c6fa8d7d6d9550c1f6a546d	not a metric of this report
tr03-official-1/1198-cell-b-0374-flow045/trace.jsonl.gz	463062	ba6858a5b6bb65b69004663d2a385baab55b565668e5a03f1c3bf22f5d06dfa5	too large (trace)
tr03-official-1/1199-cell-b-0375-normal-s1/reference-10ms-differences.json.gz	23	f1101f8233b16d980af348db666cbdb1b9772fa79c6fa8d7d6d9550c1f6a546d	not a metric of this report
tr03-official-1/1199-cell-b-0375-normal-s1/trace.jsonl.gz	2914372	f510efacaa693f0188b848e28fa43c96ddd73dd1b0ac271115e4e5095a9ea803	too large (trace)
tr03-official-1/1200-cell-b-0375-normal-s2/reference-10ms-differences.json.gz	23	f1101f8233b16d980af348db666cbdb1b9772fa79c6fa8d7d6d9550c1f6a546d	not a metric of this report
tr03-official-1/1200-cell-b-0375-normal-s2/trace.jsonl.gz	2701343	f347c69807c3a99180607a148807c1b054f61f2a92f6b0b51019e8026eb2dffe	too large (trace)
tr03-official-1/1201-cell-b-0375-normal-s3/reference-10ms-differences.json.gz	23	f1101f8233b16d980af348db666cbdb1b9772fa79c6fa8d7d6d9550c1f6a546d	not a metric of this report
tr03-official-1/1201-cell-b-0375-normal-s3/trace.jsonl.gz	2678948	bc794c0148e9d415623d78b4132746c2e6967a40c2ddba7d3c59617625ed300a	too large (trace)
tr03-official-1/1202-cell-b-0375-cycle-stop/reference-10ms-differences.json.gz	23	f1101f8233b16d980af348db666cbdb1b9772fa79c6fa8d7d6d9550c1f6a546d	not a metric of this report
tr03-official-1/1202-cell-b-0375-cycle-stop/trace.jsonl.gz	634848	b14ed4e25c71657682a1338e246f6a6fb9e4e1681cbdb43573c49a74993e122e	too large (trace)
tr03-official-1/1203-cell-b-0375-curtain/reference-10ms-differences.json.gz	23	f1101f8233b16d980af348db666cbdb1b9772fa79c6fa8d7d6d9550c1f6a546d	not a metric of this report
tr03-official-1/1203-cell-b-0375-curtain/trace.jsonl.gz	427370	0be4e137a37f247b75e6ca64c31bbddde91327fe656e10b77e9f1465ecf2130f	too large (trace)
tr03-official-1/1204-cell-b-0375-recovery/reference-10ms-differences.json.gz	23	f1101f8233b16d980af348db666cbdb1b9772fa79c6fa8d7d6d9550c1f6a546d	not a metric of this report
tr03-official-1/1204-cell-b-0375-recovery/trace.jsonl.gz	1732197	d4bb2f6d4110d55fe01492f35653a69a86e9810729bf28827e7f06abfb51ef97	too large (trace)
tr03-official-1/1205-cell-b-0375-recovery-retract/reference-10ms-differences.json.gz	23	f1101f8233b16d980af348db666cbdb1b9772fa79c6fa8d7d6d9550c1f6a546d	not a metric of this report
tr03-official-1/1205-cell-b-0375-recovery-retract/trace.jsonl.gz	1731310	005fc2a84e01d9fa800c2ac6e6a88c88b3c6724a822d651457db74cf9d62c85f	too large (trace)
tr03-official-1/1206-cell-b-0375-batch/reference-10ms-differences.json.gz	23	f1101f8233b16d980af348db666cbdb1b9772fa79c6fa8d7d6d9550c1f6a546d	not a metric of this report
tr03-official-1/1206-cell-b-0375-batch/trace.jsonl.gz	1757732	df7a995552137c73ecb48eb60cc578491410d2b5aadfc0a81b789b80a161173a	too large (trace)
tr03-official-1/1207-cell-b-0375-stroke75/constants.json	5779	23eb4ee6404d9bbca1675106843e233adf2dd72c0e37f275d0c9bb31194fcadb	plant-model file (private)
tr03-official-1/1207-cell-b-0375-stroke75/reference-10ms-differences.json.gz	23	f1101f8233b16d980af348db666cbdb1b9772fa79c6fa8d7d6d9550c1f6a546d	not a metric of this report
tr03-official-1/1207-cell-b-0375-stroke75/trace.jsonl.gz	1146433	8d0e5dd01a85bce5eb554e80890e4f8c9eb0828247976ca88764a5542a5b561e	too large (trace)
tr03-official-1/1208-cell-b-0375-flow060/constants.json	5759	749da6a9a3b578914850d85f44d3468ebdd2fefffb551566451d2e1a2d182a14	plant-model file (private)
tr03-official-1/1208-cell-b-0375-flow060/flow.plccell.json	33668	de3b752c6569074a823f5ee6945a6aea173d27e736d7f9764b3705dc16fcefb6	plant-model file (private)
tr03-official-1/1208-cell-b-0375-flow060/reference-10ms-differences.json.gz	23	f1101f8233b16d980af348db666cbdb1b9772fa79c6fa8d7d6d9550c1f6a546d	not a metric of this report
tr03-official-1/1208-cell-b-0375-flow060/trace.jsonl.gz	479009	f4954a7df2abb22835c931a85c93a584526a7f28d96ffb608b84bf0b20a3080a	too large (trace)
tr03-official-1/1209-cell-b-0375-flow045/constants.json	5760	b60b895ae8a70ba009e8fef0331b36e4f055cc6e7e075ae19d01b37f763c0360	plant-model file (private)
tr03-official-1/1209-cell-b-0375-flow045/flow.plccell.json	33668	de3b752c6569074a823f5ee6945a6aea173d27e736d7f9764b3705dc16fcefb6	plant-model file (private)
tr03-official-1/1209-cell-b-0375-flow045/reference-10ms-differences.json.gz	23	f1101f8233b16d980af348db666cbdb1b9772fa79c6fa8d7d6d9550c1f6a546d	not a metric of this report
tr03-official-1/1209-cell-b-0375-flow045/trace.jsonl.gz	458142	362228b07ac7988a37f71be706baa52efbd7bee69490086279be767388447d25	too large (trace)
tr03-official-1/1210-cell-b-0377-normal-s1/reference-10ms-differences.json.gz	43956	0fb56dd526a3ffb1a3dac8bcc4febf755e4ed21c435dc096fc2d9b7ccb374cd3	not a metric of this report
tr03-official-1/1210-cell-b-0377-normal-s1/trace.jsonl.gz	3174134	870b822ad88c8dbd49894fc7ed0b58797ac547a46639efb0100bab76e3752d89	too large (trace)
tr03-official-1/1211-cell-b-0377-normal-s2/reference-10ms-differences.json.gz	43860	e06785bdae79d149697f309a0a1569c2e1eb5c9de5b928f2011e84b92a99b741	not a metric of this report
tr03-official-1/1211-cell-b-0377-normal-s2/trace.jsonl.gz	3008006	510c90f254a6ec86e5bdc407d95b1822e2c783f5348e26f192812743dd322f81	too large (trace)
tr03-official-1/1212-cell-b-0377-normal-s3/reference-10ms-differences.json.gz	43860	e06785bdae79d149697f309a0a1569c2e1eb5c9de5b928f2011e84b92a99b741	not a metric of this report
tr03-official-1/1212-cell-b-0377-normal-s3/trace.jsonl.gz	3001860	91c8d769eb06112654bf5078d29ae7945976fe4e024e387c2a728ab8aef0c8aa	too large (trace)
tr03-official-1/1213-cell-b-0377-cycle-stop/reference-10ms-differences.json.gz	23	f1101f8233b16d980af348db666cbdb1b9772fa79c6fa8d7d6d9550c1f6a546d	not a metric of this report
tr03-official-1/1213-cell-b-0377-cycle-stop/trace.jsonl.gz	638260	cfc8dba83589bade674f90644921154f0a7a828e57f96be15c35bf7973e4e7d8	too large (trace)
tr03-official-1/1214-cell-b-0377-curtain/reference-10ms-differences.json.gz	23	f1101f8233b16d980af348db666cbdb1b9772fa79c6fa8d7d6d9550c1f6a546d	not a metric of this report
tr03-official-1/1214-cell-b-0377-curtain/trace.jsonl.gz	431006	ec645ebe9ff881aa0fb6a423b0241ab4c4c2e78f418987b9a4ca096c1f4e1033	too large (trace)
tr03-official-1/1215-cell-b-0377-recovery/reference-10ms-differences.json.gz	23	f1101f8233b16d980af348db666cbdb1b9772fa79c6fa8d7d6d9550c1f6a546d	not a metric of this report
tr03-official-1/1215-cell-b-0377-recovery/trace.jsonl.gz	1725980	e47b0f111c6b68a89d48f257aeb29132577eeb3477d2299c210006099ef08066	too large (trace)
tr03-official-1/1216-cell-b-0377-recovery-retract/reference-10ms-differences.json.gz	23	f1101f8233b16d980af348db666cbdb1b9772fa79c6fa8d7d6d9550c1f6a546d	not a metric of this report
tr03-official-1/1216-cell-b-0377-recovery-retract/trace.jsonl.gz	1744878	e2096f74cf46cdeaacc746446723ee123ac85b8bd37a12e9cb1b250c5f12f611	too large (trace)
tr03-official-1/1217-cell-b-0377-batch/reference-10ms-differences.json.gz	12996	5503472170f5ff5a22de6da0477f40f44babcf51b6c0a3d7ccd2c7782807111f	not a metric of this report
tr03-official-1/1217-cell-b-0377-batch/trace.jsonl.gz	1789821	7fa9867399eb8f57b747c352711bf10e2cc3f1f44f56eacac948cd8caef64098	too large (trace)
tr03-official-1/1218-cell-b-0377-stroke75/constants.json	5779	23eb4ee6404d9bbca1675106843e233adf2dd72c0e37f275d0c9bb31194fcadb	plant-model file (private)
tr03-official-1/1218-cell-b-0377-stroke75/reference-10ms-differences.json.gz	23	f1101f8233b16d980af348db666cbdb1b9772fa79c6fa8d7d6d9550c1f6a546d	not a metric of this report
tr03-official-1/1218-cell-b-0377-stroke75/trace.jsonl.gz	1143004	781e895b6a29bfc4cffca6446f08504bc23b56b569441a7f4eb529f2a1fe3067	too large (trace)
tr03-official-1/1219-cell-b-0377-flow060/constants.json	5759	749da6a9a3b578914850d85f44d3468ebdd2fefffb551566451d2e1a2d182a14	plant-model file (private)
tr03-official-1/1219-cell-b-0377-flow060/flow.plccell.json	33668	de3b752c6569074a823f5ee6945a6aea173d27e736d7f9764b3705dc16fcefb6	plant-model file (private)
tr03-official-1/1219-cell-b-0377-flow060/reference-10ms-differences.json.gz	23	f1101f8233b16d980af348db666cbdb1b9772fa79c6fa8d7d6d9550c1f6a546d	not a metric of this report
tr03-official-1/1219-cell-b-0377-flow060/trace.jsonl.gz	481520	60f0d589269243524e13455d511bd78e5732b654162709cbe22b9ad7f8920884	too large (trace)
tr03-official-1/1220-cell-b-0377-flow045/constants.json	5760	b60b895ae8a70ba009e8fef0331b36e4f055cc6e7e075ae19d01b37f763c0360	plant-model file (private)
tr03-official-1/1220-cell-b-0377-flow045/flow.plccell.json	33668	de3b752c6569074a823f5ee6945a6aea173d27e736d7f9764b3705dc16fcefb6	plant-model file (private)
tr03-official-1/1220-cell-b-0377-flow045/reference-10ms-differences.json.gz	23	f1101f8233b16d980af348db666cbdb1b9772fa79c6fa8d7d6d9550c1f6a546d	not a metric of this report
tr03-official-1/1220-cell-b-0377-flow045/trace.jsonl.gz	461669	acb62dfb9f39199bfb9049bf98bfac3d3491d77c9a368394217cc7342711f92a	too large (trace)
tr03-official-1/1221-cell-b-0378-normal-s1/reference-10ms-differences.json.gz	23	f1101f8233b16d980af348db666cbdb1b9772fa79c6fa8d7d6d9550c1f6a546d	not a metric of this report
tr03-official-1/1221-cell-b-0378-normal-s1/trace.jsonl.gz	2915290	41ae8df624a905c690bdc094ee8f0562824cdd0b22a814246248697a6d5afaa3	too large (trace)
tr03-official-1/1222-cell-b-0378-normal-s2/reference-10ms-differences.json.gz	23	f1101f8233b16d980af348db666cbdb1b9772fa79c6fa8d7d6d9550c1f6a546d	not a metric of this report
tr03-official-1/1222-cell-b-0378-normal-s2/trace.jsonl.gz	2698521	8b3431bf7aa2faff9f94a2d317bfaf21b75c341cd6434b1c318a03947f1c4449	too large (trace)
tr03-official-1/1223-cell-b-0378-normal-s3/reference-10ms-differences.json.gz	23	f1101f8233b16d980af348db666cbdb1b9772fa79c6fa8d7d6d9550c1f6a546d	not a metric of this report
tr03-official-1/1223-cell-b-0378-normal-s3/trace.jsonl.gz	2687662	3965ebe684fdccc7471f3d405eb0865ac3935da983725d8d943607c3b8f1c036	too large (trace)
tr03-official-1/1224-cell-b-0378-cycle-stop/reference-10ms-differences.json.gz	23	f1101f8233b16d980af348db666cbdb1b9772fa79c6fa8d7d6d9550c1f6a546d	not a metric of this report
tr03-official-1/1224-cell-b-0378-cycle-stop/trace.jsonl.gz	633013	1c0ed3d9d6dcb27c87f674bc20d22266ed4ee0ff7f3e2923d5b978730f7cf8ad	too large (trace)
tr03-official-1/1225-cell-b-0378-curtain/reference-10ms-differences.json.gz	23	f1101f8233b16d980af348db666cbdb1b9772fa79c6fa8d7d6d9550c1f6a546d	not a metric of this report
tr03-official-1/1225-cell-b-0378-curtain/trace.jsonl.gz	417933	c9f9dbd99e9a5044105f85dde7596a93bfcb3e0dc13bb7b927a616c3338de068	too large (trace)
tr03-official-1/1226-cell-b-0378-recovery/reference-10ms-differences.json.gz	23	f1101f8233b16d980af348db666cbdb1b9772fa79c6fa8d7d6d9550c1f6a546d	not a metric of this report
tr03-official-1/1226-cell-b-0378-recovery/trace.jsonl.gz	1721650	10f4548e936990988f6971415428a456b0bc961fa11ad0c31103c480a06ea629	too large (trace)
tr03-official-1/1227-cell-b-0378-recovery-retract/reference-10ms-differences.json.gz	23	f1101f8233b16d980af348db666cbdb1b9772fa79c6fa8d7d6d9550c1f6a546d	not a metric of this report
tr03-official-1/1227-cell-b-0378-recovery-retract/trace.jsonl.gz	1716962	383169363f5e56e7c48020141cb5d7ff527e057e9ee168eb18cd732274eaaaaf	too large (trace)
tr03-official-1/1228-cell-b-0378-batch/reference-10ms-differences.json.gz	23	f1101f8233b16d980af348db666cbdb1b9772fa79c6fa8d7d6d9550c1f6a546d	not a metric of this report
tr03-official-1/1228-cell-b-0378-batch/trace.jsonl.gz	1748628	4df76dbcc8d62f56af510810e13ed111c6d138946fdff2c83cd7ec6821b28683	too large (trace)
tr03-official-1/1229-cell-b-0378-stroke75/constants.json	5779	23eb4ee6404d9bbca1675106843e233adf2dd72c0e37f275d0c9bb31194fcadb	plant-model file (private)
tr03-official-1/1229-cell-b-0378-stroke75/reference-10ms-differences.json.gz	23	f1101f8233b16d980af348db666cbdb1b9772fa79c6fa8d7d6d9550c1f6a546d	not a metric of this report
tr03-official-1/1229-cell-b-0378-stroke75/trace.jsonl.gz	1135249	944d1d6f5e98dcab36e492762c48a4a58586351c895b965d1dd7c0426fcbb8f4	too large (trace)
tr03-official-1/1230-cell-b-0378-flow060/constants.json	5759	749da6a9a3b578914850d85f44d3468ebdd2fefffb551566451d2e1a2d182a14	plant-model file (private)
tr03-official-1/1230-cell-b-0378-flow060/flow.plccell.json	33668	de3b752c6569074a823f5ee6945a6aea173d27e736d7f9764b3705dc16fcefb6	plant-model file (private)
tr03-official-1/1230-cell-b-0378-flow060/reference-10ms-differences.json.gz	23	f1101f8233b16d980af348db666cbdb1b9772fa79c6fa8d7d6d9550c1f6a546d	not a metric of this report
tr03-official-1/1230-cell-b-0378-flow060/trace.jsonl.gz	482405	016a1b8fd45246a8d87f3ba54dbcaaefa320ef5c2b50887c80e22c28d214826c	too large (trace)
tr03-official-1/1231-cell-b-0378-flow045/constants.json	5760	b60b895ae8a70ba009e8fef0331b36e4f055cc6e7e075ae19d01b37f763c0360	plant-model file (private)
tr03-official-1/1231-cell-b-0378-flow045/flow.plccell.json	33668	de3b752c6569074a823f5ee6945a6aea173d27e736d7f9764b3705dc16fcefb6	plant-model file (private)
tr03-official-1/1231-cell-b-0378-flow045/reference-10ms-differences.json.gz	23	f1101f8233b16d980af348db666cbdb1b9772fa79c6fa8d7d6d9550c1f6a546d	not a metric of this report
tr03-official-1/1231-cell-b-0378-flow045/trace.jsonl.gz	466233	9a39b118c91e14469873f8ce8399446b9346511a2adae4d1d383d143f4c6b97c	too large (trace)
tr03-official-1/1232-cell-b-0380-normal-s1/reference-10ms-differences.json.gz	59953	46247f3a22eb267919c58c0fe50434a5c6c9472468ed87088730d28a8ef7a457	not a metric of this report
tr03-official-1/1232-cell-b-0380-normal-s1/trace.jsonl.gz	2898956	90e1561a86d9b1a6450e09f533da95e8a6b77dec25a361973a6cc86de7ee0cb6	too large (trace)
tr03-official-1/1233-cell-b-0380-normal-s2/reference-10ms-differences.json.gz	60665	34138de5cff740c50031085f88c995b27e67e57409db28c3d0fd87914f97f404	not a metric of this report
tr03-official-1/1233-cell-b-0380-normal-s2/trace.jsonl.gz	2685591	d3edc99173e37f9efcbd30238d3eec64f221e569a02e6931ba73372ef33ded7c	too large (trace)
tr03-official-1/1234-cell-b-0380-normal-s3/reference-10ms-differences.json.gz	60928	f2f13d323b84bd65638e943e6c994fa005f76e8bacefe97cd138dd62ccccf039	not a metric of this report
tr03-official-1/1234-cell-b-0380-normal-s3/trace.jsonl.gz	2406983	55f7abdb10403cdfee8f821381b019b8db4cde1b44a8df64b6beded4167dbf3a	too large (trace)
tr03-official-1/1235-cell-b-0380-cycle-stop/reference-10ms-differences.json.gz	6360	15f30464aa3c9722bb67f3a5d9bec8286c5a1de59883945fe64d255907b7f033	not a metric of this report
tr03-official-1/1235-cell-b-0380-cycle-stop/trace.jsonl.gz	635687	71e1c27bbc5dfd6b0164605231edde7ce4835c8b459de9e4a8839c92c2e3e4d2	too large (trace)
tr03-official-1/1236-cell-b-0380-curtain/reference-10ms-differences.json.gz	23	f1101f8233b16d980af348db666cbdb1b9772fa79c6fa8d7d6d9550c1f6a546d	not a metric of this report
tr03-official-1/1236-cell-b-0380-curtain/trace.jsonl.gz	420508	092d7456d86e880e9588daccc0933ca0764b81eec43e2c8929a2c7b6920dd965	too large (trace)
tr03-official-1/1237-cell-b-0380-recovery/reference-10ms-differences.json.gz	23	f1101f8233b16d980af348db666cbdb1b9772fa79c6fa8d7d6d9550c1f6a546d	not a metric of this report
tr03-official-1/1237-cell-b-0380-recovery/trace.jsonl.gz	1730503	fffc1f8278de81624b05e313c7c8f931a082ab6ebb0e384e7d7207ad8f3b5eae	too large (trace)
tr03-official-1/1238-cell-b-0380-recovery-retract/reference-10ms-differences.json.gz	23	f1101f8233b16d980af348db666cbdb1b9772fa79c6fa8d7d6d9550c1f6a546d	not a metric of this report
tr03-official-1/1238-cell-b-0380-recovery-retract/trace.jsonl.gz	1722414	2547ea0d755e77c4a8b8f202702e6693dbff554585e8755a1b3c7c4df9468272	too large (trace)
tr03-official-1/1239-cell-b-0380-batch/reference-10ms-differences.json.gz	27144	c5d69739c8ea3b41a9d9a69fed9dd31936e538216da3dc78c1d1e4b37a38b39b	not a metric of this report
tr03-official-1/1239-cell-b-0380-batch/trace.jsonl.gz	1746422	d7136c6ba29890316db36437a1d09c9f151f0d664f450da5eb35f59d37fda7b4	too large (trace)
tr03-official-1/1240-cell-b-0380-stroke75/constants.json	5779	23eb4ee6404d9bbca1675106843e233adf2dd72c0e37f275d0c9bb31194fcadb	plant-model file (private)
tr03-official-1/1240-cell-b-0380-stroke75/reference-10ms-differences.json.gz	23	f1101f8233b16d980af348db666cbdb1b9772fa79c6fa8d7d6d9550c1f6a546d	not a metric of this report
tr03-official-1/1240-cell-b-0380-stroke75/trace.jsonl.gz	1135931	78ae755aab338280d2ee4f8ba5ffd86c87055637360dff5b7861848e9dfbfd17	too large (trace)
tr03-official-1/1241-cell-b-0380-flow060/constants.json	5759	749da6a9a3b578914850d85f44d3468ebdd2fefffb551566451d2e1a2d182a14	plant-model file (private)
tr03-official-1/1241-cell-b-0380-flow060/flow.plccell.json	33668	de3b752c6569074a823f5ee6945a6aea173d27e736d7f9764b3705dc16fcefb6	plant-model file (private)
tr03-official-1/1241-cell-b-0380-flow060/reference-10ms-differences.json.gz	23	f1101f8233b16d980af348db666cbdb1b9772fa79c6fa8d7d6d9550c1f6a546d	not a metric of this report
tr03-official-1/1241-cell-b-0380-flow060/trace.jsonl.gz	482025	faaf046573fe00851690cba9d270dccdee74a26231921cb361230cc02181d61e	too large (trace)
tr03-official-1/1242-cell-b-0380-flow045/constants.json	5760	b60b895ae8a70ba009e8fef0331b36e4f055cc6e7e075ae19d01b37f763c0360	plant-model file (private)
tr03-official-1/1242-cell-b-0380-flow045/flow.plccell.json	33668	de3b752c6569074a823f5ee6945a6aea173d27e736d7f9764b3705dc16fcefb6	plant-model file (private)
tr03-official-1/1242-cell-b-0380-flow045/reference-10ms-differences.json.gz	23	f1101f8233b16d980af348db666cbdb1b9772fa79c6fa8d7d6d9550c1f6a546d	not a metric of this report
tr03-official-1/1242-cell-b-0380-flow045/trace.jsonl.gz	462072	4e15f5eb14b5f59cbd3059348cf2c34bc849bc421fc6802d01ff9569ce21cdb8	too large (trace)
tr03-official-1/1243-cell-b-0382-normal-s1/reference-10ms-differences.json.gz	23	f1101f8233b16d980af348db666cbdb1b9772fa79c6fa8d7d6d9550c1f6a546d	not a metric of this report
tr03-official-1/1243-cell-b-0382-normal-s1/trace.jsonl.gz	2920654	87769cd6a7e7de574b12e63ea14030bc51ca556a7a7cb7e9fbbb57ccdef267de	too large (trace)
tr03-official-1/1244-cell-b-0382-normal-s2/reference-10ms-differences.json.gz	23	f1101f8233b16d980af348db666cbdb1b9772fa79c6fa8d7d6d9550c1f6a546d	not a metric of this report
tr03-official-1/1244-cell-b-0382-normal-s2/trace.jsonl.gz	2695898	58f88d25f86fdee96724b531392192a4c6a2b115a694a2cdcd42ddbfb931a0cb	too large (trace)
tr03-official-1/1245-cell-b-0382-normal-s3/reference-10ms-differences.json.gz	23	f1101f8233b16d980af348db666cbdb1b9772fa79c6fa8d7d6d9550c1f6a546d	not a metric of this report
tr03-official-1/1245-cell-b-0382-normal-s3/trace.jsonl.gz	2685062	c92e604ff297cdc8e13091cd491029bd43bec80c27387e32f46e1f8be865fb8f	too large (trace)
tr03-official-1/1246-cell-b-0382-cycle-stop/reference-10ms-differences.json.gz	23	f1101f8233b16d980af348db666cbdb1b9772fa79c6fa8d7d6d9550c1f6a546d	not a metric of this report
tr03-official-1/1246-cell-b-0382-cycle-stop/trace.jsonl.gz	638836	97590962dbe20b85416d397d7836a48eb0d52885b6691f0a6091c2c215d99e8b	too large (trace)
tr03-official-1/1247-cell-b-0382-curtain/reference-10ms-differences.json.gz	23	f1101f8233b16d980af348db666cbdb1b9772fa79c6fa8d7d6d9550c1f6a546d	not a metric of this report
tr03-official-1/1247-cell-b-0382-curtain/trace.jsonl.gz	428580	a697d4aac5033b7acb7279eefa8247eacc42a1df73655af602e1cc5b8b68758f	too large (trace)
tr03-official-1/1248-cell-b-0382-recovery/reference-10ms-differences.json.gz	46705	994dd488b9d76ef2d48ac8356082e657c6240c84dd19e10e53dbc61c4920045c	not a metric of this report
tr03-official-1/1248-cell-b-0382-recovery/trace.jsonl.gz	1728297	0b03f122e919e4be3fd91232305d319e8d89f9b4a6bd102ed4fa656b0052e91b	too large (trace)
tr03-official-1/1249-cell-b-0382-recovery-retract/reference-10ms-differences.json.gz	46216	c3e98312b1d2f361336b2007615815299ceb93365912acc6ea3357cf2c3b6b7a	not a metric of this report
tr03-official-1/1249-cell-b-0382-recovery-retract/trace.jsonl.gz	1741114	dde11f693c379e9167bc7f7e42534b32f9109e29d60970a7e11688b0975c3f5e	too large (trace)
tr03-official-1/1250-cell-b-0382-batch/reference-10ms-differences.json.gz	23	f1101f8233b16d980af348db666cbdb1b9772fa79c6fa8d7d6d9550c1f6a546d	not a metric of this report
tr03-official-1/1250-cell-b-0382-batch/trace.jsonl.gz	1754192	01257434213360b1ab13a4eabbc6e8803c5adf8b0fbf211bd8e1ce40879c3241	too large (trace)
tr03-official-1/1251-cell-b-0382-stroke75/constants.json	5779	23eb4ee6404d9bbca1675106843e233adf2dd72c0e37f275d0c9bb31194fcadb	plant-model file (private)
tr03-official-1/1251-cell-b-0382-stroke75/reference-10ms-differences.json.gz	23	f1101f8233b16d980af348db666cbdb1b9772fa79c6fa8d7d6d9550c1f6a546d	not a metric of this report
tr03-official-1/1251-cell-b-0382-stroke75/trace.jsonl.gz	1139535	122ca3ec39f70998c615de63bccbb4862845c658b9e15894b629cf910de4558e	too large (trace)
tr03-official-1/1252-cell-b-0382-flow060/constants.json	5759	749da6a9a3b578914850d85f44d3468ebdd2fefffb551566451d2e1a2d182a14	plant-model file (private)
tr03-official-1/1252-cell-b-0382-flow060/flow.plccell.json	33668	de3b752c6569074a823f5ee6945a6aea173d27e736d7f9764b3705dc16fcefb6	plant-model file (private)
tr03-official-1/1252-cell-b-0382-flow060/reference-10ms-differences.json.gz	23	f1101f8233b16d980af348db666cbdb1b9772fa79c6fa8d7d6d9550c1f6a546d	not a metric of this report
tr03-official-1/1252-cell-b-0382-flow060/trace.jsonl.gz	477825	31faf640ad0a6f7145fa51b4fe58fc953f31196beddd39c59e3a0976e7e06324	too large (trace)
tr03-official-1/1253-cell-b-0382-flow045/constants.json	5760	b60b895ae8a70ba009e8fef0331b36e4f055cc6e7e075ae19d01b37f763c0360	plant-model file (private)
tr03-official-1/1253-cell-b-0382-flow045/flow.plccell.json	33668	de3b752c6569074a823f5ee6945a6aea173d27e736d7f9764b3705dc16fcefb6	plant-model file (private)
tr03-official-1/1253-cell-b-0382-flow045/reference-10ms-differences.json.gz	23	f1101f8233b16d980af348db666cbdb1b9772fa79c6fa8d7d6d9550c1f6a546d	not a metric of this report
tr03-official-1/1253-cell-b-0382-flow045/trace.jsonl.gz	459887	25a0c2f12a9e6a837dc39cf4d1ad473da083d2e01fac409a088277dd05fda9b2	too large (trace)
tr03-official-1/1254-cell-b-0383-normal-s1/reference-10ms-differences.json.gz	23	f1101f8233b16d980af348db666cbdb1b9772fa79c6fa8d7d6d9550c1f6a546d	not a metric of this report
tr03-official-1/1254-cell-b-0383-normal-s1/trace.jsonl.gz	2919593	f9f12dbfec595acbbb442ab7ba5b7d215d6837222999ff35f033ebf95d6f34d2	too large (trace)
tr03-official-1/1255-cell-b-0383-normal-s2/reference-10ms-differences.json.gz	23	f1101f8233b16d980af348db666cbdb1b9772fa79c6fa8d7d6d9550c1f6a546d	not a metric of this report
tr03-official-1/1255-cell-b-0383-normal-s2/trace.jsonl.gz	2693859	4d05855f3c11bd70bed89fde65d83c1146eb5a84b9a7c9b80766096791df2565	too large (trace)
tr03-official-1/1256-cell-b-0383-normal-s3/reference-10ms-differences.json.gz	23	f1101f8233b16d980af348db666cbdb1b9772fa79c6fa8d7d6d9550c1f6a546d	not a metric of this report
tr03-official-1/1256-cell-b-0383-normal-s3/trace.jsonl.gz	2676976	aee7e564ed17d6004e30015ea4373c45700d7202cac5895ab3c24ba4147f2c31	too large (trace)
tr03-official-1/1257-cell-b-0383-cycle-stop/reference-10ms-differences.json.gz	23	f1101f8233b16d980af348db666cbdb1b9772fa79c6fa8d7d6d9550c1f6a546d	not a metric of this report
tr03-official-1/1257-cell-b-0383-cycle-stop/trace.jsonl.gz	637907	556e2af5bfcecd08ada48fe527f4999503087ae8dcfeda5001b182895c328d83	too large (trace)
tr03-official-1/1258-cell-b-0383-curtain/reference-10ms-differences.json.gz	23	f1101f8233b16d980af348db666cbdb1b9772fa79c6fa8d7d6d9550c1f6a546d	not a metric of this report
tr03-official-1/1258-cell-b-0383-curtain/trace.jsonl.gz	432499	9da5e47d60086274cc31eaa6a228e238b6febd4de2875ded47bbbbfcaee76b2a	too large (trace)
tr03-official-1/1259-cell-b-0383-recovery/reference-10ms-differences.json.gz	23	f1101f8233b16d980af348db666cbdb1b9772fa79c6fa8d7d6d9550c1f6a546d	not a metric of this report
tr03-official-1/1259-cell-b-0383-recovery/trace.jsonl.gz	1726642	e9befce048aa72c7ed4a64eb3bafcef6013a75bc69e7e250b6e15b88d7b029f6	too large (trace)
tr03-official-1/1260-cell-b-0383-recovery-retract/reference-10ms-differences.json.gz	23	f1101f8233b16d980af348db666cbdb1b9772fa79c6fa8d7d6d9550c1f6a546d	not a metric of this report
tr03-official-1/1260-cell-b-0383-recovery-retract/trace.jsonl.gz	1754988	277154b7b67d60bfbb062ae839a53c3362701dca5e8c98c6cd657336c657d30b	too large (trace)
tr03-official-1/1261-cell-b-0383-batch/reference-10ms-differences.json.gz	23	f1101f8233b16d980af348db666cbdb1b9772fa79c6fa8d7d6d9550c1f6a546d	not a metric of this report
tr03-official-1/1261-cell-b-0383-batch/trace.jsonl.gz	1759837	1b49117007fa63337952cd37092aaec72dc6e3e1ddc54cb7cc1531eda0f1061d	too large (trace)
tr03-official-1/1262-cell-b-0383-stroke75/constants.json	5779	23eb4ee6404d9bbca1675106843e233adf2dd72c0e37f275d0c9bb31194fcadb	plant-model file (private)
tr03-official-1/1262-cell-b-0383-stroke75/reference-10ms-differences.json.gz	23	f1101f8233b16d980af348db666cbdb1b9772fa79c6fa8d7d6d9550c1f6a546d	not a metric of this report
tr03-official-1/1262-cell-b-0383-stroke75/trace.jsonl.gz	1137739	e3f73931910ad8358be494e34e34509b497875436c238d3a76ad6c4132c614d9	too large (trace)
tr03-official-1/1263-cell-b-0383-flow060/constants.json	5759	749da6a9a3b578914850d85f44d3468ebdd2fefffb551566451d2e1a2d182a14	plant-model file (private)
tr03-official-1/1263-cell-b-0383-flow060/flow.plccell.json	33668	de3b752c6569074a823f5ee6945a6aea173d27e736d7f9764b3705dc16fcefb6	plant-model file (private)
tr03-official-1/1263-cell-b-0383-flow060/reference-10ms-differences.json.gz	23	f1101f8233b16d980af348db666cbdb1b9772fa79c6fa8d7d6d9550c1f6a546d	not a metric of this report
tr03-official-1/1263-cell-b-0383-flow060/trace.jsonl.gz	485847	96ae9780296a1099a6506b67c7b7157bc907595041c23a70a83fcfa1b605af1b	too large (trace)
tr03-official-1/1264-cell-b-0383-flow045/constants.json	5760	b60b895ae8a70ba009e8fef0331b36e4f055cc6e7e075ae19d01b37f763c0360	plant-model file (private)
tr03-official-1/1264-cell-b-0383-flow045/flow.plccell.json	33668	de3b752c6569074a823f5ee6945a6aea173d27e736d7f9764b3705dc16fcefb6	plant-model file (private)
tr03-official-1/1264-cell-b-0383-flow045/reference-10ms-differences.json.gz	23	f1101f8233b16d980af348db666cbdb1b9772fa79c6fa8d7d6d9550c1f6a546d	not a metric of this report
tr03-official-1/1264-cell-b-0383-flow045/trace.jsonl.gz	463676	f249e65902598d5581d38c90715e7a911bd56d0edb12f0177e62a9dd112725a6	too large (trace)
tr03-official-1/1265-cell-b-0384-normal-s1/reference-10ms-differences.json.gz	23	f1101f8233b16d980af348db666cbdb1b9772fa79c6fa8d7d6d9550c1f6a546d	not a metric of this report
tr03-official-1/1265-cell-b-0384-normal-s1/trace.jsonl.gz	2925935	3738333dcbfe4f082f3187bf0731cfe2b04c4dbdfea6cdfc788aff9f2d5e0323	too large (trace)
tr03-official-1/1266-cell-b-0384-normal-s2/reference-10ms-differences.json.gz	23	f1101f8233b16d980af348db666cbdb1b9772fa79c6fa8d7d6d9550c1f6a546d	not a metric of this report
tr03-official-1/1266-cell-b-0384-normal-s2/trace.jsonl.gz	2693098	71f3514ca1e0a38b4e0fda3a9deae4ac91ed0621dc699a41dc90f5c620fac0a6	too large (trace)
tr03-official-1/1267-cell-b-0384-normal-s3/reference-10ms-differences.json.gz	23	f1101f8233b16d980af348db666cbdb1b9772fa79c6fa8d7d6d9550c1f6a546d	not a metric of this report
tr03-official-1/1267-cell-b-0384-normal-s3/trace.jsonl.gz	2675784	4e015efb20ba24cb98d02a60aff16e55f66eebcdfe2d2c791a5f26b7a7a1681a	too large (trace)
tr03-official-1/1268-cell-b-0384-cycle-stop/reference-10ms-differences.json.gz	23	f1101f8233b16d980af348db666cbdb1b9772fa79c6fa8d7d6d9550c1f6a546d	not a metric of this report
tr03-official-1/1268-cell-b-0384-cycle-stop/trace.jsonl.gz	641279	79025de540e67087a90897bb5fad2d16f7c90708b4d08ae9d7b684df4ff70352	too large (trace)
tr03-official-1/1269-cell-b-0384-curtain/reference-10ms-differences.json.gz	23	f1101f8233b16d980af348db666cbdb1b9772fa79c6fa8d7d6d9550c1f6a546d	not a metric of this report
tr03-official-1/1269-cell-b-0384-curtain/trace.jsonl.gz	433745	919bd9dfdcfb0c23cb2dc940f09b79b74a954d1193c7c9f6a990b1a39c58ae3f	too large (trace)
tr03-official-1/1270-cell-b-0384-recovery/reference-10ms-differences.json.gz	2386	7fa03856c4987549957cf64972634a57ee58aac46cb5489e6d83266c2e5ae9f9	not a metric of this report
tr03-official-1/1270-cell-b-0384-recovery/trace.jsonl.gz	1724070	1ff486b45624797908b2e980d0194c5e7c1e216200f66964b750b7c919232cad	too large (trace)
tr03-official-1/1271-cell-b-0384-recovery-retract/reference-10ms-differences.json.gz	2386	7fa03856c4987549957cf64972634a57ee58aac46cb5489e6d83266c2e5ae9f9	not a metric of this report
tr03-official-1/1271-cell-b-0384-recovery-retract/trace.jsonl.gz	1740822	825e0c49871d6dea73d9e1816ff3f0017408b21aaa87881bfd06b91912c17fe0	too large (trace)
tr03-official-1/1272-cell-b-0384-batch/reference-10ms-differences.json.gz	23	f1101f8233b16d980af348db666cbdb1b9772fa79c6fa8d7d6d9550c1f6a546d	not a metric of this report
tr03-official-1/1272-cell-b-0384-batch/trace.jsonl.gz	1761410	029a7f967fa2c05c4aa8e3270672b3bb9aece084b2889bad0e48aa48d6afa443	too large (trace)
tr03-official-1/1273-cell-b-0384-stroke75/constants.json	5779	23eb4ee6404d9bbca1675106843e233adf2dd72c0e37f275d0c9bb31194fcadb	plant-model file (private)
tr03-official-1/1273-cell-b-0384-stroke75/reference-10ms-differences.json.gz	39121	7319a3726652994f51c5d7e3efe1692268ea50fdd52dc21f52e38a9fb2d5e6b6	not a metric of this report
tr03-official-1/1273-cell-b-0384-stroke75/trace.jsonl.gz	1139431	1206344aa3e51c1f8e14a3bcfc0392da96ea927bf26920cd87883552bc18acd6	too large (trace)
tr03-official-1/1274-cell-b-0384-flow060/constants.json	5759	749da6a9a3b578914850d85f44d3468ebdd2fefffb551566451d2e1a2d182a14	plant-model file (private)
tr03-official-1/1274-cell-b-0384-flow060/flow.plccell.json	33668	de3b752c6569074a823f5ee6945a6aea173d27e736d7f9764b3705dc16fcefb6	plant-model file (private)
tr03-official-1/1274-cell-b-0384-flow060/reference-10ms-differences.json.gz	5420	8f3f61e592a48b552deb1017a65884043fe8f8a84add506eaba5e9af0cdc8b47	not a metric of this report
tr03-official-1/1274-cell-b-0384-flow060/trace.jsonl.gz	482879	e42a47a1a796c53117c39cf702ead1d738a0eb9404c7e79b26c90781d6bb9cbb	too large (trace)
tr03-official-1/1275-cell-b-0384-flow045/constants.json	5760	b60b895ae8a70ba009e8fef0331b36e4f055cc6e7e075ae19d01b37f763c0360	plant-model file (private)
tr03-official-1/1275-cell-b-0384-flow045/flow.plccell.json	33668	de3b752c6569074a823f5ee6945a6aea173d27e736d7f9764b3705dc16fcefb6	plant-model file (private)
tr03-official-1/1275-cell-b-0384-flow045/reference-10ms-differences.json.gz	5455	8be6c42272df6c3835f7ea76915c798cc7ac1f5a386321a7cead3e3cdb489e0b	not a metric of this report
tr03-official-1/1275-cell-b-0384-flow045/trace.jsonl.gz	464663	5ba59a458ffba0a5d09f26e075da796a2e82452832d24e9128de9766dcf758f4	too large (trace)
tr03-official-1/1276-cell-b-0385-normal-s1/reference-10ms-differences.json.gz	23	f1101f8233b16d980af348db666cbdb1b9772fa79c6fa8d7d6d9550c1f6a546d	not a metric of this report
tr03-official-1/1276-cell-b-0385-normal-s1/trace.jsonl.gz	2912467	6f86b66a3c3aaee3645432abf32cee45c705221891f7d7757b8cf822cee5f540	too large (trace)
tr03-official-1/1277-cell-b-0385-normal-s2/reference-10ms-differences.json.gz	23	f1101f8233b16d980af348db666cbdb1b9772fa79c6fa8d7d6d9550c1f6a546d	not a metric of this report
tr03-official-1/1277-cell-b-0385-normal-s2/trace.jsonl.gz	2687494	5de8daea13c2e3f2057e5cb059f07aa5841379d41fa97299321fd99c8fd8164c	too large (trace)
tr03-official-1/1278-cell-b-0385-normal-s3/reference-10ms-differences.json.gz	23	f1101f8233b16d980af348db666cbdb1b9772fa79c6fa8d7d6d9550c1f6a546d	not a metric of this report
tr03-official-1/1278-cell-b-0385-normal-s3/trace.jsonl.gz	2648461	6a3e8dd31f13812d6bad6c7efd4d24ff51b5877e0e409b6cbc8ad02f70a1b2d2	too large (trace)
tr03-official-1/1279-cell-b-0385-cycle-stop/reference-10ms-differences.json.gz	23	f1101f8233b16d980af348db666cbdb1b9772fa79c6fa8d7d6d9550c1f6a546d	not a metric of this report
tr03-official-1/1279-cell-b-0385-cycle-stop/trace.jsonl.gz	634924	71dc7886ac22ff2285298647b1dc2116d6330306906214da931dbbf041b453ce	too large (trace)
tr03-official-1/1280-cell-b-0385-curtain/reference-10ms-differences.json.gz	23	f1101f8233b16d980af348db666cbdb1b9772fa79c6fa8d7d6d9550c1f6a546d	not a metric of this report
tr03-official-1/1280-cell-b-0385-curtain/trace.jsonl.gz	421691	d95b8cb398e5a45a615900c14188a2c59679f60db04353a38d8d87fbcb00d804	too large (trace)
tr03-official-1/1281-cell-b-0385-recovery/reference-10ms-differences.json.gz	23	f1101f8233b16d980af348db666cbdb1b9772fa79c6fa8d7d6d9550c1f6a546d	not a metric of this report
tr03-official-1/1281-cell-b-0385-recovery/trace.jsonl.gz	1714626	639e813ceaba4da290b3629969e4843e2f756464a8591d1f07b0b94b565ba76c	too large (trace)
tr03-official-1/1282-cell-b-0385-recovery-retract/reference-10ms-differences.json.gz	23	f1101f8233b16d980af348db666cbdb1b9772fa79c6fa8d7d6d9550c1f6a546d	not a metric of this report
tr03-official-1/1282-cell-b-0385-recovery-retract/trace.jsonl.gz	1734850	082c0a6ba580b3fd67333a423451af30c8481ce1488071b1f45dce21d8c615e1	too large (trace)
tr03-official-1/1283-cell-b-0385-batch/reference-10ms-differences.json.gz	23	f1101f8233b16d980af348db666cbdb1b9772fa79c6fa8d7d6d9550c1f6a546d	not a metric of this report
tr03-official-1/1283-cell-b-0385-batch/trace.jsonl.gz	1751756	8a9382e8561bf399e5fd6a81e6616564431baf2793d8834dc492ac1e4ec5a0d2	too large (trace)
tr03-official-1/1284-cell-b-0385-stroke75/constants.json	5779	23eb4ee6404d9bbca1675106843e233adf2dd72c0e37f275d0c9bb31194fcadb	plant-model file (private)
tr03-official-1/1284-cell-b-0385-stroke75/reference-10ms-differences.json.gz	23	f1101f8233b16d980af348db666cbdb1b9772fa79c6fa8d7d6d9550c1f6a546d	not a metric of this report
tr03-official-1/1284-cell-b-0385-stroke75/trace.jsonl.gz	1146547	d8618ff4f415e8ee1ec3d37425f716ad81197f5550d0446bf6ff9deffd1d0338	too large (trace)
tr03-official-1/1285-cell-b-0385-flow060/constants.json	5759	749da6a9a3b578914850d85f44d3468ebdd2fefffb551566451d2e1a2d182a14	plant-model file (private)
tr03-official-1/1285-cell-b-0385-flow060/flow.plccell.json	33668	de3b752c6569074a823f5ee6945a6aea173d27e736d7f9764b3705dc16fcefb6	plant-model file (private)
tr03-official-1/1285-cell-b-0385-flow060/reference-10ms-differences.json.gz	23	f1101f8233b16d980af348db666cbdb1b9772fa79c6fa8d7d6d9550c1f6a546d	not a metric of this report
tr03-official-1/1285-cell-b-0385-flow060/trace.jsonl.gz	481461	adb1a37dcfe21a079773872cd6a4fda3e0eeacefc32a444b1ca00196ba1d441f	too large (trace)
tr03-official-1/1286-cell-b-0385-flow045/constants.json	5760	b60b895ae8a70ba009e8fef0331b36e4f055cc6e7e075ae19d01b37f763c0360	plant-model file (private)
tr03-official-1/1286-cell-b-0385-flow045/flow.plccell.json	33668	de3b752c6569074a823f5ee6945a6aea173d27e736d7f9764b3705dc16fcefb6	plant-model file (private)
tr03-official-1/1286-cell-b-0385-flow045/reference-10ms-differences.json.gz	23	f1101f8233b16d980af348db666cbdb1b9772fa79c6fa8d7d6d9550c1f6a546d	not a metric of this report
tr03-official-1/1286-cell-b-0385-flow045/trace.jsonl.gz	463041	e5d9895ee8bec8ae70fb56917f766ea6ba64ad9d3cbd187afb39d838bdf7f4e6	too large (trace)
tr03-official-1/1287-cell-b-0386-normal-s1/reference-10ms-differences.json.gz	23	f1101f8233b16d980af348db666cbdb1b9772fa79c6fa8d7d6d9550c1f6a546d	not a metric of this report
tr03-official-1/1287-cell-b-0386-normal-s1/trace.jsonl.gz	2915230	f3a7efba12bbec630faa35b3378a3a26d393e64e888b41d394b58a1ee803e0e8	too large (trace)
tr03-official-1/1288-cell-b-0386-normal-s2/reference-10ms-differences.json.gz	23	f1101f8233b16d980af348db666cbdb1b9772fa79c6fa8d7d6d9550c1f6a546d	not a metric of this report
tr03-official-1/1288-cell-b-0386-normal-s2/trace.jsonl.gz	2694302	c5e5f84879bae4db62ab28c556518b72217fd5383d8e444e599e58356c2e09ff	too large (trace)
tr03-official-1/1289-cell-b-0386-normal-s3/reference-10ms-differences.json.gz	23	f1101f8233b16d980af348db666cbdb1b9772fa79c6fa8d7d6d9550c1f6a546d	not a metric of this report
tr03-official-1/1289-cell-b-0386-normal-s3/trace.jsonl.gz	2690095	06b161ab83e8f212cd7345e6707c021601bbefff0d59874aeb5817b11184130f	too large (trace)
tr03-official-1/1290-cell-b-0386-cycle-stop/reference-10ms-differences.json.gz	23	f1101f8233b16d980af348db666cbdb1b9772fa79c6fa8d7d6d9550c1f6a546d	not a metric of this report
tr03-official-1/1290-cell-b-0386-cycle-stop/trace.jsonl.gz	643560	98dde12962bca6b1e44019e296574a9ea7e26225aeeba132dd51decf90a34dd1	too large (trace)
tr03-official-1/1291-cell-b-0386-curtain/reference-10ms-differences.json.gz	23	f1101f8233b16d980af348db666cbdb1b9772fa79c6fa8d7d6d9550c1f6a546d	not a metric of this report
tr03-official-1/1291-cell-b-0386-curtain/trace.jsonl.gz	429381	e76c64f9e263de8085b36f6d1d973f77d2dad4ab245a45ceb71ca0487b323148	too large (trace)
tr03-official-1/1292-cell-b-0386-recovery/reference-10ms-differences.json.gz	23	f1101f8233b16d980af348db666cbdb1b9772fa79c6fa8d7d6d9550c1f6a546d	not a metric of this report
tr03-official-1/1292-cell-b-0386-recovery/trace.jsonl.gz	1732681	11edd0de328edf271ecb372541bda1a67a1db0397472b882b5c3609375e17006	too large (trace)
tr03-official-1/1293-cell-b-0386-recovery-retract/reference-10ms-differences.json.gz	23	f1101f8233b16d980af348db666cbdb1b9772fa79c6fa8d7d6d9550c1f6a546d	not a metric of this report
tr03-official-1/1293-cell-b-0386-recovery-retract/trace.jsonl.gz	1757912	1a8a74b67378306a5d032d5f75415c69727550822e33bd60e59f1c41095ce1e5	too large (trace)
tr03-official-1/1294-cell-b-0386-batch/reference-10ms-differences.json.gz	23	f1101f8233b16d980af348db666cbdb1b9772fa79c6fa8d7d6d9550c1f6a546d	not a metric of this report
tr03-official-1/1294-cell-b-0386-batch/trace.jsonl.gz	1754974	7131918a4ec90c1315ae42e30f189ff7dafc77d1ffa2f91fa8a62857f737a595	too large (trace)
tr03-official-1/1295-cell-b-0386-stroke75/constants.json	5779	23eb4ee6404d9bbca1675106843e233adf2dd72c0e37f275d0c9bb31194fcadb	plant-model file (private)
tr03-official-1/1295-cell-b-0386-stroke75/reference-10ms-differences.json.gz	23	f1101f8233b16d980af348db666cbdb1b9772fa79c6fa8d7d6d9550c1f6a546d	not a metric of this report
tr03-official-1/1295-cell-b-0386-stroke75/trace.jsonl.gz	1144379	b064e222dd77af8104ab6e5864c332132dba043d72604fd7d6a77486202fef8b	too large (trace)
tr03-official-1/1296-cell-b-0386-flow060/constants.json	5759	749da6a9a3b578914850d85f44d3468ebdd2fefffb551566451d2e1a2d182a14	plant-model file (private)
tr03-official-1/1296-cell-b-0386-flow060/flow.plccell.json	33668	de3b752c6569074a823f5ee6945a6aea173d27e736d7f9764b3705dc16fcefb6	plant-model file (private)
tr03-official-1/1296-cell-b-0386-flow060/reference-10ms-differences.json.gz	23	f1101f8233b16d980af348db666cbdb1b9772fa79c6fa8d7d6d9550c1f6a546d	not a metric of this report
tr03-official-1/1296-cell-b-0386-flow060/trace.jsonl.gz	486350	ce037d67916d7fcd2ab625bcf11780a4dfba8f9d48a5a70ca45f0cf99feaa5be	too large (trace)
tr03-official-1/1297-cell-b-0386-flow045/constants.json	5760	b60b895ae8a70ba009e8fef0331b36e4f055cc6e7e075ae19d01b37f763c0360	plant-model file (private)
tr03-official-1/1297-cell-b-0386-flow045/flow.plccell.json	33668	de3b752c6569074a823f5ee6945a6aea173d27e736d7f9764b3705dc16fcefb6	plant-model file (private)
tr03-official-1/1297-cell-b-0386-flow045/reference-10ms-differences.json.gz	23	f1101f8233b16d980af348db666cbdb1b9772fa79c6fa8d7d6d9550c1f6a546d	not a metric of this report
tr03-official-1/1297-cell-b-0386-flow045/trace.jsonl.gz	463453	f6d49e7eb96728da1a463a29df092201469114cc50194595098e193bf8052c52	too large (trace)
tr03-official-1/1298-cell-b-0387-normal-s1/reference-10ms-differences.json.gz	23	f1101f8233b16d980af348db666cbdb1b9772fa79c6fa8d7d6d9550c1f6a546d	not a metric of this report
tr03-official-1/1298-cell-b-0387-normal-s1/trace.jsonl.gz	2904431	5a07263fca16adc53437023786e4b622bb49133018f7951b54a2b441b5562101	too large (trace)
tr03-official-1/1299-cell-b-0387-normal-s2/reference-10ms-differences.json.gz	23	f1101f8233b16d980af348db666cbdb1b9772fa79c6fa8d7d6d9550c1f6a546d	not a metric of this report
tr03-official-1/1299-cell-b-0387-normal-s2/trace.jsonl.gz	2692845	124d7cc29223b493501da8793882355502409e6a493ba21e9ae73e7708285432	too large (trace)
tr03-official-1/1300-cell-b-0387-normal-s3/reference-10ms-differences.json.gz	23	f1101f8233b16d980af348db666cbdb1b9772fa79c6fa8d7d6d9550c1f6a546d	not a metric of this report
tr03-official-1/1300-cell-b-0387-normal-s3/trace.jsonl.gz	2686078	913654cfee6024e5e88ba94760d04671be8d920f51f7f192dc1816ef6a0d664a	too large (trace)
tr03-official-1/1301-cell-b-0387-cycle-stop/reference-10ms-differences.json.gz	23	f1101f8233b16d980af348db666cbdb1b9772fa79c6fa8d7d6d9550c1f6a546d	not a metric of this report
tr03-official-1/1301-cell-b-0387-cycle-stop/trace.jsonl.gz	624968	68d327cc38ed47816e59c9438e403039bcde8a58a1d7313535d96dca786f140a	too large (trace)
tr03-official-1/1302-cell-b-0387-curtain/reference-10ms-differences.json.gz	23	f1101f8233b16d980af348db666cbdb1b9772fa79c6fa8d7d6d9550c1f6a546d	not a metric of this report
tr03-official-1/1302-cell-b-0387-curtain/trace.jsonl.gz	417002	8efe9b63df363557ad33c5cbd773bf0ff65a472083779d31b497d9dcddbb046d	too large (trace)
tr03-official-1/1303-cell-b-0387-recovery/reference-10ms-differences.json.gz	783	4c7415dadbdbca0962d6b8881b1b3a9c90a14207d4e3e302a6bb32df8301a877	not a metric of this report
tr03-official-1/1303-cell-b-0387-recovery/trace.jsonl.gz	1716862	48121e2398944efefbd9d6a572b267e3e93b04073a98c5e03a2fc40b18c763bb	too large (trace)
tr03-official-1/1304-cell-b-0387-recovery-retract/reference-10ms-differences.json.gz	780	ba8538bbeae9f8857084e605c5184918ff53738a6a56ad96016b33b4ef015809	not a metric of this report
tr03-official-1/1304-cell-b-0387-recovery-retract/trace.jsonl.gz	1724842	e39b58e3b96e8a7abc4483fe994c160ee691d66200b963ef9880d4d69592e306	too large (trace)
tr03-official-1/1305-cell-b-0387-batch/reference-10ms-differences.json.gz	23	f1101f8233b16d980af348db666cbdb1b9772fa79c6fa8d7d6d9550c1f6a546d	not a metric of this report
tr03-official-1/1305-cell-b-0387-batch/trace.jsonl.gz	1742249	51af1658f2430cb0dab412acfb11d61d094d32ef6b519361a26650214670f1cb	too large (trace)
tr03-official-1/1306-cell-b-0387-stroke75/constants.json	5779	23eb4ee6404d9bbca1675106843e233adf2dd72c0e37f275d0c9bb31194fcadb	plant-model file (private)
tr03-official-1/1306-cell-b-0387-stroke75/reference-10ms-differences.json.gz	23	f1101f8233b16d980af348db666cbdb1b9772fa79c6fa8d7d6d9550c1f6a546d	not a metric of this report
tr03-official-1/1306-cell-b-0387-stroke75/trace.jsonl.gz	1138385	859f8fc758ed8591f44c4f2d0b0ab003c16e5441220dd32a88d259f58e2c9103	too large (trace)
tr03-official-1/1307-cell-b-0387-flow060/constants.json	5759	749da6a9a3b578914850d85f44d3468ebdd2fefffb551566451d2e1a2d182a14	plant-model file (private)
tr03-official-1/1307-cell-b-0387-flow060/flow.plccell.json	33668	de3b752c6569074a823f5ee6945a6aea173d27e736d7f9764b3705dc16fcefb6	plant-model file (private)
tr03-official-1/1307-cell-b-0387-flow060/reference-10ms-differences.json.gz	23	f1101f8233b16d980af348db666cbdb1b9772fa79c6fa8d7d6d9550c1f6a546d	not a metric of this report
tr03-official-1/1307-cell-b-0387-flow060/trace.jsonl.gz	477399	0c3e60c0cf104821a9ed7f5884559575d8edbc873d39a7322b29597f83f3a1f5	too large (trace)
tr03-official-1/1308-cell-b-0387-flow045/constants.json	5760	b60b895ae8a70ba009e8fef0331b36e4f055cc6e7e075ae19d01b37f763c0360	plant-model file (private)
tr03-official-1/1308-cell-b-0387-flow045/flow.plccell.json	33668	de3b752c6569074a823f5ee6945a6aea173d27e736d7f9764b3705dc16fcefb6	plant-model file (private)
tr03-official-1/1308-cell-b-0387-flow045/reference-10ms-differences.json.gz	23	f1101f8233b16d980af348db666cbdb1b9772fa79c6fa8d7d6d9550c1f6a546d	not a metric of this report
tr03-official-1/1308-cell-b-0387-flow045/trace.jsonl.gz	455320	9a9c24f1e04b115084756d993dc9d9ea02fb074a8f60d848fffc55f7a40e6819	too large (trace)
tr03-official-1/1309-cell-b-0389-normal-s1/reference-10ms-differences.json.gz	16783	2a5527ed4b992c9de2bdcbd55017a7de0228032c69bb4dfcd8e495258e9c4037	not a metric of this report
tr03-official-1/1309-cell-b-0389-normal-s1/trace.jsonl.gz	2931176	26d4683c9c5d29defa9d1a6be7bad15c0ff8ae1a5de61a97eabeeb9a56b69638	too large (trace)
tr03-official-1/1310-cell-b-0389-normal-s2/reference-10ms-differences.json.gz	17004	574398a7317cb8ce6879172e2fb0a1894794cc47cb24efa7326f5bbc9f6c56ad	not a metric of this report
tr03-official-1/1310-cell-b-0389-normal-s2/trace.jsonl.gz	2696279	f3e88544e98ca3698f1119558718768d3ced7a9f4cd6137e3bb216a4de98e9b3	too large (trace)
tr03-official-1/1311-cell-b-0389-normal-s3/reference-10ms-differences.json.gz	16748	972275955af8adb5c4594799e06aab3f9ae68c7ee04a7eec6c32fadf364de1be	not a metric of this report
tr03-official-1/1311-cell-b-0389-normal-s3/trace.jsonl.gz	2675490	34f7e00dd0311289e61b70aa3af5318a5ddddc59d6f6bac76f91bdf881cf92dd	too large (trace)
tr03-official-1/1312-cell-b-0389-cycle-stop/reference-10ms-differences.json.gz	5979	a5ca14a2744e4d1c44ccdda3e3950e870a797606362360eaea186256c86a5f5f	not a metric of this report
tr03-official-1/1312-cell-b-0389-cycle-stop/trace.jsonl.gz	648303	a480c1cabe7968c63a4c7a47a52664cec69a38e135fccea81a45fc117313078d	too large (trace)
tr03-official-1/1313-cell-b-0389-curtain/reference-10ms-differences.json.gz	8010	fa28abaae4b33e8e16d8bf9f3926718fe8e5a288e17fff6a38795adebdb27601	not a metric of this report
tr03-official-1/1313-cell-b-0389-curtain/trace.jsonl.gz	436661	4c50f2d82abb4134d19221fa45839c8ff5f029d0f0651cd2ca96a9ccc79b5e02	too large (trace)
tr03-official-1/1314-cell-b-0389-recovery/reference-10ms-differences.json.gz	41540	0ab535bc9af3127e6e45af6cf33b3b6950d322e5e269d65a6a1eafda2ac85ffd	not a metric of this report
tr03-official-1/1314-cell-b-0389-recovery/trace.jsonl.gz	1413447	38ef473fa1108c856c93dd0fec0faf8260fadac1a6f78ca1768d014c84a710f8	too large (trace)
tr03-official-1/1315-cell-b-0389-recovery-retract/reference-10ms-differences.json.gz	41051	ddff311f063ccee6adc1c31cfff104215ca8d5d3d8d493eb87ad77b7116af707	not a metric of this report
tr03-official-1/1315-cell-b-0389-recovery-retract/trace.jsonl.gz	1431771	b05708870bf46db84d09ff652b721f974194577b546e857ac153d449ad0971ed	too large (trace)
tr03-official-1/1316-cell-b-0389-batch/reference-10ms-differences.json.gz	16783	2a5527ed4b992c9de2bdcbd55017a7de0228032c69bb4dfcd8e495258e9c4037	not a metric of this report
tr03-official-1/1316-cell-b-0389-batch/trace.jsonl.gz	1759833	f8b3cf113c5f2d3e1abc6e4f95bc5083bf2acfb10fcbb17eeda3e7a6f7c68e8e	too large (trace)
tr03-official-1/1317-cell-b-0389-stroke75/constants.json	5779	23eb4ee6404d9bbca1675106843e233adf2dd72c0e37f275d0c9bb31194fcadb	plant-model file (private)
tr03-official-1/1317-cell-b-0389-stroke75/reference-10ms-differences.json.gz	40971	53c104d2f1abb86d42dc2f174b5891290dda526cb5d0202f8580c348756e193f	not a metric of this report
tr03-official-1/1317-cell-b-0389-stroke75/trace.jsonl.gz	1132559	8183c0f30ada2e02678c910223f39cdb50973e7c39daa762e8d0df851ad35aa9	too large (trace)
tr03-official-1/1318-cell-b-0389-flow060/constants.json	5759	749da6a9a3b578914850d85f44d3468ebdd2fefffb551566451d2e1a2d182a14	plant-model file (private)
tr03-official-1/1318-cell-b-0389-flow060/flow.plccell.json	33668	de3b752c6569074a823f5ee6945a6aea173d27e736d7f9764b3705dc16fcefb6	plant-model file (private)
tr03-official-1/1318-cell-b-0389-flow060/reference-10ms-differences.json.gz	8756	c1ace00f071836c0f50d047e3606acaf5ade1c7ce4f1963b91ae38e3113fce7b	not a metric of this report
tr03-official-1/1318-cell-b-0389-flow060/trace.jsonl.gz	480744	068b3c811d09221006615fe0e8f073f319db9bc18c38e55e9b651e634a48f6e1	too large (trace)
tr03-official-1/1319-cell-b-0389-flow045/constants.json	5760	b60b895ae8a70ba009e8fef0331b36e4f055cc6e7e075ae19d01b37f763c0360	plant-model file (private)
tr03-official-1/1319-cell-b-0389-flow045/flow.plccell.json	33668	de3b752c6569074a823f5ee6945a6aea173d27e736d7f9764b3705dc16fcefb6	plant-model file (private)
tr03-official-1/1319-cell-b-0389-flow045/reference-10ms-differences.json.gz	8954	30e72db31660851950c99843e62f79504aa46bb5e67eaae83a4be6ba3469cda2	not a metric of this report
tr03-official-1/1319-cell-b-0389-flow045/trace.jsonl.gz	463718	1e823ab704833c7938089de72378e91c937805004d95039d700323c3c06fc53b	too large (trace)
tr03-official-1/1320-cell-b-0390-normal-s1/reference-10ms-differences.json.gz	23	f1101f8233b16d980af348db666cbdb1b9772fa79c6fa8d7d6d9550c1f6a546d	not a metric of this report
tr03-official-1/1320-cell-b-0390-normal-s1/trace.jsonl.gz	2908787	74f3d48b7408f8a20ce1e1e4e537b1d6bb4d334ede2f49416aa7caaeb6e68b05	too large (trace)
tr03-official-1/1321-cell-b-0390-normal-s2/reference-10ms-differences.json.gz	23	f1101f8233b16d980af348db666cbdb1b9772fa79c6fa8d7d6d9550c1f6a546d	not a metric of this report
tr03-official-1/1321-cell-b-0390-normal-s2/trace.jsonl.gz	2706569	b84c153a3de0eb09eabe726ed087bb5cc30eb880eb7fc7c180740ac11f9e1337	too large (trace)
tr03-official-1/1322-cell-b-0390-normal-s3/reference-10ms-differences.json.gz	23	f1101f8233b16d980af348db666cbdb1b9772fa79c6fa8d7d6d9550c1f6a546d	not a metric of this report
tr03-official-1/1322-cell-b-0390-normal-s3/trace.jsonl.gz	2679704	eac4c90eab13a638cff7aa021e7414f927370873c9ad24161e26a19b5141d278	too large (trace)
tr03-official-1/1323-cell-b-0390-cycle-stop/reference-10ms-differences.json.gz	23	f1101f8233b16d980af348db666cbdb1b9772fa79c6fa8d7d6d9550c1f6a546d	not a metric of this report
tr03-official-1/1323-cell-b-0390-cycle-stop/trace.jsonl.gz	632343	ecdff4bb2ed6402daf2f947d8616789acf26c4fb2f0a4bd813dacce47312ba93	too large (trace)
tr03-official-1/1324-cell-b-0390-curtain/reference-10ms-differences.json.gz	23	f1101f8233b16d980af348db666cbdb1b9772fa79c6fa8d7d6d9550c1f6a546d	not a metric of this report
tr03-official-1/1324-cell-b-0390-curtain/trace.jsonl.gz	424030	9c803968911fb0a378b2a4ce7579c5d25747c567259a13d911a2821b6948b52f	too large (trace)
tr03-official-1/1325-cell-b-0390-recovery/reference-10ms-differences.json.gz	23	f1101f8233b16d980af348db666cbdb1b9772fa79c6fa8d7d6d9550c1f6a546d	not a metric of this report
tr03-official-1/1325-cell-b-0390-recovery/trace.jsonl.gz	1722821	a258b753f2da27acaddc80aaa38e1c4b2f67ee954a03ba06dca16693779a9357	too large (trace)
tr03-official-1/1326-cell-b-0390-recovery-retract/reference-10ms-differences.json.gz	23	f1101f8233b16d980af348db666cbdb1b9772fa79c6fa8d7d6d9550c1f6a546d	not a metric of this report
tr03-official-1/1326-cell-b-0390-recovery-retract/trace.jsonl.gz	1742354	46e90c497541452fe1d065fbefc6852c2689e1afb3956b732430e4b448233138	too large (trace)
tr03-official-1/1327-cell-b-0390-batch/reference-10ms-differences.json.gz	23	f1101f8233b16d980af348db666cbdb1b9772fa79c6fa8d7d6d9550c1f6a546d	not a metric of this report
tr03-official-1/1327-cell-b-0390-batch/trace.jsonl.gz	1747422	7ecc3ba4926ea6b6d0ee7622fa2a35d40eb9522208a1a7fdb527d13ee86e1185	too large (trace)
tr03-official-1/1328-cell-b-0390-stroke75/constants.json	5779	23eb4ee6404d9bbca1675106843e233adf2dd72c0e37f275d0c9bb31194fcadb	plant-model file (private)
tr03-official-1/1328-cell-b-0390-stroke75/reference-10ms-differences.json.gz	23	f1101f8233b16d980af348db666cbdb1b9772fa79c6fa8d7d6d9550c1f6a546d	not a metric of this report
tr03-official-1/1328-cell-b-0390-stroke75/trace.jsonl.gz	1144800	6b5ff45cfa0babef6dd368310d73bc0bddf5321b51256fe6ffe947c12cec1dfe	too large (trace)
tr03-official-1/1329-cell-b-0390-flow060/constants.json	5759	749da6a9a3b578914850d85f44d3468ebdd2fefffb551566451d2e1a2d182a14	plant-model file (private)
tr03-official-1/1329-cell-b-0390-flow060/flow.plccell.json	33668	de3b752c6569074a823f5ee6945a6aea173d27e736d7f9764b3705dc16fcefb6	plant-model file (private)
tr03-official-1/1329-cell-b-0390-flow060/reference-10ms-differences.json.gz	23	f1101f8233b16d980af348db666cbdb1b9772fa79c6fa8d7d6d9550c1f6a546d	not a metric of this report
tr03-official-1/1329-cell-b-0390-flow060/trace.jsonl.gz	480514	0479a6e03f8a6fc39d32746503d5dacc2b4691ff0605fe5fbdf3587f8710adfc	too large (trace)
tr03-official-1/1330-cell-b-0390-flow045/constants.json	5760	b60b895ae8a70ba009e8fef0331b36e4f055cc6e7e075ae19d01b37f763c0360	plant-model file (private)
tr03-official-1/1330-cell-b-0390-flow045/flow.plccell.json	33668	de3b752c6569074a823f5ee6945a6aea173d27e736d7f9764b3705dc16fcefb6	plant-model file (private)
tr03-official-1/1330-cell-b-0390-flow045/reference-10ms-differences.json.gz	23	f1101f8233b16d980af348db666cbdb1b9772fa79c6fa8d7d6d9550c1f6a546d	not a metric of this report
tr03-official-1/1330-cell-b-0390-flow045/trace.jsonl.gz	461647	5eee5be187dba1440dcf7eecbcc39506b6792c2535e649c2fa156903b70319a6	too large (trace)
tr03-official-1/1331-cell-b-0391-normal-s1/reference-10ms-differences.json.gz	23	f1101f8233b16d980af348db666cbdb1b9772fa79c6fa8d7d6d9550c1f6a546d	not a metric of this report
tr03-official-1/1331-cell-b-0391-normal-s1/trace.jsonl.gz	2928660	3d8369779316ec46ba646b4291cd3f1d4ec606c3d7b62ea91314a1db163d0fd8	too large (trace)
tr03-official-1/1332-cell-b-0391-normal-s2/reference-10ms-differences.json.gz	23	f1101f8233b16d980af348db666cbdb1b9772fa79c6fa8d7d6d9550c1f6a546d	not a metric of this report
tr03-official-1/1332-cell-b-0391-normal-s2/trace.jsonl.gz	2705742	d979265439819d99b0c5fc0e802654f61473b660dc0f36d285a24518e0b072c7	too large (trace)
tr03-official-1/1333-cell-b-0391-normal-s3/reference-10ms-differences.json.gz	23	f1101f8233b16d980af348db666cbdb1b9772fa79c6fa8d7d6d9550c1f6a546d	not a metric of this report
tr03-official-1/1333-cell-b-0391-normal-s3/trace.jsonl.gz	2675756	e84088edc3a3428bcdf9958e8769ec8868ef231c8b7b3e4ab8a4729cf5ce2484	too large (trace)
tr03-official-1/1334-cell-b-0391-cycle-stop/reference-10ms-differences.json.gz	23	f1101f8233b16d980af348db666cbdb1b9772fa79c6fa8d7d6d9550c1f6a546d	not a metric of this report
tr03-official-1/1334-cell-b-0391-cycle-stop/trace.jsonl.gz	641608	b9bb519cd80f34192e6889980659961c46ff76b60cd5f3b114a42daee2eaa6aa	too large (trace)
tr03-official-1/1335-cell-b-0391-curtain/reference-10ms-differences.json.gz	23	f1101f8233b16d980af348db666cbdb1b9772fa79c6fa8d7d6d9550c1f6a546d	not a metric of this report
tr03-official-1/1335-cell-b-0391-curtain/trace.jsonl.gz	428640	b9f23d535fca1f9a377d0a067c29f101f59a8ae17cd0f7b13f9c929f5675db2f	too large (trace)
tr03-official-1/1336-cell-b-0391-recovery/reference-10ms-differences.json.gz	23	f1101f8233b16d980af348db666cbdb1b9772fa79c6fa8d7d6d9550c1f6a546d	not a metric of this report
tr03-official-1/1336-cell-b-0391-recovery/trace.jsonl.gz	1723588	7e4b1f6aad858c86464630aac594ee5b9aea5f0e33d55d3d2f047b26060d1180	too large (trace)
tr03-official-1/1337-cell-b-0391-recovery-retract/reference-10ms-differences.json.gz	23	f1101f8233b16d980af348db666cbdb1b9772fa79c6fa8d7d6d9550c1f6a546d	not a metric of this report
tr03-official-1/1337-cell-b-0391-recovery-retract/trace.jsonl.gz	1751254	abe234205cd4b7015eaa06546175cb3e84122b17ae1e2d3c12c5e0c999347fb0	too large (trace)
tr03-official-1/1338-cell-b-0391-batch/reference-10ms-differences.json.gz	23	f1101f8233b16d980af348db666cbdb1b9772fa79c6fa8d7d6d9550c1f6a546d	not a metric of this report
tr03-official-1/1338-cell-b-0391-batch/trace.jsonl.gz	1753221	08bd3dc72d796bfa31549a631efad560516b2743c5c078d363b30aa208c54293	too large (trace)
tr03-official-1/1339-cell-b-0391-stroke75/constants.json	5779	23eb4ee6404d9bbca1675106843e233adf2dd72c0e37f275d0c9bb31194fcadb	plant-model file (private)
tr03-official-1/1339-cell-b-0391-stroke75/reference-10ms-differences.json.gz	23	f1101f8233b16d980af348db666cbdb1b9772fa79c6fa8d7d6d9550c1f6a546d	not a metric of this report
tr03-official-1/1339-cell-b-0391-stroke75/trace.jsonl.gz	1145050	d9b3bbc4cbb7fcf981803c6142ae9ef118eca1fab76a12ea3a9a2fea7ecc784e	too large (trace)
tr03-official-1/1340-cell-b-0391-flow060/constants.json	5759	749da6a9a3b578914850d85f44d3468ebdd2fefffb551566451d2e1a2d182a14	plant-model file (private)
tr03-official-1/1340-cell-b-0391-flow060/flow.plccell.json	33668	de3b752c6569074a823f5ee6945a6aea173d27e736d7f9764b3705dc16fcefb6	plant-model file (private)
tr03-official-1/1340-cell-b-0391-flow060/reference-10ms-differences.json.gz	23	f1101f8233b16d980af348db666cbdb1b9772fa79c6fa8d7d6d9550c1f6a546d	not a metric of this report
tr03-official-1/1340-cell-b-0391-flow060/trace.jsonl.gz	482125	a3ffc17541fa182dc27461c524f64fb55b21f9ca6d729c12f4cdee29acf2c361	too large (trace)
tr03-official-1/1341-cell-b-0391-flow045/constants.json	5760	b60b895ae8a70ba009e8fef0331b36e4f055cc6e7e075ae19d01b37f763c0360	plant-model file (private)
tr03-official-1/1341-cell-b-0391-flow045/flow.plccell.json	33668	de3b752c6569074a823f5ee6945a6aea173d27e736d7f9764b3705dc16fcefb6	plant-model file (private)
tr03-official-1/1341-cell-b-0391-flow045/reference-10ms-differences.json.gz	23	f1101f8233b16d980af348db666cbdb1b9772fa79c6fa8d7d6d9550c1f6a546d	not a metric of this report
tr03-official-1/1341-cell-b-0391-flow045/trace.jsonl.gz	461740	cce13903c2edcbd46e996232a5b7cec5ee111b7150780725311a09bb11794440	too large (trace)
tr03-official-1/1342-cell-b-0392-normal-s1/reference-10ms-differences.json.gz	23	f1101f8233b16d980af348db666cbdb1b9772fa79c6fa8d7d6d9550c1f6a546d	not a metric of this report
tr03-official-1/1342-cell-b-0392-normal-s1/trace.jsonl.gz	2919669	9c9a3121f7566fc752524e7240d642960bf3abbfaafa13fd21672cddd5f90054	too large (trace)
tr03-official-1/1343-cell-b-0392-normal-s2/reference-10ms-differences.json.gz	23	f1101f8233b16d980af348db666cbdb1b9772fa79c6fa8d7d6d9550c1f6a546d	not a metric of this report
tr03-official-1/1343-cell-b-0392-normal-s2/trace.jsonl.gz	2696252	ca3bf676000b34f1aa562c02dac8016c0a859444b1a9a15180de4952a3713811	too large (trace)
tr03-official-1/1344-cell-b-0392-normal-s3/reference-10ms-differences.json.gz	23	f1101f8233b16d980af348db666cbdb1b9772fa79c6fa8d7d6d9550c1f6a546d	not a metric of this report
tr03-official-1/1344-cell-b-0392-normal-s3/trace.jsonl.gz	2668601	2d5944e40f6c6ce8e8e7c93520f865b3439735f085cb22263127c02d40dfa066	too large (trace)
tr03-official-1/1345-cell-b-0392-cycle-stop/reference-10ms-differences.json.gz	23	f1101f8233b16d980af348db666cbdb1b9772fa79c6fa8d7d6d9550c1f6a546d	not a metric of this report
tr03-official-1/1345-cell-b-0392-cycle-stop/trace.jsonl.gz	636802	4aabb3703f7de0ae9fb5c4eb7c550b56b3175ec0afbfad732aa9a8eeb6522770	too large (trace)
tr03-official-1/1346-cell-b-0392-curtain/reference-10ms-differences.json.gz	23	f1101f8233b16d980af348db666cbdb1b9772fa79c6fa8d7d6d9550c1f6a546d	not a metric of this report
tr03-official-1/1346-cell-b-0392-curtain/trace.jsonl.gz	431877	f2892bc67f8a50f16c5c6f8c426f98d9b04b4055154e8c11193444f66abcf6d0	too large (trace)
tr03-official-1/1347-cell-b-0392-recovery/reference-10ms-differences.json.gz	23	f1101f8233b16d980af348db666cbdb1b9772fa79c6fa8d7d6d9550c1f6a546d	not a metric of this report
tr03-official-1/1347-cell-b-0392-recovery/trace.jsonl.gz	1731950	beae77d0df62e90de05a479e98c0430b9af64ce208efd2115e79c631aba506e6	too large (trace)
tr03-official-1/1348-cell-b-0392-recovery-retract/reference-10ms-differences.json.gz	23	f1101f8233b16d980af348db666cbdb1b9772fa79c6fa8d7d6d9550c1f6a546d	not a metric of this report
tr03-official-1/1348-cell-b-0392-recovery-retract/trace.jsonl.gz	1751489	e88a129cb1f074d40818a7e627e83049bb61a9c006750311702ec2fb11513d9c	too large (trace)
tr03-official-1/1349-cell-b-0392-batch/reference-10ms-differences.json.gz	23	f1101f8233b16d980af348db666cbdb1b9772fa79c6fa8d7d6d9550c1f6a546d	not a metric of this report
tr03-official-1/1349-cell-b-0392-batch/trace.jsonl.gz	1762248	6096999d3c8e212b5722a80a18a53b38ef605e1517dfb5009fdc4e3ae45fae52	too large (trace)
tr03-official-1/1350-cell-b-0392-stroke75/constants.json	5779	23eb4ee6404d9bbca1675106843e233adf2dd72c0e37f275d0c9bb31194fcadb	plant-model file (private)
tr03-official-1/1350-cell-b-0392-stroke75/reference-10ms-differences.json.gz	23	f1101f8233b16d980af348db666cbdb1b9772fa79c6fa8d7d6d9550c1f6a546d	not a metric of this report
tr03-official-1/1350-cell-b-0392-stroke75/trace.jsonl.gz	1145021	8fc8f8b3ef92a0e5c7fc2beb26ef23b37d31a3abcde53423665f9dfc63215425	too large (trace)
tr03-official-1/1351-cell-b-0392-flow060/constants.json	5759	749da6a9a3b578914850d85f44d3468ebdd2fefffb551566451d2e1a2d182a14	plant-model file (private)
tr03-official-1/1351-cell-b-0392-flow060/flow.plccell.json	33668	de3b752c6569074a823f5ee6945a6aea173d27e736d7f9764b3705dc16fcefb6	plant-model file (private)
tr03-official-1/1351-cell-b-0392-flow060/reference-10ms-differences.json.gz	23	f1101f8233b16d980af348db666cbdb1b9772fa79c6fa8d7d6d9550c1f6a546d	not a metric of this report
tr03-official-1/1351-cell-b-0392-flow060/trace.jsonl.gz	479283	5b9a298aaee9df5d26aa743fc7e7414ae36f132b79582919537477dba3cb10d7	too large (trace)
tr03-official-1/1352-cell-b-0392-flow045/constants.json	5760	b60b895ae8a70ba009e8fef0331b36e4f055cc6e7e075ae19d01b37f763c0360	plant-model file (private)
tr03-official-1/1352-cell-b-0392-flow045/flow.plccell.json	33668	de3b752c6569074a823f5ee6945a6aea173d27e736d7f9764b3705dc16fcefb6	plant-model file (private)
tr03-official-1/1352-cell-b-0392-flow045/reference-10ms-differences.json.gz	23	f1101f8233b16d980af348db666cbdb1b9772fa79c6fa8d7d6d9550c1f6a546d	not a metric of this report
tr03-official-1/1352-cell-b-0392-flow045/trace.jsonl.gz	457516	c5ea6c7b0500d7c4b2f256809b141b121ae3db66c8d243e24f3a80ce9ded9535	too large (trace)
tr03-official-1/1353-cell-b-0393-normal-s1/reference-10ms-differences.json.gz	23	f1101f8233b16d980af348db666cbdb1b9772fa79c6fa8d7d6d9550c1f6a546d	not a metric of this report
tr03-official-1/1353-cell-b-0393-normal-s1/trace.jsonl.gz	2919211	7df1ccbc4a2de1cab03ed3ec94c31a1dde103938ed2853ffdfe6d342e70bf464	too large (trace)
tr03-official-1/1354-cell-b-0393-normal-s2/reference-10ms-differences.json.gz	23	f1101f8233b16d980af348db666cbdb1b9772fa79c6fa8d7d6d9550c1f6a546d	not a metric of this report
tr03-official-1/1354-cell-b-0393-normal-s2/trace.jsonl.gz	2695823	df81bb299a151678bbc62a67513f62e4703089b8fea7735377229aff226156b6	too large (trace)
tr03-official-1/1355-cell-b-0393-normal-s3/reference-10ms-differences.json.gz	23	f1101f8233b16d980af348db666cbdb1b9772fa79c6fa8d7d6d9550c1f6a546d	not a metric of this report
tr03-official-1/1355-cell-b-0393-normal-s3/trace.jsonl.gz	2676858	70b28b0ca8ff5b0da619d19043839cd1b3c2b6f453b91f1be35061aded723423	too large (trace)
tr03-official-1/1356-cell-b-0393-cycle-stop/reference-10ms-differences.json.gz	23	f1101f8233b16d980af348db666cbdb1b9772fa79c6fa8d7d6d9550c1f6a546d	not a metric of this report
tr03-official-1/1356-cell-b-0393-cycle-stop/trace.jsonl.gz	630435	cc19bd4f5007e464569c2b4fb73c90b4dd093edb9a8fb62db2a95a5ffc1e48c0	too large (trace)
tr03-official-1/1357-cell-b-0393-curtain/reference-10ms-differences.json.gz	23	f1101f8233b16d980af348db666cbdb1b9772fa79c6fa8d7d6d9550c1f6a546d	not a metric of this report
tr03-official-1/1357-cell-b-0393-curtain/trace.jsonl.gz	418651	c731000b87bbe4e5e9b01e05c4d43a9a58c9214e7326df5ba46fc7fc484ac15b	too large (trace)
tr03-official-1/1358-cell-b-0393-recovery/reference-10ms-differences.json.gz	23	f1101f8233b16d980af348db666cbdb1b9772fa79c6fa8d7d6d9550c1f6a546d	not a metric of this report
tr03-official-1/1358-cell-b-0393-recovery/trace.jsonl.gz	1725593	75519aad846974f9ac31825c86b6259beda1b9bf141d6eef21baaf47fad2df4f	too large (trace)
tr03-official-1/1359-cell-b-0393-recovery-retract/reference-10ms-differences.json.gz	23	f1101f8233b16d980af348db666cbdb1b9772fa79c6fa8d7d6d9550c1f6a546d	not a metric of this report
tr03-official-1/1359-cell-b-0393-recovery-retract/trace.jsonl.gz	1739433	352523e4b51a47e6d02ce1b3c7ace89c5b090ae09e3a22a8e17bd7155fbed066	too large (trace)
tr03-official-1/1360-cell-b-0393-batch/reference-10ms-differences.json.gz	23	f1101f8233b16d980af348db666cbdb1b9772fa79c6fa8d7d6d9550c1f6a546d	not a metric of this report
tr03-official-1/1360-cell-b-0393-batch/trace.jsonl.gz	1752685	89ca0686e7106ad75218396bbd992b914312e4331c0b61f148d0bbabb261e562	too large (trace)
tr03-official-1/1361-cell-b-0393-stroke75/constants.json	5779	23eb4ee6404d9bbca1675106843e233adf2dd72c0e37f275d0c9bb31194fcadb	plant-model file (private)
tr03-official-1/1361-cell-b-0393-stroke75/reference-10ms-differences.json.gz	23	f1101f8233b16d980af348db666cbdb1b9772fa79c6fa8d7d6d9550c1f6a546d	not a metric of this report
tr03-official-1/1361-cell-b-0393-stroke75/trace.jsonl.gz	1148896	71ba19498cdbba04d4860a2277781764bf87badeedef30018983324fb2d70346	too large (trace)
tr03-official-1/1362-cell-b-0393-flow060/constants.json	5759	749da6a9a3b578914850d85f44d3468ebdd2fefffb551566451d2e1a2d182a14	plant-model file (private)
tr03-official-1/1362-cell-b-0393-flow060/flow.plccell.json	33668	de3b752c6569074a823f5ee6945a6aea173d27e736d7f9764b3705dc16fcefb6	plant-model file (private)
tr03-official-1/1362-cell-b-0393-flow060/reference-10ms-differences.json.gz	23	f1101f8233b16d980af348db666cbdb1b9772fa79c6fa8d7d6d9550c1f6a546d	not a metric of this report
tr03-official-1/1362-cell-b-0393-flow060/trace.jsonl.gz	481355	a8ddaf875e0b7732c6836285e64fd6e641dc783ad2d2dc339ce7fe1379dd57c9	too large (trace)
tr03-official-1/1363-cell-b-0393-flow045/constants.json	5760	b60b895ae8a70ba009e8fef0331b36e4f055cc6e7e075ae19d01b37f763c0360	plant-model file (private)
tr03-official-1/1363-cell-b-0393-flow045/flow.plccell.json	33668	de3b752c6569074a823f5ee6945a6aea173d27e736d7f9764b3705dc16fcefb6	plant-model file (private)
tr03-official-1/1363-cell-b-0393-flow045/reference-10ms-differences.json.gz	23	f1101f8233b16d980af348db666cbdb1b9772fa79c6fa8d7d6d9550c1f6a546d	not a metric of this report
tr03-official-1/1363-cell-b-0393-flow045/trace.jsonl.gz	461558	f4921b58cf87a8e71aa41996267dfeeb72ed75e5ea36c887effa09ff85f7d9df	too large (trace)
tr03-official-1/1364-cell-b-0394-normal-s1/reference-10ms-differences.json.gz	23	f1101f8233b16d980af348db666cbdb1b9772fa79c6fa8d7d6d9550c1f6a546d	not a metric of this report
tr03-official-1/1364-cell-b-0394-normal-s1/trace.jsonl.gz	2921101	7220b1731dce3f31604970b3f09d85f656df0a8bd9d06ca46b2b8e7ab625eaf1	too large (trace)
tr03-official-1/1365-cell-b-0394-normal-s2/reference-10ms-differences.json.gz	23	f1101f8233b16d980af348db666cbdb1b9772fa79c6fa8d7d6d9550c1f6a546d	not a metric of this report
tr03-official-1/1365-cell-b-0394-normal-s2/trace.jsonl.gz	2703573	e86b99e1c84891030c1f1ac5679e3aa8f522aa46162ba4ce763aed30aa9463fd	too large (trace)
tr03-official-1/1366-cell-b-0394-normal-s3/reference-10ms-differences.json.gz	23	f1101f8233b16d980af348db666cbdb1b9772fa79c6fa8d7d6d9550c1f6a546d	not a metric of this report
tr03-official-1/1366-cell-b-0394-normal-s3/trace.jsonl.gz	2676709	c74fb483852d3fa16f06ac044010ad1270ebe62b799fe6da055307b5e850935e	too large (trace)
tr03-official-1/1367-cell-b-0394-cycle-stop/reference-10ms-differences.json.gz	23	f1101f8233b16d980af348db666cbdb1b9772fa79c6fa8d7d6d9550c1f6a546d	not a metric of this report
tr03-official-1/1367-cell-b-0394-cycle-stop/trace.jsonl.gz	642808	cbb0e9032793ba6a170a90fa5217e5e80f937f8a38e4db64aa3a9558b1aa4570	too large (trace)
tr03-official-1/1368-cell-b-0394-curtain/reference-10ms-differences.json.gz	23	f1101f8233b16d980af348db666cbdb1b9772fa79c6fa8d7d6d9550c1f6a546d	not a metric of this report
tr03-official-1/1368-cell-b-0394-curtain/trace.jsonl.gz	428327	606d83528bd02a2b07cb4024ca2a1848057e5540ddae76ec0cda4f2b28810a33	too large (trace)
tr03-official-1/1369-cell-b-0394-recovery/reference-10ms-differences.json.gz	23	f1101f8233b16d980af348db666cbdb1b9772fa79c6fa8d7d6d9550c1f6a546d	not a metric of this report
tr03-official-1/1369-cell-b-0394-recovery/trace.jsonl.gz	1734462	21cbfd04465f4cec60c356ce103fd57c69e1033214879333357ed122b0d3cab9	too large (trace)
tr03-official-1/1370-cell-b-0394-recovery-retract/reference-10ms-differences.json.gz	23	f1101f8233b16d980af348db666cbdb1b9772fa79c6fa8d7d6d9550c1f6a546d	not a metric of this report
tr03-official-1/1370-cell-b-0394-recovery-retract/trace.jsonl.gz	1750745	92df84afb830503e6695a12f5fc5a70d767979d67bf445b821aa80a6892189ef	too large (trace)
tr03-official-1/1371-cell-b-0394-batch/reference-10ms-differences.json.gz	23	f1101f8233b16d980af348db666cbdb1b9772fa79c6fa8d7d6d9550c1f6a546d	not a metric of this report
tr03-official-1/1371-cell-b-0394-batch/trace.jsonl.gz	1755481	9294385216aa07cd682a68b6d3415a8a3926ca3f4cca004408b6aa44dd72cd45	too large (trace)
tr03-official-1/1372-cell-b-0394-stroke75/constants.json	5779	23eb4ee6404d9bbca1675106843e233adf2dd72c0e37f275d0c9bb31194fcadb	plant-model file (private)
tr03-official-1/1372-cell-b-0394-stroke75/reference-10ms-differences.json.gz	23	f1101f8233b16d980af348db666cbdb1b9772fa79c6fa8d7d6d9550c1f6a546d	not a metric of this report
tr03-official-1/1372-cell-b-0394-stroke75/trace.jsonl.gz	1144514	9316c9ea441822d4d5dfa30b71fe73b2e5215cbfe9aea6706af400865eed23c9	too large (trace)
tr03-official-1/1373-cell-b-0394-flow060/constants.json	5759	749da6a9a3b578914850d85f44d3468ebdd2fefffb551566451d2e1a2d182a14	plant-model file (private)
tr03-official-1/1373-cell-b-0394-flow060/flow.plccell.json	33668	de3b752c6569074a823f5ee6945a6aea173d27e736d7f9764b3705dc16fcefb6	plant-model file (private)
tr03-official-1/1373-cell-b-0394-flow060/reference-10ms-differences.json.gz	23	f1101f8233b16d980af348db666cbdb1b9772fa79c6fa8d7d6d9550c1f6a546d	not a metric of this report
tr03-official-1/1373-cell-b-0394-flow060/trace.jsonl.gz	480623	f6237b4d970544124f777fd05a1157f4a6753ebe9e4e6b39404521ad1d0c0653	too large (trace)
tr03-official-1/1374-cell-b-0394-flow045/constants.json	5760	b60b895ae8a70ba009e8fef0331b36e4f055cc6e7e075ae19d01b37f763c0360	plant-model file (private)
tr03-official-1/1374-cell-b-0394-flow045/flow.plccell.json	33668	de3b752c6569074a823f5ee6945a6aea173d27e736d7f9764b3705dc16fcefb6	plant-model file (private)
tr03-official-1/1374-cell-b-0394-flow045/reference-10ms-differences.json.gz	23	f1101f8233b16d980af348db666cbdb1b9772fa79c6fa8d7d6d9550c1f6a546d	not a metric of this report
tr03-official-1/1374-cell-b-0394-flow045/trace.jsonl.gz	458815	b03eb8b001fa4afdf5152126f9072bda88a0a31a25bcd6243614c3112ed5a283	too large (trace)
tr03-official-1/1375-cell-b-0397-normal-s1/reference-10ms-differences.json.gz	23	f1101f8233b16d980af348db666cbdb1b9772fa79c6fa8d7d6d9550c1f6a546d	not a metric of this report
tr03-official-1/1375-cell-b-0397-normal-s1/trace.jsonl.gz	2911168	0d481843bb67662347ecbc51d8e5d6b1150e20504b5caac2b520564c6688b4d0	too large (trace)
tr03-official-1/1376-cell-b-0397-normal-s2/reference-10ms-differences.json.gz	23	f1101f8233b16d980af348db666cbdb1b9772fa79c6fa8d7d6d9550c1f6a546d	not a metric of this report
tr03-official-1/1376-cell-b-0397-normal-s2/trace.jsonl.gz	2686153	6663854cb738d3fd4ee64e8d5dcc3a1a9d2a8787a2ad92404ed48809af5a3b54	too large (trace)
tr03-official-1/1377-cell-b-0397-normal-s3/reference-10ms-differences.json.gz	23	f1101f8233b16d980af348db666cbdb1b9772fa79c6fa8d7d6d9550c1f6a546d	not a metric of this report
tr03-official-1/1377-cell-b-0397-normal-s3/trace.jsonl.gz	2669463	2844e7dcf0e5e5b729e1cef32c64392fbde5dc92630cde9b29787b3ddeed3f58	too large (trace)
tr03-official-1/1378-cell-b-0397-cycle-stop/reference-10ms-differences.json.gz	23	f1101f8233b16d980af348db666cbdb1b9772fa79c6fa8d7d6d9550c1f6a546d	not a metric of this report
tr03-official-1/1378-cell-b-0397-cycle-stop/trace.jsonl.gz	639615	085890b42426614f7128dff0d02a7ed85dfde48baf590decc8305e1f74a1a7fb	too large (trace)
tr03-official-1/1379-cell-b-0397-curtain/reference-10ms-differences.json.gz	23	f1101f8233b16d980af348db666cbdb1b9772fa79c6fa8d7d6d9550c1f6a546d	not a metric of this report
tr03-official-1/1379-cell-b-0397-curtain/trace.jsonl.gz	428564	c3111022ca6cdc39d63291c17b4117861eeba45a9716dec81c7b1229dec92445	too large (trace)
tr03-official-1/1380-cell-b-0397-recovery/reference-10ms-differences.json.gz	23	f1101f8233b16d980af348db666cbdb1b9772fa79c6fa8d7d6d9550c1f6a546d	not a metric of this report
tr03-official-1/1380-cell-b-0397-recovery/trace.jsonl.gz	1730168	0349efa45403e4c64639794b687451392bf3ebe8fd6d506a55035b706eefecd6	too large (trace)
tr03-official-1/1381-cell-b-0397-recovery-retract/reference-10ms-differences.json.gz	23	f1101f8233b16d980af348db666cbdb1b9772fa79c6fa8d7d6d9550c1f6a546d	not a metric of this report
tr03-official-1/1381-cell-b-0397-recovery-retract/trace.jsonl.gz	1745842	7197852b0dc483ef734a467599da947c837614a110db3dd4afba0aedc149d16b	too large (trace)
tr03-official-1/1382-cell-b-0397-batch/reference-10ms-differences.json.gz	23	f1101f8233b16d980af348db666cbdb1b9772fa79c6fa8d7d6d9550c1f6a546d	not a metric of this report
tr03-official-1/1382-cell-b-0397-batch/trace.jsonl.gz	1754069	9762aa8a348420786d65ca625b78885a12d97f0e1a59570c98e2cc9c8a846643	too large (trace)
tr03-official-1/1383-cell-b-0397-stroke75/constants.json	5779	23eb4ee6404d9bbca1675106843e233adf2dd72c0e37f275d0c9bb31194fcadb	plant-model file (private)
tr03-official-1/1383-cell-b-0397-stroke75/reference-10ms-differences.json.gz	23	f1101f8233b16d980af348db666cbdb1b9772fa79c6fa8d7d6d9550c1f6a546d	not a metric of this report
tr03-official-1/1383-cell-b-0397-stroke75/trace.jsonl.gz	1138260	ba157a77db723c2e0d0362b7e38e11f04c5fa505ba5537ff3a02bbd2b5149997	too large (trace)
tr03-official-1/1384-cell-b-0397-flow060/constants.json	5759	749da6a9a3b578914850d85f44d3468ebdd2fefffb551566451d2e1a2d182a14	plant-model file (private)
tr03-official-1/1384-cell-b-0397-flow060/flow.plccell.json	33668	de3b752c6569074a823f5ee6945a6aea173d27e736d7f9764b3705dc16fcefb6	plant-model file (private)
tr03-official-1/1384-cell-b-0397-flow060/reference-10ms-differences.json.gz	23	f1101f8233b16d980af348db666cbdb1b9772fa79c6fa8d7d6d9550c1f6a546d	not a metric of this report
tr03-official-1/1384-cell-b-0397-flow060/trace.jsonl.gz	476160	3fadcf7cc6ad48c82e193763efef173c129b37194fa57486565985464944b1fa	too large (trace)
tr03-official-1/1385-cell-b-0397-flow045/constants.json	5760	b60b895ae8a70ba009e8fef0331b36e4f055cc6e7e075ae19d01b37f763c0360	plant-model file (private)
tr03-official-1/1385-cell-b-0397-flow045/flow.plccell.json	33668	de3b752c6569074a823f5ee6945a6aea173d27e736d7f9764b3705dc16fcefb6	plant-model file (private)
tr03-official-1/1385-cell-b-0397-flow045/reference-10ms-differences.json.gz	23	f1101f8233b16d980af348db666cbdb1b9772fa79c6fa8d7d6d9550c1f6a546d	not a metric of this report
tr03-official-1/1385-cell-b-0397-flow045/trace.jsonl.gz	460688	bed31488f6ecc970680e52dbe3e8b1d8085598526f9b508d9b2e32ffbe2421d4	too large (trace)
tr03-official-1/1386-cell-b-0398-normal-s1/reference-10ms-differences.json.gz	23	f1101f8233b16d980af348db666cbdb1b9772fa79c6fa8d7d6d9550c1f6a546d	not a metric of this report
tr03-official-1/1386-cell-b-0398-normal-s1/trace.jsonl.gz	2916329	dafec873bc8045619275b64f1da43eda7a8d3914bbda6a082afb0e02df7cf825	too large (trace)
tr03-official-1/1387-cell-b-0398-normal-s2/reference-10ms-differences.json.gz	23	f1101f8233b16d980af348db666cbdb1b9772fa79c6fa8d7d6d9550c1f6a546d	not a metric of this report
tr03-official-1/1387-cell-b-0398-normal-s2/trace.jsonl.gz	2697106	dcb28b0720111e6018578255f83eb1c948615723b25bf74e93e2c69b4805faba	too large (trace)
tr03-official-1/1388-cell-b-0398-normal-s3/reference-10ms-differences.json.gz	23	f1101f8233b16d980af348db666cbdb1b9772fa79c6fa8d7d6d9550c1f6a546d	not a metric of this report
tr03-official-1/1388-cell-b-0398-normal-s3/trace.jsonl.gz	2671904	1b527d568ee48d8c9d09acbc8d9b3ca652cc0d4a8129975ec0affb86e3e12d83	too large (trace)
tr03-official-1/1389-cell-b-0398-cycle-stop/reference-10ms-differences.json.gz	23	f1101f8233b16d980af348db666cbdb1b9772fa79c6fa8d7d6d9550c1f6a546d	not a metric of this report
tr03-official-1/1389-cell-b-0398-cycle-stop/trace.jsonl.gz	635339	aa57e07c35a2ce9c3f392f7f2d9bddeff55a02f4d0ebaee548f8575c11767ee0	too large (trace)
tr03-official-1/1390-cell-b-0398-curtain/reference-10ms-differences.json.gz	23	f1101f8233b16d980af348db666cbdb1b9772fa79c6fa8d7d6d9550c1f6a546d	not a metric of this report
tr03-official-1/1390-cell-b-0398-curtain/trace.jsonl.gz	422118	753bd933a83a3c92ec3ee665c1ab938844a7eba09bad93e2f4be119d0cff592e	too large (trace)
tr03-official-1/1391-cell-b-0398-recovery/reference-10ms-differences.json.gz	305	0a992b0a483e8ee482fceb32af1023dcfd3b45ee638dbdc3f532829b045ccf2a	not a metric of this report
tr03-official-1/1391-cell-b-0398-recovery/trace.jsonl.gz	1721595	b47dc923e771a7315405447c4b24fd630eab5e74b3821a937d97e56723d05a62	too large (trace)
tr03-official-1/1392-cell-b-0398-recovery-retract/reference-10ms-differences.json.gz	23	f1101f8233b16d980af348db666cbdb1b9772fa79c6fa8d7d6d9550c1f6a546d	not a metric of this report
tr03-official-1/1392-cell-b-0398-recovery-retract/trace.jsonl.gz	1749024	3e8b7874170fe3fe97b18c85d1e30c273f23f953f1244bb9be155649a852659d	too large (trace)
tr03-official-1/1393-cell-b-0398-batch/reference-10ms-differences.json.gz	23	f1101f8233b16d980af348db666cbdb1b9772fa79c6fa8d7d6d9550c1f6a546d	not a metric of this report
tr03-official-1/1393-cell-b-0398-batch/trace.jsonl.gz	1752320	7dface8d74b4d44ff2696e8909e2af0853e89c7eba629db13adb166cd2d9cf24	too large (trace)
tr03-official-1/1394-cell-b-0398-stroke75/constants.json	5779	23eb4ee6404d9bbca1675106843e233adf2dd72c0e37f275d0c9bb31194fcadb	plant-model file (private)
tr03-official-1/1394-cell-b-0398-stroke75/reference-10ms-differences.json.gz	23	f1101f8233b16d980af348db666cbdb1b9772fa79c6fa8d7d6d9550c1f6a546d	not a metric of this report
tr03-official-1/1394-cell-b-0398-stroke75/trace.jsonl.gz	1141466	601077318be389a7a3e52fed457212446252582c3d99c7c7e1fd2ec5bcfd496f	too large (trace)
tr03-official-1/1395-cell-b-0398-flow060/constants.json	5759	749da6a9a3b578914850d85f44d3468ebdd2fefffb551566451d2e1a2d182a14	plant-model file (private)
tr03-official-1/1395-cell-b-0398-flow060/flow.plccell.json	33668	de3b752c6569074a823f5ee6945a6aea173d27e736d7f9764b3705dc16fcefb6	plant-model file (private)
tr03-official-1/1395-cell-b-0398-flow060/reference-10ms-differences.json.gz	23	f1101f8233b16d980af348db666cbdb1b9772fa79c6fa8d7d6d9550c1f6a546d	not a metric of this report
tr03-official-1/1395-cell-b-0398-flow060/trace.jsonl.gz	487056	8d6d5fbb582bf4b1d8c036623ca40227a03a7221e4428ef51a3a7db21f2a0bbe	too large (trace)
tr03-official-1/1396-cell-b-0398-flow045/constants.json	5760	b60b895ae8a70ba009e8fef0331b36e4f055cc6e7e075ae19d01b37f763c0360	plant-model file (private)
tr03-official-1/1396-cell-b-0398-flow045/flow.plccell.json	33668	de3b752c6569074a823f5ee6945a6aea173d27e736d7f9764b3705dc16fcefb6	plant-model file (private)
tr03-official-1/1396-cell-b-0398-flow045/reference-10ms-differences.json.gz	23	f1101f8233b16d980af348db666cbdb1b9772fa79c6fa8d7d6d9550c1f6a546d	not a metric of this report
tr03-official-1/1396-cell-b-0398-flow045/trace.jsonl.gz	464616	e57a17413f38f6585b99134381bc379fab224e533bacd920678985f1d04f5798	too large (trace)
tr03-official-1/1397-cell-b-0400-normal-s1/reference-10ms-differences.json.gz	23	f1101f8233b16d980af348db666cbdb1b9772fa79c6fa8d7d6d9550c1f6a546d	not a metric of this report
tr03-official-1/1397-cell-b-0400-normal-s1/trace.jsonl.gz	2918319	7a8351e458d3f27ccc9357d23bbdd79f11e58517370aa987db7f22a375bd70e8	too large (trace)
tr03-official-1/1398-cell-b-0400-normal-s2/reference-10ms-differences.json.gz	23	f1101f8233b16d980af348db666cbdb1b9772fa79c6fa8d7d6d9550c1f6a546d	not a metric of this report
tr03-official-1/1398-cell-b-0400-normal-s2/trace.jsonl.gz	2698670	582be0b286c22627a54786d8863525a47f1266bba38f464120a5241d9ca5052f	too large (trace)
tr03-official-1/1399-cell-b-0400-normal-s3/reference-10ms-differences.json.gz	23	f1101f8233b16d980af348db666cbdb1b9772fa79c6fa8d7d6d9550c1f6a546d	not a metric of this report
tr03-official-1/1399-cell-b-0400-normal-s3/trace.jsonl.gz	2669864	f8b29b9c1e47c6d446e3625eaed26d5313e709502cbdcd994a47c18c6db94988	too large (trace)
tr03-official-1/1400-cell-b-0400-cycle-stop/reference-10ms-differences.json.gz	23	f1101f8233b16d980af348db666cbdb1b9772fa79c6fa8d7d6d9550c1f6a546d	not a metric of this report
tr03-official-1/1400-cell-b-0400-cycle-stop/trace.jsonl.gz	640429	c8f57ceb01b053b4b44f03228403eb50e9f115d033463cb0717596ba8def9ab6	too large (trace)
tr03-official-1/1401-cell-b-0400-curtain/reference-10ms-differences.json.gz	23	f1101f8233b16d980af348db666cbdb1b9772fa79c6fa8d7d6d9550c1f6a546d	not a metric of this report
tr03-official-1/1401-cell-b-0400-curtain/trace.jsonl.gz	430173	8aa7de24d1ffba21606746e0f949eedf739cdd8fbbbdedc377ae7d1d61b84365	too large (trace)
tr03-official-1/1402-cell-b-0400-recovery/reference-10ms-differences.json.gz	47033	94d22f5d1b2261c3b46c1bca5173f3c2f58317811615fadb2072f61ef0156f18	not a metric of this report
tr03-official-1/1402-cell-b-0400-recovery/trace.jsonl.gz	1725637	01526e697e82e5868eff326b62d34abc5bf63012ef9459326b4ae4ca24cf660c	too large (trace)
tr03-official-1/1403-cell-b-0400-recovery-retract/reference-10ms-differences.json.gz	46433	bbccbe715745b91fd13280c61f3579808b73dab0251bcb58d56c7043c0a50a4f	not a metric of this report
tr03-official-1/1403-cell-b-0400-recovery-retract/trace.jsonl.gz	1747336	ddeea9cd0df36d23a5db577c2e8179581c3ad495c5ea136c1b0018b264824b61	too large (trace)
tr03-official-1/1404-cell-b-0400-batch/reference-10ms-differences.json.gz	23	f1101f8233b16d980af348db666cbdb1b9772fa79c6fa8d7d6d9550c1f6a546d	not a metric of this report
tr03-official-1/1404-cell-b-0400-batch/trace.jsonl.gz	1760328	2f7db059a69e939faf91c6a27f66349dd9b3e6f3141bf2f0f021aad2691584ae	too large (trace)
tr03-official-1/1405-cell-b-0400-stroke75/constants.json	5779	23eb4ee6404d9bbca1675106843e233adf2dd72c0e37f275d0c9bb31194fcadb	plant-model file (private)
tr03-official-1/1405-cell-b-0400-stroke75/reference-10ms-differences.json.gz	23	f1101f8233b16d980af348db666cbdb1b9772fa79c6fa8d7d6d9550c1f6a546d	not a metric of this report
tr03-official-1/1405-cell-b-0400-stroke75/trace.jsonl.gz	1137227	d2fc586ed889653821b2222e740f48d12424c368dca4b9d90c3f5b37b55d73da	too large (trace)
tr03-official-1/1406-cell-b-0400-flow060/constants.json	5759	749da6a9a3b578914850d85f44d3468ebdd2fefffb551566451d2e1a2d182a14	plant-model file (private)
tr03-official-1/1406-cell-b-0400-flow060/flow.plccell.json	33668	de3b752c6569074a823f5ee6945a6aea173d27e736d7f9764b3705dc16fcefb6	plant-model file (private)
tr03-official-1/1406-cell-b-0400-flow060/reference-10ms-differences.json.gz	23	f1101f8233b16d980af348db666cbdb1b9772fa79c6fa8d7d6d9550c1f6a546d	not a metric of this report
tr03-official-1/1406-cell-b-0400-flow060/trace.jsonl.gz	485380	af8b3aa0af5163f7e60520c5fc184dfba2748c2d01643bb4f13c023466795d9f	too large (trace)
tr03-official-1/1407-cell-b-0400-flow045/constants.json	5760	b60b895ae8a70ba009e8fef0331b36e4f055cc6e7e075ae19d01b37f763c0360	plant-model file (private)
tr03-official-1/1407-cell-b-0400-flow045/flow.plccell.json	33668	de3b752c6569074a823f5ee6945a6aea173d27e736d7f9764b3705dc16fcefb6	plant-model file (private)
tr03-official-1/1407-cell-b-0400-flow045/reference-10ms-differences.json.gz	23	f1101f8233b16d980af348db666cbdb1b9772fa79c6fa8d7d6d9550c1f6a546d	not a metric of this report
tr03-official-1/1407-cell-b-0400-flow045/trace.jsonl.gz	458524	a07d9e083cc3021b84b6e2f71d3146355f5519cfb9959353bf1d9cfe26cde754	too large (trace)
tr03-official-1/1408-cell-b-0401-normal-s1/reference-10ms-differences.json.gz	23	f1101f8233b16d980af348db666cbdb1b9772fa79c6fa8d7d6d9550c1f6a546d	not a metric of this report
tr03-official-1/1408-cell-b-0401-normal-s1/trace.jsonl.gz	2918756	68d3045e6ca7d7d382e808bf4b7b39f528ea48e40e4636c2b8899186c02d2cb6	too large (trace)
tr03-official-1/1409-cell-b-0401-normal-s2/reference-10ms-differences.json.gz	23	f1101f8233b16d980af348db666cbdb1b9772fa79c6fa8d7d6d9550c1f6a546d	not a metric of this report
tr03-official-1/1409-cell-b-0401-normal-s2/trace.jsonl.gz	2699378	1fbf5e339162e77883f6ca73a7f7cdd2069e5921f0b379808c9fe3a2a3a8e22d	too large (trace)
tr03-official-1/1410-cell-b-0401-normal-s3/reference-10ms-differences.json.gz	23	f1101f8233b16d980af348db666cbdb1b9772fa79c6fa8d7d6d9550c1f6a546d	not a metric of this report
tr03-official-1/1410-cell-b-0401-normal-s3/trace.jsonl.gz	2679495	47b465a1e35b33814ee14b00dd0b547236b24d56ff7dfd76e903f8b506d24d1c	too large (trace)
tr03-official-1/1411-cell-b-0401-cycle-stop/reference-10ms-differences.json.gz	23	f1101f8233b16d980af348db666cbdb1b9772fa79c6fa8d7d6d9550c1f6a546d	not a metric of this report
tr03-official-1/1411-cell-b-0401-cycle-stop/trace.jsonl.gz	636218	be4259fac22f9a44e3fd4651691fce286adfc6cf96b9e173c00e433061b51e02	too large (trace)
tr03-official-1/1412-cell-b-0401-curtain/reference-10ms-differences.json.gz	23	f1101f8233b16d980af348db666cbdb1b9772fa79c6fa8d7d6d9550c1f6a546d	not a metric of this report
tr03-official-1/1412-cell-b-0401-curtain/trace.jsonl.gz	433946	24bc4f8f40d6a4e7062b23f440526f92e79857e0d8e47ed25f65e9cb57f5da7e	too large (trace)
tr03-official-1/1413-cell-b-0401-recovery/reference-10ms-differences.json.gz	23	f1101f8233b16d980af348db666cbdb1b9772fa79c6fa8d7d6d9550c1f6a546d	not a metric of this report
tr03-official-1/1413-cell-b-0401-recovery/trace.jsonl.gz	1719824	ffb2eb0e07fffc0176c949c0bfba0774eec93ed4305394a1b03b847215c5c8af	too large (trace)
tr03-official-1/1414-cell-b-0401-recovery-retract/reference-10ms-differences.json.gz	23	f1101f8233b16d980af348db666cbdb1b9772fa79c6fa8d7d6d9550c1f6a546d	not a metric of this report
tr03-official-1/1414-cell-b-0401-recovery-retract/trace.jsonl.gz	1741850	79d68f6fb887d356a8819ee7c9f21115861797a192f4a079580f2118cef11403	too large (trace)
tr03-official-1/1415-cell-b-0401-batch/reference-10ms-differences.json.gz	23	f1101f8233b16d980af348db666cbdb1b9772fa79c6fa8d7d6d9550c1f6a546d	not a metric of this report
tr03-official-1/1415-cell-b-0401-batch/trace.jsonl.gz	1761455	11b378577b9e9aa60ccbffb781b324319d09b2329df01380bde7a88b03df3e12	too large (trace)
tr03-official-1/1416-cell-b-0401-stroke75/constants.json	5779	23eb4ee6404d9bbca1675106843e233adf2dd72c0e37f275d0c9bb31194fcadb	plant-model file (private)
tr03-official-1/1416-cell-b-0401-stroke75/reference-10ms-differences.json.gz	23	f1101f8233b16d980af348db666cbdb1b9772fa79c6fa8d7d6d9550c1f6a546d	not a metric of this report
tr03-official-1/1416-cell-b-0401-stroke75/trace.jsonl.gz	1121438	fa71b60104a6360d13f6043d7f16bfee2fc74b4a9be122dd2395f65dba32fb1b	too large (trace)
tr03-official-1/1417-cell-b-0401-flow060/constants.json	5759	749da6a9a3b578914850d85f44d3468ebdd2fefffb551566451d2e1a2d182a14	plant-model file (private)
tr03-official-1/1417-cell-b-0401-flow060/flow.plccell.json	33668	de3b752c6569074a823f5ee6945a6aea173d27e736d7f9764b3705dc16fcefb6	plant-model file (private)
tr03-official-1/1417-cell-b-0401-flow060/reference-10ms-differences.json.gz	23	f1101f8233b16d980af348db666cbdb1b9772fa79c6fa8d7d6d9550c1f6a546d	not a metric of this report
tr03-official-1/1417-cell-b-0401-flow060/trace.jsonl.gz	482708	ac8afa98c12f79bd37533f17df671916fe54ccfbddddb5f4ff05ab299405e710	too large (trace)
tr03-official-1/1418-cell-b-0401-flow045/constants.json	5760	b60b895ae8a70ba009e8fef0331b36e4f055cc6e7e075ae19d01b37f763c0360	plant-model file (private)
tr03-official-1/1418-cell-b-0401-flow045/flow.plccell.json	33668	de3b752c6569074a823f5ee6945a6aea173d27e736d7f9764b3705dc16fcefb6	plant-model file (private)
tr03-official-1/1418-cell-b-0401-flow045/reference-10ms-differences.json.gz	23	f1101f8233b16d980af348db666cbdb1b9772fa79c6fa8d7d6d9550c1f6a546d	not a metric of this report
tr03-official-1/1418-cell-b-0401-flow045/trace.jsonl.gz	468223	6c1084ab26ec5585cb0d0d60e9b276f4327d6b5c3d80b2244714061cd85f61eb	too large (trace)
tr03-official-1/1419-cell-b-0404-normal-s1/reference-10ms-differences.json.gz	23	f1101f8233b16d980af348db666cbdb1b9772fa79c6fa8d7d6d9550c1f6a546d	not a metric of this report
tr03-official-1/1419-cell-b-0404-normal-s1/trace.jsonl.gz	2917478	04142a0474171038a61a5a463120d857a3f43f1f814b6b8079094c62bb4eeedc	too large (trace)
tr03-official-1/1420-cell-b-0404-normal-s2/reference-10ms-differences.json.gz	23	f1101f8233b16d980af348db666cbdb1b9772fa79c6fa8d7d6d9550c1f6a546d	not a metric of this report
tr03-official-1/1420-cell-b-0404-normal-s2/trace.jsonl.gz	2707888	c5a4a066bbbd972d28811cd7772fae87da519f53f5354f040a87bbd9183536ee	too large (trace)
tr03-official-1/1421-cell-b-0404-normal-s3/reference-10ms-differences.json.gz	23	f1101f8233b16d980af348db666cbdb1b9772fa79c6fa8d7d6d9550c1f6a546d	not a metric of this report
tr03-official-1/1421-cell-b-0404-normal-s3/trace.jsonl.gz	2677969	3b5a63eebe4ea9060f2201509b1220ee53de3e7bc976fcffd8d9f212cce27dc0	too large (trace)
tr03-official-1/1422-cell-b-0404-cycle-stop/reference-10ms-differences.json.gz	23	f1101f8233b16d980af348db666cbdb1b9772fa79c6fa8d7d6d9550c1f6a546d	not a metric of this report
tr03-official-1/1422-cell-b-0404-cycle-stop/trace.jsonl.gz	638533	61ed66057cd557d3b716f3f2e521599db9efae92f28d39ff9678e6dbcc1b399e	too large (trace)
tr03-official-1/1423-cell-b-0404-curtain/reference-10ms-differences.json.gz	23	f1101f8233b16d980af348db666cbdb1b9772fa79c6fa8d7d6d9550c1f6a546d	not a metric of this report
tr03-official-1/1423-cell-b-0404-curtain/trace.jsonl.gz	423342	5ce0f0f85ac94d85f0c2a00f5d0adc4767a7077c599000e3643da889eae70f1f	too large (trace)
tr03-official-1/1424-cell-b-0404-recovery/reference-10ms-differences.json.gz	23	f1101f8233b16d980af348db666cbdb1b9772fa79c6fa8d7d6d9550c1f6a546d	not a metric of this report
tr03-official-1/1424-cell-b-0404-recovery/trace.jsonl.gz	1730430	d63aadef204cc4d4169d54044c6dc81c5c5f347af85dd9ac15f438a91ec5f5bb	too large (trace)
tr03-official-1/1425-cell-b-0404-recovery-retract/reference-10ms-differences.json.gz	23	f1101f8233b16d980af348db666cbdb1b9772fa79c6fa8d7d6d9550c1f6a546d	not a metric of this report
tr03-official-1/1425-cell-b-0404-recovery-retract/trace.jsonl.gz	1742109	9ff1f5793053d53196c02488a2eec61af5f95f2204cae8bee60e69cc8d496062	too large (trace)
tr03-official-1/1426-cell-b-0404-batch/reference-10ms-differences.json.gz	23	f1101f8233b16d980af348db666cbdb1b9772fa79c6fa8d7d6d9550c1f6a546d	not a metric of this report
tr03-official-1/1426-cell-b-0404-batch/trace.jsonl.gz	1755646	a7287c5bdbf591ad620315af56de5fcbf9e7d478a2bb35934542fc28438506b6	too large (trace)
tr03-official-1/1427-cell-b-0404-stroke75/constants.json	5779	23eb4ee6404d9bbca1675106843e233adf2dd72c0e37f275d0c9bb31194fcadb	plant-model file (private)
tr03-official-1/1427-cell-b-0404-stroke75/reference-10ms-differences.json.gz	23	f1101f8233b16d980af348db666cbdb1b9772fa79c6fa8d7d6d9550c1f6a546d	not a metric of this report
tr03-official-1/1427-cell-b-0404-stroke75/trace.jsonl.gz	1140384	a517f989f0ecba2de8755ca3724a5d8943f4481f74600c477100b77809ac0d56	too large (trace)
tr03-official-1/1428-cell-b-0404-flow060/constants.json	5759	749da6a9a3b578914850d85f44d3468ebdd2fefffb551566451d2e1a2d182a14	plant-model file (private)
tr03-official-1/1428-cell-b-0404-flow060/flow.plccell.json	33668	de3b752c6569074a823f5ee6945a6aea173d27e736d7f9764b3705dc16fcefb6	plant-model file (private)
tr03-official-1/1428-cell-b-0404-flow060/reference-10ms-differences.json.gz	23	f1101f8233b16d980af348db666cbdb1b9772fa79c6fa8d7d6d9550c1f6a546d	not a metric of this report
tr03-official-1/1428-cell-b-0404-flow060/trace.jsonl.gz	472805	7b5be5653bb1317b9a52eff95f20adf958c861e283b14c8e678b35ae4dd99f1d	too large (trace)
tr03-official-1/1429-cell-b-0404-flow045/constants.json	5760	b60b895ae8a70ba009e8fef0331b36e4f055cc6e7e075ae19d01b37f763c0360	plant-model file (private)
tr03-official-1/1429-cell-b-0404-flow045/flow.plccell.json	33668	de3b752c6569074a823f5ee6945a6aea173d27e736d7f9764b3705dc16fcefb6	plant-model file (private)
tr03-official-1/1429-cell-b-0404-flow045/reference-10ms-differences.json.gz	23	f1101f8233b16d980af348db666cbdb1b9772fa79c6fa8d7d6d9550c1f6a546d	not a metric of this report
tr03-official-1/1429-cell-b-0404-flow045/trace.jsonl.gz	456161	be0dfb39ccabc8cdcd7c604a9dfef2299c17884a3fe2ac064d6edf25ec4ae741	too large (trace)
tr03-official-1/1430-cell-b-0405-normal-s1/reference-10ms-differences.json.gz	23	f1101f8233b16d980af348db666cbdb1b9772fa79c6fa8d7d6d9550c1f6a546d	not a metric of this report
tr03-official-1/1430-cell-b-0405-normal-s1/trace.jsonl.gz	2912241	7775fc946fba5e2bc1f438c78392ccb3eef1f67f470d06f4d8a5bb9b83bf277f	too large (trace)
tr03-official-1/1431-cell-b-0405-normal-s2/reference-10ms-differences.json.gz	23	f1101f8233b16d980af348db666cbdb1b9772fa79c6fa8d7d6d9550c1f6a546d	not a metric of this report
tr03-official-1/1431-cell-b-0405-normal-s2/trace.jsonl.gz	2698549	9120cb0b8f4ae7cf8abdd404bef4722c767f0133413d59dc96db7ee50d8ce922	too large (trace)
tr03-official-1/1432-cell-b-0405-normal-s3/reference-10ms-differences.json.gz	23	f1101f8233b16d980af348db666cbdb1b9772fa79c6fa8d7d6d9550c1f6a546d	not a metric of this report
tr03-official-1/1432-cell-b-0405-normal-s3/trace.jsonl.gz	2673253	d7ae3f65e0435ccfaa1efdd5a341bee55f2ab71a7e1b678e22473c7884b57e73	too large (trace)
tr03-official-1/1433-cell-b-0405-cycle-stop/reference-10ms-differences.json.gz	23	f1101f8233b16d980af348db666cbdb1b9772fa79c6fa8d7d6d9550c1f6a546d	not a metric of this report
tr03-official-1/1433-cell-b-0405-cycle-stop/trace.jsonl.gz	628655	6f48bc742804be9dc91df0a8cac268256b1b737ff530966ebc8df078ae0139b7	too large (trace)
tr03-official-1/1434-cell-b-0405-curtain/reference-10ms-differences.json.gz	23	f1101f8233b16d980af348db666cbdb1b9772fa79c6fa8d7d6d9550c1f6a546d	not a metric of this report
tr03-official-1/1434-cell-b-0405-curtain/trace.jsonl.gz	423914	797357d27948c33b1a342a2d7396d6a3bfb3d97897c2458d0f31ca91e210f4bd	too large (trace)
tr03-official-1/1435-cell-b-0405-recovery/reference-10ms-differences.json.gz	23	f1101f8233b16d980af348db666cbdb1b9772fa79c6fa8d7d6d9550c1f6a546d	not a metric of this report
tr03-official-1/1435-cell-b-0405-recovery/trace.jsonl.gz	1715810	51e465c27d66984a2e466856d50fa078fe9eaa7e06f122e543496ea08ea73170	too large (trace)
tr03-official-1/1436-cell-b-0405-recovery-retract/reference-10ms-differences.json.gz	23	f1101f8233b16d980af348db666cbdb1b9772fa79c6fa8d7d6d9550c1f6a546d	not a metric of this report
tr03-official-1/1436-cell-b-0405-recovery-retract/trace.jsonl.gz	1735323	0e14e2be04e3f9658e8af950a0220e3b7549f246456dba35dd4b2c130e0bf9c3	too large (trace)
tr03-official-1/1437-cell-b-0405-batch/reference-10ms-differences.json.gz	23	f1101f8233b16d980af348db666cbdb1b9772fa79c6fa8d7d6d9550c1f6a546d	not a metric of this report
tr03-official-1/1437-cell-b-0405-batch/trace.jsonl.gz	1754157	4aba147d1d9109a9326e61599811312cf64ff7253e25223eb265b3d3118b3586	too large (trace)
tr03-official-1/1438-cell-b-0405-stroke75/constants.json	5779	23eb4ee6404d9bbca1675106843e233adf2dd72c0e37f275d0c9bb31194fcadb	plant-model file (private)
tr03-official-1/1438-cell-b-0405-stroke75/reference-10ms-differences.json.gz	23	f1101f8233b16d980af348db666cbdb1b9772fa79c6fa8d7d6d9550c1f6a546d	not a metric of this report
tr03-official-1/1438-cell-b-0405-stroke75/trace.jsonl.gz	1141368	e46250e4e87d6fe438003da5a0ae4cf330f66e0e706dc3696d6b88ff5f691185	too large (trace)
tr03-official-1/1439-cell-b-0405-flow060/constants.json	5759	749da6a9a3b578914850d85f44d3468ebdd2fefffb551566451d2e1a2d182a14	plant-model file (private)
tr03-official-1/1439-cell-b-0405-flow060/flow.plccell.json	33668	de3b752c6569074a823f5ee6945a6aea173d27e736d7f9764b3705dc16fcefb6	plant-model file (private)
tr03-official-1/1439-cell-b-0405-flow060/reference-10ms-differences.json.gz	23	f1101f8233b16d980af348db666cbdb1b9772fa79c6fa8d7d6d9550c1f6a546d	not a metric of this report
tr03-official-1/1439-cell-b-0405-flow060/trace.jsonl.gz	483093	2e3b74a36d5e9228be0836ace5b5a1ab9f4af4715e8d3a6d669239cd4aa55b50	too large (trace)
tr03-official-1/1440-cell-b-0405-flow045/constants.json	5760	b60b895ae8a70ba009e8fef0331b36e4f055cc6e7e075ae19d01b37f763c0360	plant-model file (private)
tr03-official-1/1440-cell-b-0405-flow045/flow.plccell.json	33668	de3b752c6569074a823f5ee6945a6aea173d27e736d7f9764b3705dc16fcefb6	plant-model file (private)
tr03-official-1/1440-cell-b-0405-flow045/reference-10ms-differences.json.gz	23	f1101f8233b16d980af348db666cbdb1b9772fa79c6fa8d7d6d9550c1f6a546d	not a metric of this report
tr03-official-1/1440-cell-b-0405-flow045/trace.jsonl.gz	463937	4d1a9500f6bdf9d398c14fb2830546a4f6223921af61051727f799a5014c5488	too large (trace)
tr03-official-1/1441-cell-b-0409-normal-s1/reference-10ms-differences.json.gz	23	f1101f8233b16d980af348db666cbdb1b9772fa79c6fa8d7d6d9550c1f6a546d	not a metric of this report
tr03-official-1/1441-cell-b-0409-normal-s1/trace.jsonl.gz	2924177	1000f5fc5d911ef96c773dc27a274a7f8f5a6cdb4ea10a7912ee5a715d7a0de6	too large (trace)
tr03-official-1/1442-cell-b-0409-normal-s2/reference-10ms-differences.json.gz	23	f1101f8233b16d980af348db666cbdb1b9772fa79c6fa8d7d6d9550c1f6a546d	not a metric of this report
tr03-official-1/1442-cell-b-0409-normal-s2/trace.jsonl.gz	2707379	d96ae822dcb8ef8754b68d4e626de8d45f158f362cb6c1f014563e71c2b93bcd	too large (trace)
tr03-official-1/1443-cell-b-0409-normal-s3/reference-10ms-differences.json.gz	23	f1101f8233b16d980af348db666cbdb1b9772fa79c6fa8d7d6d9550c1f6a546d	not a metric of this report
tr03-official-1/1443-cell-b-0409-normal-s3/trace.jsonl.gz	2681099	722ad6947fc119e8f3527fba67c3739cf19e8423bf279fa3e1bf035c82a1d6c7	too large (trace)
tr03-official-1/1444-cell-b-0409-cycle-stop/reference-10ms-differences.json.gz	23	f1101f8233b16d980af348db666cbdb1b9772fa79c6fa8d7d6d9550c1f6a546d	not a metric of this report
tr03-official-1/1444-cell-b-0409-cycle-stop/trace.jsonl.gz	635562	977fe2d5415f2963ab7a41f55186e3fc47bf6d8e123b80b47819f685ee0495dd	too large (trace)
tr03-official-1/1445-cell-b-0409-curtain/reference-10ms-differences.json.gz	23	f1101f8233b16d980af348db666cbdb1b9772fa79c6fa8d7d6d9550c1f6a546d	not a metric of this report
tr03-official-1/1445-cell-b-0409-curtain/trace.jsonl.gz	424083	5b014b9172ce0178c3d35c78acc9192d7e54c666d7c0885b8689260d7c42efa9	too large (trace)
tr03-official-1/1446-cell-b-0409-recovery/reference-10ms-differences.json.gz	23	f1101f8233b16d980af348db666cbdb1b9772fa79c6fa8d7d6d9550c1f6a546d	not a metric of this report
tr03-official-1/1446-cell-b-0409-recovery/trace.jsonl.gz	1724335	eb01bd190d23d8ad06c42205d85642028a642ed4289d409c2f4e29bd25f9e85a	too large (trace)
tr03-official-1/1447-cell-b-0409-recovery-retract/reference-10ms-differences.json.gz	23	f1101f8233b16d980af348db666cbdb1b9772fa79c6fa8d7d6d9550c1f6a546d	not a metric of this report
tr03-official-1/1447-cell-b-0409-recovery-retract/trace.jsonl.gz	1736355	5e1cf3d9eeab40d5cfb7d597ba76fd4577fc1b146343f77af24572f4ee2541f6	too large (trace)
tr03-official-1/1448-cell-b-0409-batch/reference-10ms-differences.json.gz	23	f1101f8233b16d980af348db666cbdb1b9772fa79c6fa8d7d6d9550c1f6a546d	not a metric of this report
tr03-official-1/1448-cell-b-0409-batch/trace.jsonl.gz	1753708	89ffeedcdcb575d3efc4a4be6a29bb19894d7d830f0bbd6547209dd46694f277	too large (trace)
tr03-official-1/1449-cell-b-0409-stroke75/constants.json	5779	23eb4ee6404d9bbca1675106843e233adf2dd72c0e37f275d0c9bb31194fcadb	plant-model file (private)
tr03-official-1/1449-cell-b-0409-stroke75/reference-10ms-differences.json.gz	23	f1101f8233b16d980af348db666cbdb1b9772fa79c6fa8d7d6d9550c1f6a546d	not a metric of this report
tr03-official-1/1449-cell-b-0409-stroke75/trace.jsonl.gz	1134526	734dfbd0c1968b8ce7d37a5b1094308c999966132d0124592987127e679d4b3a	too large (trace)
tr03-official-1/1450-cell-b-0409-flow060/constants.json	5759	749da6a9a3b578914850d85f44d3468ebdd2fefffb551566451d2e1a2d182a14	plant-model file (private)
tr03-official-1/1450-cell-b-0409-flow060/flow.plccell.json	33668	de3b752c6569074a823f5ee6945a6aea173d27e736d7f9764b3705dc16fcefb6	plant-model file (private)
tr03-official-1/1450-cell-b-0409-flow060/reference-10ms-differences.json.gz	23	f1101f8233b16d980af348db666cbdb1b9772fa79c6fa8d7d6d9550c1f6a546d	not a metric of this report
tr03-official-1/1450-cell-b-0409-flow060/trace.jsonl.gz	481987	01b64d273958c48a673df6e2fb06f19385d161e0334d23135f5bcbea4224edce	too large (trace)
tr03-official-1/1451-cell-b-0409-flow045/constants.json	5760	b60b895ae8a70ba009e8fef0331b36e4f055cc6e7e075ae19d01b37f763c0360	plant-model file (private)
tr03-official-1/1451-cell-b-0409-flow045/flow.plccell.json	33668	de3b752c6569074a823f5ee6945a6aea173d27e736d7f9764b3705dc16fcefb6	plant-model file (private)
tr03-official-1/1451-cell-b-0409-flow045/reference-10ms-differences.json.gz	23	f1101f8233b16d980af348db666cbdb1b9772fa79c6fa8d7d6d9550c1f6a546d	not a metric of this report
tr03-official-1/1451-cell-b-0409-flow045/trace.jsonl.gz	465627	ce4e55cb9536adc2ddbc9d2cc4c91ac7a66755eb3cfa7b0af0d60348eab26766	too large (trace)
tr03-official-1/1452-cell-b-0410-normal-s1/reference-10ms-differences.json.gz	23	f1101f8233b16d980af348db666cbdb1b9772fa79c6fa8d7d6d9550c1f6a546d	not a metric of this report
tr03-official-1/1452-cell-b-0410-normal-s1/trace.jsonl.gz	2933390	c9ebfdc45cc2631300f80b01fd8acb8096df9516e4ba068d28c088cf67f15729	too large (trace)
tr03-official-1/1453-cell-b-0410-normal-s2/reference-10ms-differences.json.gz	23	f1101f8233b16d980af348db666cbdb1b9772fa79c6fa8d7d6d9550c1f6a546d	not a metric of this report
tr03-official-1/1453-cell-b-0410-normal-s2/trace.jsonl.gz	2700440	34f55f95a93a6595343c018d5d8459f4f87008ba6faa35a6652a89270a08cb1c	too large (trace)
tr03-official-1/1454-cell-b-0410-normal-s3/reference-10ms-differences.json.gz	23	f1101f8233b16d980af348db666cbdb1b9772fa79c6fa8d7d6d9550c1f6a546d	not a metric of this report
tr03-official-1/1454-cell-b-0410-normal-s3/trace.jsonl.gz	2668309	9f855dde31c84a7f037a5c19c2b124b3d619cde10c0cac63215eb8e08b146494	too large (trace)
tr03-official-1/1455-cell-b-0410-cycle-stop/reference-10ms-differences.json.gz	23	f1101f8233b16d980af348db666cbdb1b9772fa79c6fa8d7d6d9550c1f6a546d	not a metric of this report
tr03-official-1/1455-cell-b-0410-cycle-stop/trace.jsonl.gz	641524	f3fbf007fd03809238bbca8c5a077a0f8b333ae73bd66dd02750f0e9fb33bb64	too large (trace)
tr03-official-1/1456-cell-b-0410-curtain/reference-10ms-differences.json.gz	23	f1101f8233b16d980af348db666cbdb1b9772fa79c6fa8d7d6d9550c1f6a546d	not a metric of this report
tr03-official-1/1456-cell-b-0410-curtain/trace.jsonl.gz	425598	58abd955fa0d9d0edc16adbbb065d3f82ae9459489de44534d082d1535cabeee	too large (trace)
tr03-official-1/1457-cell-b-0410-recovery/reference-10ms-differences.json.gz	23	f1101f8233b16d980af348db666cbdb1b9772fa79c6fa8d7d6d9550c1f6a546d	not a metric of this report
tr03-official-1/1457-cell-b-0410-recovery/trace.jsonl.gz	1724974	a96ccef7f5ff795f9fb51afee854e6296cdfea6f08c14a63dadd05c1ec946374	too large (trace)
tr03-official-1/1458-cell-b-0410-recovery-retract/reference-10ms-differences.json.gz	23	f1101f8233b16d980af348db666cbdb1b9772fa79c6fa8d7d6d9550c1f6a546d	not a metric of this report
tr03-official-1/1458-cell-b-0410-recovery-retract/trace.jsonl.gz	1727003	1cc52e428ea2c6eb5476af3907a5658580f3adfde3778aa723a1a5a3215fc810	too large (trace)
tr03-official-1/1459-cell-b-0410-batch/reference-10ms-differences.json.gz	23	f1101f8233b16d980af348db666cbdb1b9772fa79c6fa8d7d6d9550c1f6a546d	not a metric of this report
tr03-official-1/1459-cell-b-0410-batch/trace.jsonl.gz	1760384	4e2323c431cacaef3e72972280c487bd77b2dcec1f9e02720f1e4279fe2d6fd1	too large (trace)
tr03-official-1/1460-cell-b-0410-stroke75/constants.json	5779	23eb4ee6404d9bbca1675106843e233adf2dd72c0e37f275d0c9bb31194fcadb	plant-model file (private)
tr03-official-1/1460-cell-b-0410-stroke75/reference-10ms-differences.json.gz	23	f1101f8233b16d980af348db666cbdb1b9772fa79c6fa8d7d6d9550c1f6a546d	not a metric of this report
tr03-official-1/1460-cell-b-0410-stroke75/trace.jsonl.gz	1138394	0cf0daea18389bde47b15d26aa5de886599d2ea2c5a72764758ec57cfe22d768	too large (trace)
tr03-official-1/1461-cell-b-0410-flow060/constants.json	5759	749da6a9a3b578914850d85f44d3468ebdd2fefffb551566451d2e1a2d182a14	plant-model file (private)
tr03-official-1/1461-cell-b-0410-flow060/flow.plccell.json	33668	de3b752c6569074a823f5ee6945a6aea173d27e736d7f9764b3705dc16fcefb6	plant-model file (private)
tr03-official-1/1461-cell-b-0410-flow060/reference-10ms-differences.json.gz	23	f1101f8233b16d980af348db666cbdb1b9772fa79c6fa8d7d6d9550c1f6a546d	not a metric of this report
tr03-official-1/1461-cell-b-0410-flow060/trace.jsonl.gz	479547	5eb7f79698356c3aaf563fdb325dd5c1fde8e476f78fa95a35c4a6bb9f62a608	too large (trace)
tr03-official-1/1462-cell-b-0410-flow045/constants.json	5760	b60b895ae8a70ba009e8fef0331b36e4f055cc6e7e075ae19d01b37f763c0360	plant-model file (private)
tr03-official-1/1462-cell-b-0410-flow045/flow.plccell.json	33668	de3b752c6569074a823f5ee6945a6aea173d27e736d7f9764b3705dc16fcefb6	plant-model file (private)
tr03-official-1/1462-cell-b-0410-flow045/reference-10ms-differences.json.gz	23	f1101f8233b16d980af348db666cbdb1b9772fa79c6fa8d7d6d9550c1f6a546d	not a metric of this report
tr03-official-1/1462-cell-b-0410-flow045/trace.jsonl.gz	458055	2939d09ef1ca089cf3118ea6b5b8ebf3d063d06a92ece3496c66e7f219c81c75	too large (trace)
tr03-official-1/1463-cell-b-0412-normal-s1/reference-10ms-differences.json.gz	23	f1101f8233b16d980af348db666cbdb1b9772fa79c6fa8d7d6d9550c1f6a546d	not a metric of this report
tr03-official-1/1463-cell-b-0412-normal-s1/trace.jsonl.gz	2910434	84fd2d88b5a22e00821ca5a980263cb21180307f7e086012aa2fafc025053c1a	too large (trace)
tr03-official-1/1464-cell-b-0412-normal-s2/reference-10ms-differences.json.gz	23	f1101f8233b16d980af348db666cbdb1b9772fa79c6fa8d7d6d9550c1f6a546d	not a metric of this report
tr03-official-1/1464-cell-b-0412-normal-s2/trace.jsonl.gz	2692502	cf4dc704d1b98aecd8cb28bdedac4382366804e5c0f5ac2fa2511b2babec3c1d	too large (trace)
tr03-official-1/1465-cell-b-0412-normal-s3/reference-10ms-differences.json.gz	23	f1101f8233b16d980af348db666cbdb1b9772fa79c6fa8d7d6d9550c1f6a546d	not a metric of this report
tr03-official-1/1465-cell-b-0412-normal-s3/trace.jsonl.gz	2676509	9bf8453681a26c62ee0af6c43ce471950d95e26bc66611fa2c1d306b6d8dce41	too large (trace)
tr03-official-1/1466-cell-b-0412-cycle-stop/reference-10ms-differences.json.gz	23	f1101f8233b16d980af348db666cbdb1b9772fa79c6fa8d7d6d9550c1f6a546d	not a metric of this report
tr03-official-1/1466-cell-b-0412-cycle-stop/trace.jsonl.gz	636266	7384c9433a3ec70651614bb1569255bc8b54169725ef517d96afb48c8bf3d6c4	too large (trace)
tr03-official-1/1467-cell-b-0412-curtain/reference-10ms-differences.json.gz	23	f1101f8233b16d980af348db666cbdb1b9772fa79c6fa8d7d6d9550c1f6a546d	not a metric of this report
tr03-official-1/1467-cell-b-0412-curtain/trace.jsonl.gz	424717	e42c1eb66a9e749c93168ed824686ddcf9939391d1f4cd240dfd320cacce09c4	too large (trace)
tr03-official-1/1468-cell-b-0412-recovery/reference-10ms-differences.json.gz	23	f1101f8233b16d980af348db666cbdb1b9772fa79c6fa8d7d6d9550c1f6a546d	not a metric of this report
tr03-official-1/1468-cell-b-0412-recovery/trace.jsonl.gz	1729298	eac72f6a2e0d0eedb380e527af20ea53b56a384c3fb91c8b9a9d496c5fe93b98	too large (trace)
tr03-official-1/1469-cell-b-0412-recovery-retract/reference-10ms-differences.json.gz	23	f1101f8233b16d980af348db666cbdb1b9772fa79c6fa8d7d6d9550c1f6a546d	not a metric of this report
tr03-official-1/1469-cell-b-0412-recovery-retract/trace.jsonl.gz	1745043	e02922236af6fb07f60d2f2e36a47c5b37541863cdcad4daf5bcc9b0479dc2b0	too large (trace)
tr03-official-1/1470-cell-b-0412-batch/reference-10ms-differences.json.gz	23	f1101f8233b16d980af348db666cbdb1b9772fa79c6fa8d7d6d9550c1f6a546d	not a metric of this report
tr03-official-1/1470-cell-b-0412-batch/trace.jsonl.gz	1757103	2da23fd66ccd4bd2911c8b6123efa9e5f3ef0ce77f938781e85d6975807ea124	too large (trace)
tr03-official-1/1471-cell-b-0412-stroke75/constants.json	5779	23eb4ee6404d9bbca1675106843e233adf2dd72c0e37f275d0c9bb31194fcadb	plant-model file (private)
tr03-official-1/1471-cell-b-0412-stroke75/reference-10ms-differences.json.gz	23	f1101f8233b16d980af348db666cbdb1b9772fa79c6fa8d7d6d9550c1f6a546d	not a metric of this report
tr03-official-1/1471-cell-b-0412-stroke75/trace.jsonl.gz	1150823	f1278b25bc90bed1115044fdc464b4113cdd1bd31b61c8b12242e236dcd6303f	too large (trace)
tr03-official-1/1472-cell-b-0412-flow060/constants.json	5759	749da6a9a3b578914850d85f44d3468ebdd2fefffb551566451d2e1a2d182a14	plant-model file (private)
tr03-official-1/1472-cell-b-0412-flow060/flow.plccell.json	33668	de3b752c6569074a823f5ee6945a6aea173d27e736d7f9764b3705dc16fcefb6	plant-model file (private)
tr03-official-1/1472-cell-b-0412-flow060/reference-10ms-differences.json.gz	23	f1101f8233b16d980af348db666cbdb1b9772fa79c6fa8d7d6d9550c1f6a546d	not a metric of this report
tr03-official-1/1472-cell-b-0412-flow060/trace.jsonl.gz	481207	4464dc253d23f89accc76064bb67e6a29b6b41f1a5e5c67c2855fdae045e5c2d	too large (trace)
tr03-official-1/1473-cell-b-0412-flow045/constants.json	5760	b60b895ae8a70ba009e8fef0331b36e4f055cc6e7e075ae19d01b37f763c0360	plant-model file (private)
tr03-official-1/1473-cell-b-0412-flow045/flow.plccell.json	33668	de3b752c6569074a823f5ee6945a6aea173d27e736d7f9764b3705dc16fcefb6	plant-model file (private)
tr03-official-1/1473-cell-b-0412-flow045/reference-10ms-differences.json.gz	23	f1101f8233b16d980af348db666cbdb1b9772fa79c6fa8d7d6d9550c1f6a546d	not a metric of this report
tr03-official-1/1473-cell-b-0412-flow045/trace.jsonl.gz	466782	a593fa4911d96971d5db2d89ad27e253b154c1af39caca966ea3967bfe7d55d6	too large (trace)
tr03-official-1/1474-cell-b-0414-normal-s1/reference-10ms-differences.json.gz	23	f1101f8233b16d980af348db666cbdb1b9772fa79c6fa8d7d6d9550c1f6a546d	not a metric of this report
tr03-official-1/1474-cell-b-0414-normal-s1/trace.jsonl.gz	2910923	ce9fbe740b3d5b015603a45af185df83146aea7ff361ce9e2ceede35435a73d6	too large (trace)
tr03-official-1/1475-cell-b-0414-normal-s2/reference-10ms-differences.json.gz	23	f1101f8233b16d980af348db666cbdb1b9772fa79c6fa8d7d6d9550c1f6a546d	not a metric of this report
tr03-official-1/1475-cell-b-0414-normal-s2/trace.jsonl.gz	2695925	41c5d7929257541558e07cf818c2f11ad64fccba741daceed0c1fba0fd39bc44	too large (trace)
tr03-official-1/1476-cell-b-0414-normal-s3/reference-10ms-differences.json.gz	23	f1101f8233b16d980af348db666cbdb1b9772fa79c6fa8d7d6d9550c1f6a546d	not a metric of this report
tr03-official-1/1476-cell-b-0414-normal-s3/trace.jsonl.gz	2675370	e1aa44c8ee7fb104ec641782350f6a0fea7cbdb75a93983e9b41a2d13e46674b	too large (trace)
tr03-official-1/1477-cell-b-0414-cycle-stop/reference-10ms-differences.json.gz	23	f1101f8233b16d980af348db666cbdb1b9772fa79c6fa8d7d6d9550c1f6a546d	not a metric of this report
tr03-official-1/1477-cell-b-0414-cycle-stop/trace.jsonl.gz	630376	a05b86899f1336497e7186aa0ad2a0a6d3d5253d49777b9ce985fddd0aed6bc0	too large (trace)
tr03-official-1/1478-cell-b-0414-curtain/reference-10ms-differences.json.gz	23	f1101f8233b16d980af348db666cbdb1b9772fa79c6fa8d7d6d9550c1f6a546d	not a metric of this report
tr03-official-1/1478-cell-b-0414-curtain/trace.jsonl.gz	422215	ace801ebd7c952ac3f7b2d8e384bf5521d06357ee1db4751cd141079388be98c	too large (trace)
tr03-official-1/1479-cell-b-0414-recovery/reference-10ms-differences.json.gz	23	f1101f8233b16d980af348db666cbdb1b9772fa79c6fa8d7d6d9550c1f6a546d	not a metric of this report
tr03-official-1/1479-cell-b-0414-recovery/trace.jsonl.gz	1731309	38caec565684b5e9ca6d4e8c46528cf71fd8a625d9a0a257d2d9ef8070c2adea	too large (trace)
tr03-official-1/1480-cell-b-0414-recovery-retract/reference-10ms-differences.json.gz	23	f1101f8233b16d980af348db666cbdb1b9772fa79c6fa8d7d6d9550c1f6a546d	not a metric of this report
tr03-official-1/1480-cell-b-0414-recovery-retract/trace.jsonl.gz	1737267	51062cc5128c77905647736cff9f7020c5acd320c7425b676424df25f57de9eb	too large (trace)
tr03-official-1/1481-cell-b-0414-batch/reference-10ms-differences.json.gz	23	f1101f8233b16d980af348db666cbdb1b9772fa79c6fa8d7d6d9550c1f6a546d	not a metric of this report
tr03-official-1/1481-cell-b-0414-batch/trace.jsonl.gz	1750215	4b487684d6d7e875139fa62b9c775525809e2f23d2076776c685e1d7edbdd13d	too large (trace)
tr03-official-1/1482-cell-b-0414-stroke75/constants.json	5779	23eb4ee6404d9bbca1675106843e233adf2dd72c0e37f275d0c9bb31194fcadb	plant-model file (private)
tr03-official-1/1482-cell-b-0414-stroke75/reference-10ms-differences.json.gz	23	f1101f8233b16d980af348db666cbdb1b9772fa79c6fa8d7d6d9550c1f6a546d	not a metric of this report
tr03-official-1/1482-cell-b-0414-stroke75/trace.jsonl.gz	1150803	ccf65b7ca957a13d83900d7797204db60483616cbefe86433244e09d609782e5	too large (trace)
tr03-official-1/1483-cell-b-0414-flow060/constants.json	5759	749da6a9a3b578914850d85f44d3468ebdd2fefffb551566451d2e1a2d182a14	plant-model file (private)
tr03-official-1/1483-cell-b-0414-flow060/flow.plccell.json	33668	de3b752c6569074a823f5ee6945a6aea173d27e736d7f9764b3705dc16fcefb6	plant-model file (private)
tr03-official-1/1483-cell-b-0414-flow060/reference-10ms-differences.json.gz	23	f1101f8233b16d980af348db666cbdb1b9772fa79c6fa8d7d6d9550c1f6a546d	not a metric of this report
tr03-official-1/1483-cell-b-0414-flow060/trace.jsonl.gz	482752	2881dc18e782db2b6e7b84b24ac585ce947c5fa83ec051aa486b5b4bc52e7594	too large (trace)
tr03-official-1/1484-cell-b-0414-flow045/constants.json	5760	b60b895ae8a70ba009e8fef0331b36e4f055cc6e7e075ae19d01b37f763c0360	plant-model file (private)
tr03-official-1/1484-cell-b-0414-flow045/flow.plccell.json	33668	de3b752c6569074a823f5ee6945a6aea173d27e736d7f9764b3705dc16fcefb6	plant-model file (private)
tr03-official-1/1484-cell-b-0414-flow045/reference-10ms-differences.json.gz	23	f1101f8233b16d980af348db666cbdb1b9772fa79c6fa8d7d6d9550c1f6a546d	not a metric of this report
tr03-official-1/1484-cell-b-0414-flow045/trace.jsonl.gz	465143	aae40bcb528fd810f6cdc910bfc420e3bb85f047cc597e4a3814c9cb8e3fb87c	too large (trace)
tr03-official-1/1485-cell-b-0415-normal-s1/reference-10ms-differences.json.gz	64898	28270df2938ca23a4f5c13d0dd5428638591db4e516a9cb8293edb8a40d220cd	not a metric of this report
tr03-official-1/1485-cell-b-0415-normal-s1/trace.jsonl.gz	1703865	46f421c01f08a91c06374da9d02743a1fcd9557f3ff404463f61a475905198d6	too large (trace)
tr03-official-1/1486-cell-b-0415-normal-s2/reference-10ms-differences.json.gz	64898	28270df2938ca23a4f5c13d0dd5428638591db4e516a9cb8293edb8a40d220cd	not a metric of this report
tr03-official-1/1486-cell-b-0415-normal-s2/trace.jsonl.gz	1742524	9b03ec55fc46fc2c9cdc284fe40b1c5bb9507a0e0939a30124268fcf6dc9c7df	too large (trace)
tr03-official-1/1487-cell-b-0415-normal-s3/reference-10ms-differences.json.gz	64898	28270df2938ca23a4f5c13d0dd5428638591db4e516a9cb8293edb8a40d220cd	not a metric of this report
tr03-official-1/1487-cell-b-0415-normal-s3/trace.jsonl.gz	1714139	46673ba5e546e481b141773df7ae34522e31526e3c98677d9033f1ce9650c94c	too large (trace)
tr03-official-1/1488-cell-b-0415-cycle-stop/reference-10ms-differences.json.gz	16740	2d49268ec858a7a51373868287e782a07f8301aac728027779b2b6a5e8cf5b04	not a metric of this report
tr03-official-1/1488-cell-b-0415-cycle-stop/trace.jsonl.gz	411399	4a67c52ea078c22510d017074eca40b924ea7a84dd212298a6effc7195c76865	too large (trace)
tr03-official-1/1489-cell-b-0415-curtain/reference-10ms-differences.json.gz	14131	7e81fe5bb65273ad1d8890351d87f812eb5523a60ec6a6bb7d04655aa5dae606	not a metric of this report
tr03-official-1/1489-cell-b-0415-curtain/trace.jsonl.gz	347927	42d5a8ccb6497a31ab2dde3a7f4d7e7e8e5e9bf2bfaa66c069ffc9807ca59de0	too large (trace)
tr03-official-1/1490-cell-b-0415-recovery/reference-10ms-differences.json.gz	59271	0ea68d274ccd2fe5f9ae32d4fbe6042e5f869ea40ce3008855d9f923218f9773	not a metric of this report
tr03-official-1/1490-cell-b-0415-recovery/trace.jsonl.gz	1472778	3de6459cfda8807c2633aef7083d3ef5f22716ac3c0fca23140594e589d5534b	too large (trace)
tr03-official-1/1491-cell-b-0415-recovery-retract/reference-10ms-differences.json.gz	59271	a4c04e4762f9c5cca0592f6bc6d8db40fd26adfc7ad6e47d6a55e6c2e01922b7	not a metric of this report
tr03-official-1/1491-cell-b-0415-recovery-retract/trace.jsonl.gz	1463237	14ea53bb02097903dfbb6d40e8ed6725d9a385b9870314282b4694995611ee79	too large (trace)
tr03-official-1/1492-cell-b-0415-batch/reference-10ms-differences.json.gz	34603	e1bc5a8e3f08e23da4d612a372d7468b07141a4b222fba236b2f244ce66e69e2	not a metric of this report
tr03-official-1/1492-cell-b-0415-batch/trace.jsonl.gz	891771	195ef6c68d8dd76ce8df1c527433a34aabbf88ff461324eab9d6e2b100383647	too large (trace)
tr03-official-1/1493-cell-b-0415-stroke75/constants.json	5779	23eb4ee6404d9bbca1675106843e233adf2dd72c0e37f275d0c9bb31194fcadb	plant-model file (private)
tr03-official-1/1493-cell-b-0415-stroke75/reference-10ms-differences.json.gz	34603	e1bc5a8e3f08e23da4d612a372d7468b07141a4b222fba236b2f244ce66e69e2	not a metric of this report
tr03-official-1/1493-cell-b-0415-stroke75/trace.jsonl.gz	880451	fa353b36d65609da9cac1604126120f22ad12f927e483573ffd1c6b6ded5c61c	too large (trace)
tr03-official-1/1494-cell-b-0415-flow060/constants.json	5759	749da6a9a3b578914850d85f44d3468ebdd2fefffb551566451d2e1a2d182a14	plant-model file (private)
tr03-official-1/1494-cell-b-0415-flow060/flow.plccell.json	33668	de3b752c6569074a823f5ee6945a6aea173d27e736d7f9764b3705dc16fcefb6	plant-model file (private)
tr03-official-1/1494-cell-b-0415-flow060/reference-10ms-differences.json.gz	14131	7e81fe5bb65273ad1d8890351d87f812eb5523a60ec6a6bb7d04655aa5dae606	not a metric of this report
tr03-official-1/1494-cell-b-0415-flow060/trace.jsonl.gz	331123	1e9df10d071ba0baf8355ed413676ded4fb38607ba7f9a9cf99b89ff3f574dcc	too large (trace)
tr03-official-1/1495-cell-b-0415-flow045/constants.json	5760	b60b895ae8a70ba009e8fef0331b36e4f055cc6e7e075ae19d01b37f763c0360	plant-model file (private)
tr03-official-1/1495-cell-b-0415-flow045/flow.plccell.json	33668	de3b752c6569074a823f5ee6945a6aea173d27e736d7f9764b3705dc16fcefb6	plant-model file (private)
tr03-official-1/1495-cell-b-0415-flow045/reference-10ms-differences.json.gz	14131	7e81fe5bb65273ad1d8890351d87f812eb5523a60ec6a6bb7d04655aa5dae606	not a metric of this report
tr03-official-1/1495-cell-b-0415-flow045/trace.jsonl.gz	331123	e4d2a2d6ceb3c879e17652d6ca8604811e6ea57de5b893aa527960954bd29186	too large (trace)
tr03-official-1/1496-cell-b-0418-normal-s1/reference-10ms-differences.json.gz	64181	a107646e7271b6871373621866f66d5010733cb32bfa94f5f1a273142bde62e8	not a metric of this report
tr03-official-1/1496-cell-b-0418-normal-s1/trace.jsonl.gz	1602832	de6781b0ebc052e26b7b77ecc0f357f835bdc6baf04f4511a7c7297f22852e1b	too large (trace)
tr03-official-1/1497-cell-b-0418-normal-s2/reference-10ms-differences.json.gz	64181	a107646e7271b6871373621866f66d5010733cb32bfa94f5f1a273142bde62e8	not a metric of this report
tr03-official-1/1497-cell-b-0418-normal-s2/trace.jsonl.gz	1679615	a0fe553561442b7e82d556a43e1834fb0e4a7bc13877537e595f7138b86a4f5f	too large (trace)
tr03-official-1/1498-cell-b-0418-normal-s3/reference-10ms-differences.json.gz	64181	a107646e7271b6871373621866f66d5010733cb32bfa94f5f1a273142bde62e8	not a metric of this report
tr03-official-1/1498-cell-b-0418-normal-s3/trace.jsonl.gz	1650541	97a73fcfe8773b980ba5af712eddcbd9bbc76d73ad7bdbecb4e1f2e80c212069	too large (trace)
tr03-official-1/1499-cell-b-0418-cycle-stop/reference-10ms-differences.json.gz	16007	8d5f59181df57b71308ac233a4acb83130c991331593e5aad435222427c01bd1	not a metric of this report
tr03-official-1/1499-cell-b-0418-cycle-stop/trace.jsonl.gz	394683	0006080d820ee5d357cdf299e93a7c9940f2e4edd6fa458651c5cee9024d4e59	too large (trace)
tr03-official-1/1500-cell-b-0418-curtain/reference-10ms-differences.json.gz	13391	61630ec2535f7434d81286bb78fe509c803cc2040bf37e69b8bf0167899af579	not a metric of this report
tr03-official-1/1500-cell-b-0418-curtain/trace.jsonl.gz	332889	592b88b2eccc8ca6907722124c4198e476688d97a261a41e467ae4d254e30645	too large (trace)
tr03-official-1/1501-cell-b-0418-recovery/reference-10ms-differences.json.gz	45988	fec0afec30eff608cd67fa4c4d62f189b942f9f6df3aea37c45c9a6ac6c6a2ee	not a metric of this report
tr03-official-1/1501-cell-b-0418-recovery/trace.jsonl.gz	1133523	c8f38b795570c7b6236eca2067d856be2539334043dc23a78983cef202db24e7	too large (trace)
tr03-official-1/1502-cell-b-0418-recovery-retract/reference-10ms-differences.json.gz	45988	fec0afec30eff608cd67fa4c4d62f189b942f9f6df3aea37c45c9a6ac6c6a2ee	not a metric of this report
tr03-official-1/1502-cell-b-0418-recovery-retract/trace.jsonl.gz	1158735	e40256b13aa6877a47f93b3b29225fabd383ee4b8e1c0c32362095d920d35d85	too large (trace)
tr03-official-1/1503-cell-b-0418-batch/reference-10ms-differences.json.gz	33882	1d44ecbab357f42f775965795a32bddff5a51b791c537a09cc252736e2648aa4	not a metric of this report
tr03-official-1/1503-cell-b-0418-batch/trace.jsonl.gz	840868	b1c459f1d03af960dfac1e576566a24564304cc35b227fa672416983c4b17152	too large (trace)
tr03-official-1/1504-cell-b-0418-stroke75/constants.json	5779	23eb4ee6404d9bbca1675106843e233adf2dd72c0e37f275d0c9bb31194fcadb	plant-model file (private)
tr03-official-1/1504-cell-b-0418-stroke75/reference-10ms-differences.json.gz	33882	1d44ecbab357f42f775965795a32bddff5a51b791c537a09cc252736e2648aa4	not a metric of this report
tr03-official-1/1504-cell-b-0418-stroke75/trace.jsonl.gz	855932	9c159c4f99d83be2f897c10adad15439b0f7b102415e77a70061b68bfe9210c2	too large (trace)
tr03-official-1/1505-cell-b-0418-flow060/constants.json	5759	749da6a9a3b578914850d85f44d3468ebdd2fefffb551566451d2e1a2d182a14	plant-model file (private)
tr03-official-1/1505-cell-b-0418-flow060/flow.plccell.json	33668	de3b752c6569074a823f5ee6945a6aea173d27e736d7f9764b3705dc16fcefb6	plant-model file (private)
tr03-official-1/1505-cell-b-0418-flow060/reference-10ms-differences.json.gz	13391	61630ec2535f7434d81286bb78fe509c803cc2040bf37e69b8bf0167899af579	not a metric of this report
tr03-official-1/1505-cell-b-0418-flow060/trace.jsonl.gz	330557	7d421cc75510272f70c00a2ca968d35c57f198b053911e7021aaca1e99033472	too large (trace)
tr03-official-1/1506-cell-b-0418-flow045/constants.json	5760	b60b895ae8a70ba009e8fef0331b36e4f055cc6e7e075ae19d01b37f763c0360	plant-model file (private)
tr03-official-1/1506-cell-b-0418-flow045/flow.plccell.json	33668	de3b752c6569074a823f5ee6945a6aea173d27e736d7f9764b3705dc16fcefb6	plant-model file (private)
tr03-official-1/1506-cell-b-0418-flow045/reference-10ms-differences.json.gz	13391	61630ec2535f7434d81286bb78fe509c803cc2040bf37e69b8bf0167899af579	not a metric of this report
tr03-official-1/1506-cell-b-0418-flow045/trace.jsonl.gz	330558	1958489f9eef3ffc912412737a69083b8c504e0eee1499119f81b70fd3095159	too large (trace)
tr03-official-1/1507-cell-b-0419-normal-s1/reference-10ms-differences.json.gz	23	f1101f8233b16d980af348db666cbdb1b9772fa79c6fa8d7d6d9550c1f6a546d	not a metric of this report
tr03-official-1/1507-cell-b-0419-normal-s1/trace.jsonl.gz	2922148	050febe5d09b15c0af2ffd33ab79e3a922c422262777af5ee4f99cd1fe8ac199	too large (trace)
tr03-official-1/1508-cell-b-0419-normal-s2/reference-10ms-differences.json.gz	23	f1101f8233b16d980af348db666cbdb1b9772fa79c6fa8d7d6d9550c1f6a546d	not a metric of this report
tr03-official-1/1508-cell-b-0419-normal-s2/trace.jsonl.gz	2691024	a7c809fd706e0297916ebc7f43d020b87adae8f7236c77260ebfcb14931613e7	too large (trace)
tr03-official-1/1509-cell-b-0419-normal-s3/reference-10ms-differences.json.gz	23	f1101f8233b16d980af348db666cbdb1b9772fa79c6fa8d7d6d9550c1f6a546d	not a metric of this report
tr03-official-1/1509-cell-b-0419-normal-s3/trace.jsonl.gz	2680794	9e324f0157a5d091cb51a6d249d8fd2a020e7e82da84abeb90097de70475763b	too large (trace)
tr03-official-1/1510-cell-b-0419-cycle-stop/reference-10ms-differences.json.gz	23	f1101f8233b16d980af348db666cbdb1b9772fa79c6fa8d7d6d9550c1f6a546d	not a metric of this report
tr03-official-1/1510-cell-b-0419-cycle-stop/trace.jsonl.gz	635738	a65338e7053fbef8816a077198a28059390e3bf4a16627046fc5581f562cf8dc	too large (trace)
tr03-official-1/1511-cell-b-0419-curtain/reference-10ms-differences.json.gz	23	f1101f8233b16d980af348db666cbdb1b9772fa79c6fa8d7d6d9550c1f6a546d	not a metric of this report
tr03-official-1/1511-cell-b-0419-curtain/trace.jsonl.gz	436156	7178dbee38c81f61edd738d61a74ea055ed4f5ebdbc738794a83b5f50477223a	too large (trace)
tr03-official-1/1512-cell-b-0419-recovery/reference-10ms-differences.json.gz	33618	d19daad9e2ffe6a92a4721876d261e876fc349e80956ec7589508c69303172e2	not a metric of this report
tr03-official-1/1512-cell-b-0419-recovery/trace.jsonl.gz	1423053	09b638b0bced4aedb2b1c3c5a9d18cd78634a6cb5c21c6bbd9a9ee7f79288177	too large (trace)
tr03-official-1/1513-cell-b-0419-recovery-retract/reference-10ms-differences.json.gz	33825	c671efa3edf7fd2c34321958051d350539473e15b21b51a523018771d4e15605	not a metric of this report
tr03-official-1/1513-cell-b-0419-recovery-retract/trace.jsonl.gz	1504186	ebbea108c00e5cb73d9dc3ffaec90b5b59b542402df10a2b3a3d73923422184d	too large (trace)
tr03-official-1/1514-cell-b-0419-batch/reference-10ms-differences.json.gz	23	f1101f8233b16d980af348db666cbdb1b9772fa79c6fa8d7d6d9550c1f6a546d	not a metric of this report
tr03-official-1/1514-cell-b-0419-batch/trace.jsonl.gz	1747671	128709b8e70f7c43fe27bb395b771ecd505107c649483b995db4d3507bc97c9b	too large (trace)
tr03-official-1/1515-cell-b-0419-stroke75/constants.json	5779	23eb4ee6404d9bbca1675106843e233adf2dd72c0e37f275d0c9bb31194fcadb	plant-model file (private)
tr03-official-1/1515-cell-b-0419-stroke75/reference-10ms-differences.json.gz	23	f1101f8233b16d980af348db666cbdb1b9772fa79c6fa8d7d6d9550c1f6a546d	not a metric of this report
tr03-official-1/1515-cell-b-0419-stroke75/trace.jsonl.gz	1146881	138d1631a37d7cbd8a45b13b7ffb66824ffe7c566a5e194e404ebdaa20f1255e	too large (trace)
tr03-official-1/1516-cell-b-0419-flow060/constants.json	5759	749da6a9a3b578914850d85f44d3468ebdd2fefffb551566451d2e1a2d182a14	plant-model file (private)
tr03-official-1/1516-cell-b-0419-flow060/flow.plccell.json	33668	de3b752c6569074a823f5ee6945a6aea173d27e736d7f9764b3705dc16fcefb6	plant-model file (private)
tr03-official-1/1516-cell-b-0419-flow060/reference-10ms-differences.json.gz	23	f1101f8233b16d980af348db666cbdb1b9772fa79c6fa8d7d6d9550c1f6a546d	not a metric of this report
tr03-official-1/1516-cell-b-0419-flow060/trace.jsonl.gz	478536	befe1c7a77e5cb5c0d0cae70fe13bd4d41d2c34f23f7a60f27535dcafe0185b0	too large (trace)
tr03-official-1/1517-cell-b-0419-flow045/constants.json	5760	b60b895ae8a70ba009e8fef0331b36e4f055cc6e7e075ae19d01b37f763c0360	plant-model file (private)
tr03-official-1/1517-cell-b-0419-flow045/flow.plccell.json	33668	de3b752c6569074a823f5ee6945a6aea173d27e736d7f9764b3705dc16fcefb6	plant-model file (private)
tr03-official-1/1517-cell-b-0419-flow045/reference-10ms-differences.json.gz	23	f1101f8233b16d980af348db666cbdb1b9772fa79c6fa8d7d6d9550c1f6a546d	not a metric of this report
tr03-official-1/1517-cell-b-0419-flow045/trace.jsonl.gz	461998	b94de55a0ff6ada7da3e84de388cf4924deee2c8af94382910fc2a3c683524e8	too large (trace)
tr03-official-1/1518-cell-b-0420-normal-s1/reference-10ms-differences.json.gz	23	f1101f8233b16d980af348db666cbdb1b9772fa79c6fa8d7d6d9550c1f6a546d	not a metric of this report
tr03-official-1/1518-cell-b-0420-normal-s1/trace.jsonl.gz	2918654	ba81776d073bbf77462921d47f1cb28cce13a46387f95dc0921bb3be6511b996	too large (trace)
tr03-official-1/1519-cell-b-0420-normal-s2/reference-10ms-differences.json.gz	23	f1101f8233b16d980af348db666cbdb1b9772fa79c6fa8d7d6d9550c1f6a546d	not a metric of this report
tr03-official-1/1519-cell-b-0420-normal-s2/trace.jsonl.gz	2695580	5b2912e00d98f26f1c3b9507e73fbd1d06d1a59e3f027fdd14133a5143a9f9ef	too large (trace)
tr03-official-1/1520-cell-b-0420-normal-s3/reference-10ms-differences.json.gz	23	f1101f8233b16d980af348db666cbdb1b9772fa79c6fa8d7d6d9550c1f6a546d	not a metric of this report
tr03-official-1/1520-cell-b-0420-normal-s3/trace.jsonl.gz	2661804	66772c5e4c5266161b54f170c42cbce2d66e651df71b1e2ccfcfa4d6e38ad7c0	too large (trace)
tr03-official-1/1521-cell-b-0420-cycle-stop/reference-10ms-differences.json.gz	23	f1101f8233b16d980af348db666cbdb1b9772fa79c6fa8d7d6d9550c1f6a546d	not a metric of this report
tr03-official-1/1521-cell-b-0420-cycle-stop/trace.jsonl.gz	636976	4863802d4c666ba4d77bddddae13d8da3a193439394f8cd5bd61406d9779cc6a	too large (trace)
tr03-official-1/1522-cell-b-0420-curtain/reference-10ms-differences.json.gz	23	f1101f8233b16d980af348db666cbdb1b9772fa79c6fa8d7d6d9550c1f6a546d	not a metric of this report
tr03-official-1/1522-cell-b-0420-curtain/trace.jsonl.gz	433337	e963f0e5606b7be1850ec6960f4c4ca90d291388e26fffa416635f13bc650518	too large (trace)
tr03-official-1/1523-cell-b-0420-recovery/reference-10ms-differences.json.gz	42315	e24f434bc14193e4e1dc142959ef11923a43cb1aa164b371ebd1a4f3c092aa92	not a metric of this report
tr03-official-1/1523-cell-b-0420-recovery/trace.jsonl.gz	1747227	cf70cd2cbeb390c0634cd4a46cb1ef3d078862cbce14cd01096c49bf074ea78b	too large (trace)
tr03-official-1/1524-cell-b-0420-recovery-retract/reference-10ms-differences.json.gz	42717	cdaebb0712956cee69f58274aa0a8fedfa62c5ae626ae9c7c4a14caca80f2554	not a metric of this report
tr03-official-1/1524-cell-b-0420-recovery-retract/trace.jsonl.gz	1776125	b7abbf27f379bbbb5bf733958f1a6c54514247b26bcb7b7187a83b338a8a1cd2	too large (trace)
tr03-official-1/1525-cell-b-0420-batch/reference-10ms-differences.json.gz	23	f1101f8233b16d980af348db666cbdb1b9772fa79c6fa8d7d6d9550c1f6a546d	not a metric of this report
tr03-official-1/1525-cell-b-0420-batch/trace.jsonl.gz	1757432	003a4533cc65f43f534a967ec1ff6181c9063ec0a295b8643f607f0f17cb04c1	too large (trace)
tr03-official-1/1526-cell-b-0420-stroke75/constants.json	5779	23eb4ee6404d9bbca1675106843e233adf2dd72c0e37f275d0c9bb31194fcadb	plant-model file (private)
tr03-official-1/1526-cell-b-0420-stroke75/reference-10ms-differences.json.gz	23	f1101f8233b16d980af348db666cbdb1b9772fa79c6fa8d7d6d9550c1f6a546d	not a metric of this report
tr03-official-1/1526-cell-b-0420-stroke75/trace.jsonl.gz	1143149	9cf55439c1d2722aaeb1b43f2d237f33f01c884bc5ea76fea1862d2a48367b8f	too large (trace)
tr03-official-1/1527-cell-b-0420-flow060/constants.json	5759	749da6a9a3b578914850d85f44d3468ebdd2fefffb551566451d2e1a2d182a14	plant-model file (private)
tr03-official-1/1527-cell-b-0420-flow060/flow.plccell.json	33668	de3b752c6569074a823f5ee6945a6aea173d27e736d7f9764b3705dc16fcefb6	plant-model file (private)
tr03-official-1/1527-cell-b-0420-flow060/reference-10ms-differences.json.gz	23	f1101f8233b16d980af348db666cbdb1b9772fa79c6fa8d7d6d9550c1f6a546d	not a metric of this report
tr03-official-1/1527-cell-b-0420-flow060/trace.jsonl.gz	485277	f34ca8d961e9b8cd1aa3e47ff2c9e6c013846aa80920429494343850261017c4	too large (trace)
tr03-official-1/1528-cell-b-0420-flow045/constants.json	5760	b60b895ae8a70ba009e8fef0331b36e4f055cc6e7e075ae19d01b37f763c0360	plant-model file (private)
tr03-official-1/1528-cell-b-0420-flow045/flow.plccell.json	33668	de3b752c6569074a823f5ee6945a6aea173d27e736d7f9764b3705dc16fcefb6	plant-model file (private)
tr03-official-1/1528-cell-b-0420-flow045/reference-10ms-differences.json.gz	23	f1101f8233b16d980af348db666cbdb1b9772fa79c6fa8d7d6d9550c1f6a546d	not a metric of this report
tr03-official-1/1528-cell-b-0420-flow045/trace.jsonl.gz	463591	da4383250561dababa44f0bb49b38bd56c053fdee378f02e53c3605037510ec2	too large (trace)
tr03-official-1/1529-cell-b-0425-normal-s1/reference-10ms-differences.json.gz	23	f1101f8233b16d980af348db666cbdb1b9772fa79c6fa8d7d6d9550c1f6a546d	not a metric of this report
tr03-official-1/1529-cell-b-0425-normal-s1/trace.jsonl.gz	2916023	347fd08edddaaadc150a811b3418ddf1b16fa360afec6be1d9a761835b25701b	too large (trace)
tr03-official-1/1530-cell-b-0425-normal-s2/reference-10ms-differences.json.gz	23	f1101f8233b16d980af348db666cbdb1b9772fa79c6fa8d7d6d9550c1f6a546d	not a metric of this report
tr03-official-1/1530-cell-b-0425-normal-s2/trace.jsonl.gz	2707229	c1c2c2108586d6128eb3b1ffc2030f8e56c1c7393e2b3e961e7493b6794b54da	too large (trace)
tr03-official-1/1531-cell-b-0425-normal-s3/reference-10ms-differences.json.gz	23	f1101f8233b16d980af348db666cbdb1b9772fa79c6fa8d7d6d9550c1f6a546d	not a metric of this report
tr03-official-1/1531-cell-b-0425-normal-s3/trace.jsonl.gz	2671265	1f955613d16f1e32e2d1b2ed40846188360d7e3a96765f0eee0c60d29db49232	too large (trace)
tr03-official-1/1532-cell-b-0425-cycle-stop/reference-10ms-differences.json.gz	23	f1101f8233b16d980af348db666cbdb1b9772fa79c6fa8d7d6d9550c1f6a546d	not a metric of this report
tr03-official-1/1532-cell-b-0425-cycle-stop/trace.jsonl.gz	631205	cc5e3d54ef7eec6c79035d121f5fa35eae078266fe13687ccddf0e4456099900	too large (trace)
tr03-official-1/1533-cell-b-0425-curtain/reference-10ms-differences.json.gz	23	f1101f8233b16d980af348db666cbdb1b9772fa79c6fa8d7d6d9550c1f6a546d	not a metric of this report
tr03-official-1/1533-cell-b-0425-curtain/trace.jsonl.gz	425928	49c7d027201d49d2f2740ef3511e3c2990e12bfe7a1ae9f837090aa97d7414e6	too large (trace)
tr03-official-1/1534-cell-b-0425-recovery/reference-10ms-differences.json.gz	25614	d9da9f99289ce35890a3a19776f1732cff3da45d39d0b92d824ebb494414a879	not a metric of this report
tr03-official-1/1534-cell-b-0425-recovery/trace.jsonl.gz	1387009	f89dcf8661699fdb9f225d8714bef937fd1472b4b997e4eb75a5d45651fe52fa	too large (trace)
tr03-official-1/1535-cell-b-0425-recovery-retract/reference-10ms-differences.json.gz	25604	ff6ccb943618ea2d691e61d39ee6c3e2b73fc2ab4b2cae7ca1b939e3faa4d661	not a metric of this report
tr03-official-1/1535-cell-b-0425-recovery-retract/trace.jsonl.gz	1363669	0c2c763c0b191573497c4dd8d48fde74bc9f508803202f452fc2d43316024a2a	too large (trace)
tr03-official-1/1536-cell-b-0425-batch/reference-10ms-differences.json.gz	23	f1101f8233b16d980af348db666cbdb1b9772fa79c6fa8d7d6d9550c1f6a546d	not a metric of this report
tr03-official-1/1536-cell-b-0425-batch/trace.jsonl.gz	1753004	22e5a58a3fb1fb3225e63f1cca9d1f9fd1a550040de16596b0da4b7482daeb2e	too large (trace)
tr03-official-1/1537-cell-b-0425-stroke75/constants.json	5779	23eb4ee6404d9bbca1675106843e233adf2dd72c0e37f275d0c9bb31194fcadb	plant-model file (private)
tr03-official-1/1537-cell-b-0425-stroke75/reference-10ms-differences.json.gz	23	f1101f8233b16d980af348db666cbdb1b9772fa79c6fa8d7d6d9550c1f6a546d	not a metric of this report
tr03-official-1/1537-cell-b-0425-stroke75/trace.jsonl.gz	1139456	7855bff325765b315390fe04c1b8408f3232b0e674c2ec8f9b74e2ce5e4b96c7	too large (trace)
tr03-official-1/1538-cell-b-0425-flow060/constants.json	5759	749da6a9a3b578914850d85f44d3468ebdd2fefffb551566451d2e1a2d182a14	plant-model file (private)
tr03-official-1/1538-cell-b-0425-flow060/flow.plccell.json	33668	de3b752c6569074a823f5ee6945a6aea173d27e736d7f9764b3705dc16fcefb6	plant-model file (private)
tr03-official-1/1538-cell-b-0425-flow060/reference-10ms-differences.json.gz	23	f1101f8233b16d980af348db666cbdb1b9772fa79c6fa8d7d6d9550c1f6a546d	not a metric of this report
tr03-official-1/1538-cell-b-0425-flow060/trace.jsonl.gz	483291	cce0681d7552e5942b5c65d8434212d52f3f53a9b86a5328de1ef276075260d5	too large (trace)
tr03-official-1/1539-cell-b-0425-flow045/constants.json	5760	b60b895ae8a70ba009e8fef0331b36e4f055cc6e7e075ae19d01b37f763c0360	plant-model file (private)
tr03-official-1/1539-cell-b-0425-flow045/flow.plccell.json	33668	de3b752c6569074a823f5ee6945a6aea173d27e736d7f9764b3705dc16fcefb6	plant-model file (private)
tr03-official-1/1539-cell-b-0425-flow045/reference-10ms-differences.json.gz	23	f1101f8233b16d980af348db666cbdb1b9772fa79c6fa8d7d6d9550c1f6a546d	not a metric of this report
tr03-official-1/1539-cell-b-0425-flow045/trace.jsonl.gz	458185	cda5777a020a4b0c7bc5f1897bcaebb91ca242e70cb1c3dc41e586c67e50fce0	too large (trace)
tr03-official-1/1540-cell-b-0426-normal-s1/reference-10ms-differences.json.gz	92406	e5cccae4337e2271592c0e6a3fd1013e9fdb33a9c7375e553863944c9d86441c	not a metric of this report
tr03-official-1/1540-cell-b-0426-normal-s1/trace.jsonl.gz	2462248	9917101e030630c26546b8d29236786d0f2d89e541343692274df797bed580e1	too large (trace)
tr03-official-1/1541-cell-b-0426-normal-s2/reference-10ms-differences.json.gz	92406	e5cccae4337e2271592c0e6a3fd1013e9fdb33a9c7375e553863944c9d86441c	not a metric of this report
tr03-official-1/1541-cell-b-0426-normal-s2/trace.jsonl.gz	2440406	68259f060be372f322ad55628b8080713a8fb3ce71b048e32e0df0ffa42e0572	too large (trace)
tr03-official-1/1542-cell-b-0426-normal-s3/reference-10ms-differences.json.gz	92406	e5cccae4337e2271592c0e6a3fd1013e9fdb33a9c7375e553863944c9d86441c	not a metric of this report
tr03-official-1/1542-cell-b-0426-normal-s3/trace.jsonl.gz	2443484	8f3715e5568f8200be495cc55d944c6c5efc7970182773de862d77780ae265a3	too large (trace)
tr03-official-1/1543-cell-b-0426-cycle-stop/reference-10ms-differences.json.gz	22309	56f6a241ec0070816bcd9e0a1eef1b2d4bb220e905f4a5c64f80dd0b5288b7c0	not a metric of this report
tr03-official-1/1543-cell-b-0426-cycle-stop/trace.jsonl.gz	589396	3e259d71df440aa7efd2c3edc37a456f1b6eda2f4b24598312b13c08b40cc8fd	too large (trace)
tr03-official-1/1544-cell-b-0426-curtain/reference-10ms-differences.json.gz	18574	8976d9b3f4c8ade06fd4f40d835eef3c54a6418d2c217bf9a5f2f17e7d9e5f67	not a metric of this report
tr03-official-1/1544-cell-b-0426-curtain/trace.jsonl.gz	496254	aa814eb5847316002a82721c938001c374e3a638fa1fbdd7f6dde72e25ea7866	too large (trace)
tr03-official-1/1545-cell-b-0426-recovery/reference-10ms-differences.json.gz	62882	1940d8d9d2cc5a2169b13a4de57788d79257f481d9b267c6ec97e3a67c0dc59b	not a metric of this report
tr03-official-1/1545-cell-b-0426-recovery/trace.jsonl.gz	1632189	9701d01a4f959ae75f31ba50291001605b4e9f9698df352279707a6b32f958c5	too large (trace)
tr03-official-1/1546-cell-b-0426-recovery-retract/reference-10ms-differences.json.gz	63462	cb55196c4a13e24280996308d7ee7b055efe5310f75bf3823c8fabbcbf9ec4fd	not a metric of this report
tr03-official-1/1546-cell-b-0426-recovery-retract/trace.jsonl.gz	1637250	ef8920f1026f5204bc83563473ff27e703a6f5efcf3f429fbcac393168e2a273	too large (trace)
tr03-official-1/1547-cell-b-0426-batch/reference-10ms-differences.json.gz	48157	025798177d31e491ef021d6afa1b657d594ca5b4742e2e9d862285d19b2f80a8	not a metric of this report
tr03-official-1/1547-cell-b-0426-batch/trace.jsonl.gz	1284058	74b440ae9e2dd5bcda374201129ae77d27b3d45e1f56f3222ad229bc5701b682	too large (trace)
tr03-official-1/1548-cell-b-0426-stroke75/constants.json	5779	23eb4ee6404d9bbca1675106843e233adf2dd72c0e37f275d0c9bb31194fcadb	plant-model file (private)
tr03-official-1/1548-cell-b-0426-stroke75/reference-10ms-differences.json.gz	48157	025798177d31e491ef021d6afa1b657d594ca5b4742e2e9d862285d19b2f80a8	not a metric of this report
tr03-official-1/1548-cell-b-0426-stroke75/trace.jsonl.gz	1282264	bb0af926a6baeb51bc5dd6a060f6f8adab9d9f1c1bcb0c38a75f4c4f2d59be1a	too large (trace)
tr03-official-1/1549-cell-b-0426-flow060/constants.json	5759	749da6a9a3b578914850d85f44d3468ebdd2fefffb551566451d2e1a2d182a14	plant-model file (private)
tr03-official-1/1549-cell-b-0426-flow060/flow.plccell.json	33668	de3b752c6569074a823f5ee6945a6aea173d27e736d7f9764b3705dc16fcefb6	plant-model file (private)
tr03-official-1/1549-cell-b-0426-flow060/reference-10ms-differences.json.gz	18574	8976d9b3f4c8ade06fd4f40d835eef3c54a6418d2c217bf9a5f2f17e7d9e5f67	not a metric of this report
tr03-official-1/1549-cell-b-0426-flow060/trace.jsonl.gz	482703	7014494947587385c7f1bd5521dc7b453e4534ce2d4a94958d896e59dec3af4b	too large (trace)
tr03-official-1/1550-cell-b-0426-flow045/constants.json	5760	b60b895ae8a70ba009e8fef0331b36e4f055cc6e7e075ae19d01b37f763c0360	plant-model file (private)
tr03-official-1/1550-cell-b-0426-flow045/flow.plccell.json	33668	de3b752c6569074a823f5ee6945a6aea173d27e736d7f9764b3705dc16fcefb6	plant-model file (private)
tr03-official-1/1550-cell-b-0426-flow045/reference-10ms-differences.json.gz	18574	8976d9b3f4c8ade06fd4f40d835eef3c54a6418d2c217bf9a5f2f17e7d9e5f67	not a metric of this report
tr03-official-1/1550-cell-b-0426-flow045/trace.jsonl.gz	482701	b62b654c4401f5d84fde018a7858245c4be28f968e7cd16b1a14fe522d1820e9	too large (trace)
tr03-official-1/1551-cell-b-0432-normal-s1/reference-10ms-differences.json.gz	23	f1101f8233b16d980af348db666cbdb1b9772fa79c6fa8d7d6d9550c1f6a546d	not a metric of this report
tr03-official-1/1551-cell-b-0432-normal-s1/trace.jsonl.gz	2926402	444ce640c6b5b857dc783fae66eaad7fc5c21e20349bdf118d3ddfbc7dc6b3bc	too large (trace)
tr03-official-1/1552-cell-b-0432-normal-s2/reference-10ms-differences.json.gz	23	f1101f8233b16d980af348db666cbdb1b9772fa79c6fa8d7d6d9550c1f6a546d	not a metric of this report
tr03-official-1/1552-cell-b-0432-normal-s2/trace.jsonl.gz	2702404	0bce34f06a9863fc414cfd83dcea09c3af0f69531c6afe016f6b0e4d352177b6	too large (trace)
tr03-official-1/1553-cell-b-0432-normal-s3/reference-10ms-differences.json.gz	23	f1101f8233b16d980af348db666cbdb1b9772fa79c6fa8d7d6d9550c1f6a546d	not a metric of this report
tr03-official-1/1553-cell-b-0432-normal-s3/trace.jsonl.gz	2685580	e3b22da07536cd9dad7c1aec52045665e0b645e259996d3d278b96c146ad10b9	too large (trace)
tr03-official-1/1554-cell-b-0432-cycle-stop/reference-10ms-differences.json.gz	23	f1101f8233b16d980af348db666cbdb1b9772fa79c6fa8d7d6d9550c1f6a546d	not a metric of this report
tr03-official-1/1554-cell-b-0432-cycle-stop/trace.jsonl.gz	635732	6792491da8dabd063d6bfd62f6fcf7e0680847be82bc3b84581bc21509d349c3	too large (trace)
tr03-official-1/1555-cell-b-0432-curtain/reference-10ms-differences.json.gz	23	f1101f8233b16d980af348db666cbdb1b9772fa79c6fa8d7d6d9550c1f6a546d	not a metric of this report
tr03-official-1/1555-cell-b-0432-curtain/trace.jsonl.gz	427677	4412573a6dac507f21040d41cf3d05e09f2f76853a4f7804e57a72894986c604	too large (trace)
tr03-official-1/1556-cell-b-0432-recovery/reference-10ms-differences.json.gz	23	f1101f8233b16d980af348db666cbdb1b9772fa79c6fa8d7d6d9550c1f6a546d	not a metric of this report
tr03-official-1/1556-cell-b-0432-recovery/trace.jsonl.gz	1732968	8c2ec4c4ee5814953172507888568ab5c9e169efeba7a4673d8743ddeac1e92f	too large (trace)
tr03-official-1/1557-cell-b-0432-recovery-retract/reference-10ms-differences.json.gz	23	f1101f8233b16d980af348db666cbdb1b9772fa79c6fa8d7d6d9550c1f6a546d	not a metric of this report
tr03-official-1/1557-cell-b-0432-recovery-retract/trace.jsonl.gz	1747590	2de10745705e0f1a7d0c2b8bd3916c362c87a1cecfc8f15affd3a261e085561f	too large (trace)
tr03-official-1/1558-cell-b-0432-batch/reference-10ms-differences.json.gz	23	f1101f8233b16d980af348db666cbdb1b9772fa79c6fa8d7d6d9550c1f6a546d	not a metric of this report
tr03-official-1/1558-cell-b-0432-batch/trace.jsonl.gz	1758189	ae9923afba46d708bdc41490f37ef33485454a3079a0f0e38203a97fce46dc7a	too large (trace)
tr03-official-1/1559-cell-b-0432-stroke75/constants.json	5779	23eb4ee6404d9bbca1675106843e233adf2dd72c0e37f275d0c9bb31194fcadb	plant-model file (private)
tr03-official-1/1559-cell-b-0432-stroke75/reference-10ms-differences.json.gz	23	f1101f8233b16d980af348db666cbdb1b9772fa79c6fa8d7d6d9550c1f6a546d	not a metric of this report
tr03-official-1/1559-cell-b-0432-stroke75/trace.jsonl.gz	1142733	bc916eb845c63354bd9b776713e8395f56b8ce98d813ab8cdfaf73ae5fdac8ac	too large (trace)
tr03-official-1/1560-cell-b-0432-flow060/constants.json	5759	749da6a9a3b578914850d85f44d3468ebdd2fefffb551566451d2e1a2d182a14	plant-model file (private)
tr03-official-1/1560-cell-b-0432-flow060/flow.plccell.json	33668	de3b752c6569074a823f5ee6945a6aea173d27e736d7f9764b3705dc16fcefb6	plant-model file (private)
tr03-official-1/1560-cell-b-0432-flow060/reference-10ms-differences.json.gz	23	f1101f8233b16d980af348db666cbdb1b9772fa79c6fa8d7d6d9550c1f6a546d	not a metric of this report
tr03-official-1/1560-cell-b-0432-flow060/trace.jsonl.gz	482344	fe60e0a3345ee1084e705376c8d131fb4ef38c9191d32cf5297f9c5fdd70de3c	too large (trace)
tr03-official-1/1561-cell-b-0432-flow045/constants.json	5760	b60b895ae8a70ba009e8fef0331b36e4f055cc6e7e075ae19d01b37f763c0360	plant-model file (private)
tr03-official-1/1561-cell-b-0432-flow045/flow.plccell.json	33668	de3b752c6569074a823f5ee6945a6aea173d27e736d7f9764b3705dc16fcefb6	plant-model file (private)
tr03-official-1/1561-cell-b-0432-flow045/reference-10ms-differences.json.gz	23	f1101f8233b16d980af348db666cbdb1b9772fa79c6fa8d7d6d9550c1f6a546d	not a metric of this report
tr03-official-1/1561-cell-b-0432-flow045/trace.jsonl.gz	461393	9ad6b98394412fc2e729510ea82e016242a48d5bc1151e55647a20b886742048	too large (trace)
tr03-official-1/1562-cell-b-0434-normal-s1/reference-10ms-differences.json.gz	23	f1101f8233b16d980af348db666cbdb1b9772fa79c6fa8d7d6d9550c1f6a546d	not a metric of this report
tr03-official-1/1562-cell-b-0434-normal-s1/trace.jsonl.gz	2910430	fc27fd54f3641ed64d851ab8ef244819825cf4095a7cda08f3eae8e06fe56fdf	too large (trace)
tr03-official-1/1563-cell-b-0434-normal-s2/reference-10ms-differences.json.gz	23	f1101f8233b16d980af348db666cbdb1b9772fa79c6fa8d7d6d9550c1f6a546d	not a metric of this report
tr03-official-1/1563-cell-b-0434-normal-s2/trace.jsonl.gz	2692769	f8662948099d18cb7c40d7dec6743499ee698ce32db03403ab697283bef27ddf	too large (trace)
tr03-official-1/1564-cell-b-0434-normal-s3/reference-10ms-differences.json.gz	23	f1101f8233b16d980af348db666cbdb1b9772fa79c6fa8d7d6d9550c1f6a546d	not a metric of this report
tr03-official-1/1564-cell-b-0434-normal-s3/trace.jsonl.gz	2681786	a5175a4eaedf7d81a96633737b9096dee978cdf9f8b2a9cf146f65f9c18d189f	too large (trace)
tr03-official-1/1565-cell-b-0434-cycle-stop/reference-10ms-differences.json.gz	23	f1101f8233b16d980af348db666cbdb1b9772fa79c6fa8d7d6d9550c1f6a546d	not a metric of this report
tr03-official-1/1565-cell-b-0434-cycle-stop/trace.jsonl.gz	633102	4c439cd64e729ec27d3d150b3662d0241c1507ba44864fbb63fcfc9ecdd0da5b	too large (trace)
tr03-official-1/1566-cell-b-0434-curtain/reference-10ms-differences.json.gz	23	f1101f8233b16d980af348db666cbdb1b9772fa79c6fa8d7d6d9550c1f6a546d	not a metric of this report
tr03-official-1/1566-cell-b-0434-curtain/trace.jsonl.gz	426052	b2f287884134494f2ed62ffb5e66dfbe845cfa9e49e167b7ba68b288847883dc	too large (trace)
tr03-official-1/1567-cell-b-0434-recovery/reference-10ms-differences.json.gz	23	f1101f8233b16d980af348db666cbdb1b9772fa79c6fa8d7d6d9550c1f6a546d	not a metric of this report
tr03-official-1/1567-cell-b-0434-recovery/trace.jsonl.gz	1724481	776189bb145bbfb28593aae927f27447331a32481b384dc0bde40b2a2beb34b0	too large (trace)
tr03-official-1/1568-cell-b-0434-recovery-retract/reference-10ms-differences.json.gz	23	f1101f8233b16d980af348db666cbdb1b9772fa79c6fa8d7d6d9550c1f6a546d	not a metric of this report
tr03-official-1/1568-cell-b-0434-recovery-retract/trace.jsonl.gz	1746948	d89520e8a8da801bb2d5a6dd5859e86e3d449ac83c61b83bbf887b13ab984acd	too large (trace)
tr03-official-1/1569-cell-b-0434-batch/reference-10ms-differences.json.gz	23	f1101f8233b16d980af348db666cbdb1b9772fa79c6fa8d7d6d9550c1f6a546d	not a metric of this report
tr03-official-1/1569-cell-b-0434-batch/trace.jsonl.gz	1750271	180f0b2285883f96d1fc14bc2010a148e04bc276855e3c98db4c5d098e7c1a51	too large (trace)
tr03-official-1/1570-cell-b-0434-stroke75/constants.json	5779	23eb4ee6404d9bbca1675106843e233adf2dd72c0e37f275d0c9bb31194fcadb	plant-model file (private)
tr03-official-1/1570-cell-b-0434-stroke75/reference-10ms-differences.json.gz	23	f1101f8233b16d980af348db666cbdb1b9772fa79c6fa8d7d6d9550c1f6a546d	not a metric of this report
tr03-official-1/1570-cell-b-0434-stroke75/trace.jsonl.gz	1146978	9de59116e3767ed8b492aadfe1c4ef38c231b500b57aad87621d44ec7415ebdd	too large (trace)
tr03-official-1/1571-cell-b-0434-flow060/constants.json	5759	749da6a9a3b578914850d85f44d3468ebdd2fefffb551566451d2e1a2d182a14	plant-model file (private)
tr03-official-1/1571-cell-b-0434-flow060/flow.plccell.json	33668	de3b752c6569074a823f5ee6945a6aea173d27e736d7f9764b3705dc16fcefb6	plant-model file (private)
tr03-official-1/1571-cell-b-0434-flow060/reference-10ms-differences.json.gz	23	f1101f8233b16d980af348db666cbdb1b9772fa79c6fa8d7d6d9550c1f6a546d	not a metric of this report
tr03-official-1/1571-cell-b-0434-flow060/trace.jsonl.gz	482022	eaf72f11cc08e93732b9b4e44ab846b5557e8add2cb46f3b4c9201be63045f08	too large (trace)
tr03-official-1/1572-cell-b-0434-flow045/constants.json	5760	b60b895ae8a70ba009e8fef0331b36e4f055cc6e7e075ae19d01b37f763c0360	plant-model file (private)
tr03-official-1/1572-cell-b-0434-flow045/flow.plccell.json	33668	de3b752c6569074a823f5ee6945a6aea173d27e736d7f9764b3705dc16fcefb6	plant-model file (private)
tr03-official-1/1572-cell-b-0434-flow045/reference-10ms-differences.json.gz	23	f1101f8233b16d980af348db666cbdb1b9772fa79c6fa8d7d6d9550c1f6a546d	not a metric of this report
tr03-official-1/1572-cell-b-0434-flow045/trace.jsonl.gz	458932	2fb8e80fb1f6f391655e2c682bcb628ef44acf9963b878e3b69071d18ea66769	too large (trace)
tr03-official-1/1573-cell-b-0435-normal-s1/reference-10ms-differences.json.gz	64896	54fde776d8d2e1fa282f5b3094c8fe1e8f044fb73a93aac6d10a3bdd110ddc10	not a metric of this report
tr03-official-1/1573-cell-b-0435-normal-s1/trace.jsonl.gz	1700688	31b3e46c39de95e935c288dc3d90c5308458f35dce64396546218cf7e1ff2a50	too large (trace)
tr03-official-1/1574-cell-b-0435-normal-s2/reference-10ms-differences.json.gz	64896	54fde776d8d2e1fa282f5b3094c8fe1e8f044fb73a93aac6d10a3bdd110ddc10	not a metric of this report
tr03-official-1/1574-cell-b-0435-normal-s2/trace.jsonl.gz	1729528	f058ee6e52052f45f3703ba34a0838b8b509641c7554be8345380b13ed653277	too large (trace)
tr03-official-1/1575-cell-b-0435-normal-s3/reference-10ms-differences.json.gz	64896	54fde776d8d2e1fa282f5b3094c8fe1e8f044fb73a93aac6d10a3bdd110ddc10	not a metric of this report
tr03-official-1/1575-cell-b-0435-normal-s3/trace.jsonl.gz	1722446	167c17f358929954c1425e9b22a07b08669c451ef3ebf41f7e981e7587e85f88	too large (trace)
tr03-official-1/1576-cell-b-0435-cycle-stop/reference-10ms-differences.json.gz	16739	fef6c2a0527fa6ddb6737aa51e1ce5ed22efe58571a0884fff015372681f3747	not a metric of this report
tr03-official-1/1576-cell-b-0435-cycle-stop/trace.jsonl.gz	414368	788c0b4e34a54dd4ca406fced5ef81c5dfe9e68d5b8d8eceb9fccc7a4dd56f54	too large (trace)
tr03-official-1/1577-cell-b-0435-curtain/reference-10ms-differences.json.gz	14130	14cf8c5acebacb78cd3bfd73f1dbeae9c7a250cf06fea400f61dabae8550829a	not a metric of this report
tr03-official-1/1577-cell-b-0435-curtain/trace.jsonl.gz	344102	41c31904e38a12350104c8d7445a8777077e826ec5dced12909d4a16dacc4d69	too large (trace)
tr03-official-1/1578-cell-b-0435-recovery/reference-10ms-differences.json.gz	59290	5aeeaaaaa22822f9b310c6d9fe9af8ae914421e0b3362768fef0c673f5202617	not a metric of this report
tr03-official-1/1578-cell-b-0435-recovery/trace.jsonl.gz	1474465	083100c07bc7689f9067a98fc6bc75aaaabdb68e3b5d228d35b6aa261651725a	too large (trace)
tr03-official-1/1579-cell-b-0435-recovery-retract/reference-10ms-differences.json.gz	59289	366c67697b394d16ec7dd679705004cb9417effec54be7fc0c326aa984a472a8	not a metric of this report
tr03-official-1/1579-cell-b-0435-recovery-retract/trace.jsonl.gz	1473633	30c78c623c7f30f2fa63be9162ede3d8b00223a7ea7de1cc0a75cbc5bf7878d6	too large (trace)
tr03-official-1/1580-cell-b-0435-batch/reference-10ms-differences.json.gz	34602	744a5baa529022957bad39cc1eac4ea622b08331757d722a49c9f657955b4124	not a metric of this report
tr03-official-1/1580-cell-b-0435-batch/trace.jsonl.gz	891245	7c5dc5bd4a33efe45c34f6afc2ecdfef389085c475b2fa102ee23ae94079e34f	too large (trace)
tr03-official-1/1581-cell-b-0435-stroke75/constants.json	5779	23eb4ee6404d9bbca1675106843e233adf2dd72c0e37f275d0c9bb31194fcadb	plant-model file (private)
tr03-official-1/1581-cell-b-0435-stroke75/reference-10ms-differences.json.gz	34602	744a5baa529022957bad39cc1eac4ea622b08331757d722a49c9f657955b4124	not a metric of this report
tr03-official-1/1581-cell-b-0435-stroke75/trace.jsonl.gz	875479	09281faac3bf88ba49e6b93f83427b89dd26cba8aa0ac6242d7872b8e8837560	too large (trace)
tr03-official-1/1582-cell-b-0435-flow060/constants.json	5759	749da6a9a3b578914850d85f44d3468ebdd2fefffb551566451d2e1a2d182a14	plant-model file (private)
tr03-official-1/1582-cell-b-0435-flow060/flow.plccell.json	33668	de3b752c6569074a823f5ee6945a6aea173d27e736d7f9764b3705dc16fcefb6	plant-model file (private)
tr03-official-1/1582-cell-b-0435-flow060/reference-10ms-differences.json.gz	14130	14cf8c5acebacb78cd3bfd73f1dbeae9c7a250cf06fea400f61dabae8550829a	not a metric of this report
tr03-official-1/1582-cell-b-0435-flow060/trace.jsonl.gz	340615	22951eb1c3021ae0fa325ee1c151cad6f43ee515a2d9000aed0b17ed2953d8b1	too large (trace)
tr03-official-1/1583-cell-b-0435-flow045/constants.json	5760	b60b895ae8a70ba009e8fef0331b36e4f055cc6e7e075ae19d01b37f763c0360	plant-model file (private)
tr03-official-1/1583-cell-b-0435-flow045/flow.plccell.json	33668	de3b752c6569074a823f5ee6945a6aea173d27e736d7f9764b3705dc16fcefb6	plant-model file (private)
tr03-official-1/1583-cell-b-0435-flow045/reference-10ms-differences.json.gz	14130	14cf8c5acebacb78cd3bfd73f1dbeae9c7a250cf06fea400f61dabae8550829a	not a metric of this report
tr03-official-1/1583-cell-b-0435-flow045/trace.jsonl.gz	340616	0f1928964a4c9f5e1c2d69e0baa56a8b80a7feab2cff7930594bdb1b17eaad31	too large (trace)
tr03-official-1/1584-cell-b-0437-normal-s1/reference-10ms-differences.json.gz	23	f1101f8233b16d980af348db666cbdb1b9772fa79c6fa8d7d6d9550c1f6a546d	not a metric of this report
tr03-official-1/1584-cell-b-0437-normal-s1/trace.jsonl.gz	2922929	6a25b7697c5413ddb7450dc513590994978991f411188b71235014b04333bc53	too large (trace)
tr03-official-1/1585-cell-b-0437-normal-s2/reference-10ms-differences.json.gz	23	f1101f8233b16d980af348db666cbdb1b9772fa79c6fa8d7d6d9550c1f6a546d	not a metric of this report
tr03-official-1/1585-cell-b-0437-normal-s2/trace.jsonl.gz	2698466	61b322843ddf658edfc67fa404d31e5c012e6a02dd76eef1c175a69a0b85ea3a	too large (trace)
tr03-official-1/1586-cell-b-0437-normal-s3/reference-10ms-differences.json.gz	23	f1101f8233b16d980af348db666cbdb1b9772fa79c6fa8d7d6d9550c1f6a546d	not a metric of this report
tr03-official-1/1586-cell-b-0437-normal-s3/trace.jsonl.gz	2668308	fd9f35dc878c7b27251c48922d359ba2e733b4c28d6785dbbfaf3cdda1f21cf0	too large (trace)
tr03-official-1/1587-cell-b-0437-cycle-stop/reference-10ms-differences.json.gz	23	f1101f8233b16d980af348db666cbdb1b9772fa79c6fa8d7d6d9550c1f6a546d	not a metric of this report
tr03-official-1/1587-cell-b-0437-cycle-stop/trace.jsonl.gz	635978	8634c88f52f7ab3e2db5b9a6cbd10296f2fda4d97acefcbcb42462a4fcded8fb	too large (trace)
tr03-official-1/1588-cell-b-0437-curtain/reference-10ms-differences.json.gz	23	f1101f8233b16d980af348db666cbdb1b9772fa79c6fa8d7d6d9550c1f6a546d	not a metric of this report
tr03-official-1/1588-cell-b-0437-curtain/trace.jsonl.gz	423609	9571b75474f8726609d3a59511ee685946b992a1628b26975665835f14d429ee	too large (trace)
tr03-official-1/1589-cell-b-0437-recovery/reference-10ms-differences.json.gz	33618	d19daad9e2ffe6a92a4721876d261e876fc349e80956ec7589508c69303172e2	not a metric of this report
tr03-official-1/1589-cell-b-0437-recovery/trace.jsonl.gz	1422302	f06f303dbb1537f9c1f8158dda37cf8d7429e74e4cc2d4be4d82d1c3780e73dc	too large (trace)
tr03-official-1/1590-cell-b-0437-recovery-retract/reference-10ms-differences.json.gz	33825	c671efa3edf7fd2c34321958051d350539473e15b21b51a523018771d4e15605	not a metric of this report
tr03-official-1/1590-cell-b-0437-recovery-retract/trace.jsonl.gz	1504395	cb4a1b58f67831475456925cabd165f2fc64916c293ed5edf314de9d30556da3	too large (trace)
tr03-official-1/1591-cell-b-0437-batch/reference-10ms-differences.json.gz	23	f1101f8233b16d980af348db666cbdb1b9772fa79c6fa8d7d6d9550c1f6a546d	not a metric of this report
tr03-official-1/1591-cell-b-0437-batch/trace.jsonl.gz	1754842	f11a5b0d85fa56814f16fa23dde1f3f7fbd1e99527fafbd9efdbc6ad308f62ba	too large (trace)
tr03-official-1/1592-cell-b-0437-stroke75/constants.json	5779	23eb4ee6404d9bbca1675106843e233adf2dd72c0e37f275d0c9bb31194fcadb	plant-model file (private)
tr03-official-1/1592-cell-b-0437-stroke75/reference-10ms-differences.json.gz	23	f1101f8233b16d980af348db666cbdb1b9772fa79c6fa8d7d6d9550c1f6a546d	not a metric of this report
tr03-official-1/1592-cell-b-0437-stroke75/trace.jsonl.gz	1126813	461bc697d8a348f22c4fcac42fe14b07135518d464b5bfc05ae23a1fa9eea888	too large (trace)
tr03-official-1/1593-cell-b-0437-flow060/constants.json	5759	749da6a9a3b578914850d85f44d3468ebdd2fefffb551566451d2e1a2d182a14	plant-model file (private)
tr03-official-1/1593-cell-b-0437-flow060/flow.plccell.json	33668	de3b752c6569074a823f5ee6945a6aea173d27e736d7f9764b3705dc16fcefb6	plant-model file (private)
tr03-official-1/1593-cell-b-0437-flow060/reference-10ms-differences.json.gz	23	f1101f8233b16d980af348db666cbdb1b9772fa79c6fa8d7d6d9550c1f6a546d	not a metric of this report
tr03-official-1/1593-cell-b-0437-flow060/trace.jsonl.gz	482109	52d3eff36fac3abf4df76f6386fd64892929328513886e80a4eb73684a736ff7	too large (trace)
tr03-official-1/1594-cell-b-0437-flow045/constants.json	5760	b60b895ae8a70ba009e8fef0331b36e4f055cc6e7e075ae19d01b37f763c0360	plant-model file (private)
tr03-official-1/1594-cell-b-0437-flow045/flow.plccell.json	33668	de3b752c6569074a823f5ee6945a6aea173d27e736d7f9764b3705dc16fcefb6	plant-model file (private)
tr03-official-1/1594-cell-b-0437-flow045/reference-10ms-differences.json.gz	23	f1101f8233b16d980af348db666cbdb1b9772fa79c6fa8d7d6d9550c1f6a546d	not a metric of this report
tr03-official-1/1594-cell-b-0437-flow045/trace.jsonl.gz	457100	d8b66273427069aa43959c5cb837dcf485b5d17ad80946b9de7fef7902ab3900	too large (trace)
tr03-official-1/1595-cell-b-0438-normal-s1/reference-10ms-differences.json.gz	23	f1101f8233b16d980af348db666cbdb1b9772fa79c6fa8d7d6d9550c1f6a546d	not a metric of this report
tr03-official-1/1595-cell-b-0438-normal-s1/trace.jsonl.gz	2914137	8e14d0922fe8d63e54a9216858c8dc1cdcadeda593a4f0450b693e4c04ddb6b9	too large (trace)
tr03-official-1/1596-cell-b-0438-normal-s2/reference-10ms-differences.json.gz	23	f1101f8233b16d980af348db666cbdb1b9772fa79c6fa8d7d6d9550c1f6a546d	not a metric of this report
tr03-official-1/1596-cell-b-0438-normal-s2/trace.jsonl.gz	2701535	b3085a4393b780bbeb6b9fe4df4eb0819c2ff309c076b3ba6e056369dcd0b897	too large (trace)
tr03-official-1/1597-cell-b-0438-normal-s3/reference-10ms-differences.json.gz	23	f1101f8233b16d980af348db666cbdb1b9772fa79c6fa8d7d6d9550c1f6a546d	not a metric of this report
tr03-official-1/1597-cell-b-0438-normal-s3/trace.jsonl.gz	2671778	88535ccce4ca2135cf3eff72c7f85e0616bb637139638fb7bd54d0ba20faf5f2	too large (trace)
tr03-official-1/1598-cell-b-0438-cycle-stop/reference-10ms-differences.json.gz	23	f1101f8233b16d980af348db666cbdb1b9772fa79c6fa8d7d6d9550c1f6a546d	not a metric of this report
tr03-official-1/1598-cell-b-0438-cycle-stop/trace.jsonl.gz	634357	ed0a7f5e220d29970e5e921b322a41529df15f8b150561f700eb6330cf2f1f99	too large (trace)
tr03-official-1/1599-cell-b-0438-curtain/reference-10ms-differences.json.gz	23	f1101f8233b16d980af348db666cbdb1b9772fa79c6fa8d7d6d9550c1f6a546d	not a metric of this report
tr03-official-1/1599-cell-b-0438-curtain/trace.jsonl.gz	427283	4fa834da4e9cab890fbe41525fe3120155a4bd5adb225769bc1c8c0855e9a16c	too large (trace)
tr03-official-1/1600-cell-b-0438-recovery/reference-10ms-differences.json.gz	4351	1a466d923b77cf5c55ccf4e83be88d0361e30b599217023581a0df91eb73b1a6	not a metric of this report
tr03-official-1/1600-cell-b-0438-recovery/trace.jsonl.gz	1679324	6a678224d080afe4aecce2b9a3a41ee7f35f1c9bf7e4a77d7797d18c8e7af9d1	too large (trace)
tr03-official-1/1601-cell-b-0438-recovery-retract/reference-10ms-differences.json.gz	4351	1a466d923b77cf5c55ccf4e83be88d0361e30b599217023581a0df91eb73b1a6	not a metric of this report
tr03-official-1/1601-cell-b-0438-recovery-retract/trace.jsonl.gz	1713134	2b53c7d6ccbc7d1a9665b0d7b66f19b44a29bcfb1fd8627e77945635739234a9	too large (trace)
tr03-official-1/1602-cell-b-0438-batch/reference-10ms-differences.json.gz	23	f1101f8233b16d980af348db666cbdb1b9772fa79c6fa8d7d6d9550c1f6a546d	not a metric of this report
tr03-official-1/1602-cell-b-0438-batch/trace.jsonl.gz	1748887	3c50d518b00f14bb789fd4b166ca68a4fb48258f9ac0fff93131a6e6810e460a	too large (trace)
tr03-official-1/1603-cell-b-0438-stroke75/constants.json	5779	23eb4ee6404d9bbca1675106843e233adf2dd72c0e37f275d0c9bb31194fcadb	plant-model file (private)
tr03-official-1/1603-cell-b-0438-stroke75/reference-10ms-differences.json.gz	23	f1101f8233b16d980af348db666cbdb1b9772fa79c6fa8d7d6d9550c1f6a546d	not a metric of this report
tr03-official-1/1603-cell-b-0438-stroke75/trace.jsonl.gz	1145833	d7d38c099185b4ec77876b2f1d8c7ce5cd8ee560896afdef75493dff4830f7a1	too large (trace)
tr03-official-1/1604-cell-b-0438-flow060/constants.json	5759	749da6a9a3b578914850d85f44d3468ebdd2fefffb551566451d2e1a2d182a14	plant-model file (private)
tr03-official-1/1604-cell-b-0438-flow060/flow.plccell.json	33668	de3b752c6569074a823f5ee6945a6aea173d27e736d7f9764b3705dc16fcefb6	plant-model file (private)
tr03-official-1/1604-cell-b-0438-flow060/reference-10ms-differences.json.gz	23	f1101f8233b16d980af348db666cbdb1b9772fa79c6fa8d7d6d9550c1f6a546d	not a metric of this report
tr03-official-1/1604-cell-b-0438-flow060/trace.jsonl.gz	480674	ae7b2c2243922bbc2bec5b10ab4e638e261f582c62632e8c4744ad7add3e1be3	too large (trace)
tr03-official-1/1605-cell-b-0438-flow045/constants.json	5760	b60b895ae8a70ba009e8fef0331b36e4f055cc6e7e075ae19d01b37f763c0360	plant-model file (private)
tr03-official-1/1605-cell-b-0438-flow045/flow.plccell.json	33668	de3b752c6569074a823f5ee6945a6aea173d27e736d7f9764b3705dc16fcefb6	plant-model file (private)
tr03-official-1/1605-cell-b-0438-flow045/reference-10ms-differences.json.gz	23	f1101f8233b16d980af348db666cbdb1b9772fa79c6fa8d7d6d9550c1f6a546d	not a metric of this report
tr03-official-1/1605-cell-b-0438-flow045/trace.jsonl.gz	461987	9dd0321a7afa852811c3d3185ea1e882e46a1a7bb1694693b5e05d058787cb55	too large (trace)
tr03-official-1/1606-cell-b-0442-normal-s1/reference-10ms-differences.json.gz	64181	a107646e7271b6871373621866f66d5010733cb32bfa94f5f1a273142bde62e8	not a metric of this report
tr03-official-1/1606-cell-b-0442-normal-s1/trace.jsonl.gz	1591652	6affaf9f93831be18e13fa5d7bf4db1b5af73ab104d6965216a62ab32a5b6beb	too large (trace)
tr03-official-1/1607-cell-b-0442-normal-s2/reference-10ms-differences.json.gz	64181	a107646e7271b6871373621866f66d5010733cb32bfa94f5f1a273142bde62e8	not a metric of this report
tr03-official-1/1607-cell-b-0442-normal-s2/trace.jsonl.gz	1726516	bbde81f9fe1231238fb45e375ef2c6362a8aabfa658a4a492f7fc152bacd4cd3	too large (trace)
tr03-official-1/1608-cell-b-0442-normal-s3/reference-10ms-differences.json.gz	64181	a107646e7271b6871373621866f66d5010733cb32bfa94f5f1a273142bde62e8	not a metric of this report
tr03-official-1/1608-cell-b-0442-normal-s3/trace.jsonl.gz	1627271	0cb3133256cdf2bca9574a4b081c730031ea7d7f6d3f1c10770a9a91141a191e	too large (trace)
tr03-official-1/1609-cell-b-0442-cycle-stop/reference-10ms-differences.json.gz	16007	8d5f59181df57b71308ac233a4acb83130c991331593e5aad435222427c01bd1	not a metric of this report
tr03-official-1/1609-cell-b-0442-cycle-stop/trace.jsonl.gz	397968	8e412d18254184744ed3d84e9c20b487cfa3cac051193a152a9c07e90da02d9b	too large (trace)
tr03-official-1/1610-cell-b-0442-curtain/reference-10ms-differences.json.gz	13391	61630ec2535f7434d81286bb78fe509c803cc2040bf37e69b8bf0167899af579	not a metric of this report
tr03-official-1/1610-cell-b-0442-curtain/trace.jsonl.gz	331695	31b4933cd6756b3c3b373eda57f825229af90d406a5c9efc8b6ef7aaf2ecd0f5	too large (trace)
tr03-official-1/1611-cell-b-0442-recovery/reference-10ms-differences.json.gz	45988	fec0afec30eff608cd67fa4c4d62f189b942f9f6df3aea37c45c9a6ac6c6a2ee	not a metric of this report
tr03-official-1/1611-cell-b-0442-recovery/trace.jsonl.gz	1166253	a89f565b095473c7890cdcd4b171c690af8a971c498077287aec503f0f62e741	too large (trace)
tr03-official-1/1612-cell-b-0442-recovery-retract/reference-10ms-differences.json.gz	45988	fec0afec30eff608cd67fa4c4d62f189b942f9f6df3aea37c45c9a6ac6c6a2ee	not a metric of this report
tr03-official-1/1612-cell-b-0442-recovery-retract/trace.jsonl.gz	1131114	c826f0480a01e578ed2bc9e673176485e4a390eb091be298773187b9a0e0ce79	too large (trace)
tr03-official-1/1613-cell-b-0442-batch/reference-10ms-differences.json.gz	33882	1d44ecbab357f42f775965795a32bddff5a51b791c537a09cc252736e2648aa4	not a metric of this report
tr03-official-1/1613-cell-b-0442-batch/trace.jsonl.gz	838983	4010e89ad840347b146aff3262f8f557e876d3609d54d8135dd54420fd362350	too large (trace)
tr03-official-1/1614-cell-b-0442-stroke75/constants.json	5779	23eb4ee6404d9bbca1675106843e233adf2dd72c0e37f275d0c9bb31194fcadb	plant-model file (private)
tr03-official-1/1614-cell-b-0442-stroke75/reference-10ms-differences.json.gz	33882	1d44ecbab357f42f775965795a32bddff5a51b791c537a09cc252736e2648aa4	not a metric of this report
tr03-official-1/1614-cell-b-0442-stroke75/trace.jsonl.gz	832332	8e13c4b431675d3c4f30523203e1bfc67a0bd43c05b51f93ee74771796180c0c	too large (trace)
tr03-official-1/1615-cell-b-0442-flow060/constants.json	5759	749da6a9a3b578914850d85f44d3468ebdd2fefffb551566451d2e1a2d182a14	plant-model file (private)
tr03-official-1/1615-cell-b-0442-flow060/flow.plccell.json	33668	de3b752c6569074a823f5ee6945a6aea173d27e736d7f9764b3705dc16fcefb6	plant-model file (private)
tr03-official-1/1615-cell-b-0442-flow060/reference-10ms-differences.json.gz	13391	61630ec2535f7434d81286bb78fe509c803cc2040bf37e69b8bf0167899af579	not a metric of this report
tr03-official-1/1615-cell-b-0442-flow060/trace.jsonl.gz	332752	7746ef21f82c3eaaba1be5b4879f9f67809e572ef8cbf94cb717969e600d6132	too large (trace)
tr03-official-1/1616-cell-b-0442-flow045/constants.json	5760	b60b895ae8a70ba009e8fef0331b36e4f055cc6e7e075ae19d01b37f763c0360	plant-model file (private)
tr03-official-1/1616-cell-b-0442-flow045/flow.plccell.json	33668	de3b752c6569074a823f5ee6945a6aea173d27e736d7f9764b3705dc16fcefb6	plant-model file (private)
tr03-official-1/1616-cell-b-0442-flow045/reference-10ms-differences.json.gz	13391	61630ec2535f7434d81286bb78fe509c803cc2040bf37e69b8bf0167899af579	not a metric of this report
tr03-official-1/1616-cell-b-0442-flow045/trace.jsonl.gz	332754	c46297d3c6ae9542d0356e31ae01d1367982a8bbf9d3d150bb94f6e66cc82836	too large (trace)
tr03-official-1/1617-cell-b-0443-normal-s1/reference-10ms-differences.json.gz	23	f1101f8233b16d980af348db666cbdb1b9772fa79c6fa8d7d6d9550c1f6a546d	not a metric of this report
tr03-official-1/1617-cell-b-0443-normal-s1/trace.jsonl.gz	2926096	7ea57d42f66f9b3d17f5bd1741b17da13f14cd4931508b65f9cfd502553d6e41	too large (trace)
tr03-official-1/1618-cell-b-0443-normal-s2/reference-10ms-differences.json.gz	23	f1101f8233b16d980af348db666cbdb1b9772fa79c6fa8d7d6d9550c1f6a546d	not a metric of this report
tr03-official-1/1618-cell-b-0443-normal-s2/trace.jsonl.gz	2706016	e61fe480f03847e08072bf79d3983c245aa19865bf575e3f7595f659d0a047d3	too large (trace)
tr03-official-1/1619-cell-b-0443-normal-s3/reference-10ms-differences.json.gz	23	f1101f8233b16d980af348db666cbdb1b9772fa79c6fa8d7d6d9550c1f6a546d	not a metric of this report
tr03-official-1/1619-cell-b-0443-normal-s3/trace.jsonl.gz	2661748	d1bf6000c0a34ec00fb43fbeb0958a0a7976d72883584ff0c898f496550f120c	too large (trace)
tr03-official-1/1620-cell-b-0443-cycle-stop/reference-10ms-differences.json.gz	23	f1101f8233b16d980af348db666cbdb1b9772fa79c6fa8d7d6d9550c1f6a546d	not a metric of this report
tr03-official-1/1620-cell-b-0443-cycle-stop/trace.jsonl.gz	641049	63e7ea3bc79794cf9c52c5c6799fe86447fc97daa3aeea95fbcb0c903c045732	too large (trace)
tr03-official-1/1621-cell-b-0443-curtain/reference-10ms-differences.json.gz	23	f1101f8233b16d980af348db666cbdb1b9772fa79c6fa8d7d6d9550c1f6a546d	not a metric of this report
tr03-official-1/1621-cell-b-0443-curtain/trace.jsonl.gz	428812	fd3f419d6426b8b521175c0ba36aaa207bba298b6e4a5caec63dae3f33c3b512	too large (trace)
tr03-official-1/1622-cell-b-0443-recovery/reference-10ms-differences.json.gz	33618	d19daad9e2ffe6a92a4721876d261e876fc349e80956ec7589508c69303172e2	not a metric of this report
tr03-official-1/1622-cell-b-0443-recovery/trace.jsonl.gz	1413138	58b4260953a63407cc50b4e63cfffdd32beb3cf0d15d756b06f339422595233c	too large (trace)
tr03-official-1/1623-cell-b-0443-recovery-retract/reference-10ms-differences.json.gz	33825	c671efa3edf7fd2c34321958051d350539473e15b21b51a523018771d4e15605	not a metric of this report
tr03-official-1/1623-cell-b-0443-recovery-retract/trace.jsonl.gz	1508021	d579e03bc2389fe4c8ce69c1d21bfd027ebb0c87b2202d5c5d39f8683dd520b7	too large (trace)
tr03-official-1/1624-cell-b-0443-batch/reference-10ms-differences.json.gz	23	f1101f8233b16d980af348db666cbdb1b9772fa79c6fa8d7d6d9550c1f6a546d	not a metric of this report
tr03-official-1/1624-cell-b-0443-batch/trace.jsonl.gz	1758508	532aeed917798cc5284485fe31161768a5d9f2c93cbb33cb7adee9756a669269	too large (trace)
tr03-official-1/1625-cell-b-0443-stroke75/constants.json	5779	23eb4ee6404d9bbca1675106843e233adf2dd72c0e37f275d0c9bb31194fcadb	plant-model file (private)
tr03-official-1/1625-cell-b-0443-stroke75/reference-10ms-differences.json.gz	23	f1101f8233b16d980af348db666cbdb1b9772fa79c6fa8d7d6d9550c1f6a546d	not a metric of this report
tr03-official-1/1625-cell-b-0443-stroke75/trace.jsonl.gz	1137885	ddeaeb354c01a9bf604671dc0a806a4db3e86c983c3dd979598e3002abc96dff	too large (trace)
tr03-official-1/1626-cell-b-0443-flow060/constants.json	5759	749da6a9a3b578914850d85f44d3468ebdd2fefffb551566451d2e1a2d182a14	plant-model file (private)
tr03-official-1/1626-cell-b-0443-flow060/flow.plccell.json	33668	de3b752c6569074a823f5ee6945a6aea173d27e736d7f9764b3705dc16fcefb6	plant-model file (private)
tr03-official-1/1626-cell-b-0443-flow060/reference-10ms-differences.json.gz	23	f1101f8233b16d980af348db666cbdb1b9772fa79c6fa8d7d6d9550c1f6a546d	not a metric of this report
tr03-official-1/1626-cell-b-0443-flow060/trace.jsonl.gz	483585	e92eadd52bfcdbaa66d0b1843483670e1f3ddc2fc95d4f2442148d263e313e63	too large (trace)
tr03-official-1/1627-cell-b-0443-flow045/constants.json	5760	b60b895ae8a70ba009e8fef0331b36e4f055cc6e7e075ae19d01b37f763c0360	plant-model file (private)
tr03-official-1/1627-cell-b-0443-flow045/flow.plccell.json	33668	de3b752c6569074a823f5ee6945a6aea173d27e736d7f9764b3705dc16fcefb6	plant-model file (private)
tr03-official-1/1627-cell-b-0443-flow045/reference-10ms-differences.json.gz	23	f1101f8233b16d980af348db666cbdb1b9772fa79c6fa8d7d6d9550c1f6a546d	not a metric of this report
tr03-official-1/1627-cell-b-0443-flow045/trace.jsonl.gz	460031	5daaeaf86bb6b912882a2d902f46e076959dd450f418c48085dfce8b6f92a9ca	too large (trace)
tr03-official-1/1628-cell-b-0446-normal-s1/reference-10ms-differences.json.gz	53930	e6bf8268592e5b3aafdb170297da64ee4f4dd69cc6291ea357e2a26aa6171ab9	not a metric of this report
tr03-official-1/1628-cell-b-0446-normal-s1/trace.jsonl.gz	1981483	359ea7f9c107b4cebfabaf79f3f52e8130f196a96dda819399163672c0a62f73	too large (trace)
tr03-official-1/1629-cell-b-0446-normal-s2/reference-10ms-differences.json.gz	54766	d9f9eaaccdc8eb0af114029b8dec695588557c11f0ff4047ba539c41b4e99531	not a metric of this report
tr03-official-1/1629-cell-b-0446-normal-s2/trace.jsonl.gz	2005210	97f0fd4d5b7a040ae70b2a2b78ae9f61b5b5bb19cefb31fb2647c02ca28570cb	too large (trace)
tr03-official-1/1630-cell-b-0446-normal-s3/reference-10ms-differences.json.gz	54766	d9f9eaaccdc8eb0af114029b8dec695588557c11f0ff4047ba539c41b4e99531	not a metric of this report
tr03-official-1/1630-cell-b-0446-normal-s3/trace.jsonl.gz	1849423	2b7b4414e9e4756c4bd423764ca598b19e3ab3cc441ba6479c99a53d837d0dbf	too large (trace)
tr03-official-1/1631-cell-b-0446-cycle-stop/reference-10ms-differences.json.gz	5846	e9c3dbe3bf67492e090a3b67d105d683bda69db4f53ee4fabb1adcca20a4579c	not a metric of this report
tr03-official-1/1631-cell-b-0446-cycle-stop/trace.jsonl.gz	608296	f3137199eebd4db550f55438dd5ec188ff3f1350fc81eb4c7b09deb28f929e4f	too large (trace)
tr03-official-1/1632-cell-b-0446-curtain/reference-10ms-differences.json.gz	23	f1101f8233b16d980af348db666cbdb1b9772fa79c6fa8d7d6d9550c1f6a546d	not a metric of this report
tr03-official-1/1632-cell-b-0446-curtain/trace.jsonl.gz	432685	ec78b02afcc13463921d46dfad6aeee2d9fb784994ca4fdd33849fe7a9553479	too large (trace)
tr03-official-1/1633-cell-b-0446-recovery/reference-10ms-differences.json.gz	23	f1101f8233b16d980af348db666cbdb1b9772fa79c6fa8d7d6d9550c1f6a546d	not a metric of this report
tr03-official-1/1633-cell-b-0446-recovery/trace.jsonl.gz	1720837	b502042f616785a6efad849d2d145447094ad3276fc5e9185d88490164dbacbb	too large (trace)
tr03-official-1/1634-cell-b-0446-recovery-retract/reference-10ms-differences.json.gz	46368	a5140775a961969e9b13451487bc343836d1c7c13c717f7e31f1edec72803061	not a metric of this report
tr03-official-1/1634-cell-b-0446-recovery-retract/trace.jsonl.gz	1745399	a1d1ababbd483d5ae3c0dc7bc0b3bea7233d4270421c8501236959e6d3d322d8	too large (trace)
tr03-official-1/1635-cell-b-0446-batch/reference-10ms-differences.json.gz	23598	30f9363c30d34ba9def12e099a7eeb26ae93e0488507b3b2e0265bc7d7cbb20d	not a metric of this report
tr03-official-1/1635-cell-b-0446-batch/trace.jsonl.gz	1115693	3382dc5c37cf25ae6b6fa71e776b3cd9b14844d56e70df0fb55bee818de70185	too large (trace)
tr03-official-1/1636-cell-b-0446-stroke75/constants.json	5779	23eb4ee6404d9bbca1675106843e233adf2dd72c0e37f275d0c9bb31194fcadb	plant-model file (private)
tr03-official-1/1636-cell-b-0446-stroke75/reference-10ms-differences.json.gz	23	f1101f8233b16d980af348db666cbdb1b9772fa79c6fa8d7d6d9550c1f6a546d	not a metric of this report
tr03-official-1/1636-cell-b-0446-stroke75/trace.jsonl.gz	1132353	0ffd8f8e5b2c8ecf1cdf67545404afb3053a1ca755320a3ee1bb4268eac64ca3	too large (trace)
tr03-official-1/1637-cell-b-0446-flow060/constants.json	5759	749da6a9a3b578914850d85f44d3468ebdd2fefffb551566451d2e1a2d182a14	plant-model file (private)
tr03-official-1/1637-cell-b-0446-flow060/flow.plccell.json	33668	de3b752c6569074a823f5ee6945a6aea173d27e736d7f9764b3705dc16fcefb6	plant-model file (private)
tr03-official-1/1637-cell-b-0446-flow060/reference-10ms-differences.json.gz	23	f1101f8233b16d980af348db666cbdb1b9772fa79c6fa8d7d6d9550c1f6a546d	not a metric of this report
tr03-official-1/1637-cell-b-0446-flow060/trace.jsonl.gz	483231	79af0b18fe6af3c4d00aae15f55c495c8e6284426a6984fa2b3597e78a70fe10	too large (trace)
tr03-official-1/1638-cell-b-0446-flow045/constants.json	5760	b60b895ae8a70ba009e8fef0331b36e4f055cc6e7e075ae19d01b37f763c0360	plant-model file (private)
tr03-official-1/1638-cell-b-0446-flow045/flow.plccell.json	33668	de3b752c6569074a823f5ee6945a6aea173d27e736d7f9764b3705dc16fcefb6	plant-model file (private)
tr03-official-1/1638-cell-b-0446-flow045/reference-10ms-differences.json.gz	23	f1101f8233b16d980af348db666cbdb1b9772fa79c6fa8d7d6d9550c1f6a546d	not a metric of this report
tr03-official-1/1638-cell-b-0446-flow045/trace.jsonl.gz	462866	f1a30b834ec076bd6d28a3d5d79dc6fbee789e1cb6b92b337890c09c392ad8fb	too large (trace)
tr03-official-1/1639-cell-b-0451-normal-s1/reference-10ms-differences.json.gz	56840	ca76479927e608e3c03c1a89bfc4f1a66f49128ad2dd58c0e08f5f20e1a468d6	not a metric of this report
tr03-official-1/1639-cell-b-0451-normal-s1/trace.jsonl.gz	1991557	ee6de44bdd2312cb7f564005b1e3e7afa10077187acd0da6ae7a11ca0e0cf08e	too large (trace)
tr03-official-1/1640-cell-b-0451-normal-s2/reference-10ms-differences.json.gz	55152	2d07f9efad8e6cdc02d0aaa07f520843d6e50fc879cf2e78dae90f3b836819c2	not a metric of this report
tr03-official-1/1640-cell-b-0451-normal-s2/trace.jsonl.gz	2214895	51633f134517760d3803b31265be6be7945f71fdaf3566a6a6b2f98a7cf138f3	too large (trace)
tr03-official-1/1641-cell-b-0451-normal-s3/reference-10ms-differences.json.gz	52595	5292117cc3dcb4a53f770bc6cbe0461d673ab386e770be3ebccf82e2747d8a31	not a metric of this report
tr03-official-1/1641-cell-b-0451-normal-s3/trace.jsonl.gz	2051903	1d2d29f4b7d89a3b69f77818de948e47919336e3c1423197186c90f997d86459	too large (trace)
tr03-official-1/1642-cell-b-0451-cycle-stop/reference-10ms-differences.json.gz	8740	df217f45cedd935f0730b808692ffe8adbb7663b932a7c4d30a8bf20787f53a6	not a metric of this report
tr03-official-1/1642-cell-b-0451-cycle-stop/trace.jsonl.gz	560292	c1370d1a387eca2dfb21865a46e46630999ce2a72ee0b66a94d347adbd42b954	too large (trace)
tr03-official-1/1643-cell-b-0451-curtain/reference-10ms-differences.json.gz	23	f1101f8233b16d980af348db666cbdb1b9772fa79c6fa8d7d6d9550c1f6a546d	not a metric of this report
tr03-official-1/1643-cell-b-0451-curtain/trace.jsonl.gz	426543	4aec2ea7587a8e0c377237f3f6a6caa246e575fabe7e0763e8d835283e322e0a	too large (trace)
tr03-official-1/1644-cell-b-0451-recovery/reference-10ms-differences.json.gz	23	f1101f8233b16d980af348db666cbdb1b9772fa79c6fa8d7d6d9550c1f6a546d	not a metric of this report
tr03-official-1/1644-cell-b-0451-recovery/trace.jsonl.gz	1729575	e3c70354347c420a7bdfa14897510c23b2e91ea9d591957015a7910df2ee2fd3	too large (trace)
tr03-official-1/1645-cell-b-0451-recovery-retract/reference-10ms-differences.json.gz	49814	a2a98c2e45606012294bd7db2b8d559471becb70201c06054c9bed012a58e5f0	not a metric of this report
tr03-official-1/1645-cell-b-0451-recovery-retract/trace.jsonl.gz	1716313	cbe30e6996a56c917a338352d36b1c2c7a2f719d2c8653d40be3275587724aac	too large (trace)
tr03-official-1/1646-cell-b-0451-batch/reference-10ms-differences.json.gz	26544	8fa64195ddbe06fde171b9b9c0c0638e4957d1bd75b5263e4a97553d4c3af1df	not a metric of this report
tr03-official-1/1646-cell-b-0451-batch/trace.jsonl.gz	1105394	e41778c7102a2c07787de41b0e1374594d3356952a741b0a6ca03a63342743a5	too large (trace)
tr03-official-1/1647-cell-b-0451-stroke75/constants.json	5779	23eb4ee6404d9bbca1675106843e233adf2dd72c0e37f275d0c9bb31194fcadb	plant-model file (private)
tr03-official-1/1647-cell-b-0451-stroke75/reference-10ms-differences.json.gz	26542	401c0152f39b3a431a1e554fababbe517c6d3ef5e6866f76b06f76501112118c	not a metric of this report
tr03-official-1/1647-cell-b-0451-stroke75/trace.jsonl.gz	1034965	20c7f2b41844a206caa34086105be2d9a275915a59641ff4a8c8d514f340615f	too large (trace)
tr03-official-1/1648-cell-b-0451-flow060/constants.json	5759	749da6a9a3b578914850d85f44d3468ebdd2fefffb551566451d2e1a2d182a14	plant-model file (private)
tr03-official-1/1648-cell-b-0451-flow060/flow.plccell.json	33668	de3b752c6569074a823f5ee6945a6aea173d27e736d7f9764b3705dc16fcefb6	plant-model file (private)
tr03-official-1/1648-cell-b-0451-flow060/reference-10ms-differences.json.gz	23	f1101f8233b16d980af348db666cbdb1b9772fa79c6fa8d7d6d9550c1f6a546d	not a metric of this report
tr03-official-1/1648-cell-b-0451-flow060/trace.jsonl.gz	484753	a43164ecef339a92721c4ff1fddfda086d6ba44ddfa485fe3019fc30d96386ea	too large (trace)
tr03-official-1/1649-cell-b-0451-flow045/constants.json	5760	b60b895ae8a70ba009e8fef0331b36e4f055cc6e7e075ae19d01b37f763c0360	plant-model file (private)
tr03-official-1/1649-cell-b-0451-flow045/flow.plccell.json	33668	de3b752c6569074a823f5ee6945a6aea173d27e736d7f9764b3705dc16fcefb6	plant-model file (private)
tr03-official-1/1649-cell-b-0451-flow045/reference-10ms-differences.json.gz	23	f1101f8233b16d980af348db666cbdb1b9772fa79c6fa8d7d6d9550c1f6a546d	not a metric of this report
tr03-official-1/1649-cell-b-0451-flow045/trace.jsonl.gz	468067	679bd3a933232af35ff4be255b49d41e2e2b0d45d53f9f33d5cb4f9eaf63584a	too large (trace)
tr03-official-1/1650-cell-b-0452-normal-s1/reference-10ms-differences.json.gz	23	f1101f8233b16d980af348db666cbdb1b9772fa79c6fa8d7d6d9550c1f6a546d	not a metric of this report
tr03-official-1/1650-cell-b-0452-normal-s1/trace.jsonl.gz	2914000	c61e86480900ef210b45ddfd7bbe6ea52a2e2104d6c12bdba67a009a80d54462	too large (trace)
tr03-official-1/1651-cell-b-0452-normal-s2/reference-10ms-differences.json.gz	23	f1101f8233b16d980af348db666cbdb1b9772fa79c6fa8d7d6d9550c1f6a546d	not a metric of this report
tr03-official-1/1651-cell-b-0452-normal-s2/trace.jsonl.gz	2705454	817c774fbc26ce1d8b6dd2e6b7020ccf8961a637df2006adb0b76916155f6171	too large (trace)
tr03-official-1/1652-cell-b-0452-normal-s3/reference-10ms-differences.json.gz	23	f1101f8233b16d980af348db666cbdb1b9772fa79c6fa8d7d6d9550c1f6a546d	not a metric of this report
tr03-official-1/1652-cell-b-0452-normal-s3/trace.jsonl.gz	2678635	0882e8194cfd90ce0f496f1b2778ce6f9315dfe1ab9a516c8a6cfb00471c7c75	too large (trace)
tr03-official-1/1653-cell-b-0452-cycle-stop/reference-10ms-differences.json.gz	23	f1101f8233b16d980af348db666cbdb1b9772fa79c6fa8d7d6d9550c1f6a546d	not a metric of this report
tr03-official-1/1653-cell-b-0452-cycle-stop/trace.jsonl.gz	633105	e7fcdf97032973679060ab91a9dd2dbadb5a27b3566d65e545418784ecbe991c	too large (trace)
tr03-official-1/1654-cell-b-0452-curtain/reference-10ms-differences.json.gz	23	f1101f8233b16d980af348db666cbdb1b9772fa79c6fa8d7d6d9550c1f6a546d	not a metric of this report
tr03-official-1/1654-cell-b-0452-curtain/trace.jsonl.gz	428496	3e9dc10051a61ce728e13068a4a34f12446da9477ccfcd521f215d16c2c83341	too large (trace)
tr03-official-1/1655-cell-b-0452-recovery/reference-10ms-differences.json.gz	23	f1101f8233b16d980af348db666cbdb1b9772fa79c6fa8d7d6d9550c1f6a546d	not a metric of this report
tr03-official-1/1655-cell-b-0452-recovery/trace.jsonl.gz	1724642	2ff9c811a8187c18a9b32306853341f59a1e5b0993884b3c1100511cc2baa776	too large (trace)
tr03-official-1/1656-cell-b-0452-recovery-retract/reference-10ms-differences.json.gz	23	f1101f8233b16d980af348db666cbdb1b9772fa79c6fa8d7d6d9550c1f6a546d	not a metric of this report
tr03-official-1/1656-cell-b-0452-recovery-retract/trace.jsonl.gz	1752987	566ec16e16e09b1cb5bd8c75affc1cf8437fab593660a08a337e2ffd162cc8b3	too large (trace)
tr03-official-1/1657-cell-b-0452-batch/reference-10ms-differences.json.gz	23	f1101f8233b16d980af348db666cbdb1b9772fa79c6fa8d7d6d9550c1f6a546d	not a metric of this report
tr03-official-1/1657-cell-b-0452-batch/trace.jsonl.gz	1755583	7c49b30d7b44691037d616fb1323b855171393dc2c01cc8facdaa76dd20fc2fb	too large (trace)
tr03-official-1/1658-cell-b-0452-stroke75/constants.json	5779	23eb4ee6404d9bbca1675106843e233adf2dd72c0e37f275d0c9bb31194fcadb	plant-model file (private)
tr03-official-1/1658-cell-b-0452-stroke75/reference-10ms-differences.json.gz	23	f1101f8233b16d980af348db666cbdb1b9772fa79c6fa8d7d6d9550c1f6a546d	not a metric of this report
tr03-official-1/1658-cell-b-0452-stroke75/trace.jsonl.gz	1125201	81a57caf87e06d538120d786b3844f19fd0d06f7573002ed0e294f1d33e333f1	too large (trace)
tr03-official-1/1659-cell-b-0452-flow060/constants.json	5759	749da6a9a3b578914850d85f44d3468ebdd2fefffb551566451d2e1a2d182a14	plant-model file (private)
tr03-official-1/1659-cell-b-0452-flow060/flow.plccell.json	33668	de3b752c6569074a823f5ee6945a6aea173d27e736d7f9764b3705dc16fcefb6	plant-model file (private)
tr03-official-1/1659-cell-b-0452-flow060/reference-10ms-differences.json.gz	23	f1101f8233b16d980af348db666cbdb1b9772fa79c6fa8d7d6d9550c1f6a546d	not a metric of this report
tr03-official-1/1659-cell-b-0452-flow060/trace.jsonl.gz	489676	1004db4a9ac2a207298632c70b466c89692e52789b7b644d8da2d2035287acf8	too large (trace)
tr03-official-1/1660-cell-b-0452-flow045/constants.json	5760	b60b895ae8a70ba009e8fef0331b36e4f055cc6e7e075ae19d01b37f763c0360	plant-model file (private)
tr03-official-1/1660-cell-b-0452-flow045/flow.plccell.json	33668	de3b752c6569074a823f5ee6945a6aea173d27e736d7f9764b3705dc16fcefb6	plant-model file (private)
tr03-official-1/1660-cell-b-0452-flow045/reference-10ms-differences.json.gz	23	f1101f8233b16d980af348db666cbdb1b9772fa79c6fa8d7d6d9550c1f6a546d	not a metric of this report
tr03-official-1/1660-cell-b-0452-flow045/trace.jsonl.gz	462916	1eef8aa3ecc524b39b1974ffcd79d14242ab0abd8d2ec518513835f24bb4f1ca	too large (trace)
tr03-official-1/1661-cell-b-0454-normal-s1/reference-10ms-differences.json.gz	23	f1101f8233b16d980af348db666cbdb1b9772fa79c6fa8d7d6d9550c1f6a546d	not a metric of this report
tr03-official-1/1661-cell-b-0454-normal-s1/trace.jsonl.gz	2911953	0aa682c20bcad51ae4dbcf54f4eaaf6c9fb4c689f6a7b5e188d6c937ea09ea56	too large (trace)
tr03-official-1/1662-cell-b-0454-normal-s2/reference-10ms-differences.json.gz	23	f1101f8233b16d980af348db666cbdb1b9772fa79c6fa8d7d6d9550c1f6a546d	not a metric of this report
tr03-official-1/1662-cell-b-0454-normal-s2/trace.jsonl.gz	2702127	223d6a39189258c51d567ad8929f55923111a8c2a651225f44e6eb5412eeaca4	too large (trace)
tr03-official-1/1663-cell-b-0454-normal-s3/reference-10ms-differences.json.gz	23	f1101f8233b16d980af348db666cbdb1b9772fa79c6fa8d7d6d9550c1f6a546d	not a metric of this report
tr03-official-1/1663-cell-b-0454-normal-s3/trace.jsonl.gz	2676438	61591e12b180cd7f01d20d6720b2244495aae40beedf9123467d36c75213d93f	too large (trace)
tr03-official-1/1664-cell-b-0454-cycle-stop/reference-10ms-differences.json.gz	23	f1101f8233b16d980af348db666cbdb1b9772fa79c6fa8d7d6d9550c1f6a546d	not a metric of this report
tr03-official-1/1664-cell-b-0454-cycle-stop/trace.jsonl.gz	639646	3e2c872971b27f088797c3c2fbf36fea923aa1ed83c8f09eec5aa5bccd1c6ceb	too large (trace)
tr03-official-1/1665-cell-b-0454-curtain/reference-10ms-differences.json.gz	23	f1101f8233b16d980af348db666cbdb1b9772fa79c6fa8d7d6d9550c1f6a546d	not a metric of this report
tr03-official-1/1665-cell-b-0454-curtain/trace.jsonl.gz	433678	72ae275ab582bfd7c8ba98bcae9c4435010b17da9a2073ae120973fba62f8860	too large (trace)
tr03-official-1/1666-cell-b-0454-recovery/reference-10ms-differences.json.gz	23	f1101f8233b16d980af348db666cbdb1b9772fa79c6fa8d7d6d9550c1f6a546d	not a metric of this report
tr03-official-1/1666-cell-b-0454-recovery/trace.jsonl.gz	1731340	238666cf1bdb01ffef5d15b716cae13cba00bc289c5ac4e9f2509cad2d770832	too large (trace)
tr03-official-1/1667-cell-b-0454-recovery-retract/reference-10ms-differences.json.gz	23	f1101f8233b16d980af348db666cbdb1b9772fa79c6fa8d7d6d9550c1f6a546d	not a metric of this report
tr03-official-1/1667-cell-b-0454-recovery-retract/trace.jsonl.gz	1737382	7404307b398d6ba95c929b90fe4e5ea6ee1482810cd4b7b0f0bfd3999a704836	too large (trace)
tr03-official-1/1668-cell-b-0454-batch/reference-10ms-differences.json.gz	23	f1101f8233b16d980af348db666cbdb1b9772fa79c6fa8d7d6d9550c1f6a546d	not a metric of this report
tr03-official-1/1668-cell-b-0454-batch/trace.jsonl.gz	1748455	41bd062a55e14332015dd394f61135a7d483256cf6f95cb1f1e3dff41367bb16	too large (trace)
tr03-official-1/1669-cell-b-0454-stroke75/constants.json	5779	23eb4ee6404d9bbca1675106843e233adf2dd72c0e37f275d0c9bb31194fcadb	plant-model file (private)
tr03-official-1/1669-cell-b-0454-stroke75/reference-10ms-differences.json.gz	23	f1101f8233b16d980af348db666cbdb1b9772fa79c6fa8d7d6d9550c1f6a546d	not a metric of this report
tr03-official-1/1669-cell-b-0454-stroke75/trace.jsonl.gz	1145093	dd381c67246b01bbf4a7addbfce31f0d16ac9c2df1248c8bfb4c5e079de906c3	too large (trace)
tr03-official-1/1670-cell-b-0454-flow060/constants.json	5759	749da6a9a3b578914850d85f44d3468ebdd2fefffb551566451d2e1a2d182a14	plant-model file (private)
tr03-official-1/1670-cell-b-0454-flow060/flow.plccell.json	33668	de3b752c6569074a823f5ee6945a6aea173d27e736d7f9764b3705dc16fcefb6	plant-model file (private)
tr03-official-1/1670-cell-b-0454-flow060/reference-10ms-differences.json.gz	23	f1101f8233b16d980af348db666cbdb1b9772fa79c6fa8d7d6d9550c1f6a546d	not a metric of this report
tr03-official-1/1670-cell-b-0454-flow060/trace.jsonl.gz	480139	caa4a0c3539fe0a51f785517229a2dee87ecd41bdb4f87bdec1dbcc744e98fa5	too large (trace)
tr03-official-1/1671-cell-b-0454-flow045/constants.json	5760	b60b895ae8a70ba009e8fef0331b36e4f055cc6e7e075ae19d01b37f763c0360	plant-model file (private)
tr03-official-1/1671-cell-b-0454-flow045/flow.plccell.json	33668	de3b752c6569074a823f5ee6945a6aea173d27e736d7f9764b3705dc16fcefb6	plant-model file (private)
tr03-official-1/1671-cell-b-0454-flow045/reference-10ms-differences.json.gz	23	f1101f8233b16d980af348db666cbdb1b9772fa79c6fa8d7d6d9550c1f6a546d	not a metric of this report
tr03-official-1/1671-cell-b-0454-flow045/trace.jsonl.gz	458609	4498be37a4e84f0cecc7ebf42310c4d6a60415feaf46576b62f8a19d914dfe36	too large (trace)
tr03-official-1/1672-cell-b-0455-normal-s1/reference-10ms-differences.json.gz	23	f1101f8233b16d980af348db666cbdb1b9772fa79c6fa8d7d6d9550c1f6a546d	not a metric of this report
tr03-official-1/1672-cell-b-0455-normal-s1/trace.jsonl.gz	2915323	08f0005a5c4da58d6432aeb127e9dc8203a155537feac0adf4a8c1056a3d8369	too large (trace)
tr03-official-1/1673-cell-b-0455-normal-s2/reference-10ms-differences.json.gz	23	f1101f8233b16d980af348db666cbdb1b9772fa79c6fa8d7d6d9550c1f6a546d	not a metric of this report
tr03-official-1/1673-cell-b-0455-normal-s2/trace.jsonl.gz	2704203	4669da17dbb7898e5ce91fedabd63f65c83564cb4c6c858e4a837d9692f7758b	too large (trace)
tr03-official-1/1674-cell-b-0455-normal-s3/reference-10ms-differences.json.gz	23	f1101f8233b16d980af348db666cbdb1b9772fa79c6fa8d7d6d9550c1f6a546d	not a metric of this report
tr03-official-1/1674-cell-b-0455-normal-s3/trace.jsonl.gz	2686562	1e4ee39baaaf0d64fa0d63ee089569178996e151ad12b1e230ff26d9cd104a9f	too large (trace)
tr03-official-1/1675-cell-b-0455-cycle-stop/reference-10ms-differences.json.gz	23	f1101f8233b16d980af348db666cbdb1b9772fa79c6fa8d7d6d9550c1f6a546d	not a metric of this report
tr03-official-1/1675-cell-b-0455-cycle-stop/trace.jsonl.gz	636047	39930a8a329447c07a156058dfb66b9643e12ab7cad2a7323151a00ff72395a9	too large (trace)
tr03-official-1/1676-cell-b-0455-curtain/reference-10ms-differences.json.gz	23	f1101f8233b16d980af348db666cbdb1b9772fa79c6fa8d7d6d9550c1f6a546d	not a metric of this report
tr03-official-1/1676-cell-b-0455-curtain/trace.jsonl.gz	427210	f331787bae6090630fc028924398e2409b0951920ebc485322e1b5337c42e688	too large (trace)
tr03-official-1/1677-cell-b-0455-recovery/reference-10ms-differences.json.gz	23	f1101f8233b16d980af348db666cbdb1b9772fa79c6fa8d7d6d9550c1f6a546d	not a metric of this report
tr03-official-1/1677-cell-b-0455-recovery/trace.jsonl.gz	1726452	0a95b23b04730bec182c31974d30d201adf79fc13fc39082915d9e490c0f64c2	too large (trace)
tr03-official-1/1678-cell-b-0455-recovery-retract/reference-10ms-differences.json.gz	23	f1101f8233b16d980af348db666cbdb1b9772fa79c6fa8d7d6d9550c1f6a546d	not a metric of this report
tr03-official-1/1678-cell-b-0455-recovery-retract/trace.jsonl.gz	1745413	1b9e8b299474ea3e3e89b626b460428b7384154a46a1811fa42301b3f041ad8a	too large (trace)
tr03-official-1/1679-cell-b-0455-batch/reference-10ms-differences.json.gz	23	f1101f8233b16d980af348db666cbdb1b9772fa79c6fa8d7d6d9550c1f6a546d	not a metric of this report
tr03-official-1/1679-cell-b-0455-batch/trace.jsonl.gz	1748501	07a5fbf001ce62dda5d0f3d23f94cd1254bdcba9007f963191ba5d165df37bea	too large (trace)
tr03-official-1/1680-cell-b-0455-stroke75/constants.json	5779	23eb4ee6404d9bbca1675106843e233adf2dd72c0e37f275d0c9bb31194fcadb	plant-model file (private)
tr03-official-1/1680-cell-b-0455-stroke75/reference-10ms-differences.json.gz	23	f1101f8233b16d980af348db666cbdb1b9772fa79c6fa8d7d6d9550c1f6a546d	not a metric of this report
tr03-official-1/1680-cell-b-0455-stroke75/trace.jsonl.gz	1137786	9e21e510057f095cb63534b5f23533ab1df0ebca90316817fe149b4a4e8f1032	too large (trace)
tr03-official-1/1681-cell-b-0455-flow060/constants.json	5759	749da6a9a3b578914850d85f44d3468ebdd2fefffb551566451d2e1a2d182a14	plant-model file (private)
tr03-official-1/1681-cell-b-0455-flow060/flow.plccell.json	33668	de3b752c6569074a823f5ee6945a6aea173d27e736d7f9764b3705dc16fcefb6	plant-model file (private)
tr03-official-1/1681-cell-b-0455-flow060/reference-10ms-differences.json.gz	23	f1101f8233b16d980af348db666cbdb1b9772fa79c6fa8d7d6d9550c1f6a546d	not a metric of this report
tr03-official-1/1681-cell-b-0455-flow060/trace.jsonl.gz	480928	d68a16050190cb69b7ec8c493bbcfd6826ed426d82ea2d1bef48d509fff959f1	too large (trace)
tr03-official-1/1682-cell-b-0455-flow045/constants.json	5760	b60b895ae8a70ba009e8fef0331b36e4f055cc6e7e075ae19d01b37f763c0360	plant-model file (private)
tr03-official-1/1682-cell-b-0455-flow045/flow.plccell.json	33668	de3b752c6569074a823f5ee6945a6aea173d27e736d7f9764b3705dc16fcefb6	plant-model file (private)
tr03-official-1/1682-cell-b-0455-flow045/reference-10ms-differences.json.gz	23	f1101f8233b16d980af348db666cbdb1b9772fa79c6fa8d7d6d9550c1f6a546d	not a metric of this report
tr03-official-1/1682-cell-b-0455-flow045/trace.jsonl.gz	461090	272f3c55db3599049f4c139446e7ba89bdcf44ab624f7ae8b304f4b20f7b9459	too large (trace)
tr03-official-1/1683-cell-b-0456-normal-s1/reference-10ms-differences.json.gz	23	f1101f8233b16d980af348db666cbdb1b9772fa79c6fa8d7d6d9550c1f6a546d	not a metric of this report
tr03-official-1/1683-cell-b-0456-normal-s1/trace.jsonl.gz	2910659	9aeea0badc4e8c7cf41b3e1448c73b32ee1688910fb742059591995b85f635b4	too large (trace)
tr03-official-1/1684-cell-b-0456-normal-s2/reference-10ms-differences.json.gz	23	f1101f8233b16d980af348db666cbdb1b9772fa79c6fa8d7d6d9550c1f6a546d	not a metric of this report
tr03-official-1/1684-cell-b-0456-normal-s2/trace.jsonl.gz	2683169	889d513c0a47bd2ab622efe89c068fe30c3a8b2c1c8363186c7cd688bd12d5b9	too large (trace)
tr03-official-1/1685-cell-b-0456-normal-s3/reference-10ms-differences.json.gz	23	f1101f8233b16d980af348db666cbdb1b9772fa79c6fa8d7d6d9550c1f6a546d	not a metric of this report
tr03-official-1/1685-cell-b-0456-normal-s3/trace.jsonl.gz	2662859	c1d80d56bb24361daa05dbca842ba8fbd835d2f0f1fd900b490dcebb002d93de	too large (trace)
tr03-official-1/1686-cell-b-0456-cycle-stop/reference-10ms-differences.json.gz	23	f1101f8233b16d980af348db666cbdb1b9772fa79c6fa8d7d6d9550c1f6a546d	not a metric of this report
tr03-official-1/1686-cell-b-0456-cycle-stop/trace.jsonl.gz	633576	f2019c38aa9bfa03d277d85e4c4f9c4b87393cbe2f3ab3126b56936b1a6ac597	too large (trace)
tr03-official-1/1687-cell-b-0456-curtain/reference-10ms-differences.json.gz	6360	4173243fd059aa1222ed484952d03d02050a59a1e37c244706fee7edf9dfe210	not a metric of this report
tr03-official-1/1687-cell-b-0456-curtain/trace.jsonl.gz	435588	54f85516d20d8e8f0419e4c748c4b6358be9077ec676c7eb041c1f060f4f9af4	too large (trace)
tr03-official-1/1688-cell-b-0456-recovery/reference-10ms-differences.json.gz	49792	acc1c27e95b1399edd935b97d72c794f265f9b5655dda60773122b0e4562f92f	not a metric of this report
tr03-official-1/1688-cell-b-0456-recovery/trace.jsonl.gz	1736861	3e73066196d7d718834968e20afddbf8bf1b9af02d906b994e1771e9291b46e7	too large (trace)
tr03-official-1/1689-cell-b-0456-recovery-retract/reference-10ms-differences.json.gz	23	f1101f8233b16d980af348db666cbdb1b9772fa79c6fa8d7d6d9550c1f6a546d	not a metric of this report
tr03-official-1/1689-cell-b-0456-recovery-retract/trace.jsonl.gz	1744191	de024691058749454ffb483ddbdd1372926d271ce7c4a1f0e41aee11d4583a70	too large (trace)
tr03-official-1/1690-cell-b-0456-batch/reference-10ms-differences.json.gz	23	f1101f8233b16d980af348db666cbdb1b9772fa79c6fa8d7d6d9550c1f6a546d	not a metric of this report
tr03-official-1/1690-cell-b-0456-batch/trace.jsonl.gz	1751659	9ecda113a773f813283f087f34d229c1bc4b748f317fd4c90e372ecf0fc7752a	too large (trace)
tr03-official-1/1691-cell-b-0456-stroke75/constants.json	5779	23eb4ee6404d9bbca1675106843e233adf2dd72c0e37f275d0c9bb31194fcadb	plant-model file (private)
tr03-official-1/1691-cell-b-0456-stroke75/reference-10ms-differences.json.gz	23	f1101f8233b16d980af348db666cbdb1b9772fa79c6fa8d7d6d9550c1f6a546d	not a metric of this report
tr03-official-1/1691-cell-b-0456-stroke75/trace.jsonl.gz	1127447	7263349381f6ab1926ee8d3b021b329e26b37f9722016fc8d24df1605e42bf73	too large (trace)
tr03-official-1/1692-cell-b-0456-flow060/constants.json	5759	749da6a9a3b578914850d85f44d3468ebdd2fefffb551566451d2e1a2d182a14	plant-model file (private)
tr03-official-1/1692-cell-b-0456-flow060/flow.plccell.json	33668	de3b752c6569074a823f5ee6945a6aea173d27e736d7f9764b3705dc16fcefb6	plant-model file (private)
tr03-official-1/1692-cell-b-0456-flow060/reference-10ms-differences.json.gz	23	f1101f8233b16d980af348db666cbdb1b9772fa79c6fa8d7d6d9550c1f6a546d	not a metric of this report
tr03-official-1/1692-cell-b-0456-flow060/trace.jsonl.gz	484168	ca3664a6b995668bd02d8b45bdb87436157a6721c9e5d7a37bef9d50b143086f	too large (trace)
tr03-official-1/1693-cell-b-0456-flow045/constants.json	5760	b60b895ae8a70ba009e8fef0331b36e4f055cc6e7e075ae19d01b37f763c0360	plant-model file (private)
tr03-official-1/1693-cell-b-0456-flow045/flow.plccell.json	33668	de3b752c6569074a823f5ee6945a6aea173d27e736d7f9764b3705dc16fcefb6	plant-model file (private)
tr03-official-1/1693-cell-b-0456-flow045/reference-10ms-differences.json.gz	23	f1101f8233b16d980af348db666cbdb1b9772fa79c6fa8d7d6d9550c1f6a546d	not a metric of this report
tr03-official-1/1693-cell-b-0456-flow045/trace.jsonl.gz	457892	50b825712e52fa29dff6c623bff2e8ab453c36211029b35d76c75b8e7e6b480a	too large (trace)
tr03-official-1/1694-cell-b-0457-normal-s1/reference-10ms-differences.json.gz	23	f1101f8233b16d980af348db666cbdb1b9772fa79c6fa8d7d6d9550c1f6a546d	not a metric of this report
tr03-official-1/1694-cell-b-0457-normal-s1/trace.jsonl.gz	2923515	79b15771ed72a563a4785b88bbc7304b4df57e23b2eb2640780717dbc46df197	too large (trace)
tr03-official-1/1695-cell-b-0457-normal-s2/reference-10ms-differences.json.gz	23	f1101f8233b16d980af348db666cbdb1b9772fa79c6fa8d7d6d9550c1f6a546d	not a metric of this report
tr03-official-1/1695-cell-b-0457-normal-s2/trace.jsonl.gz	2682672	4df5b722bc4f285d1642f0c5403fe78783738a64ecb5010c95b1cd11899c351a	too large (trace)
tr03-official-1/1696-cell-b-0457-normal-s3/reference-10ms-differences.json.gz	23	f1101f8233b16d980af348db666cbdb1b9772fa79c6fa8d7d6d9550c1f6a546d	not a metric of this report
tr03-official-1/1696-cell-b-0457-normal-s3/trace.jsonl.gz	2674881	506fd54dda5e76cc4d7225969db9d6ae7c875a175f595ef3e816bb7a87827c07	too large (trace)
tr03-official-1/1697-cell-b-0457-cycle-stop/reference-10ms-differences.json.gz	23	f1101f8233b16d980af348db666cbdb1b9772fa79c6fa8d7d6d9550c1f6a546d	not a metric of this report
tr03-official-1/1697-cell-b-0457-cycle-stop/trace.jsonl.gz	641670	b68df39ae269e730e210590ed848e9b18ecfcdf1b461d431f64bb4ae9af02446	too large (trace)
tr03-official-1/1698-cell-b-0457-curtain/reference-10ms-differences.json.gz	23	f1101f8233b16d980af348db666cbdb1b9772fa79c6fa8d7d6d9550c1f6a546d	not a metric of this report
tr03-official-1/1698-cell-b-0457-curtain/trace.jsonl.gz	434498	e1dabca75e73ba91c4960f366dc91d3319a251f374dda7012980a98b64af1300	too large (trace)
tr03-official-1/1699-cell-b-0457-recovery/reference-10ms-differences.json.gz	23	f1101f8233b16d980af348db666cbdb1b9772fa79c6fa8d7d6d9550c1f6a546d	not a metric of this report
tr03-official-1/1699-cell-b-0457-recovery/trace.jsonl.gz	1737609	3b7883b52acbd731b32e7f022a8153986236a6b6751c4e9ea745eb10e3034cc6	too large (trace)
tr03-official-1/1700-cell-b-0457-recovery-retract/reference-10ms-differences.json.gz	23	f1101f8233b16d980af348db666cbdb1b9772fa79c6fa8d7d6d9550c1f6a546d	not a metric of this report
tr03-official-1/1700-cell-b-0457-recovery-retract/trace.jsonl.gz	1726239	8a3714a62c2a9becfa405dd14440f443a703183fd2ba39a170bf580058869751	too large (trace)
tr03-official-1/1701-cell-b-0457-batch/reference-10ms-differences.json.gz	23	f1101f8233b16d980af348db666cbdb1b9772fa79c6fa8d7d6d9550c1f6a546d	not a metric of this report
tr03-official-1/1701-cell-b-0457-batch/trace.jsonl.gz	1753135	0aa6586be3e9e4f7402d7365e1fb9390c6c3a9eb2a99670a641bf2fa56874543	too large (trace)
tr03-official-1/1702-cell-b-0457-stroke75/constants.json	5779	23eb4ee6404d9bbca1675106843e233adf2dd72c0e37f275d0c9bb31194fcadb	plant-model file (private)
tr03-official-1/1702-cell-b-0457-stroke75/reference-10ms-differences.json.gz	23	f1101f8233b16d980af348db666cbdb1b9772fa79c6fa8d7d6d9550c1f6a546d	not a metric of this report
tr03-official-1/1702-cell-b-0457-stroke75/trace.jsonl.gz	1137937	b49f92ee95ddbb3dbea073e5058949c20f072f062c09b6129a7e849a08fdc97e	too large (trace)
tr03-official-1/1703-cell-b-0457-flow060/constants.json	5759	749da6a9a3b578914850d85f44d3468ebdd2fefffb551566451d2e1a2d182a14	plant-model file (private)
tr03-official-1/1703-cell-b-0457-flow060/flow.plccell.json	33668	de3b752c6569074a823f5ee6945a6aea173d27e736d7f9764b3705dc16fcefb6	plant-model file (private)
tr03-official-1/1703-cell-b-0457-flow060/reference-10ms-differences.json.gz	23	f1101f8233b16d980af348db666cbdb1b9772fa79c6fa8d7d6d9550c1f6a546d	not a metric of this report
tr03-official-1/1703-cell-b-0457-flow060/trace.jsonl.gz	481668	5d1d172c4078e20a0e4c8c29e730d701e05f54c742b0433a0053d7c90f70bfe0	too large (trace)
tr03-official-1/1704-cell-b-0457-flow045/constants.json	5760	b60b895ae8a70ba009e8fef0331b36e4f055cc6e7e075ae19d01b37f763c0360	plant-model file (private)
tr03-official-1/1704-cell-b-0457-flow045/flow.plccell.json	33668	de3b752c6569074a823f5ee6945a6aea173d27e736d7f9764b3705dc16fcefb6	plant-model file (private)
tr03-official-1/1704-cell-b-0457-flow045/reference-10ms-differences.json.gz	23	f1101f8233b16d980af348db666cbdb1b9772fa79c6fa8d7d6d9550c1f6a546d	not a metric of this report
tr03-official-1/1704-cell-b-0457-flow045/trace.jsonl.gz	460900	c45acab45b931d483f8a6915480b091290ced7dbfbdb9edfaa96d9a3c7c6f15b	too large (trace)
tr03-official-1/1705-cell-b-0458-normal-s1/reference-10ms-differences.json.gz	23	f1101f8233b16d980af348db666cbdb1b9772fa79c6fa8d7d6d9550c1f6a546d	not a metric of this report
tr03-official-1/1705-cell-b-0458-normal-s1/trace.jsonl.gz	2914857	92443e4b523acdc04e746fffffa9a77ef6cbe880b6faa9088f3838abb9159872	too large (trace)
tr03-official-1/1706-cell-b-0458-normal-s2/reference-10ms-differences.json.gz	23	f1101f8233b16d980af348db666cbdb1b9772fa79c6fa8d7d6d9550c1f6a546d	not a metric of this report
tr03-official-1/1706-cell-b-0458-normal-s2/trace.jsonl.gz	2698513	f511932f4bea40156a477b5e15ca00b7dd5feed5acf497f0ab9872f45e7ac144	too large (trace)
tr03-official-1/1707-cell-b-0458-normal-s3/reference-10ms-differences.json.gz	23	f1101f8233b16d980af348db666cbdb1b9772fa79c6fa8d7d6d9550c1f6a546d	not a metric of this report
tr03-official-1/1707-cell-b-0458-normal-s3/trace.jsonl.gz	2689499	f1939b136e333fafa87d9e057e3073ab569b35ab43441ebab9df1d22efad4c74	too large (trace)
tr03-official-1/1708-cell-b-0458-cycle-stop/reference-10ms-differences.json.gz	23	f1101f8233b16d980af348db666cbdb1b9772fa79c6fa8d7d6d9550c1f6a546d	not a metric of this report
tr03-official-1/1708-cell-b-0458-cycle-stop/trace.jsonl.gz	638090	128874428de1427b0b0f5895f10a33bd71089e70a166a8eaaffb54f5d0122802	too large (trace)
tr03-official-1/1709-cell-b-0458-curtain/reference-10ms-differences.json.gz	23	f1101f8233b16d980af348db666cbdb1b9772fa79c6fa8d7d6d9550c1f6a546d	not a metric of this report
tr03-official-1/1709-cell-b-0458-curtain/trace.jsonl.gz	424516	b35b3f541ddd16e59f707c6d66b6f934f034ab855d7a54be3fa07518640d7a70	too large (trace)
tr03-official-1/1710-cell-b-0458-recovery/reference-10ms-differences.json.gz	23	f1101f8233b16d980af348db666cbdb1b9772fa79c6fa8d7d6d9550c1f6a546d	not a metric of this report
tr03-official-1/1710-cell-b-0458-recovery/trace.jsonl.gz	1717682	a05058065f9958a17f06376ba2090e19a71c9e79b2713c02e917592473a30d68	too large (trace)
tr03-official-1/1711-cell-b-0458-recovery-retract/reference-10ms-differences.json.gz	23	f1101f8233b16d980af348db666cbdb1b9772fa79c6fa8d7d6d9550c1f6a546d	not a metric of this report
tr03-official-1/1711-cell-b-0458-recovery-retract/trace.jsonl.gz	1750036	a9176ea580433e5bdf60265708a51fd1cd0ea7e89a033a6829f3a3d1de6b7b41	too large (trace)
tr03-official-1/1712-cell-b-0458-batch/reference-10ms-differences.json.gz	23	f1101f8233b16d980af348db666cbdb1b9772fa79c6fa8d7d6d9550c1f6a546d	not a metric of this report
tr03-official-1/1712-cell-b-0458-batch/trace.jsonl.gz	1749827	9324b325c25bd2ecfa424a4e6c3d93a2af46c5e79819f0fbb02b35eb685d8d33	too large (trace)
tr03-official-1/1713-cell-b-0458-stroke75/constants.json	5779	23eb4ee6404d9bbca1675106843e233adf2dd72c0e37f275d0c9bb31194fcadb	plant-model file (private)
tr03-official-1/1713-cell-b-0458-stroke75/reference-10ms-differences.json.gz	23	f1101f8233b16d980af348db666cbdb1b9772fa79c6fa8d7d6d9550c1f6a546d	not a metric of this report
tr03-official-1/1713-cell-b-0458-stroke75/trace.jsonl.gz	1137826	4e5a32a12e0cac3a03dce29d0c274a3ac591572f702efdff38ad464b180c3159	too large (trace)
tr03-official-1/1714-cell-b-0458-flow060/constants.json	5759	749da6a9a3b578914850d85f44d3468ebdd2fefffb551566451d2e1a2d182a14	plant-model file (private)
tr03-official-1/1714-cell-b-0458-flow060/flow.plccell.json	33668	de3b752c6569074a823f5ee6945a6aea173d27e736d7f9764b3705dc16fcefb6	plant-model file (private)
tr03-official-1/1714-cell-b-0458-flow060/reference-10ms-differences.json.gz	23	f1101f8233b16d980af348db666cbdb1b9772fa79c6fa8d7d6d9550c1f6a546d	not a metric of this report
tr03-official-1/1714-cell-b-0458-flow060/trace.jsonl.gz	483738	3045d505d9939c3306bd6c5526be0796aa6d214da6827a0ed8e1c25ba012591c	too large (trace)
tr03-official-1/1715-cell-b-0458-flow045/constants.json	5760	b60b895ae8a70ba009e8fef0331b36e4f055cc6e7e075ae19d01b37f763c0360	plant-model file (private)
tr03-official-1/1715-cell-b-0458-flow045/flow.plccell.json	33668	de3b752c6569074a823f5ee6945a6aea173d27e736d7f9764b3705dc16fcefb6	plant-model file (private)
tr03-official-1/1715-cell-b-0458-flow045/reference-10ms-differences.json.gz	23	f1101f8233b16d980af348db666cbdb1b9772fa79c6fa8d7d6d9550c1f6a546d	not a metric of this report
tr03-official-1/1715-cell-b-0458-flow045/trace.jsonl.gz	463705	a196162b0cc12922c8b8d920a544cd2bf166a093aca5d6636e5f30e25a90129d	too large (trace)
tr03-official-1/1716-cell-b-0459-normal-s1/reference-10ms-differences.json.gz	23	f1101f8233b16d980af348db666cbdb1b9772fa79c6fa8d7d6d9550c1f6a546d	not a metric of this report
tr03-official-1/1716-cell-b-0459-normal-s1/trace.jsonl.gz	2910918	13f558af4cf75cf90da30f0f3328776158f45585375690821a39dce2b5a36f8c	too large (trace)
tr03-official-1/1717-cell-b-0459-normal-s2/reference-10ms-differences.json.gz	23	f1101f8233b16d980af348db666cbdb1b9772fa79c6fa8d7d6d9550c1f6a546d	not a metric of this report
tr03-official-1/1717-cell-b-0459-normal-s2/trace.jsonl.gz	2701113	cdbf2ad202b7be6bfe4d21b4340dc064c6e7a7fbd7f18737f27f4cb0e7f72dc7	too large (trace)
tr03-official-1/1718-cell-b-0459-normal-s3/reference-10ms-differences.json.gz	23	f1101f8233b16d980af348db666cbdb1b9772fa79c6fa8d7d6d9550c1f6a546d	not a metric of this report
tr03-official-1/1718-cell-b-0459-normal-s3/trace.jsonl.gz	2678524	b2533df21e426a0dd31f94a4870dcaa462b376b2924c42860df6da8e75a03196	too large (trace)
tr03-official-1/1719-cell-b-0459-cycle-stop/reference-10ms-differences.json.gz	23	f1101f8233b16d980af348db666cbdb1b9772fa79c6fa8d7d6d9550c1f6a546d	not a metric of this report
tr03-official-1/1719-cell-b-0459-cycle-stop/trace.jsonl.gz	631076	c96a14b2a0863495d32316f695b8673668f7980fb467549824d4407a78c08644	too large (trace)
tr03-official-1/1720-cell-b-0459-curtain/reference-10ms-differences.json.gz	23	f1101f8233b16d980af348db666cbdb1b9772fa79c6fa8d7d6d9550c1f6a546d	not a metric of this report
tr03-official-1/1720-cell-b-0459-curtain/trace.jsonl.gz	419446	a3f7dd59f593df87353e3c6bd88025e9ae6cd5cc570f02b2f678773d3aa22c30	too large (trace)
tr03-official-1/1721-cell-b-0459-recovery/reference-10ms-differences.json.gz	23	f1101f8233b16d980af348db666cbdb1b9772fa79c6fa8d7d6d9550c1f6a546d	not a metric of this report
tr03-official-1/1721-cell-b-0459-recovery/trace.jsonl.gz	1722430	f364d5606db1ba00dcfe43591d63c80ede8bd08bd506851e3ec60f53cd8b030f	too large (trace)
tr03-official-1/1722-cell-b-0459-recovery-retract/reference-10ms-differences.json.gz	23	f1101f8233b16d980af348db666cbdb1b9772fa79c6fa8d7d6d9550c1f6a546d	not a metric of this report
tr03-official-1/1722-cell-b-0459-recovery-retract/trace.jsonl.gz	1718062	e7d7ca25ce45f8967245358d3fc7d90f4530e6e72c4ce17b71c1949baba7bab0	too large (trace)
tr03-official-1/1723-cell-b-0459-batch/reference-10ms-differences.json.gz	23	f1101f8233b16d980af348db666cbdb1b9772fa79c6fa8d7d6d9550c1f6a546d	not a metric of this report
tr03-official-1/1723-cell-b-0459-batch/trace.jsonl.gz	1747765	f625f015dad99f7aa468306928f2319bf9df9192cbe1ea732a6c04d9b90e4e2b	too large (trace)
tr03-official-1/1724-cell-b-0459-stroke75/constants.json	5779	23eb4ee6404d9bbca1675106843e233adf2dd72c0e37f275d0c9bb31194fcadb	plant-model file (private)
tr03-official-1/1724-cell-b-0459-stroke75/reference-10ms-differences.json.gz	23	f1101f8233b16d980af348db666cbdb1b9772fa79c6fa8d7d6d9550c1f6a546d	not a metric of this report
tr03-official-1/1724-cell-b-0459-stroke75/trace.jsonl.gz	1148378	c39d97c2cec8893f8a9a29b17fe65e0412340b8cb71e3705a96c25a03f57ecb1	too large (trace)
tr03-official-1/1725-cell-b-0459-flow060/constants.json	5759	749da6a9a3b578914850d85f44d3468ebdd2fefffb551566451d2e1a2d182a14	plant-model file (private)
tr03-official-1/1725-cell-b-0459-flow060/flow.plccell.json	33668	de3b752c6569074a823f5ee6945a6aea173d27e736d7f9764b3705dc16fcefb6	plant-model file (private)
tr03-official-1/1725-cell-b-0459-flow060/reference-10ms-differences.json.gz	23	f1101f8233b16d980af348db666cbdb1b9772fa79c6fa8d7d6d9550c1f6a546d	not a metric of this report
tr03-official-1/1725-cell-b-0459-flow060/trace.jsonl.gz	477117	e117198eefe2a60d11c6c44a9390d5ef4833704eeeefeb05ff3d2442379dfe96	too large (trace)
tr03-official-1/1726-cell-b-0459-flow045/constants.json	5760	b60b895ae8a70ba009e8fef0331b36e4f055cc6e7e075ae19d01b37f763c0360	plant-model file (private)
tr03-official-1/1726-cell-b-0459-flow045/flow.plccell.json	33668	de3b752c6569074a823f5ee6945a6aea173d27e736d7f9764b3705dc16fcefb6	plant-model file (private)
tr03-official-1/1726-cell-b-0459-flow045/reference-10ms-differences.json.gz	23	f1101f8233b16d980af348db666cbdb1b9772fa79c6fa8d7d6d9550c1f6a546d	not a metric of this report
tr03-official-1/1726-cell-b-0459-flow045/trace.jsonl.gz	455769	8bc21ec36e984539acd78b67f0c82d38f6993405c2f9a7a3d8e7f5ad746778eb	too large (trace)
tr03-official-1/1727-cell-b-0460-normal-s1/reference-10ms-differences.json.gz	23	f1101f8233b16d980af348db666cbdb1b9772fa79c6fa8d7d6d9550c1f6a546d	not a metric of this report
tr03-official-1/1727-cell-b-0460-normal-s1/trace.jsonl.gz	2922863	fcf0d51d71a481c519d31220b2f1d2dd503d5ab3f7f16a0e6f373d661bef5dc7	too large (trace)
tr03-official-1/1728-cell-b-0460-normal-s2/reference-10ms-differences.json.gz	23	f1101f8233b16d980af348db666cbdb1b9772fa79c6fa8d7d6d9550c1f6a546d	not a metric of this report
tr03-official-1/1728-cell-b-0460-normal-s2/trace.jsonl.gz	2700893	1df3adedf3a5413954e626164b82357327302b6c35aac35378d396bd630f4d50	too large (trace)
tr03-official-1/1729-cell-b-0460-normal-s3/reference-10ms-differences.json.gz	23	f1101f8233b16d980af348db666cbdb1b9772fa79c6fa8d7d6d9550c1f6a546d	not a metric of this report
tr03-official-1/1729-cell-b-0460-normal-s3/trace.jsonl.gz	2673854	12cfa765c6fa9b4941e1a33f475dacdeca059ce14e194bee62df01e78bfc2fc7	too large (trace)
tr03-official-1/1730-cell-b-0460-cycle-stop/reference-10ms-differences.json.gz	23	f1101f8233b16d980af348db666cbdb1b9772fa79c6fa8d7d6d9550c1f6a546d	not a metric of this report
tr03-official-1/1730-cell-b-0460-cycle-stop/trace.jsonl.gz	636844	952a8cb0209d8c33355a1bb1a520377086b886527b6b7fb041a2aaae2f02eec0	too large (trace)
tr03-official-1/1731-cell-b-0460-curtain/reference-10ms-differences.json.gz	23	f1101f8233b16d980af348db666cbdb1b9772fa79c6fa8d7d6d9550c1f6a546d	not a metric of this report
tr03-official-1/1731-cell-b-0460-curtain/trace.jsonl.gz	426568	c32fe13e9b64ab5bac08077d1e120427bcfa3a8b8ac5f68c3ed52be49b5fa36c	too large (trace)
tr03-official-1/1732-cell-b-0460-recovery/reference-10ms-differences.json.gz	23	f1101f8233b16d980af348db666cbdb1b9772fa79c6fa8d7d6d9550c1f6a546d	not a metric of this report
tr03-official-1/1732-cell-b-0460-recovery/trace.jsonl.gz	1734470	01be5978308bad08e6945ecee3dd2f19fcb3735f0e1668a13bba0f4da5d66739	too large (trace)
tr03-official-1/1733-cell-b-0460-recovery-retract/reference-10ms-differences.json.gz	23	f1101f8233b16d980af348db666cbdb1b9772fa79c6fa8d7d6d9550c1f6a546d	not a metric of this report
tr03-official-1/1733-cell-b-0460-recovery-retract/trace.jsonl.gz	1732294	c9a84a5002a09c7065234148c02f138304c2dccdd61af8c38799cf8f0ca9290f	too large (trace)
tr03-official-1/1734-cell-b-0460-batch/reference-10ms-differences.json.gz	23	f1101f8233b16d980af348db666cbdb1b9772fa79c6fa8d7d6d9550c1f6a546d	not a metric of this report
tr03-official-1/1734-cell-b-0460-batch/trace.jsonl.gz	1756417	880e391fc2cbe2e57cf1c023e6b91a9804e85a6707506d3d3b1d9bb60b6cebb4	too large (trace)
tr03-official-1/1735-cell-b-0460-stroke75/constants.json	5779	23eb4ee6404d9bbca1675106843e233adf2dd72c0e37f275d0c9bb31194fcadb	plant-model file (private)
tr03-official-1/1735-cell-b-0460-stroke75/reference-10ms-differences.json.gz	23	f1101f8233b16d980af348db666cbdb1b9772fa79c6fa8d7d6d9550c1f6a546d	not a metric of this report
tr03-official-1/1735-cell-b-0460-stroke75/trace.jsonl.gz	1147858	85a44ed015379e02de07fd526a65a5d7545cd82c70fd0641afd51acf8111b07a	too large (trace)
tr03-official-1/1736-cell-b-0460-flow060/constants.json	5759	749da6a9a3b578914850d85f44d3468ebdd2fefffb551566451d2e1a2d182a14	plant-model file (private)
tr03-official-1/1736-cell-b-0460-flow060/flow.plccell.json	33668	de3b752c6569074a823f5ee6945a6aea173d27e736d7f9764b3705dc16fcefb6	plant-model file (private)
tr03-official-1/1736-cell-b-0460-flow060/reference-10ms-differences.json.gz	23	f1101f8233b16d980af348db666cbdb1b9772fa79c6fa8d7d6d9550c1f6a546d	not a metric of this report
tr03-official-1/1736-cell-b-0460-flow060/trace.jsonl.gz	484785	6dc16b83c9c4c1b71da6d52cbfc94c192f5a1b6ada7f383ed71f1f81eb32d040	too large (trace)
tr03-official-1/1737-cell-b-0460-flow045/constants.json	5760	b60b895ae8a70ba009e8fef0331b36e4f055cc6e7e075ae19d01b37f763c0360	plant-model file (private)
tr03-official-1/1737-cell-b-0460-flow045/flow.plccell.json	33668	de3b752c6569074a823f5ee6945a6aea173d27e736d7f9764b3705dc16fcefb6	plant-model file (private)
tr03-official-1/1737-cell-b-0460-flow045/reference-10ms-differences.json.gz	23	f1101f8233b16d980af348db666cbdb1b9772fa79c6fa8d7d6d9550c1f6a546d	not a metric of this report
tr03-official-1/1737-cell-b-0460-flow045/trace.jsonl.gz	459761	748cd6dd4e8d4ef9c09debe07532ec56e6471d0336ebe34d02a442a986c0827d	too large (trace)
tr03-official-1/1738-cell-b-0461-normal-s1/reference-10ms-differences.json.gz	23	f1101f8233b16d980af348db666cbdb1b9772fa79c6fa8d7d6d9550c1f6a546d	not a metric of this report
tr03-official-1/1738-cell-b-0461-normal-s1/trace.jsonl.gz	2931258	eee66ac97e7a03d415a73e3a2ddfee1118998e2df03b7d9d8df5f686d47fe6d4	too large (trace)
tr03-official-1/1739-cell-b-0461-normal-s2/reference-10ms-differences.json.gz	23	f1101f8233b16d980af348db666cbdb1b9772fa79c6fa8d7d6d9550c1f6a546d	not a metric of this report
tr03-official-1/1739-cell-b-0461-normal-s2/trace.jsonl.gz	2691892	b9ec98d0b06e061d0d953037e90f9192b515241a8b893256958d5bbe9232d692	too large (trace)
tr03-official-1/1740-cell-b-0461-normal-s3/reference-10ms-differences.json.gz	23	f1101f8233b16d980af348db666cbdb1b9772fa79c6fa8d7d6d9550c1f6a546d	not a metric of this report
tr03-official-1/1740-cell-b-0461-normal-s3/trace.jsonl.gz	2670554	7060f5ccb1ff9193d99dad22475f8b1e9609745545624456783c02590b9c812b	too large (trace)
tr03-official-1/1741-cell-b-0461-cycle-stop/reference-10ms-differences.json.gz	23	f1101f8233b16d980af348db666cbdb1b9772fa79c6fa8d7d6d9550c1f6a546d	not a metric of this report
tr03-official-1/1741-cell-b-0461-cycle-stop/trace.jsonl.gz	639128	7c6984bfa53e15cd7ba838d03522e9aa548baccfa41dfd79756398642b1087f3	too large (trace)
tr03-official-1/1742-cell-b-0461-curtain/reference-10ms-differences.json.gz	23	f1101f8233b16d980af348db666cbdb1b9772fa79c6fa8d7d6d9550c1f6a546d	not a metric of this report
tr03-official-1/1742-cell-b-0461-curtain/trace.jsonl.gz	424439	08f94408a24bc443a9eea2b83f21b117782dae1236556b54d6ba31db56f99b20	too large (trace)
tr03-official-1/1743-cell-b-0461-recovery/reference-10ms-differences.json.gz	23	f1101f8233b16d980af348db666cbdb1b9772fa79c6fa8d7d6d9550c1f6a546d	not a metric of this report
tr03-official-1/1743-cell-b-0461-recovery/trace.jsonl.gz	1720409	612de7121d2fed7282178f42dde4054d06ee97470007c08cfe3c55e2649b9bd6	too large (trace)
tr03-official-1/1744-cell-b-0461-recovery-retract/reference-10ms-differences.json.gz	23	f1101f8233b16d980af348db666cbdb1b9772fa79c6fa8d7d6d9550c1f6a546d	not a metric of this report
tr03-official-1/1744-cell-b-0461-recovery-retract/trace.jsonl.gz	1734110	6637c51c05496190f99dc035222b2024a9b099bd7061b5cf781f7357fd65b80c	too large (trace)
tr03-official-1/1745-cell-b-0461-batch/reference-10ms-differences.json.gz	23	f1101f8233b16d980af348db666cbdb1b9772fa79c6fa8d7d6d9550c1f6a546d	not a metric of this report
tr03-official-1/1745-cell-b-0461-batch/trace.jsonl.gz	1757566	c9d414e888d4b2da9d2b1725360472f77cf1d940875577584a6004ed8fbd657f	too large (trace)
tr03-official-1/1746-cell-b-0461-stroke75/constants.json	5779	23eb4ee6404d9bbca1675106843e233adf2dd72c0e37f275d0c9bb31194fcadb	plant-model file (private)
tr03-official-1/1746-cell-b-0461-stroke75/reference-10ms-differences.json.gz	23	f1101f8233b16d980af348db666cbdb1b9772fa79c6fa8d7d6d9550c1f6a546d	not a metric of this report
tr03-official-1/1746-cell-b-0461-stroke75/trace.jsonl.gz	1142082	4bc409fb3ef68c17a82230dfbaf686dcbd6bb04ca7adb40f550bf3585053ea9f	too large (trace)
tr03-official-1/1747-cell-b-0461-flow060/constants.json	5759	749da6a9a3b578914850d85f44d3468ebdd2fefffb551566451d2e1a2d182a14	plant-model file (private)
tr03-official-1/1747-cell-b-0461-flow060/flow.plccell.json	33668	de3b752c6569074a823f5ee6945a6aea173d27e736d7f9764b3705dc16fcefb6	plant-model file (private)
tr03-official-1/1747-cell-b-0461-flow060/reference-10ms-differences.json.gz	23	f1101f8233b16d980af348db666cbdb1b9772fa79c6fa8d7d6d9550c1f6a546d	not a metric of this report
tr03-official-1/1747-cell-b-0461-flow060/trace.jsonl.gz	482410	766526c2f1e2006182e47c86d26a5c10b1ec4e2e033483c46c8362dd15d648e3	too large (trace)
tr03-official-1/1748-cell-b-0461-flow045/constants.json	5760	b60b895ae8a70ba009e8fef0331b36e4f055cc6e7e075ae19d01b37f763c0360	plant-model file (private)
tr03-official-1/1748-cell-b-0461-flow045/flow.plccell.json	33668	de3b752c6569074a823f5ee6945a6aea173d27e736d7f9764b3705dc16fcefb6	plant-model file (private)
tr03-official-1/1748-cell-b-0461-flow045/reference-10ms-differences.json.gz	23	f1101f8233b16d980af348db666cbdb1b9772fa79c6fa8d7d6d9550c1f6a546d	not a metric of this report
tr03-official-1/1748-cell-b-0461-flow045/trace.jsonl.gz	461369	b2734c779b9ad2725890d42061561ee2bb01b445d858b8b55bc760b726a3c611	too large (trace)
tr03-official-1/1749-cell-b-0462-normal-s1/reference-10ms-differences.json.gz	41355	d1fd6f11ce357001a392e1ff82668dccf13eebbf1b62562e1311714e0708fcda	not a metric of this report
tr03-official-1/1749-cell-b-0462-normal-s1/trace.jsonl.gz	2925102	ac61914c9bb0e1a3d94425916f6bd5a81b52ccf62b10b0fcf661eebb147e0dea	too large (trace)
tr03-official-1/1750-cell-b-0462-normal-s2/reference-10ms-differences.json.gz	41355	9b8827bb93f9485c05540fd452110bd410c665cf34812e407d6a1d6d034f6e46	not a metric of this report
tr03-official-1/1750-cell-b-0462-normal-s2/trace.jsonl.gz	2692500	1b535a524cce20cb6ee1e762c935a8e84666b0a18836a3afa213ddee77d4fd7f	too large (trace)
tr03-official-1/1751-cell-b-0462-normal-s3/reference-10ms-differences.json.gz	41355	9b8827bb93f9485c05540fd452110bd410c665cf34812e407d6a1d6d034f6e46	not a metric of this report
tr03-official-1/1751-cell-b-0462-normal-s3/trace.jsonl.gz	2411985	b62fff4ce76ab1584d7eb72342fd865ee0ec91711a771eb354fa84f401109167	too large (trace)
tr03-official-1/1752-cell-b-0462-cycle-stop/reference-10ms-differences.json.gz	7733	2df1a70efaff84f450586a3629dba3cc409112adff4e63c621477791f1384a10	not a metric of this report
tr03-official-1/1752-cell-b-0462-cycle-stop/trace.jsonl.gz	645009	88ee86b5e4951d8166147ba9b56efadd1c9faed8214a744257e2fe4ebee27a13	too large (trace)
tr03-official-1/1753-cell-b-0462-curtain/reference-10ms-differences.json.gz	11284	6923bce065a49c39d2cfac8c91d40ed4a77122e44e4650b9efab7170aa488ded	not a metric of this report
tr03-official-1/1753-cell-b-0462-curtain/trace.jsonl.gz	429936	997a3a86970b9abd82c4e5379d60e4c37b5ead4e1309703fbb0c23ec48c4dc64	too large (trace)
tr03-official-1/1754-cell-b-0462-recovery/reference-10ms-differences.json.gz	14941	228b70371119dc0f07bf7c03435205a773d0d6f9ffa27a7f5b09cdd476e0e52a	not a metric of this report
tr03-official-1/1754-cell-b-0462-recovery/trace.jsonl.gz	1732869	aeeb3e17893f6892c204da35160e860735b9d724600b4534d1c4f61fc65c15b0	too large (trace)
tr03-official-1/1755-cell-b-0462-recovery-retract/reference-10ms-differences.json.gz	15249	13823f55bcb96b2634217240f6bbae015f7c4fad884c19f93a691b42baa0f059	not a metric of this report
tr03-official-1/1755-cell-b-0462-recovery-retract/trace.jsonl.gz	1755960	8a445d7937a8aafe085e23761d52ffecbb20a229c42cd56ea797f2a8cf2b3c4c	too large (trace)
tr03-official-1/1756-cell-b-0462-batch/reference-10ms-differences.json.gz	11163	90ad1b49262ba75cd9612a8261f255b11a00b3c88976fbf25e4a9ac5934ef401	not a metric of this report
tr03-official-1/1756-cell-b-0462-batch/trace.jsonl.gz	1766312	d484168b81d17cbf56ed536a11b7503b06be312154eb75f14055327640c15735	too large (trace)
tr03-official-1/1757-cell-b-0462-stroke75/constants.json	5779	23eb4ee6404d9bbca1675106843e233adf2dd72c0e37f275d0c9bb31194fcadb	plant-model file (private)
tr03-official-1/1757-cell-b-0462-stroke75/reference-10ms-differences.json.gz	43544	1f2918eba19cd4827ec6c7fbfb0dcd30737779e0cb3806c988857ccd966d391f	not a metric of this report
tr03-official-1/1757-cell-b-0462-stroke75/trace.jsonl.gz	1196522	a96312a3b73203a388cceeb48750b4c1803266bebe4a63e4d2c2f05469d2760c	too large (trace)
tr03-official-1/1758-cell-b-0462-flow060/constants.json	5759	749da6a9a3b578914850d85f44d3468ebdd2fefffb551566451d2e1a2d182a14	plant-model file (private)
tr03-official-1/1758-cell-b-0462-flow060/flow.plccell.json	33668	de3b752c6569074a823f5ee6945a6aea173d27e736d7f9764b3705dc16fcefb6	plant-model file (private)
tr03-official-1/1758-cell-b-0462-flow060/reference-10ms-differences.json.gz	10292	e3b6481bd77cc8956ffd6c66301fdb0657c4c59ce20e0866f29ec0f382b3a5ac	not a metric of this report
tr03-official-1/1758-cell-b-0462-flow060/trace.jsonl.gz	479525	0f3a87e08e9928c02e0137ea2eaa3ee3a425eefe83dba91f5f02d77ec22a3a74	too large (trace)
tr03-official-1/1759-cell-b-0462-flow045/constants.json	5760	b60b895ae8a70ba009e8fef0331b36e4f055cc6e7e075ae19d01b37f763c0360	plant-model file (private)
tr03-official-1/1759-cell-b-0462-flow045/flow.plccell.json	33668	de3b752c6569074a823f5ee6945a6aea173d27e736d7f9764b3705dc16fcefb6	plant-model file (private)
tr03-official-1/1759-cell-b-0462-flow045/reference-10ms-differences.json.gz	10328	67fce101ac79ec69e67da1843dd75e5a52f914df6e734c29d5160f5a96e79099	not a metric of this report
tr03-official-1/1759-cell-b-0462-flow045/trace.jsonl.gz	467339	94d211d6e54b074776850c6d50e998fa40d55fb66c2aaa93ec83104bc3d0898f	too large (trace)
tr03-official-1/1760-cell-b-0463-normal-s1/reference-10ms-differences.json.gz	72135	02dce927fafa3d2f09cf6da87d1477c69e1f336aea8d90dd9efe4a0ea7a72a84	not a metric of this report
tr03-official-1/1760-cell-b-0463-normal-s1/trace.jsonl.gz	2905544	afe46d6a24a6d4938e00e4917cd34a81b7d34ba490f1c93073c1205b303c57ea	too large (trace)
tr03-official-1/1761-cell-b-0463-normal-s2/reference-10ms-differences.json.gz	72188	5e90cf596fd34b2f7bea133cfe250a52e866b5d454ac5415bb864f98e11831de	not a metric of this report
tr03-official-1/1761-cell-b-0463-normal-s2/trace.jsonl.gz	2690933	8b448dba11a47c9e475f84abde605b1aaf81a06b99e33cc4cf642888f58992d4	too large (trace)
tr03-official-1/1762-cell-b-0463-normal-s3/reference-10ms-differences.json.gz	72037	1839aba6a5382ad430e15c1f2bafb907ed9b5043ab28e8b54dc7fb5cf78ca103	not a metric of this report
tr03-official-1/1762-cell-b-0463-normal-s3/trace.jsonl.gz	2413954	c1cd6d3ea6ff83302596a3846d2996be7d3daa7fae0a1d2741aed851cd932198	too large (trace)
tr03-official-1/1763-cell-b-0463-cycle-stop/reference-10ms-differences.json.gz	18556	b245bcd113594ff74fdc72820774fb80da053cb25e63201f2a0f35494204a2cd	not a metric of this report
tr03-official-1/1763-cell-b-0463-cycle-stop/trace.jsonl.gz	636093	7b1efe57e8d1deafef984d177aec5dc6b70c6a39236b70a9740b1379f94865b0	too large (trace)
tr03-official-1/1764-cell-b-0463-curtain/reference-10ms-differences.json.gz	8198	6a4512c2313db8fd773ae02ef71be1c3c6ac648adcb42963315300cee81716ea	not a metric of this report
tr03-official-1/1764-cell-b-0463-curtain/trace.jsonl.gz	435993	46d00d508a25dc51b8ade312d7f5c090c0ec4788b02102d96083173c70e20b5b	too large (trace)
tr03-official-1/1765-cell-b-0463-recovery/reference-10ms-differences.json.gz	9625	65d99bdae7efa6fa88dd03add2eac2ef068ea0cff56872622808800b9319742e	not a metric of this report
tr03-official-1/1765-cell-b-0463-recovery/trace.jsonl.gz	1730803	5cbcf40d6f04ea14e5436067a243a672dbe8006a85bc0f5ac1c471a468e21f96	too large (trace)
tr03-official-1/1766-cell-b-0463-recovery-retract/reference-10ms-differences.json.gz	10279	1ef5e3cdb0349e5928c5bd423c86c505642f7d21505d114f0ec5d2235af2f34f	not a metric of this report
tr03-official-1/1766-cell-b-0463-recovery-retract/trace.jsonl.gz	1738773	38139fef3b8075b142134d05b65b1321766b082b2c1f49020bdcf6bfeb938fb7	too large (trace)
tr03-official-1/1767-cell-b-0463-batch/reference-10ms-differences.json.gz	41939	f6276725ac1f83697595b0848e9747fef5342b59192249c534dac6e830fe7667	not a metric of this report
tr03-official-1/1767-cell-b-0463-batch/trace.jsonl.gz	1752287	786792f01c8d18f4cb1377f1be375e15315c06138e12bf87c503ef03dd126359	too large (trace)
tr03-official-1/1768-cell-b-0463-stroke75/constants.json	5779	23eb4ee6404d9bbca1675106843e233adf2dd72c0e37f275d0c9bb31194fcadb	plant-model file (private)
tr03-official-1/1768-cell-b-0463-stroke75/reference-10ms-differences.json.gz	8557	3b171a16673a44b375456839d4528bcdd9e5654b764ec598c9cfaeb8acc997cd	not a metric of this report
tr03-official-1/1768-cell-b-0463-stroke75/trace.jsonl.gz	1135394	b72e80df801df8dcc16a0985d75afebee7f82e262439de35320aee100db1f4aa	too large (trace)
tr03-official-1/1769-cell-b-0463-flow060/constants.json	5759	749da6a9a3b578914850d85f44d3468ebdd2fefffb551566451d2e1a2d182a14	plant-model file (private)
tr03-official-1/1769-cell-b-0463-flow060/flow.plccell.json	33668	de3b752c6569074a823f5ee6945a6aea173d27e736d7f9764b3705dc16fcefb6	plant-model file (private)
tr03-official-1/1769-cell-b-0463-flow060/reference-10ms-differences.json.gz	11707	ee8e272b25502ba4208e810bbb46c625430a9b58d3eb403c54703e0b22a1f330	not a metric of this report
tr03-official-1/1769-cell-b-0463-flow060/trace.jsonl.gz	486220	1f94ed4d5c067d49c3c6b911ab632e7473b0974155e3b221cb1907205cacda2c	too large (trace)
tr03-official-1/1770-cell-b-0463-flow045/constants.json	5760	b60b895ae8a70ba009e8fef0331b36e4f055cc6e7e075ae19d01b37f763c0360	plant-model file (private)
tr03-official-1/1770-cell-b-0463-flow045/flow.plccell.json	33668	de3b752c6569074a823f5ee6945a6aea173d27e736d7f9764b3705dc16fcefb6	plant-model file (private)
tr03-official-1/1770-cell-b-0463-flow045/reference-10ms-differences.json.gz	11526	04d46a7ef9ffdc7cc1fdd7f85c45cd5f652a9f05c2c70117c5bcf7be27ba06e4	not a metric of this report
tr03-official-1/1770-cell-b-0463-flow045/trace.jsonl.gz	471672	a4540b6da888b1f47c10ecfb5ef81413fd4b2611d5bcf1cecfe7190149d05e10	too large (trace)
tr03-official-1/1771-cell-b-0464-normal-s1/reference-10ms-differences.json.gz	30737	df0956caa9b04bcaed33b7a179722616350c920055e0ae826c6925dfd99c08e2	not a metric of this report
tr03-official-1/1771-cell-b-0464-normal-s1/trace.jsonl.gz	2922496	556f8681b6b8471efee6039c6b1af428022c68669cad0dc045703b58dd677165	too large (trace)
tr03-official-1/1772-cell-b-0464-normal-s2/reference-10ms-differences.json.gz	30812	ef4e2dc2ca2c85077305eec618155f0bb8f6e3832030f92d7ec465dcc1c1766b	not a metric of this report
tr03-official-1/1772-cell-b-0464-normal-s2/trace.jsonl.gz	2697786	13359c750b54ab3c2e2862666a0f6eeaa00f45275190fa5c361a0b700156850a	too large (trace)
tr03-official-1/1773-cell-b-0464-normal-s3/reference-10ms-differences.json.gz	30671	1770faf9d5f36d776217b53d1618ed8a7cb089acff57cc2bd479edbbae861ff9	not a metric of this report
tr03-official-1/1773-cell-b-0464-normal-s3/trace.jsonl.gz	2682223	def9014ab79106b7e26f1f0425388f1dca671a9f2de0a5bc6cf26809507fdc1d	too large (trace)
tr03-official-1/1774-cell-b-0464-cycle-stop/reference-10ms-differences.json.gz	10934	35d2a8544b61077114bc470e258caa50fa8e9fef2fdf4d6002719e1645899332	not a metric of this report
tr03-official-1/1774-cell-b-0464-cycle-stop/trace.jsonl.gz	643226	0d4f0f6df68854b726854c5da3c75237050cfaa87e5b0368d6879df491e3c0e3	too large (trace)
tr03-official-1/1775-cell-b-0464-curtain/reference-10ms-differences.json.gz	3370	a133bd2075f0b5c6a827adb47feac5be2e8999a5bef8e47ea8182be1a5090224	not a metric of this report
tr03-official-1/1775-cell-b-0464-curtain/trace.jsonl.gz	431061	9b8b9c77445b8a694ca4141842a413ddd3edb24b467bfdb8a6123e5df0c5c6a0	too large (trace)
tr03-official-1/1776-cell-b-0464-recovery/reference-10ms-differences.json.gz	3370	a133bd2075f0b5c6a827adb47feac5be2e8999a5bef8e47ea8182be1a5090224	not a metric of this report
tr03-official-1/1776-cell-b-0464-recovery/trace.jsonl.gz	1732721	939f6da06df343310e655b8163e402b61ce2e19ed535b4e5965fcd2d5e8b1672	too large (trace)
tr03-official-1/1777-cell-b-0464-recovery-retract/reference-10ms-differences.json.gz	3939	7efd4b882347c7fbbace9aadda910abc284e7252371cc7100769fa5086ba1338	not a metric of this report
tr03-official-1/1777-cell-b-0464-recovery-retract/trace.jsonl.gz	1745302	03f8500f56b7820bcf886503c784ff9958e97b84297797f2ef2ba0aa0bab4d33	too large (trace)
tr03-official-1/1778-cell-b-0464-batch/reference-10ms-differences.json.gz	30737	df0956caa9b04bcaed33b7a179722616350c920055e0ae826c6925dfd99c08e2	not a metric of this report
tr03-official-1/1778-cell-b-0464-batch/trace.jsonl.gz	1762665	bcdfffff17c30aa93d0f2527d40bf392555a49dca0629a54c1a2efcc8b1778ef	too large (trace)
tr03-official-1/1779-cell-b-0464-stroke75/constants.json	5779	23eb4ee6404d9bbca1675106843e233adf2dd72c0e37f275d0c9bb31194fcadb	plant-model file (private)
tr03-official-1/1779-cell-b-0464-stroke75/reference-10ms-differences.json.gz	3731	908a412ef36e8302b745a9a20d750bcdbe1b3d7cf5bbe81c1bbbc951bccd9680	not a metric of this report
tr03-official-1/1779-cell-b-0464-stroke75/trace.jsonl.gz	1135817	92e6b47b98ae029f5fd78f0dc87cb5053a444a702728504d73af6dede3c06a5e	too large (trace)
tr03-official-1/1780-cell-b-0464-flow060/constants.json	5759	749da6a9a3b578914850d85f44d3468ebdd2fefffb551566451d2e1a2d182a14	plant-model file (private)
tr03-official-1/1780-cell-b-0464-flow060/flow.plccell.json	33668	de3b752c6569074a823f5ee6945a6aea173d27e736d7f9764b3705dc16fcefb6	plant-model file (private)
tr03-official-1/1780-cell-b-0464-flow060/reference-10ms-differences.json.gz	6879	1de77788bc130a89907f87fb7455051918475498b5f4fac52a3f3efbddf66caa	not a metric of this report
tr03-official-1/1780-cell-b-0464-flow060/trace.jsonl.gz	483079	307de52285cac619771a12fd0d15d6c31c26ee314008be89865555cdea142e1b	too large (trace)
tr03-official-1/1781-cell-b-0464-flow045/constants.json	5760	b60b895ae8a70ba009e8fef0331b36e4f055cc6e7e075ae19d01b37f763c0360	plant-model file (private)
tr03-official-1/1781-cell-b-0464-flow045/flow.plccell.json	33668	de3b752c6569074a823f5ee6945a6aea173d27e736d7f9764b3705dc16fcefb6	plant-model file (private)
tr03-official-1/1781-cell-b-0464-flow045/reference-10ms-differences.json.gz	6693	c00e20593c1d53ff24702cccb63d128db1c1169092dc13d6b2f0ad1aa2d712c4	not a metric of this report
tr03-official-1/1781-cell-b-0464-flow045/trace.jsonl.gz	460013	f86f175a276103191e6606427dfb3a0d7234b028a06cb9899eac72ecfa3288e1	too large (trace)
tr03-official-1/1782-cell-b-0465-normal-s1/reference-10ms-differences.json.gz	23	f1101f8233b16d980af348db666cbdb1b9772fa79c6fa8d7d6d9550c1f6a546d	not a metric of this report
tr03-official-1/1782-cell-b-0465-normal-s1/trace.jsonl.gz	2922177	40942ff21f777f5d741dcd603a540756a51db3f87293614430acbfc0d03c733a	too large (trace)
tr03-official-1/1783-cell-b-0465-normal-s2/reference-10ms-differences.json.gz	23	f1101f8233b16d980af348db666cbdb1b9772fa79c6fa8d7d6d9550c1f6a546d	not a metric of this report
tr03-official-1/1783-cell-b-0465-normal-s2/trace.jsonl.gz	2697864	1603bc2dfecc2c73719cae20466ea06b0a071b8fa776856ee8324a4fea97b6fc	too large (trace)
tr03-official-1/1784-cell-b-0465-normal-s3/reference-10ms-differences.json.gz	23	f1101f8233b16d980af348db666cbdb1b9772fa79c6fa8d7d6d9550c1f6a546d	not a metric of this report
tr03-official-1/1784-cell-b-0465-normal-s3/trace.jsonl.gz	2662991	466916929774bc5d554349eb9887c3f36aa9dee695aca0dc39fd7226298ab00d	too large (trace)
tr03-official-1/1785-cell-b-0465-cycle-stop/reference-10ms-differences.json.gz	23	f1101f8233b16d980af348db666cbdb1b9772fa79c6fa8d7d6d9550c1f6a546d	not a metric of this report
tr03-official-1/1785-cell-b-0465-cycle-stop/trace.jsonl.gz	642605	0807a1db5b2e16e042b2517b1c8874edcdfcfaed03d1ef052f56f5b73bfc3af5	too large (trace)
tr03-official-1/1786-cell-b-0465-curtain/reference-10ms-differences.json.gz	6363	7f18150e0064845436e051f10ef7badc1d80bebdb232952930db0a1b4e1b1d86	not a metric of this report
tr03-official-1/1786-cell-b-0465-curtain/trace.jsonl.gz	429130	9f01c9891662b11e5b57093f746d9869d6f2dd946983dea4a0c50a4431b53af1	too large (trace)
tr03-official-1/1787-cell-b-0465-recovery/reference-10ms-differences.json.gz	12726	13c6a28c86a8da7e7b84fb9b7f9b0e5c228a8a00faf2cf02a226fca2e0628020	not a metric of this report
tr03-official-1/1787-cell-b-0465-recovery/trace.jsonl.gz	1736186	f9c30345dea50f573b8963481a81a2bc7c95e968ea107980f82925234f632834	too large (trace)
tr03-official-1/1788-cell-b-0465-recovery-retract/reference-10ms-differences.json.gz	12767	24b8efeea53ed87d0aa808188a9378b163f5b74454f0237cc9bdb9f65baa56cd	not a metric of this report
tr03-official-1/1788-cell-b-0465-recovery-retract/trace.jsonl.gz	1747943	4384172cf47498871b1ba9f308d7d0bc927cdf83bf77a6f23b487e2231cffbee	too large (trace)
tr03-official-1/1789-cell-b-0465-batch/reference-10ms-differences.json.gz	23	f1101f8233b16d980af348db666cbdb1b9772fa79c6fa8d7d6d9550c1f6a546d	not a metric of this report
tr03-official-1/1789-cell-b-0465-batch/trace.jsonl.gz	1761416	3e1ae8de480b6c380adac01ae36e8e1e22584b95a0010269a29d157006f418b7	too large (trace)
tr03-official-1/1790-cell-b-0465-stroke75/constants.json	5779	23eb4ee6404d9bbca1675106843e233adf2dd72c0e37f275d0c9bb31194fcadb	plant-model file (private)
tr03-official-1/1790-cell-b-0465-stroke75/reference-10ms-differences.json.gz	38477	7bb4c232a8d54e4d5e51005cc43b85994f24f8691f85a82349e8baf3fcea60b4	not a metric of this report
tr03-official-1/1790-cell-b-0465-stroke75/trace.jsonl.gz	1173670	23fe316b90f45ba009ab76df12f186990fb6874417cd2d1ab847ec0a88cfef80	too large (trace)
tr03-official-1/1791-cell-b-0465-flow060/constants.json	5759	749da6a9a3b578914850d85f44d3468ebdd2fefffb551566451d2e1a2d182a14	plant-model file (private)
tr03-official-1/1791-cell-b-0465-flow060/flow.plccell.json	33668	de3b752c6569074a823f5ee6945a6aea173d27e736d7f9764b3705dc16fcefb6	plant-model file (private)
tr03-official-1/1791-cell-b-0465-flow060/reference-10ms-differences.json.gz	5335	bff5aa797b8e71aaa95a6752a60b6f069f87902aed5f07d4ee5cf096d9014479	not a metric of this report
tr03-official-1/1791-cell-b-0465-flow060/trace.jsonl.gz	475289	e4146b2069b930e1e07276ae4be0f4e063facfc650c9e60dad1b2697ef9a4619	too large (trace)
tr03-official-1/1792-cell-b-0465-flow045/constants.json	5760	b60b895ae8a70ba009e8fef0331b36e4f055cc6e7e075ae19d01b37f763c0360	plant-model file (private)
tr03-official-1/1792-cell-b-0465-flow045/flow.plccell.json	33668	de3b752c6569074a823f5ee6945a6aea173d27e736d7f9764b3705dc16fcefb6	plant-model file (private)
tr03-official-1/1792-cell-b-0465-flow045/reference-10ms-differences.json.gz	5374	b9486eb69e10f898d8dc154e9d6263ce66b537e8ebde9f3d80247476e53b0939	not a metric of this report
tr03-official-1/1792-cell-b-0465-flow045/trace.jsonl.gz	464102	9f4f0435bd81adf3c0a76aee285564bcd8e1865850993fc0bd26ccd5dd782507	too large (trace)
