path	bytes_public	sha256_public	sha256_original	transform	replaced_prefixes
tr04-official-1/BASE-cell-b-pack/force.json	1539	1586456a3690ae036b29107a936a8d3a3c876d044b410baaac8e6674849e2d98	1204211eb9b33ad27334c329d7ecc75329d8ebd6b466fa3bc3a94eba3eca2550	redact	1
tr04-official-1/BASE-cell-b-pack/s3-normal-seed1/io_verdict.json	388	3bd89ea2cf13318447a80ea0a43d7d905efd77bf1e241a7bbd54cf2de0806aa4	3bd89ea2cf13318447a80ea0a43d7d905efd77bf1e241a7bbd54cf2de0806aa4	none	0
tr04-official-1/BASE-cell-b-pack/s3-normal-seed1/metadata.json	5316	dc6e02276c8af10339117e9bf1b29470ce454178d22c6783f73192e8b668a960	ed59add334b3c39229604baf0d2bcae95744082fd67c5d9e9f9785430a31b27b	redact	10
tr04-official-1/BASE-cell-b-pack/s3-normal-seed1/plc-stderr.log	0	e3b0c44298fc1c149afbf4c8996fb92427ae41e4649b934ca495991b7852b855	e3b0c44298fc1c149afbf4c8996fb92427ae41e4649b934ca495991b7852b855	none	0
tr04-official-1/BASE-cell-b-pack/s3-normal-seed1/processes.json	133	2d682689e80bda8c5620f25653426df526d1fbc1117dd5af83750c779d3b7848	2d682689e80bda8c5620f25653426df526d1fbc1117dd5af83750c779d3b7848	none	0
tr04-official-1/BASE-cell-b-pack/s3-normal-seed1/reference-10ms-differences.json	3	37517e5f3dc66819f61f5a7bb8ace1921282415f10551d2defa5c3eb0985b570	37517e5f3dc66819f61f5a7bb8ace1921282415f10551d2defa5c3eb0985b570	none	0
tr04-official-1/BASE-cell-b-pack/s3-normal-seed1/static.json	22322	1898c9fd318246516b0563a5291f6b01119dc55b6af5d210f1a1c48ef962c5ab	1898c9fd318246516b0563a5291f6b01119dc55b6af5d210f1a1c48ef962c5ab	none	0
tr04-official-1/BASE-cell-b-pack/s3-normal-seed1/summary.json	19468	f7ca64487a500eb4b31b0ebdb70b198e4fdbcf77da8f0fd968a00eebf76ab8c4	464aee0990a1c0312b50c51bccb530cc48a971343e26e68b63a758b2a65e6fc6	drop_tick_hashes	0
tr04-official-1/BASE-cell-b-pack/s3-normal-seed1/vision-stderr.log	26	f6259e2742222db4cedc0f46e1f9d79c113803494192992ee22d2e0ff6d9cc6e	f6259e2742222db4cedc0f46e1f9d79c113803494192992ee22d2e0ff6d9cc6e	none	0
tr04-official-1/BASE-cell-b-pack/s3-normal-seed2/io_verdict.json	388	195ea2052fd822b21b2970666a8fa1d8a3ce2e3a88cc31065862bd6a7419ea9e	195ea2052fd822b21b2970666a8fa1d8a3ce2e3a88cc31065862bd6a7419ea9e	none	0
tr04-official-1/BASE-cell-b-pack/s3-normal-seed2/metadata.json	5316	56af9b72ae01f01669dab226638348dfb7badcc5b480962a1b04071867846987	da69150d406db70434346a2e5ba060b1f28d0714049b313309a4a903cf28f035	redact	10
tr04-official-1/BASE-cell-b-pack/s3-normal-seed2/plc-stderr.log	0	e3b0c44298fc1c149afbf4c8996fb92427ae41e4649b934ca495991b7852b855	e3b0c44298fc1c149afbf4c8996fb92427ae41e4649b934ca495991b7852b855	none	0
tr04-official-1/BASE-cell-b-pack/s3-normal-seed2/processes.json	133	2d682689e80bda8c5620f25653426df526d1fbc1117dd5af83750c779d3b7848	2d682689e80bda8c5620f25653426df526d1fbc1117dd5af83750c779d3b7848	none	0
tr04-official-1/BASE-cell-b-pack/s3-normal-seed2/reference-10ms-differences.json	3	37517e5f3dc66819f61f5a7bb8ace1921282415f10551d2defa5c3eb0985b570	37517e5f3dc66819f61f5a7bb8ace1921282415f10551d2defa5c3eb0985b570	none	0
tr04-official-1/BASE-cell-b-pack/s3-normal-seed2/static.json	22322	1898c9fd318246516b0563a5291f6b01119dc55b6af5d210f1a1c48ef962c5ab	1898c9fd318246516b0563a5291f6b01119dc55b6af5d210f1a1c48ef962c5ab	none	0
tr04-official-1/BASE-cell-b-pack/s3-normal-seed2/summary.json	19460	41a196f6565cf951b7405875076a47f7d4c16db27ab878c3bb9f59b2d4656695	a40bdd7e328c7415904a956d8b135669b3c648742d876799dc680b9e035a0868	drop_tick_hashes	0
tr04-official-1/BASE-cell-b-pack/s3-normal-seed2/vision-stderr.log	26	f6259e2742222db4cedc0f46e1f9d79c113803494192992ee22d2e0ff6d9cc6e	f6259e2742222db4cedc0f46e1f9d79c113803494192992ee22d2e0ff6d9cc6e	none	0
tr04-official-1/BASE-cell-b-pack/s3-normal-seed3/io_verdict.json	388	5b928ff5e26696fbe37b18eb9640ab902afa583d856b3abc0055e6e6e00db372	5b928ff5e26696fbe37b18eb9640ab902afa583d856b3abc0055e6e6e00db372	none	0
tr04-official-1/BASE-cell-b-pack/s3-normal-seed3/metadata.json	5316	73c27749cbda66658d61adb6be72e90945a6aafeab11633567f92ebfecd4c81c	99c1cf457a74a4b16ef4a1c2d5728310e67499bcc8e1d80b7f1df168bacfa22b	redact	10
tr04-official-1/BASE-cell-b-pack/s3-normal-seed3/plc-stderr.log	0	e3b0c44298fc1c149afbf4c8996fb92427ae41e4649b934ca495991b7852b855	e3b0c44298fc1c149afbf4c8996fb92427ae41e4649b934ca495991b7852b855	none	0
tr04-official-1/BASE-cell-b-pack/s3-normal-seed3/processes.json	133	2d682689e80bda8c5620f25653426df526d1fbc1117dd5af83750c779d3b7848	2d682689e80bda8c5620f25653426df526d1fbc1117dd5af83750c779d3b7848	none	0
tr04-official-1/BASE-cell-b-pack/s3-normal-seed3/reference-10ms-differences.json	3	37517e5f3dc66819f61f5a7bb8ace1921282415f10551d2defa5c3eb0985b570	37517e5f3dc66819f61f5a7bb8ace1921282415f10551d2defa5c3eb0985b570	none	0
tr04-official-1/BASE-cell-b-pack/s3-normal-seed3/static.json	22322	1898c9fd318246516b0563a5291f6b01119dc55b6af5d210f1a1c48ef962c5ab	1898c9fd318246516b0563a5291f6b01119dc55b6af5d210f1a1c48ef962c5ab	none	0
tr04-official-1/BASE-cell-b-pack/s3-normal-seed3/summary.json	19459	1b2a6b2efea1277c53eafd4c464044bd7bd827eadf0461b140c5761e806ca191	4c5315f0b077e9e9835da5e13fa6c7e3bbf3c43a3b679088e1504b73e31f263a	drop_tick_hashes	0
tr04-official-1/BASE-cell-b-pack/s3-normal-seed3/vision-stderr.log	26	f6259e2742222db4cedc0f46e1f9d79c113803494192992ee22d2e0ff6d9cc6e	f6259e2742222db4cedc0f46e1f9d79c113803494192992ee22d2e0ff6d9cc6e	none	0
tr04-official-1/BASE-cell-b-pack/s3-packfault-seed1/io_verdict.json	665	2438891a9a98d4a9c5cbbc9250057e24e7c79b428b112cf9ccb8d3e3b30361f8	2438891a9a98d4a9c5cbbc9250057e24e7c79b428b112cf9ccb8d3e3b30361f8	none	0
tr04-official-1/BASE-cell-b-pack/s3-packfault-seed1/metadata.json	5319	f294fead97bf622d43cb577c4ced4b237a50c7029eaddeca7ff404e50b8ef56f	c781f7a44643b51e1b3f47ebb75ebe1a7e0734bc1d8ad17abfaf57690fffc3a5	redact	10
tr04-official-1/BASE-cell-b-pack/s3-packfault-seed1/plc-stderr.log	0	e3b0c44298fc1c149afbf4c8996fb92427ae41e4649b934ca495991b7852b855	e3b0c44298fc1c149afbf4c8996fb92427ae41e4649b934ca495991b7852b855	none	0
tr04-official-1/BASE-cell-b-pack/s3-packfault-seed1/processes.json	133	2d682689e80bda8c5620f25653426df526d1fbc1117dd5af83750c779d3b7848	2d682689e80bda8c5620f25653426df526d1fbc1117dd5af83750c779d3b7848	none	0
tr04-official-1/BASE-cell-b-pack/s3-packfault-seed1/reference-10ms-differences.json	3	37517e5f3dc66819f61f5a7bb8ace1921282415f10551d2defa5c3eb0985b570	37517e5f3dc66819f61f5a7bb8ace1921282415f10551d2defa5c3eb0985b570	none	0
tr04-official-1/BASE-cell-b-pack/s3-packfault-seed1/static.json	22322	1898c9fd318246516b0563a5291f6b01119dc55b6af5d210f1a1c48ef962c5ab	1898c9fd318246516b0563a5291f6b01119dc55b6af5d210f1a1c48ef962c5ab	none	0
tr04-official-1/BASE-cell-b-pack/s3-packfault-seed1/summary.json	12836	406f9e5a10fcadbaa548a2e1a7e4c0c522ecb0a415ea23e036eb415a09b1da59	acb17d74646c50d8357dc832aa1323442af2ddeebf3e175b85abdad1948eee09	drop_tick_hashes	0
tr04-official-1/BASE-cell-b-pack/s3-packfault-seed1/vision-stderr.log	26	f6259e2742222db4cedc0f46e1f9d79c113803494192992ee22d2e0ff6d9cc6e	f6259e2742222db4cedc0f46e1f9d79c113803494192992ee22d2e0ff6d9cc6e	none	0
tr04-official-1/BASE-cell-b-pack/static.json	333	660e78215c1ec0e7e9c32082109e452b26cafad0aab609f63b86ca80d0283c91	6161e7085bd38faae0306572ef589fc97ca9df5a561c2be0c244bdc0e4b16bc9	redact	1
tr04-official-1/BASE-cell-b-pack/verdict.json	817	13e26a653efc1028876d66d90197e49c68001f43bc83a3003e84bbf26154665a	13e26a653efc1028876d66d90197e49c68001f43bc83a3003e84bbf26154665a	none	0
tr04-official-1/T17-G1-r1/force.json	1532	c43cd20c9bd802e76d89bb3a4c7df5ddef042c8f14d2435c46316aede87be026	7f7b2be94a5f31b7654d11f1a8540173c2865d44635e04c6ea9e364c7e1e815a	redact	1
tr04-official-1/T17-G1-r1/static.json	475	0e7e4c9066ebb10f28d0965827caa7b69db76a4abd82f2b8aef03df1d0ced29c	016d58120cf6a719f739a76c454c09c29b1811376820dfb36f16318c7025c316	redact	1
tr04-official-1/T17-G1-r1/verdict.json	142	52e749a7bb80c96345fa69e8ff1e7edb60a53efd6ffd9da3ca9a565704ffb74b	52e749a7bb80c96345fa69e8ff1e7edb60a53efd6ffd9da3ca9a565704ffb74b	none	0
tr04-official-1/T17-G1-r2/force.json	1532	ac70464a5d7bd5c99884c65ea352efa2ebc72b2225e960ba0e30b342a83cdcd7	7638c912688e660bf18d59aa43ce0a83fc5ee42b1e93492c5ef4d6b6c0686493	redact	1
tr04-official-1/T17-G1-r2/static.json	402	96f2b17972b862cdcbe6edbf00990407da9307c1b64f4257b1030ffe3c7109df	692286cbb3b3a69fa062444a45066f1a9bcee34244d8985dc74ddefefaffe221	redact	1
tr04-official-1/T17-G1-r2/verdict.json	142	aa04afde4e20d851b1db91d5689ff7ec1a5e8c8fc8da9a6eaa73011cb33ee8f6	aa04afde4e20d851b1db91d5689ff7ec1a5e8c8fc8da9a6eaa73011cb33ee8f6	none	0
tr04-official-1/T17-G1-r3/force.json	1532	409a23eb2030daf9db85a0227e0588ddf6d249c387a85dd4946e509b7959eb65	813023256033a19bce75e72a69b1ab439a09f55f5bdb6acfdf331017de1406e9	redact	1
tr04-official-1/T17-G1-r3/static.json	755	50a3c2f90d94c1771c652ec2f4b1d931bfcd1d53f84eab70c7afc27d0c80d7cb	188d2bc432dc1aba745d9991cdf514255721d4408e4d26c56185e0aa88041a9d	redact	1
tr04-official-1/T17-G1-r3/verdict.json	142	3f31a7b61bc77d81a20074b109a87629ec291342442e51d9db77241b5e94e377	3f31a7b61bc77d81a20074b109a87629ec291342442e51d9db77241b5e94e377	none	0
tr04-official-1/T17-G2-r1/force.json	1532	49e0c03cc02792f46d8c55ea45494dcbd74a5306e82541dc000cecafbe4cfa2b	be5de2e7a7312a691c155764f48180a970fb56562fa740e9de419892e777e28f	redact	1
tr04-official-1/T17-G2-r1/s3-normal-seed1/io_verdict.json	388	3bd89ea2cf13318447a80ea0a43d7d905efd77bf1e241a7bbd54cf2de0806aa4	3bd89ea2cf13318447a80ea0a43d7d905efd77bf1e241a7bbd54cf2de0806aa4	none	0
tr04-official-1/T17-G2-r1/s3-normal-seed1/metadata.json	5309	4c73916d3b4d2fd1085010f3427f7e1b3a2c4d80b3ab21388367002d8e796628	9e69b66fe6fcd1da10b44eabe9378cd4e6b0c0ed713e8489d1c1c58e6039b315	redact	10
tr04-official-1/T17-G2-r1/s3-normal-seed1/plc-stderr.log	0	e3b0c44298fc1c149afbf4c8996fb92427ae41e4649b934ca495991b7852b855	e3b0c44298fc1c149afbf4c8996fb92427ae41e4649b934ca495991b7852b855	none	0
tr04-official-1/T17-G2-r1/s3-normal-seed1/processes.json	133	2d682689e80bda8c5620f25653426df526d1fbc1117dd5af83750c779d3b7848	2d682689e80bda8c5620f25653426df526d1fbc1117dd5af83750c779d3b7848	none	0
tr04-official-1/T17-G2-r1/s3-normal-seed1/reference-10ms-differences.json	3	37517e5f3dc66819f61f5a7bb8ace1921282415f10551d2defa5c3eb0985b570	37517e5f3dc66819f61f5a7bb8ace1921282415f10551d2defa5c3eb0985b570	none	0
tr04-official-1/T17-G2-r1/s3-normal-seed1/static.json	43407	a93cada7799f4d9732614815a32af5e8533f75d6b143f009c23ebdeae8951c59	a93cada7799f4d9732614815a32af5e8533f75d6b143f009c23ebdeae8951c59	none	0
tr04-official-1/T17-G2-r1/s3-normal-seed1/summary.json	19468	84876f969a2db584ff446dc9d4c41d91e310918badc2ea0510165ed519dafa60	e6153b4ec219e38c3ebc27a5ef5c6ee650d94e5ff9d7526dc9a9dfb5b596bc0d	drop_tick_hashes	0
tr04-official-1/T17-G2-r1/s3-normal-seed1/vision-stderr.log	26	f6259e2742222db4cedc0f46e1f9d79c113803494192992ee22d2e0ff6d9cc6e	f6259e2742222db4cedc0f46e1f9d79c113803494192992ee22d2e0ff6d9cc6e	none	0
tr04-official-1/T17-G2-r1/s3-normal-seed2/io_verdict.json	388	195ea2052fd822b21b2970666a8fa1d8a3ce2e3a88cc31065862bd6a7419ea9e	195ea2052fd822b21b2970666a8fa1d8a3ce2e3a88cc31065862bd6a7419ea9e	none	0
tr04-official-1/T17-G2-r1/s3-normal-seed2/metadata.json	5309	a9b18d5b59f8a9b6001f2e374884aebbb28ff3409a6edffe50d602ce9ffd87b9	4c8f81a6f918b4efbab6e261568b126263ab41ac3891c81186e5a628633d2ad0	redact	10
tr04-official-1/T17-G2-r1/s3-normal-seed2/plc-stderr.log	0	e3b0c44298fc1c149afbf4c8996fb92427ae41e4649b934ca495991b7852b855	e3b0c44298fc1c149afbf4c8996fb92427ae41e4649b934ca495991b7852b855	none	0
tr04-official-1/T17-G2-r1/s3-normal-seed2/processes.json	133	2d682689e80bda8c5620f25653426df526d1fbc1117dd5af83750c779d3b7848	2d682689e80bda8c5620f25653426df526d1fbc1117dd5af83750c779d3b7848	none	0
tr04-official-1/T17-G2-r1/s3-normal-seed2/reference-10ms-differences.json	3	37517e5f3dc66819f61f5a7bb8ace1921282415f10551d2defa5c3eb0985b570	37517e5f3dc66819f61f5a7bb8ace1921282415f10551d2defa5c3eb0985b570	none	0
tr04-official-1/T17-G2-r1/s3-normal-seed2/static.json	43407	a93cada7799f4d9732614815a32af5e8533f75d6b143f009c23ebdeae8951c59	a93cada7799f4d9732614815a32af5e8533f75d6b143f009c23ebdeae8951c59	none	0
tr04-official-1/T17-G2-r1/s3-normal-seed2/summary.json	19460	46d5a2c86c492b77fcaceb39fa7dbe75149ae4f12822fec2354f3e9abdfc8ab5	9150f5c369b857266d0d0fa32a78a19c913b5cfbd701f18f662be6b13064c662	drop_tick_hashes	0
tr04-official-1/T17-G2-r1/s3-normal-seed2/vision-stderr.log	26	f6259e2742222db4cedc0f46e1f9d79c113803494192992ee22d2e0ff6d9cc6e	f6259e2742222db4cedc0f46e1f9d79c113803494192992ee22d2e0ff6d9cc6e	none	0
tr04-official-1/T17-G2-r1/s3-normal-seed3/io_verdict.json	388	5b928ff5e26696fbe37b18eb9640ab902afa583d856b3abc0055e6e6e00db372	5b928ff5e26696fbe37b18eb9640ab902afa583d856b3abc0055e6e6e00db372	none	0
tr04-official-1/T17-G2-r1/s3-normal-seed3/metadata.json	5309	de570e2e2b1cd2dcb4e2811d7ad42a0e33cedee4a711d060ac62f31e273ad083	09309bf2cec6c5f16259c2e531aa4033bb9985e9c79a64223314ad7b239bb391	redact	10
tr04-official-1/T17-G2-r1/s3-normal-seed3/plc-stderr.log	0	e3b0c44298fc1c149afbf4c8996fb92427ae41e4649b934ca495991b7852b855	e3b0c44298fc1c149afbf4c8996fb92427ae41e4649b934ca495991b7852b855	none	0
tr04-official-1/T17-G2-r1/s3-normal-seed3/processes.json	133	2d682689e80bda8c5620f25653426df526d1fbc1117dd5af83750c779d3b7848	2d682689e80bda8c5620f25653426df526d1fbc1117dd5af83750c779d3b7848	none	0
tr04-official-1/T17-G2-r1/s3-normal-seed3/reference-10ms-differences.json	3	37517e5f3dc66819f61f5a7bb8ace1921282415f10551d2defa5c3eb0985b570	37517e5f3dc66819f61f5a7bb8ace1921282415f10551d2defa5c3eb0985b570	none	0
tr04-official-1/T17-G2-r1/s3-normal-seed3/static.json	43407	a93cada7799f4d9732614815a32af5e8533f75d6b143f009c23ebdeae8951c59	a93cada7799f4d9732614815a32af5e8533f75d6b143f009c23ebdeae8951c59	none	0
tr04-official-1/T17-G2-r1/s3-normal-seed3/summary.json	19459	b7ed2eab63ae9b7b79ffef66d019cdefe34435487757973afabe764a2d4ae099	93085ac0d7a7e9bd63836a929e7df545b594c971fd5d190f5e1b626344ca9d5f	drop_tick_hashes	0
tr04-official-1/T17-G2-r1/s3-normal-seed3/vision-stderr.log	26	f6259e2742222db4cedc0f46e1f9d79c113803494192992ee22d2e0ff6d9cc6e	f6259e2742222db4cedc0f46e1f9d79c113803494192992ee22d2e0ff6d9cc6e	none	0
tr04-official-1/T17-G2-r1/s3-packfault-seed1/io_verdict.json	665	2438891a9a98d4a9c5cbbc9250057e24e7c79b428b112cf9ccb8d3e3b30361f8	2438891a9a98d4a9c5cbbc9250057e24e7c79b428b112cf9ccb8d3e3b30361f8	none	0
tr04-official-1/T17-G2-r1/s3-packfault-seed1/metadata.json	5312	3ffc4521e282390a1351923a4573b2070e4cdf855f92557f4e03d5f85978ed3d	790fda551b3f421fd20c15b3fe96ec1508d584f753c404ec30973088106e333c	redact	10
tr04-official-1/T17-G2-r1/s3-packfault-seed1/plc-stderr.log	0	e3b0c44298fc1c149afbf4c8996fb92427ae41e4649b934ca495991b7852b855	e3b0c44298fc1c149afbf4c8996fb92427ae41e4649b934ca495991b7852b855	none	0
tr04-official-1/T17-G2-r1/s3-packfault-seed1/processes.json	133	2d682689e80bda8c5620f25653426df526d1fbc1117dd5af83750c779d3b7848	2d682689e80bda8c5620f25653426df526d1fbc1117dd5af83750c779d3b7848	none	0
tr04-official-1/T17-G2-r1/s3-packfault-seed1/reference-10ms-differences.json	3	37517e5f3dc66819f61f5a7bb8ace1921282415f10551d2defa5c3eb0985b570	37517e5f3dc66819f61f5a7bb8ace1921282415f10551d2defa5c3eb0985b570	none	0
tr04-official-1/T17-G2-r1/s3-packfault-seed1/static.json	43407	a93cada7799f4d9732614815a32af5e8533f75d6b143f009c23ebdeae8951c59	a93cada7799f4d9732614815a32af5e8533f75d6b143f009c23ebdeae8951c59	none	0
tr04-official-1/T17-G2-r1/s3-packfault-seed1/summary.json	12836	8af3d6727a4b614f74d0b7aef236e695c8ed43c498461f2273b81aea2d51b1a7	8c1ca89fbe62b814ff233e17d65c15753663eb5f148328685310739f33f3eb56	drop_tick_hashes	0
tr04-official-1/T17-G2-r1/s3-packfault-seed1/vision-stderr.log	26	f6259e2742222db4cedc0f46e1f9d79c113803494192992ee22d2e0ff6d9cc6e	f6259e2742222db4cedc0f46e1f9d79c113803494192992ee22d2e0ff6d9cc6e	none	0
tr04-official-1/T17-G2-r1/static.json	326	710dfe5edbb39fefbf76dbdaa6358f85e5a3a4e361187299c023194064b81f70	019da137b0471dfae388b2ff71fd66f4d179ca75779e919101d8ee4097773064	redact	1
tr04-official-1/T17-G2-r1/verdict.json	810	81be4506371294ba1026ddc11c7f50e60b2abbb97ce4eb869a20bfad1b2df6a2	81be4506371294ba1026ddc11c7f50e60b2abbb97ce4eb869a20bfad1b2df6a2	none	0
tr04-official-1/T17-G2-r2/force.json	1532	65b2e5dc41c2bf27e621b66a5c067b73471354556c247b0a6bd457a27984c7ca	a6fc5190c795c4a8faaf278352bff16dca41756af0b0f8bb859bf3683e5697dd	redact	1
tr04-official-1/T17-G2-r2/static.json	524	baf834b373ec08e82859e39e6a73a6af8b9cad40758f73a0fbf1f2b2be544a44	eb47da27ba94646ca7ee3b56da7dcc14b9be3f17deced49f8895f86f7a00f0fd	redact	1
tr04-official-1/T17-G2-r2/verdict.json	142	4d623092ed6088b98b8579913ce8fb1f1365b12cc9f8c9beddeb907bccabbded	4d623092ed6088b98b8579913ce8fb1f1365b12cc9f8c9beddeb907bccabbded	none	0
tr04-official-1/T17-G2-r3/force.json	1532	b000d702b314d8186f131553d6a2535574c050ce8ac3c7d5fb4b32bf9f308fc3	b7df7ed208788ee71c7f7d83547d98f00c0da1300b46b33238083d24ab48b247	redact	1
tr04-official-1/T17-G2-r3/static.json	471	d2af638fed737d8523f662f019b052a0b9f712302d03171dd5f794a65b898349	4e01160be742645ee1966a9818f434c9f16fa43c421c0697a5228dcfb368fbf9	redact	1
tr04-official-1/T17-G2-r3/verdict.json	142	06f36414b523d30dd15aead553638f1a70f6d8415ea82eab4e8a9f4e67a740ab	06f36414b523d30dd15aead553638f1a70f6d8415ea82eab4e8a9f4e67a740ab	none	0
tr04-official-1/T17-G3-r1/verdict.json	147	421b34ea06f0354dfc0e71540bd4977934f48e4e5f40914b27520163b59831a5	421b34ea06f0354dfc0e71540bd4977934f48e4e5f40914b27520163b59831a5	none	0
tr04-official-1/T18-G1-r1/force.json	1532	a73bb584e6f7d0179c657af89ba01a189c81adf7de297aae384fcc734835e56d	12cc71c911927f6cdb79b263587a97f24f6d718314af0fda639ce6c4a544cabf	redact	1
tr04-official-1/T18-G1-r1/s3-normal-seed1/io_verdict.json	388	3bd89ea2cf13318447a80ea0a43d7d905efd77bf1e241a7bbd54cf2de0806aa4	3bd89ea2cf13318447a80ea0a43d7d905efd77bf1e241a7bbd54cf2de0806aa4	none	0
tr04-official-1/T18-G1-r1/s3-normal-seed1/metadata.json	5309	ca34cc7355dd28cf09f9846468fc6ea58ce8feff3a59ce2b9be767bb9a048861	d3d332ec4891914e87088d28b08f1a4296d652dbe4194541d0db9b611a64836a	redact	10
tr04-official-1/T18-G1-r1/s3-normal-seed1/plc-stderr.log	0	e3b0c44298fc1c149afbf4c8996fb92427ae41e4649b934ca495991b7852b855	e3b0c44298fc1c149afbf4c8996fb92427ae41e4649b934ca495991b7852b855	none	0
tr04-official-1/T18-G1-r1/s3-normal-seed1/processes.json	133	2d682689e80bda8c5620f25653426df526d1fbc1117dd5af83750c779d3b7848	2d682689e80bda8c5620f25653426df526d1fbc1117dd5af83750c779d3b7848	none	0
tr04-official-1/T18-G1-r1/s3-normal-seed1/reference-10ms-differences.json	3	37517e5f3dc66819f61f5a7bb8ace1921282415f10551d2defa5c3eb0985b570	37517e5f3dc66819f61f5a7bb8ace1921282415f10551d2defa5c3eb0985b570	none	0
tr04-official-1/T18-G1-r1/s3-normal-seed1/static.json	20123	128038d68648a60d90996476a7190224ad7d7a99fb41ef86ca1d82611b7b5f6c	128038d68648a60d90996476a7190224ad7d7a99fb41ef86ca1d82611b7b5f6c	none	0
tr04-official-1/T18-G1-r1/s3-normal-seed1/summary.json	19468	05d062688b94c8f018e506fd8d623a48d0c5094421620cd0e48a62f43ab81849	1542628d2596bd1ccf03e92848aecccdffd12f4460bc55eeae97fd62ed1f1fbc	drop_tick_hashes	0
tr04-official-1/T18-G1-r1/s3-normal-seed1/vision-stderr.log	26	f6259e2742222db4cedc0f46e1f9d79c113803494192992ee22d2e0ff6d9cc6e	f6259e2742222db4cedc0f46e1f9d79c113803494192992ee22d2e0ff6d9cc6e	none	0
tr04-official-1/T18-G1-r1/s3-normal-seed2/io_verdict.json	388	195ea2052fd822b21b2970666a8fa1d8a3ce2e3a88cc31065862bd6a7419ea9e	195ea2052fd822b21b2970666a8fa1d8a3ce2e3a88cc31065862bd6a7419ea9e	none	0
tr04-official-1/T18-G1-r1/s3-normal-seed2/metadata.json	5309	f8734ad416ec19ffc59112058f5c3b9984cfb226fb2a9181f1b2f130c4b8bf69	9c52bc1731cf0e8eecd901e90cd79a06519319b2f59e7cd09442732991f410ca	redact	10
tr04-official-1/T18-G1-r1/s3-normal-seed2/plc-stderr.log	0	e3b0c44298fc1c149afbf4c8996fb92427ae41e4649b934ca495991b7852b855	e3b0c44298fc1c149afbf4c8996fb92427ae41e4649b934ca495991b7852b855	none	0
tr04-official-1/T18-G1-r1/s3-normal-seed2/processes.json	133	2d682689e80bda8c5620f25653426df526d1fbc1117dd5af83750c779d3b7848	2d682689e80bda8c5620f25653426df526d1fbc1117dd5af83750c779d3b7848	none	0
tr04-official-1/T18-G1-r1/s3-normal-seed2/reference-10ms-differences.json	3	37517e5f3dc66819f61f5a7bb8ace1921282415f10551d2defa5c3eb0985b570	37517e5f3dc66819f61f5a7bb8ace1921282415f10551d2defa5c3eb0985b570	none	0
tr04-official-1/T18-G1-r1/s3-normal-seed2/static.json	20123	128038d68648a60d90996476a7190224ad7d7a99fb41ef86ca1d82611b7b5f6c	128038d68648a60d90996476a7190224ad7d7a99fb41ef86ca1d82611b7b5f6c	none	0
tr04-official-1/T18-G1-r1/s3-normal-seed2/summary.json	19460	238967a86ca487c9df8e573108c9afd3404ece7c8606f3205a512a3407fd4fd6	1ab32f05fc6ccc36b61b043d8bca67a6f75a4f07d9afca3402771b148d5661ad	drop_tick_hashes	0
tr04-official-1/T18-G1-r1/s3-normal-seed2/vision-stderr.log	26	f6259e2742222db4cedc0f46e1f9d79c113803494192992ee22d2e0ff6d9cc6e	f6259e2742222db4cedc0f46e1f9d79c113803494192992ee22d2e0ff6d9cc6e	none	0
tr04-official-1/T18-G1-r1/s3-normal-seed3/io_verdict.json	388	5b928ff5e26696fbe37b18eb9640ab902afa583d856b3abc0055e6e6e00db372	5b928ff5e26696fbe37b18eb9640ab902afa583d856b3abc0055e6e6e00db372	none	0
tr04-official-1/T18-G1-r1/s3-normal-seed3/metadata.json	5309	2dbc85e8956d0cb1c1c63b290278c5707f82a9a30e7e160150d891f5bd7c49a3	97c30d098fc5d4665250fbef45a5cc4a0102c1969524945dbebb489dda556979	redact	10
tr04-official-1/T18-G1-r1/s3-normal-seed3/plc-stderr.log	0	e3b0c44298fc1c149afbf4c8996fb92427ae41e4649b934ca495991b7852b855	e3b0c44298fc1c149afbf4c8996fb92427ae41e4649b934ca495991b7852b855	none	0
tr04-official-1/T18-G1-r1/s3-normal-seed3/processes.json	133	2d682689e80bda8c5620f25653426df526d1fbc1117dd5af83750c779d3b7848	2d682689e80bda8c5620f25653426df526d1fbc1117dd5af83750c779d3b7848	none	0
tr04-official-1/T18-G1-r1/s3-normal-seed3/reference-10ms-differences.json	3	37517e5f3dc66819f61f5a7bb8ace1921282415f10551d2defa5c3eb0985b570	37517e5f3dc66819f61f5a7bb8ace1921282415f10551d2defa5c3eb0985b570	none	0
tr04-official-1/T18-G1-r1/s3-normal-seed3/static.json	20123	128038d68648a60d90996476a7190224ad7d7a99fb41ef86ca1d82611b7b5f6c	128038d68648a60d90996476a7190224ad7d7a99fb41ef86ca1d82611b7b5f6c	none	0
tr04-official-1/T18-G1-r1/s3-normal-seed3/summary.json	19459	e3ddea96fe8367c3ecdb2d5b2090e879d771337749fa32905991d48660726c2f	0f78139a0fabe66480fa739f610e01868f9842bb8a9b5d9064081dbd7b14b00e	drop_tick_hashes	0
tr04-official-1/T18-G1-r1/s3-normal-seed3/vision-stderr.log	26	f6259e2742222db4cedc0f46e1f9d79c113803494192992ee22d2e0ff6d9cc6e	f6259e2742222db4cedc0f46e1f9d79c113803494192992ee22d2e0ff6d9cc6e	none	0
tr04-official-1/T18-G1-r1/s3-packfault-seed1/io_verdict.json	665	2438891a9a98d4a9c5cbbc9250057e24e7c79b428b112cf9ccb8d3e3b30361f8	2438891a9a98d4a9c5cbbc9250057e24e7c79b428b112cf9ccb8d3e3b30361f8	none	0
tr04-official-1/T18-G1-r1/s3-packfault-seed1/metadata.json	5312	4295612bce96144e8df48022aa075eae7b28a4a5a98629323dea20ed8c6a77d8	a92a886e97de1132571135a3462db951dfc6e1465cd694dd7e8938bc3876fa60	redact	10
tr04-official-1/T18-G1-r1/s3-packfault-seed1/plc-stderr.log	0	e3b0c44298fc1c149afbf4c8996fb92427ae41e4649b934ca495991b7852b855	e3b0c44298fc1c149afbf4c8996fb92427ae41e4649b934ca495991b7852b855	none	0
tr04-official-1/T18-G1-r1/s3-packfault-seed1/processes.json	133	2d682689e80bda8c5620f25653426df526d1fbc1117dd5af83750c779d3b7848	2d682689e80bda8c5620f25653426df526d1fbc1117dd5af83750c779d3b7848	none	0
tr04-official-1/T18-G1-r1/s3-packfault-seed1/reference-10ms-differences.json	3	37517e5f3dc66819f61f5a7bb8ace1921282415f10551d2defa5c3eb0985b570	37517e5f3dc66819f61f5a7bb8ace1921282415f10551d2defa5c3eb0985b570	none	0
tr04-official-1/T18-G1-r1/s3-packfault-seed1/static.json	20123	128038d68648a60d90996476a7190224ad7d7a99fb41ef86ca1d82611b7b5f6c	128038d68648a60d90996476a7190224ad7d7a99fb41ef86ca1d82611b7b5f6c	none	0
tr04-official-1/T18-G1-r1/s3-packfault-seed1/summary.json	12836	43cae4414efb622aff88fbd6301ded544e00aeebebb6a51f90f1f250592d539f	1bd92925ff341c29befb6226d441c4296b2dbbc3d6178ac7550fd283bdfbe613	drop_tick_hashes	0
tr04-official-1/T18-G1-r1/s3-packfault-seed1/vision-stderr.log	26	f6259e2742222db4cedc0f46e1f9d79c113803494192992ee22d2e0ff6d9cc6e	f6259e2742222db4cedc0f46e1f9d79c113803494192992ee22d2e0ff6d9cc6e	none	0
tr04-official-1/T18-G1-r1/static.json	326	491aa99b45208a98fd989d2fc5ee144b170342fc4ff207979fcf4bc5a57cf362	91a1434b3687c0a1137bebb232b26eab6bd0cf16a705f2aa94d87559d2e0a387	redact	1
tr04-official-1/T18-G1-r1/verdict.json	810	7a5083b9c2659e2508884651619db61d3918bdad3f9829ef0ddf3443c9719223	7a5083b9c2659e2508884651619db61d3918bdad3f9829ef0ddf3443c9719223	none	0
tr04-official-1/T18-G1-r2/force.json	1532	bdf569977ca6696f9e18130cb3883b97b24a01010f5e7be8a0ce92c365e73eda	a144c85518f37dc2aec881e597bd90bda860699782501b969d4770974ca167d6	redact	1
tr04-official-1/T18-G1-r2/s3-normal-seed1/io_verdict.json	388	3bd89ea2cf13318447a80ea0a43d7d905efd77bf1e241a7bbd54cf2de0806aa4	3bd89ea2cf13318447a80ea0a43d7d905efd77bf1e241a7bbd54cf2de0806aa4	none	0
tr04-official-1/T18-G1-r2/s3-normal-seed1/metadata.json	5309	27c3aaba94ad27a337798e1c1a9581d637999bbe0023997da7676f87ece70397	8cbbff5b0fb7276f06292af21a07c978ca1a3fdd974816ed4503f59a2bd0cac3	redact	10
tr04-official-1/T18-G1-r2/s3-normal-seed1/plc-stderr.log	0	e3b0c44298fc1c149afbf4c8996fb92427ae41e4649b934ca495991b7852b855	e3b0c44298fc1c149afbf4c8996fb92427ae41e4649b934ca495991b7852b855	none	0
tr04-official-1/T18-G1-r2/s3-normal-seed1/processes.json	133	2d682689e80bda8c5620f25653426df526d1fbc1117dd5af83750c779d3b7848	2d682689e80bda8c5620f25653426df526d1fbc1117dd5af83750c779d3b7848	none	0
tr04-official-1/T18-G1-r2/s3-normal-seed1/reference-10ms-differences.json	3	37517e5f3dc66819f61f5a7bb8ace1921282415f10551d2defa5c3eb0985b570	37517e5f3dc66819f61f5a7bb8ace1921282415f10551d2defa5c3eb0985b570	none	0
tr04-official-1/T18-G1-r2/s3-normal-seed1/static.json	20123	52d669f755f8e7a84a70cb4f42809882fe79e28e2d8f68a6314271210ace06d6	52d669f755f8e7a84a70cb4f42809882fe79e28e2d8f68a6314271210ace06d6	none	0
tr04-official-1/T18-G1-r2/s3-normal-seed1/summary.json	19468	0af808e793d84bfe7aae2b560d36b42827ec3c82e3f8001b121cde8759c28c5d	e86746c923ce5fe95f214c515c64a3c1a028dc6bfd69db1c3e91d56c31dcbf72	drop_tick_hashes	0
tr04-official-1/T18-G1-r2/s3-normal-seed1/vision-stderr.log	26	f6259e2742222db4cedc0f46e1f9d79c113803494192992ee22d2e0ff6d9cc6e	f6259e2742222db4cedc0f46e1f9d79c113803494192992ee22d2e0ff6d9cc6e	none	0
tr04-official-1/T18-G1-r2/s3-normal-seed2/io_verdict.json	388	195ea2052fd822b21b2970666a8fa1d8a3ce2e3a88cc31065862bd6a7419ea9e	195ea2052fd822b21b2970666a8fa1d8a3ce2e3a88cc31065862bd6a7419ea9e	none	0
tr04-official-1/T18-G1-r2/s3-normal-seed2/metadata.json	5309	89b2cdbf0492bf46791631a8111f652958314a0d20205db2cf556d10bbb5f0fb	2ceb78ce81b70bac94b47155b563dd956844208c547b4675e6e4c9ae4038ebdc	redact	10
tr04-official-1/T18-G1-r2/s3-normal-seed2/plc-stderr.log	0	e3b0c44298fc1c149afbf4c8996fb92427ae41e4649b934ca495991b7852b855	e3b0c44298fc1c149afbf4c8996fb92427ae41e4649b934ca495991b7852b855	none	0
tr04-official-1/T18-G1-r2/s3-normal-seed2/processes.json	133	2d682689e80bda8c5620f25653426df526d1fbc1117dd5af83750c779d3b7848	2d682689e80bda8c5620f25653426df526d1fbc1117dd5af83750c779d3b7848	none	0
tr04-official-1/T18-G1-r2/s3-normal-seed2/reference-10ms-differences.json	3	37517e5f3dc66819f61f5a7bb8ace1921282415f10551d2defa5c3eb0985b570	37517e5f3dc66819f61f5a7bb8ace1921282415f10551d2defa5c3eb0985b570	none	0
tr04-official-1/T18-G1-r2/s3-normal-seed2/static.json	20123	52d669f755f8e7a84a70cb4f42809882fe79e28e2d8f68a6314271210ace06d6	52d669f755f8e7a84a70cb4f42809882fe79e28e2d8f68a6314271210ace06d6	none	0
tr04-official-1/T18-G1-r2/s3-normal-seed2/summary.json	19460	f1daa19d25f6931a89b5d2fd60e3b25e732e11e520f83acd4e83a74ee3db30e3	6e621a723f77fac79ffa4a62feaf62d65f9b2aea3cc9f232fe84e80918980fd9	drop_tick_hashes	0
tr04-official-1/T18-G1-r2/s3-normal-seed2/vision-stderr.log	26	f6259e2742222db4cedc0f46e1f9d79c113803494192992ee22d2e0ff6d9cc6e	f6259e2742222db4cedc0f46e1f9d79c113803494192992ee22d2e0ff6d9cc6e	none	0
tr04-official-1/T18-G1-r2/s3-normal-seed3/io_verdict.json	388	5b928ff5e26696fbe37b18eb9640ab902afa583d856b3abc0055e6e6e00db372	5b928ff5e26696fbe37b18eb9640ab902afa583d856b3abc0055e6e6e00db372	none	0
tr04-official-1/T18-G1-r2/s3-normal-seed3/metadata.json	5309	afcbcd6ffd33ad31d88d82dd027687e5b21a5044ed878f572fed8f5a5b4b1e7f	410435f3804619d64fc7b1e483274b4160a1edc33ef875a877a6ee84de3485c1	redact	10
tr04-official-1/T18-G1-r2/s3-normal-seed3/plc-stderr.log	0	e3b0c44298fc1c149afbf4c8996fb92427ae41e4649b934ca495991b7852b855	e3b0c44298fc1c149afbf4c8996fb92427ae41e4649b934ca495991b7852b855	none	0
tr04-official-1/T18-G1-r2/s3-normal-seed3/processes.json	133	2d682689e80bda8c5620f25653426df526d1fbc1117dd5af83750c779d3b7848	2d682689e80bda8c5620f25653426df526d1fbc1117dd5af83750c779d3b7848	none	0
tr04-official-1/T18-G1-r2/s3-normal-seed3/reference-10ms-differences.json	3	37517e5f3dc66819f61f5a7bb8ace1921282415f10551d2defa5c3eb0985b570	37517e5f3dc66819f61f5a7bb8ace1921282415f10551d2defa5c3eb0985b570	none	0
tr04-official-1/T18-G1-r2/s3-normal-seed3/static.json	20123	52d669f755f8e7a84a70cb4f42809882fe79e28e2d8f68a6314271210ace06d6	52d669f755f8e7a84a70cb4f42809882fe79e28e2d8f68a6314271210ace06d6	none	0
tr04-official-1/T18-G1-r2/s3-normal-seed3/summary.json	19459	8a529126077b01e01a10799eff5bd72b6d5c5bc44c866758b5e0ab2cb97eab3e	bf3184731825db60410dd7517199800d8c0e09ac1e3986af9a118b43920ec12a	drop_tick_hashes	0
tr04-official-1/T18-G1-r2/s3-normal-seed3/vision-stderr.log	26	f6259e2742222db4cedc0f46e1f9d79c113803494192992ee22d2e0ff6d9cc6e	f6259e2742222db4cedc0f46e1f9d79c113803494192992ee22d2e0ff6d9cc6e	none	0
tr04-official-1/T18-G1-r2/s3-packfault-seed1/io_verdict.json	665	2438891a9a98d4a9c5cbbc9250057e24e7c79b428b112cf9ccb8d3e3b30361f8	2438891a9a98d4a9c5cbbc9250057e24e7c79b428b112cf9ccb8d3e3b30361f8	none	0
tr04-official-1/T18-G1-r2/s3-packfault-seed1/metadata.json	5312	9a5ad15aea0c3bfc3f76b0e8ae1087e1536de601f948224a983f0bd9cdf5067a	f4f1beb0ad14687cb0ade1883d2710ff65563c4f3195e736b11651311018b91b	redact	10
tr04-official-1/T18-G1-r2/s3-packfault-seed1/plc-stderr.log	0	e3b0c44298fc1c149afbf4c8996fb92427ae41e4649b934ca495991b7852b855	e3b0c44298fc1c149afbf4c8996fb92427ae41e4649b934ca495991b7852b855	none	0
tr04-official-1/T18-G1-r2/s3-packfault-seed1/processes.json	133	2d682689e80bda8c5620f25653426df526d1fbc1117dd5af83750c779d3b7848	2d682689e80bda8c5620f25653426df526d1fbc1117dd5af83750c779d3b7848	none	0
tr04-official-1/T18-G1-r2/s3-packfault-seed1/reference-10ms-differences.json	3	37517e5f3dc66819f61f5a7bb8ace1921282415f10551d2defa5c3eb0985b570	37517e5f3dc66819f61f5a7bb8ace1921282415f10551d2defa5c3eb0985b570	none	0
tr04-official-1/T18-G1-r2/s3-packfault-seed1/static.json	20123	52d669f755f8e7a84a70cb4f42809882fe79e28e2d8f68a6314271210ace06d6	52d669f755f8e7a84a70cb4f42809882fe79e28e2d8f68a6314271210ace06d6	none	0
tr04-official-1/T18-G1-r2/s3-packfault-seed1/summary.json	12836	011533b86447639763e696426dfc47063cf407d5d5f0a05e7a6a3f09d3520931	6cbfff14e807e37836b899295b5bffeb53feee3b66608dc769395015cc2e1f7a	drop_tick_hashes	0
tr04-official-1/T18-G1-r2/s3-packfault-seed1/vision-stderr.log	26	f6259e2742222db4cedc0f46e1f9d79c113803494192992ee22d2e0ff6d9cc6e	f6259e2742222db4cedc0f46e1f9d79c113803494192992ee22d2e0ff6d9cc6e	none	0
tr04-official-1/T18-G1-r2/static.json	326	e92163fe3ba2526ba6e08ed3ce9cbc1ab457e54f14351c4b8664bc642b2653ee	dad6122860668f6898d0095c0079b8f9ddaf0cb6ca30ebc9f9aa5e725a31ecd5	redact	1
tr04-official-1/T18-G1-r2/verdict.json	810	0ecd7b762c92f382547c8a943d0215ad57cc0838cc26789df3ee10630beeb1bc	0ecd7b762c92f382547c8a943d0215ad57cc0838cc26789df3ee10630beeb1bc	none	0
tr04-official-1/T18-G1-r3/force.json	1532	f602edc464c333a83238cbc07a205e136be2d955bdf68ac56a18fe500644db4c	dedd76ccd25e20166ee7c78df13f5e4ee33bd400b7492deae82529c62d350929	redact	1
tr04-official-1/T18-G1-r3/s3-normal-seed1/io_verdict.json	388	3bd89ea2cf13318447a80ea0a43d7d905efd77bf1e241a7bbd54cf2de0806aa4	3bd89ea2cf13318447a80ea0a43d7d905efd77bf1e241a7bbd54cf2de0806aa4	none	0
tr04-official-1/T18-G1-r3/s3-normal-seed1/metadata.json	5309	574552eab26fd66d7f8e3c4084a870d172cf1458ccee10e4574a9441673a0b89	679ccf07a8dd0f12d5e02d3cc54df4169ea6bb0aa64a77efd8130891f5ff9e6d	redact	10
tr04-official-1/T18-G1-r3/s3-normal-seed1/plc-stderr.log	0	e3b0c44298fc1c149afbf4c8996fb92427ae41e4649b934ca495991b7852b855	e3b0c44298fc1c149afbf4c8996fb92427ae41e4649b934ca495991b7852b855	none	0
tr04-official-1/T18-G1-r3/s3-normal-seed1/processes.json	133	2d682689e80bda8c5620f25653426df526d1fbc1117dd5af83750c779d3b7848	2d682689e80bda8c5620f25653426df526d1fbc1117dd5af83750c779d3b7848	none	0
tr04-official-1/T18-G1-r3/s3-normal-seed1/reference-10ms-differences.json	3	37517e5f3dc66819f61f5a7bb8ace1921282415f10551d2defa5c3eb0985b570	37517e5f3dc66819f61f5a7bb8ace1921282415f10551d2defa5c3eb0985b570	none	0
tr04-official-1/T18-G1-r3/s3-normal-seed1/static.json	20123	72bb86d08ba1499d888daba8a1e372a3413dc7a3e57b8836ef622145747613f7	72bb86d08ba1499d888daba8a1e372a3413dc7a3e57b8836ef622145747613f7	none	0
tr04-official-1/T18-G1-r3/s3-normal-seed1/summary.json	19468	d12b0774daafb308451e1c624f60b9c2ad98f858217b6cc0eed63a2e6a3370ce	0e074fd9aaa373bcfedddd6d8ed97e1dd4c7448f1c4f93e20f8d16a46f23b9e7	drop_tick_hashes	0
tr04-official-1/T18-G1-r3/s3-normal-seed1/vision-stderr.log	26	f6259e2742222db4cedc0f46e1f9d79c113803494192992ee22d2e0ff6d9cc6e	f6259e2742222db4cedc0f46e1f9d79c113803494192992ee22d2e0ff6d9cc6e	none	0
tr04-official-1/T18-G1-r3/s3-normal-seed2/io_verdict.json	388	195ea2052fd822b21b2970666a8fa1d8a3ce2e3a88cc31065862bd6a7419ea9e	195ea2052fd822b21b2970666a8fa1d8a3ce2e3a88cc31065862bd6a7419ea9e	none	0
tr04-official-1/T18-G1-r3/s3-normal-seed2/metadata.json	5309	46440a6bca8b729cd40bf1a7c2ed6692caca20b77998a94096d435c90d591b3e	40db55c19df5411a2c059b97c379e0963539f9ef1b27a213323e95c53248a7ac	redact	10
tr04-official-1/T18-G1-r3/s3-normal-seed2/plc-stderr.log	0	e3b0c44298fc1c149afbf4c8996fb92427ae41e4649b934ca495991b7852b855	e3b0c44298fc1c149afbf4c8996fb92427ae41e4649b934ca495991b7852b855	none	0
tr04-official-1/T18-G1-r3/s3-normal-seed2/processes.json	133	2d682689e80bda8c5620f25653426df526d1fbc1117dd5af83750c779d3b7848	2d682689e80bda8c5620f25653426df526d1fbc1117dd5af83750c779d3b7848	none	0
tr04-official-1/T18-G1-r3/s3-normal-seed2/reference-10ms-differences.json	3	37517e5f3dc66819f61f5a7bb8ace1921282415f10551d2defa5c3eb0985b570	37517e5f3dc66819f61f5a7bb8ace1921282415f10551d2defa5c3eb0985b570	none	0
tr04-official-1/T18-G1-r3/s3-normal-seed2/static.json	20123	72bb86d08ba1499d888daba8a1e372a3413dc7a3e57b8836ef622145747613f7	72bb86d08ba1499d888daba8a1e372a3413dc7a3e57b8836ef622145747613f7	none	0
tr04-official-1/T18-G1-r3/s3-normal-seed2/summary.json	19460	351c412c842578ca3bdaa6a771de5260fe65243099962233cbe7f68c010d5b7e	50713e3a11de19265a37a3e895227cabb0b6f719daeca57f5bdd8684ac26c809	drop_tick_hashes	0
tr04-official-1/T18-G1-r3/s3-normal-seed2/vision-stderr.log	26	f6259e2742222db4cedc0f46e1f9d79c113803494192992ee22d2e0ff6d9cc6e	f6259e2742222db4cedc0f46e1f9d79c113803494192992ee22d2e0ff6d9cc6e	none	0
tr04-official-1/T18-G1-r3/s3-normal-seed3/io_verdict.json	388	5b928ff5e26696fbe37b18eb9640ab902afa583d856b3abc0055e6e6e00db372	5b928ff5e26696fbe37b18eb9640ab902afa583d856b3abc0055e6e6e00db372	none	0
tr04-official-1/T18-G1-r3/s3-normal-seed3/metadata.json	5309	7b40c4e7d2243a1e600efce57a2107e9f7451558c612afd00096be0bdcabed28	d36c9692402b09c4cf06e569cb5ae80440b134ca17970a8d4c12b3b868744386	redact	10
tr04-official-1/T18-G1-r3/s3-normal-seed3/plc-stderr.log	0	e3b0c44298fc1c149afbf4c8996fb92427ae41e4649b934ca495991b7852b855	e3b0c44298fc1c149afbf4c8996fb92427ae41e4649b934ca495991b7852b855	none	0
tr04-official-1/T18-G1-r3/s3-normal-seed3/processes.json	133	2d682689e80bda8c5620f25653426df526d1fbc1117dd5af83750c779d3b7848	2d682689e80bda8c5620f25653426df526d1fbc1117dd5af83750c779d3b7848	none	0
tr04-official-1/T18-G1-r3/s3-normal-seed3/reference-10ms-differences.json	3	37517e5f3dc66819f61f5a7bb8ace1921282415f10551d2defa5c3eb0985b570	37517e5f3dc66819f61f5a7bb8ace1921282415f10551d2defa5c3eb0985b570	none	0
tr04-official-1/T18-G1-r3/s3-normal-seed3/static.json	20123	72bb86d08ba1499d888daba8a1e372a3413dc7a3e57b8836ef622145747613f7	72bb86d08ba1499d888daba8a1e372a3413dc7a3e57b8836ef622145747613f7	none	0
tr04-official-1/T18-G1-r3/s3-normal-seed3/summary.json	19459	c061a476c31ce663de5929dad68e04954a31ab29d2e1c886993de671808bee33	d8bd40007ff9a7aedb048b6f0f7367c5a9a2649711867b2c594ce0924649c503	drop_tick_hashes	0
tr04-official-1/T18-G1-r3/s3-normal-seed3/vision-stderr.log	26	f6259e2742222db4cedc0f46e1f9d79c113803494192992ee22d2e0ff6d9cc6e	f6259e2742222db4cedc0f46e1f9d79c113803494192992ee22d2e0ff6d9cc6e	none	0
tr04-official-1/T18-G1-r3/s3-packfault-seed1/io_verdict.json	665	2438891a9a98d4a9c5cbbc9250057e24e7c79b428b112cf9ccb8d3e3b30361f8	2438891a9a98d4a9c5cbbc9250057e24e7c79b428b112cf9ccb8d3e3b30361f8	none	0
tr04-official-1/T18-G1-r3/s3-packfault-seed1/metadata.json	5312	f8173d727ccc5dd362adf0897b1c11faad91c727a8a473a5cebdf5787837dd1f	433ec546d92b37f3a5c84a59c67d3b1fa464ed4b9a154b2f927b32173182a945	redact	10
tr04-official-1/T18-G1-r3/s3-packfault-seed1/plc-stderr.log	0	e3b0c44298fc1c149afbf4c8996fb92427ae41e4649b934ca495991b7852b855	e3b0c44298fc1c149afbf4c8996fb92427ae41e4649b934ca495991b7852b855	none	0
tr04-official-1/T18-G1-r3/s3-packfault-seed1/processes.json	133	2d682689e80bda8c5620f25653426df526d1fbc1117dd5af83750c779d3b7848	2d682689e80bda8c5620f25653426df526d1fbc1117dd5af83750c779d3b7848	none	0
tr04-official-1/T18-G1-r3/s3-packfault-seed1/reference-10ms-differences.json	3	37517e5f3dc66819f61f5a7bb8ace1921282415f10551d2defa5c3eb0985b570	37517e5f3dc66819f61f5a7bb8ace1921282415f10551d2defa5c3eb0985b570	none	0
tr04-official-1/T18-G1-r3/s3-packfault-seed1/static.json	20123	72bb86d08ba1499d888daba8a1e372a3413dc7a3e57b8836ef622145747613f7	72bb86d08ba1499d888daba8a1e372a3413dc7a3e57b8836ef622145747613f7	none	0
tr04-official-1/T18-G1-r3/s3-packfault-seed1/summary.json	12836	14a7e7018d12567d7c988fd379ab96223913b3a3e102137e4d4c6875c7626d46	d4cbabd5cec9fdf103ce642b65a0b82ec5ca853bc3d81bfd585acab2e0d77fc8	drop_tick_hashes	0
tr04-official-1/T18-G1-r3/s3-packfault-seed1/vision-stderr.log	26	f6259e2742222db4cedc0f46e1f9d79c113803494192992ee22d2e0ff6d9cc6e	f6259e2742222db4cedc0f46e1f9d79c113803494192992ee22d2e0ff6d9cc6e	none	0
tr04-official-1/T18-G1-r3/static.json	326	a964536b40d6d12687e6cae9d8ffc75f3d9eeff13efe41de08bc723e0804f8d8	55ffb6ac1b0a7b42b7b070e702c4aab24257bd5d1957e6a871ff4ae77da4ff30	redact	1
tr04-official-1/T18-G1-r3/verdict.json	810	2ab0d0795bda1fa5fa70579f73d90429af17aa3f7999542d8d9e2ca4ca5ff735	2ab0d0795bda1fa5fa70579f73d90429af17aa3f7999542d8d9e2ca4ca5ff735	none	0
tr04-official-1/T18-G2-r1/force.json	1532	6baf2bbb8241474d9a9ef5a8ada67efabe5e005f52704bc71eab34898f616ce8	442a341bf35b42899e01150c9d4d1fd1be419bebc6f831b4e7f89d5d27d2e67a	redact	1
tr04-official-1/T18-G2-r1/s3-normal-seed1/io_verdict.json	388	3bd89ea2cf13318447a80ea0a43d7d905efd77bf1e241a7bbd54cf2de0806aa4	3bd89ea2cf13318447a80ea0a43d7d905efd77bf1e241a7bbd54cf2de0806aa4	none	0
tr04-official-1/T18-G2-r1/s3-normal-seed1/metadata.json	5309	396860d15eb52bdd352b7ae841b392aaab736f47a0347e452aef8c0df1e2fd4a	cdfc6531ad34b086429585a11e6733db0d2a9d2d40c0365adcc9bc2319953501	redact	10
tr04-official-1/T18-G2-r1/s3-normal-seed1/plc-stderr.log	0	e3b0c44298fc1c149afbf4c8996fb92427ae41e4649b934ca495991b7852b855	e3b0c44298fc1c149afbf4c8996fb92427ae41e4649b934ca495991b7852b855	none	0
tr04-official-1/T18-G2-r1/s3-normal-seed1/processes.json	133	2d682689e80bda8c5620f25653426df526d1fbc1117dd5af83750c779d3b7848	2d682689e80bda8c5620f25653426df526d1fbc1117dd5af83750c779d3b7848	none	0
tr04-official-1/T18-G2-r1/s3-normal-seed1/reference-10ms-differences.json	3	37517e5f3dc66819f61f5a7bb8ace1921282415f10551d2defa5c3eb0985b570	37517e5f3dc66819f61f5a7bb8ace1921282415f10551d2defa5c3eb0985b570	none	0
tr04-official-1/T18-G2-r1/s3-normal-seed1/static.json	17921	6ead09fc946abe66ea8343645cfc85a4c2b80af117c471d3d6abfa7f9d6adf71	6ead09fc946abe66ea8343645cfc85a4c2b80af117c471d3d6abfa7f9d6adf71	none	0
tr04-official-1/T18-G2-r1/s3-normal-seed1/summary.json	19468	518d2d1c099c0bd92586796f4ce278720b36c7c4ef6e0cdffd4f61e3c7d35c01	519bb3e640dcd7767dbf7fb8a652338417d45033e035e989bb18d6e140294e59	drop_tick_hashes	0
tr04-official-1/T18-G2-r1/s3-normal-seed1/vision-stderr.log	26	f6259e2742222db4cedc0f46e1f9d79c113803494192992ee22d2e0ff6d9cc6e	f6259e2742222db4cedc0f46e1f9d79c113803494192992ee22d2e0ff6d9cc6e	none	0
tr04-official-1/T18-G2-r1/s3-normal-seed2/io_verdict.json	388	195ea2052fd822b21b2970666a8fa1d8a3ce2e3a88cc31065862bd6a7419ea9e	195ea2052fd822b21b2970666a8fa1d8a3ce2e3a88cc31065862bd6a7419ea9e	none	0
tr04-official-1/T18-G2-r1/s3-normal-seed2/metadata.json	5309	5e10ea9e4810b0bd4ec4cdd762ecd7389b4d16ac3a9d42a9c287b594b6c94174	f0b57efaf2b33a7a309e3feab065dbd9a459c7fbedf9e67c0af909c2f7e1a791	redact	10
tr04-official-1/T18-G2-r1/s3-normal-seed2/plc-stderr.log	0	e3b0c44298fc1c149afbf4c8996fb92427ae41e4649b934ca495991b7852b855	e3b0c44298fc1c149afbf4c8996fb92427ae41e4649b934ca495991b7852b855	none	0
tr04-official-1/T18-G2-r1/s3-normal-seed2/processes.json	133	2d682689e80bda8c5620f25653426df526d1fbc1117dd5af83750c779d3b7848	2d682689e80bda8c5620f25653426df526d1fbc1117dd5af83750c779d3b7848	none	0
tr04-official-1/T18-G2-r1/s3-normal-seed2/reference-10ms-differences.json	3	37517e5f3dc66819f61f5a7bb8ace1921282415f10551d2defa5c3eb0985b570	37517e5f3dc66819f61f5a7bb8ace1921282415f10551d2defa5c3eb0985b570	none	0
tr04-official-1/T18-G2-r1/s3-normal-seed2/static.json	17921	6ead09fc946abe66ea8343645cfc85a4c2b80af117c471d3d6abfa7f9d6adf71	6ead09fc946abe66ea8343645cfc85a4c2b80af117c471d3d6abfa7f9d6adf71	none	0
tr04-official-1/T18-G2-r1/s3-normal-seed2/summary.json	19460	57a54e6959adbfa95fb2d3bb5ba27b75568dae03fb8dd3e74b5f6de38a045f90	9c447a795ed9eebad0efc81033b941c136512d71a1878ee9635adc47fec142fc	drop_tick_hashes	0
tr04-official-1/T18-G2-r1/s3-normal-seed2/vision-stderr.log	26	f6259e2742222db4cedc0f46e1f9d79c113803494192992ee22d2e0ff6d9cc6e	f6259e2742222db4cedc0f46e1f9d79c113803494192992ee22d2e0ff6d9cc6e	none	0
tr04-official-1/T18-G2-r1/s3-normal-seed3/io_verdict.json	388	5b928ff5e26696fbe37b18eb9640ab902afa583d856b3abc0055e6e6e00db372	5b928ff5e26696fbe37b18eb9640ab902afa583d856b3abc0055e6e6e00db372	none	0
tr04-official-1/T18-G2-r1/s3-normal-seed3/metadata.json	5309	8e59f78fe93cd246ad7160e7eb246b1faae65f8101d1f8066f81c8bf940205bd	02fb26ac5bc067de1bf1c349234d1f2ac60d6e987bafc0ef1de3c1bcbed9cde1	redact	10
tr04-official-1/T18-G2-r1/s3-normal-seed3/plc-stderr.log	0	e3b0c44298fc1c149afbf4c8996fb92427ae41e4649b934ca495991b7852b855	e3b0c44298fc1c149afbf4c8996fb92427ae41e4649b934ca495991b7852b855	none	0
tr04-official-1/T18-G2-r1/s3-normal-seed3/processes.json	133	2d682689e80bda8c5620f25653426df526d1fbc1117dd5af83750c779d3b7848	2d682689e80bda8c5620f25653426df526d1fbc1117dd5af83750c779d3b7848	none	0
tr04-official-1/T18-G2-r1/s3-normal-seed3/reference-10ms-differences.json	3	37517e5f3dc66819f61f5a7bb8ace1921282415f10551d2defa5c3eb0985b570	37517e5f3dc66819f61f5a7bb8ace1921282415f10551d2defa5c3eb0985b570	none	0
tr04-official-1/T18-G2-r1/s3-normal-seed3/static.json	17921	6ead09fc946abe66ea8343645cfc85a4c2b80af117c471d3d6abfa7f9d6adf71	6ead09fc946abe66ea8343645cfc85a4c2b80af117c471d3d6abfa7f9d6adf71	none	0
tr04-official-1/T18-G2-r1/s3-normal-seed3/summary.json	19459	7649e0f46525e30a0f4bfb57aa956d98580c51a0023d7bb14e0bd2661d86e619	e411bfc85e9729fd6f6e638938256f06729f6916155aa928ae34f30040a14081	drop_tick_hashes	0
tr04-official-1/T18-G2-r1/s3-normal-seed3/vision-stderr.log	26	f6259e2742222db4cedc0f46e1f9d79c113803494192992ee22d2e0ff6d9cc6e	f6259e2742222db4cedc0f46e1f9d79c113803494192992ee22d2e0ff6d9cc6e	none	0
tr04-official-1/T18-G2-r1/s3-packfault-seed1/io_verdict.json	665	2438891a9a98d4a9c5cbbc9250057e24e7c79b428b112cf9ccb8d3e3b30361f8	2438891a9a98d4a9c5cbbc9250057e24e7c79b428b112cf9ccb8d3e3b30361f8	none	0
tr04-official-1/T18-G2-r1/s3-packfault-seed1/metadata.json	5312	8f7bd20744f674e69634ea126900a70b546c4ee11571c5ee83b27a97506cf3b9	b2fbbff8fb55318a14d81c2b9193985d4f198bb77d4f3aae4198a64d93940211	redact	10
tr04-official-1/T18-G2-r1/s3-packfault-seed1/plc-stderr.log	0	e3b0c44298fc1c149afbf4c8996fb92427ae41e4649b934ca495991b7852b855	e3b0c44298fc1c149afbf4c8996fb92427ae41e4649b934ca495991b7852b855	none	0
tr04-official-1/T18-G2-r1/s3-packfault-seed1/processes.json	133	2d682689e80bda8c5620f25653426df526d1fbc1117dd5af83750c779d3b7848	2d682689e80bda8c5620f25653426df526d1fbc1117dd5af83750c779d3b7848	none	0
tr04-official-1/T18-G2-r1/s3-packfault-seed1/reference-10ms-differences.json	3	37517e5f3dc66819f61f5a7bb8ace1921282415f10551d2defa5c3eb0985b570	37517e5f3dc66819f61f5a7bb8ace1921282415f10551d2defa5c3eb0985b570	none	0
tr04-official-1/T18-G2-r1/s3-packfault-seed1/static.json	17921	6ead09fc946abe66ea8343645cfc85a4c2b80af117c471d3d6abfa7f9d6adf71	6ead09fc946abe66ea8343645cfc85a4c2b80af117c471d3d6abfa7f9d6adf71	none	0
tr04-official-1/T18-G2-r1/s3-packfault-seed1/summary.json	12836	11e2a2a271c70f1f9f3b82a7613be5acdac25f4643247f65f0bdcb590fafb267	384e5dfa3349554b7ffc5e3c8c0de3dcae04b477ae8d4a24f894cb67ab2a6cc6	drop_tick_hashes	0
tr04-official-1/T18-G2-r1/s3-packfault-seed1/vision-stderr.log	26	f6259e2742222db4cedc0f46e1f9d79c113803494192992ee22d2e0ff6d9cc6e	f6259e2742222db4cedc0f46e1f9d79c113803494192992ee22d2e0ff6d9cc6e	none	0
tr04-official-1/T18-G2-r1/static.json	326	2112a195829ccb3eadd6f4c591d901e63dd5b2810e037ad9189cc3d15bbe04e5	af7d6565735762565aa4e837c2558ea9a0009729ee97437f803e7313ea04f00b	redact	1
tr04-official-1/T18-G2-r1/verdict.json	810	e7f1c4abb3ee52ebc8017d217c88587512b3a531e223c1c359702cd9f2fb235c	e7f1c4abb3ee52ebc8017d217c88587512b3a531e223c1c359702cd9f2fb235c	none	0
tr04-official-1/T18-G2-r2/force.json	1532	e4c737edf8afd6bc865f55e207441da9b47795782209458aa468cd418c9eba9f	d05ddfc5fb31bce403b250683a7cf2090d989d0757fe1b96d30c93c4ee2e6bab	redact	1
tr04-official-1/T18-G2-r2/s3-normal-seed1/io_verdict.json	388	3bd89ea2cf13318447a80ea0a43d7d905efd77bf1e241a7bbd54cf2de0806aa4	3bd89ea2cf13318447a80ea0a43d7d905efd77bf1e241a7bbd54cf2de0806aa4	none	0
tr04-official-1/T18-G2-r2/s3-normal-seed1/metadata.json	5309	c58b8d97ba0b33641a316dd7398c028f4e98d7a76f71ea8a0d9cc5befc2f0cae	f1ac6a88252ffd68651936238db4a6a6bd012fbf3fe404839c5dff98d791438d	redact	10
tr04-official-1/T18-G2-r2/s3-normal-seed1/plc-stderr.log	0	e3b0c44298fc1c149afbf4c8996fb92427ae41e4649b934ca495991b7852b855	e3b0c44298fc1c149afbf4c8996fb92427ae41e4649b934ca495991b7852b855	none	0
tr04-official-1/T18-G2-r2/s3-normal-seed1/processes.json	133	2d682689e80bda8c5620f25653426df526d1fbc1117dd5af83750c779d3b7848	2d682689e80bda8c5620f25653426df526d1fbc1117dd5af83750c779d3b7848	none	0
tr04-official-1/T18-G2-r2/s3-normal-seed1/reference-10ms-differences.json	3	37517e5f3dc66819f61f5a7bb8ace1921282415f10551d2defa5c3eb0985b570	37517e5f3dc66819f61f5a7bb8ace1921282415f10551d2defa5c3eb0985b570	none	0
tr04-official-1/T18-G2-r2/s3-normal-seed1/static.json	20124	1f8552c51e73556b32786c548d87284f7311f559bebe949be8c3b4fc4a6b2a41	1f8552c51e73556b32786c548d87284f7311f559bebe949be8c3b4fc4a6b2a41	none	0
tr04-official-1/T18-G2-r2/s3-normal-seed1/summary.json	19468	9214e92ef46a0e0af50afc3c3ae24246b3e235adbb69506e5d41d892feb3cbd6	48603506bade89051963dfb2b05099cdf345bb76b0c9ace348a51a485e8cf83d	drop_tick_hashes	0
tr04-official-1/T18-G2-r2/s3-normal-seed1/vision-stderr.log	26	f6259e2742222db4cedc0f46e1f9d79c113803494192992ee22d2e0ff6d9cc6e	f6259e2742222db4cedc0f46e1f9d79c113803494192992ee22d2e0ff6d9cc6e	none	0
tr04-official-1/T18-G2-r2/s3-normal-seed2/io_verdict.json	388	195ea2052fd822b21b2970666a8fa1d8a3ce2e3a88cc31065862bd6a7419ea9e	195ea2052fd822b21b2970666a8fa1d8a3ce2e3a88cc31065862bd6a7419ea9e	none	0
tr04-official-1/T18-G2-r2/s3-normal-seed2/metadata.json	5309	d3bd760dce6056d492bd9bb3b25bb0f3b05b02a6105e5382d5b531da57fe881d	a57dbe65575af239f9e0a9584ed092c09466028fff4a0521549e5fc9751df0c4	redact	10
tr04-official-1/T18-G2-r2/s3-normal-seed2/plc-stderr.log	0	e3b0c44298fc1c149afbf4c8996fb92427ae41e4649b934ca495991b7852b855	e3b0c44298fc1c149afbf4c8996fb92427ae41e4649b934ca495991b7852b855	none	0
tr04-official-1/T18-G2-r2/s3-normal-seed2/processes.json	133	2d682689e80bda8c5620f25653426df526d1fbc1117dd5af83750c779d3b7848	2d682689e80bda8c5620f25653426df526d1fbc1117dd5af83750c779d3b7848	none	0
tr04-official-1/T18-G2-r2/s3-normal-seed2/reference-10ms-differences.json	3	37517e5f3dc66819f61f5a7bb8ace1921282415f10551d2defa5c3eb0985b570	37517e5f3dc66819f61f5a7bb8ace1921282415f10551d2defa5c3eb0985b570	none	0
tr04-official-1/T18-G2-r2/s3-normal-seed2/static.json	20124	1f8552c51e73556b32786c548d87284f7311f559bebe949be8c3b4fc4a6b2a41	1f8552c51e73556b32786c548d87284f7311f559bebe949be8c3b4fc4a6b2a41	none	0
tr04-official-1/T18-G2-r2/s3-normal-seed2/summary.json	19460	368cbd5b8f7a03302e271b0090b3f1041d3ab7a7ed955031c1afc963f4e59ade	1b967b707a9ee75c21e717e47c7648f6bcd08e77809b2cb28b6318c3d7ff2896	drop_tick_hashes	0
tr04-official-1/T18-G2-r2/s3-normal-seed2/vision-stderr.log	26	f6259e2742222db4cedc0f46e1f9d79c113803494192992ee22d2e0ff6d9cc6e	f6259e2742222db4cedc0f46e1f9d79c113803494192992ee22d2e0ff6d9cc6e	none	0
tr04-official-1/T18-G2-r2/s3-normal-seed3/io_verdict.json	388	5b928ff5e26696fbe37b18eb9640ab902afa583d856b3abc0055e6e6e00db372	5b928ff5e26696fbe37b18eb9640ab902afa583d856b3abc0055e6e6e00db372	none	0
tr04-official-1/T18-G2-r2/s3-normal-seed3/metadata.json	5309	2423cb49b120bfeebbd17d42887ade21cc3061ba0ce1459ad51259d9d7444f56	833ca63c49785b7fb5c363e64327ce7c0d7b130814475f7bd99b73849c6e1fb4	redact	10
tr04-official-1/T18-G2-r2/s3-normal-seed3/plc-stderr.log	0	e3b0c44298fc1c149afbf4c8996fb92427ae41e4649b934ca495991b7852b855	e3b0c44298fc1c149afbf4c8996fb92427ae41e4649b934ca495991b7852b855	none	0
tr04-official-1/T18-G2-r2/s3-normal-seed3/processes.json	133	2d682689e80bda8c5620f25653426df526d1fbc1117dd5af83750c779d3b7848	2d682689e80bda8c5620f25653426df526d1fbc1117dd5af83750c779d3b7848	none	0
tr04-official-1/T18-G2-r2/s3-normal-seed3/reference-10ms-differences.json	3	37517e5f3dc66819f61f5a7bb8ace1921282415f10551d2defa5c3eb0985b570	37517e5f3dc66819f61f5a7bb8ace1921282415f10551d2defa5c3eb0985b570	none	0
tr04-official-1/T18-G2-r2/s3-normal-seed3/static.json	20124	1f8552c51e73556b32786c548d87284f7311f559bebe949be8c3b4fc4a6b2a41	1f8552c51e73556b32786c548d87284f7311f559bebe949be8c3b4fc4a6b2a41	none	0
tr04-official-1/T18-G2-r2/s3-normal-seed3/summary.json	19459	cbbe566cacf0032d2615097d8f9faba9fa5755ea280f15a452c5605cd322e85d	73b664b4e104cc734340fa9f6f69ea4f1e4ca69fd98f8b26ae36f5ce378e1ae7	drop_tick_hashes	0
tr04-official-1/T18-G2-r2/s3-normal-seed3/vision-stderr.log	26	f6259e2742222db4cedc0f46e1f9d79c113803494192992ee22d2e0ff6d9cc6e	f6259e2742222db4cedc0f46e1f9d79c113803494192992ee22d2e0ff6d9cc6e	none	0
tr04-official-1/T18-G2-r2/s3-packfault-seed1/io_verdict.json	665	2438891a9a98d4a9c5cbbc9250057e24e7c79b428b112cf9ccb8d3e3b30361f8	2438891a9a98d4a9c5cbbc9250057e24e7c79b428b112cf9ccb8d3e3b30361f8	none	0
tr04-official-1/T18-G2-r2/s3-packfault-seed1/metadata.json	5312	e1376c9e3fff08949689e67b5e0ad5c69216ea6a0f97b8280571cf0d60c1473f	821b412fbd93c3203b41e6c0c2c2b2a57893f551ce7aa1b054a768b04032ea54	redact	10
tr04-official-1/T18-G2-r2/s3-packfault-seed1/plc-stderr.log	0	e3b0c44298fc1c149afbf4c8996fb92427ae41e4649b934ca495991b7852b855	e3b0c44298fc1c149afbf4c8996fb92427ae41e4649b934ca495991b7852b855	none	0
tr04-official-1/T18-G2-r2/s3-packfault-seed1/processes.json	133	2d682689e80bda8c5620f25653426df526d1fbc1117dd5af83750c779d3b7848	2d682689e80bda8c5620f25653426df526d1fbc1117dd5af83750c779d3b7848	none	0
tr04-official-1/T18-G2-r2/s3-packfault-seed1/reference-10ms-differences.json	3	37517e5f3dc66819f61f5a7bb8ace1921282415f10551d2defa5c3eb0985b570	37517e5f3dc66819f61f5a7bb8ace1921282415f10551d2defa5c3eb0985b570	none	0
tr04-official-1/T18-G2-r2/s3-packfault-seed1/static.json	20124	1f8552c51e73556b32786c548d87284f7311f559bebe949be8c3b4fc4a6b2a41	1f8552c51e73556b32786c548d87284f7311f559bebe949be8c3b4fc4a6b2a41	none	0
tr04-official-1/T18-G2-r2/s3-packfault-seed1/summary.json	12836	fb778a248d322019c56e1bca5aa50fc5dad578253d1a0ed0d30f506f1ac5416c	e62d102317c095b669c298e56e8dbfde3d91f1f4d7b3486238f0c9bf77256054	drop_tick_hashes	0
tr04-official-1/T18-G2-r2/s3-packfault-seed1/vision-stderr.log	26	f6259e2742222db4cedc0f46e1f9d79c113803494192992ee22d2e0ff6d9cc6e	f6259e2742222db4cedc0f46e1f9d79c113803494192992ee22d2e0ff6d9cc6e	none	0
tr04-official-1/T18-G2-r2/static.json	326	b64dbc7071b69d5168432e22a972faaedf44a103911ae7cb4b582091d3e8b398	231344a317ae5b797027b164187f07c2604a89b5f8b1592a95776f2c53d2689e	redact	1
tr04-official-1/T18-G2-r2/verdict.json	810	a89dd43da458635fcde761c08350a7174c3ea754159331baf492bb4156c9b50a	a89dd43da458635fcde761c08350a7174c3ea754159331baf492bb4156c9b50a	none	0
tr04-official-1/T18-G2-r3/force.json	1532	f055dfea5ca67ac1dd5384b769dbae5a51407b4c507f245d67909220c6fc22ee	11b8d506224cb6bbec12d6b2dcfa44af17b4be3dc562c0cfb9147d9d070401cb	redact	1
tr04-official-1/T18-G2-r3/s3-normal-seed1/io_verdict.json	388	3bd89ea2cf13318447a80ea0a43d7d905efd77bf1e241a7bbd54cf2de0806aa4	3bd89ea2cf13318447a80ea0a43d7d905efd77bf1e241a7bbd54cf2de0806aa4	none	0
tr04-official-1/T18-G2-r3/s3-normal-seed1/metadata.json	5309	492e72aa249808774ff641e531fb6ebfe2af459fbfe1b727314f0e7cebd567a0	ca6e82cc0bcfc52844d5d17d6e7c2b0d721e21a501a020ffd9b2f273eb63b4d1	redact	10
tr04-official-1/T18-G2-r3/s3-normal-seed1/plc-stderr.log	0	e3b0c44298fc1c149afbf4c8996fb92427ae41e4649b934ca495991b7852b855	e3b0c44298fc1c149afbf4c8996fb92427ae41e4649b934ca495991b7852b855	none	0
tr04-official-1/T18-G2-r3/s3-normal-seed1/processes.json	133	2d682689e80bda8c5620f25653426df526d1fbc1117dd5af83750c779d3b7848	2d682689e80bda8c5620f25653426df526d1fbc1117dd5af83750c779d3b7848	none	0
tr04-official-1/T18-G2-r3/s3-normal-seed1/reference-10ms-differences.json	3	37517e5f3dc66819f61f5a7bb8ace1921282415f10551d2defa5c3eb0985b570	37517e5f3dc66819f61f5a7bb8ace1921282415f10551d2defa5c3eb0985b570	none	0
tr04-official-1/T18-G2-r3/s3-normal-seed1/static.json	17296	b223b5e75b97a6286891818928a96461c3cf18afad3554567d02c39760c7b163	b223b5e75b97a6286891818928a96461c3cf18afad3554567d02c39760c7b163	none	0
tr04-official-1/T18-G2-r3/s3-normal-seed1/summary.json	19468	72a0d3ad72031e0047e34033eba6e3c562658c90c8368a94bd2788d98d59c12b	c3a6d063ccf754754f164c07cd6d1edc7c0d928f2bb8adc7cda9821939377c32	drop_tick_hashes	0
tr04-official-1/T18-G2-r3/s3-normal-seed1/vision-stderr.log	26	f6259e2742222db4cedc0f46e1f9d79c113803494192992ee22d2e0ff6d9cc6e	f6259e2742222db4cedc0f46e1f9d79c113803494192992ee22d2e0ff6d9cc6e	none	0
tr04-official-1/T18-G2-r3/s3-normal-seed2/io_verdict.json	388	195ea2052fd822b21b2970666a8fa1d8a3ce2e3a88cc31065862bd6a7419ea9e	195ea2052fd822b21b2970666a8fa1d8a3ce2e3a88cc31065862bd6a7419ea9e	none	0
tr04-official-1/T18-G2-r3/s3-normal-seed2/metadata.json	5309	ac5066e3f941d0b07c66d56ca71dda14f0c7d8ab38051475ee86a94358cc0658	4fbc30a5741057a5d47f08bb46156d07693277e8abb83724fe87900b38832dc5	redact	10
tr04-official-1/T18-G2-r3/s3-normal-seed2/plc-stderr.log	0	e3b0c44298fc1c149afbf4c8996fb92427ae41e4649b934ca495991b7852b855	e3b0c44298fc1c149afbf4c8996fb92427ae41e4649b934ca495991b7852b855	none	0
tr04-official-1/T18-G2-r3/s3-normal-seed2/processes.json	133	2d682689e80bda8c5620f25653426df526d1fbc1117dd5af83750c779d3b7848	2d682689e80bda8c5620f25653426df526d1fbc1117dd5af83750c779d3b7848	none	0
tr04-official-1/T18-G2-r3/s3-normal-seed2/reference-10ms-differences.json	3	37517e5f3dc66819f61f5a7bb8ace1921282415f10551d2defa5c3eb0985b570	37517e5f3dc66819f61f5a7bb8ace1921282415f10551d2defa5c3eb0985b570	none	0
tr04-official-1/T18-G2-r3/s3-normal-seed2/static.json	17296	b223b5e75b97a6286891818928a96461c3cf18afad3554567d02c39760c7b163	b223b5e75b97a6286891818928a96461c3cf18afad3554567d02c39760c7b163	none	0
tr04-official-1/T18-G2-r3/s3-normal-seed2/summary.json	19460	a0538a200fd6a3f46ee299b3d9bb99a12d6cd51a10b900e81a43a3dcba13808b	96cbd37831d50fcbb8f2e2698bc05f340d094c3a08209e6e60fa2353ed86872c	drop_tick_hashes	0
tr04-official-1/T18-G2-r3/s3-normal-seed2/vision-stderr.log	26	f6259e2742222db4cedc0f46e1f9d79c113803494192992ee22d2e0ff6d9cc6e	f6259e2742222db4cedc0f46e1f9d79c113803494192992ee22d2e0ff6d9cc6e	none	0
tr04-official-1/T18-G2-r3/s3-normal-seed3/io_verdict.json	388	5b928ff5e26696fbe37b18eb9640ab902afa583d856b3abc0055e6e6e00db372	5b928ff5e26696fbe37b18eb9640ab902afa583d856b3abc0055e6e6e00db372	none	0
tr04-official-1/T18-G2-r3/s3-normal-seed3/metadata.json	5309	59916f095107b18b04c546c9ff63ce7d5cd57e1befd7772f867b6c6ab4a2a6c0	bcee5708549343dec1b8bab467a565b791fea5eb6ae01b73469f3e1f075fc2e0	redact	10
tr04-official-1/T18-G2-r3/s3-normal-seed3/plc-stderr.log	0	e3b0c44298fc1c149afbf4c8996fb92427ae41e4649b934ca495991b7852b855	e3b0c44298fc1c149afbf4c8996fb92427ae41e4649b934ca495991b7852b855	none	0
tr04-official-1/T18-G2-r3/s3-normal-seed3/processes.json	133	2d682689e80bda8c5620f25653426df526d1fbc1117dd5af83750c779d3b7848	2d682689e80bda8c5620f25653426df526d1fbc1117dd5af83750c779d3b7848	none	0
tr04-official-1/T18-G2-r3/s3-normal-seed3/reference-10ms-differences.json	3	37517e5f3dc66819f61f5a7bb8ace1921282415f10551d2defa5c3eb0985b570	37517e5f3dc66819f61f5a7bb8ace1921282415f10551d2defa5c3eb0985b570	none	0
tr04-official-1/T18-G2-r3/s3-normal-seed3/static.json	17296	b223b5e75b97a6286891818928a96461c3cf18afad3554567d02c39760c7b163	b223b5e75b97a6286891818928a96461c3cf18afad3554567d02c39760c7b163	none	0
tr04-official-1/T18-G2-r3/s3-normal-seed3/summary.json	19459	195d14284441f63acf54e4be96cc77d859b3c84a0ec19ce455c4b300fec20ea3	c0b465e5c53e8ea25edd192cb31b902592dcbceab9e928252ebdb0c763c5786e	drop_tick_hashes	0
tr04-official-1/T18-G2-r3/s3-normal-seed3/vision-stderr.log	26	f6259e2742222db4cedc0f46e1f9d79c113803494192992ee22d2e0ff6d9cc6e	f6259e2742222db4cedc0f46e1f9d79c113803494192992ee22d2e0ff6d9cc6e	none	0
tr04-official-1/T18-G2-r3/s3-packfault-seed1/io_verdict.json	665	2438891a9a98d4a9c5cbbc9250057e24e7c79b428b112cf9ccb8d3e3b30361f8	2438891a9a98d4a9c5cbbc9250057e24e7c79b428b112cf9ccb8d3e3b30361f8	none	0
tr04-official-1/T18-G2-r3/s3-packfault-seed1/metadata.json	5312	38cf46185f87daacdfb17745a99acfebcacab1a69395f87eb12d69fef6de0d4f	41a9e2f382f1a676fa9ebf45ddee8bf0cd5b7bacc19195bca6612c98b5e81299	redact	10
tr04-official-1/T18-G2-r3/s3-packfault-seed1/plc-stderr.log	0	e3b0c44298fc1c149afbf4c8996fb92427ae41e4649b934ca495991b7852b855	e3b0c44298fc1c149afbf4c8996fb92427ae41e4649b934ca495991b7852b855	none	0
tr04-official-1/T18-G2-r3/s3-packfault-seed1/processes.json	133	2d682689e80bda8c5620f25653426df526d1fbc1117dd5af83750c779d3b7848	2d682689e80bda8c5620f25653426df526d1fbc1117dd5af83750c779d3b7848	none	0
tr04-official-1/T18-G2-r3/s3-packfault-seed1/reference-10ms-differences.json	3	37517e5f3dc66819f61f5a7bb8ace1921282415f10551d2defa5c3eb0985b570	37517e5f3dc66819f61f5a7bb8ace1921282415f10551d2defa5c3eb0985b570	none	0
tr04-official-1/T18-G2-r3/s3-packfault-seed1/static.json	17296	b223b5e75b97a6286891818928a96461c3cf18afad3554567d02c39760c7b163	b223b5e75b97a6286891818928a96461c3cf18afad3554567d02c39760c7b163	none	0
tr04-official-1/T18-G2-r3/s3-packfault-seed1/summary.json	12836	0f060befd277d4878103b8743685851b575979b266d7b5687085e09224136cbb	af0adaa9ef7f8c57297da7d331575843ab14330b3b466fdb34977141e9838321	drop_tick_hashes	0
tr04-official-1/T18-G2-r3/s3-packfault-seed1/vision-stderr.log	26	f6259e2742222db4cedc0f46e1f9d79c113803494192992ee22d2e0ff6d9cc6e	f6259e2742222db4cedc0f46e1f9d79c113803494192992ee22d2e0ff6d9cc6e	none	0
tr04-official-1/T18-G2-r3/static.json	326	e42ccc3ba2da73f7b973b526df699f575f05ac127a8f9b6113ff815ab444e20c	a5b124ad5a2f7034fc9b020b1568fcd047dd88db4636eecf4636b311c87acca7	redact	1
tr04-official-1/T18-G2-r3/verdict.json	810	fdb874b1e67d2d0d4d06777adcbda9943305860b1fcbbdbe8f0a9ab660e7655d	fdb874b1e67d2d0d4d06777adcbda9943305860b1fcbbdbe8f0a9ab660e7655d	none	0
tr04-official-1/T18-G3-r1/verdict.json	147	2b82c0872464561586969e835b1d9cb58d0cb4a87838ca423c2fb6abafa1f14a	2b82c0872464561586969e835b1d9cb58d0cb4a87838ca423c2fb6abafa1f14a	none	0
tr04-official-1/T19-G1-r1/force.json	1532	23b3df97b9d7641570fcea02288c2215a66662247ea03a2a11b3e001c1bb473e	3aa812b306433b3d00b369e2d4b159f1446dc01ccdc023f4f8612a0cf878ac6b	redact	1
tr04-official-1/T19-G1-r1/s3-normal-seed1/io_verdict.json	388	3bd89ea2cf13318447a80ea0a43d7d905efd77bf1e241a7bbd54cf2de0806aa4	3bd89ea2cf13318447a80ea0a43d7d905efd77bf1e241a7bbd54cf2de0806aa4	none	0
tr04-official-1/T19-G1-r1/s3-normal-seed1/metadata.json	5309	48ab5b1ca5ee4d13cb325fb53e2f9081ee8369ae071325f661dbce6ac1e1346e	3b2f5c1c979021cdb27edc393e73659b4d9d2242fd2784bc5623f07ec535c313	redact	10
tr04-official-1/T19-G1-r1/s3-normal-seed1/plc-stderr.log	0	e3b0c44298fc1c149afbf4c8996fb92427ae41e4649b934ca495991b7852b855	e3b0c44298fc1c149afbf4c8996fb92427ae41e4649b934ca495991b7852b855	none	0
tr04-official-1/T19-G1-r1/s3-normal-seed1/processes.json	133	2d682689e80bda8c5620f25653426df526d1fbc1117dd5af83750c779d3b7848	2d682689e80bda8c5620f25653426df526d1fbc1117dd5af83750c779d3b7848	none	0
tr04-official-1/T19-G1-r1/s3-normal-seed1/reference-10ms-differences.json	3	37517e5f3dc66819f61f5a7bb8ace1921282415f10551d2defa5c3eb0985b570	37517e5f3dc66819f61f5a7bb8ace1921282415f10551d2defa5c3eb0985b570	none	0
tr04-official-1/T19-G1-r1/s3-normal-seed1/static.json	31134	642a3f790e2a018318701fbbf064adde6a29a687b9eb95f22055a4c490d1caae	642a3f790e2a018318701fbbf064adde6a29a687b9eb95f22055a4c490d1caae	none	0
tr04-official-1/T19-G1-r1/s3-normal-seed1/summary.json	19468	0d7db6188b8da54431d8a19ebdf21065e7bf6d80931eafceff4b4b77ace8571b	06ba42ce8bfa10a06eb6f8573a8d05bc507f3533ba7915310a17bcd2d1e42c85	drop_tick_hashes	0
tr04-official-1/T19-G1-r1/s3-normal-seed1/vision-stderr.log	26	f6259e2742222db4cedc0f46e1f9d79c113803494192992ee22d2e0ff6d9cc6e	f6259e2742222db4cedc0f46e1f9d79c113803494192992ee22d2e0ff6d9cc6e	none	0
tr04-official-1/T19-G1-r1/s3-normal-seed2/io_verdict.json	388	195ea2052fd822b21b2970666a8fa1d8a3ce2e3a88cc31065862bd6a7419ea9e	195ea2052fd822b21b2970666a8fa1d8a3ce2e3a88cc31065862bd6a7419ea9e	none	0
tr04-official-1/T19-G1-r1/s3-normal-seed2/metadata.json	5309	1d7409a74f806c4a6aa574b6cba54f89d14a8e18005cfd7dbc92486cec2d4caf	2799859da6b60cbdaeeb6215b32833bc93487b8d4b60b1445cd0a40af2aa93b0	redact	10
tr04-official-1/T19-G1-r1/s3-normal-seed2/plc-stderr.log	0	e3b0c44298fc1c149afbf4c8996fb92427ae41e4649b934ca495991b7852b855	e3b0c44298fc1c149afbf4c8996fb92427ae41e4649b934ca495991b7852b855	none	0
tr04-official-1/T19-G1-r1/s3-normal-seed2/processes.json	133	2d682689e80bda8c5620f25653426df526d1fbc1117dd5af83750c779d3b7848	2d682689e80bda8c5620f25653426df526d1fbc1117dd5af83750c779d3b7848	none	0
tr04-official-1/T19-G1-r1/s3-normal-seed2/reference-10ms-differences.json	3	37517e5f3dc66819f61f5a7bb8ace1921282415f10551d2defa5c3eb0985b570	37517e5f3dc66819f61f5a7bb8ace1921282415f10551d2defa5c3eb0985b570	none	0
tr04-official-1/T19-G1-r1/s3-normal-seed2/static.json	31134	642a3f790e2a018318701fbbf064adde6a29a687b9eb95f22055a4c490d1caae	642a3f790e2a018318701fbbf064adde6a29a687b9eb95f22055a4c490d1caae	none	0
tr04-official-1/T19-G1-r1/s3-normal-seed2/summary.json	19460	e89eaa544e6c2800a6b45135b4a5fb6b22ef3a0071a404c8f6f181cc30c03b26	9dff050e7687cc8d7fad2d54ce41ff40d001ef8f38dc809810373a9adf09e463	drop_tick_hashes	0
tr04-official-1/T19-G1-r1/s3-normal-seed2/vision-stderr.log	26	f6259e2742222db4cedc0f46e1f9d79c113803494192992ee22d2e0ff6d9cc6e	f6259e2742222db4cedc0f46e1f9d79c113803494192992ee22d2e0ff6d9cc6e	none	0
tr04-official-1/T19-G1-r1/s3-normal-seed3/io_verdict.json	388	5b928ff5e26696fbe37b18eb9640ab902afa583d856b3abc0055e6e6e00db372	5b928ff5e26696fbe37b18eb9640ab902afa583d856b3abc0055e6e6e00db372	none	0
tr04-official-1/T19-G1-r1/s3-normal-seed3/metadata.json	5309	7b357900ab8260a9d53f471058e32ece25e65b360a9f9e8537bccf2a0a635e30	c18dc53f91a9c2e9cd23b293762a2680c7284722196f676c5734c773ea53e298	redact	10
tr04-official-1/T19-G1-r1/s3-normal-seed3/plc-stderr.log	0	e3b0c44298fc1c149afbf4c8996fb92427ae41e4649b934ca495991b7852b855	e3b0c44298fc1c149afbf4c8996fb92427ae41e4649b934ca495991b7852b855	none	0
tr04-official-1/T19-G1-r1/s3-normal-seed3/processes.json	133	2d682689e80bda8c5620f25653426df526d1fbc1117dd5af83750c779d3b7848	2d682689e80bda8c5620f25653426df526d1fbc1117dd5af83750c779d3b7848	none	0
tr04-official-1/T19-G1-r1/s3-normal-seed3/reference-10ms-differences.json	3	37517e5f3dc66819f61f5a7bb8ace1921282415f10551d2defa5c3eb0985b570	37517e5f3dc66819f61f5a7bb8ace1921282415f10551d2defa5c3eb0985b570	none	0
tr04-official-1/T19-G1-r1/s3-normal-seed3/static.json	31134	642a3f790e2a018318701fbbf064adde6a29a687b9eb95f22055a4c490d1caae	642a3f790e2a018318701fbbf064adde6a29a687b9eb95f22055a4c490d1caae	none	0
tr04-official-1/T19-G1-r1/s3-normal-seed3/summary.json	19459	2f466c3fa038cea670aeb4e37cdcf0743f398f19d7b011f287dc9268b23f252e	0044e53ff66bd4f40475b6f2088b75907f1c99f73acc30d6c365fc30015d58fb	drop_tick_hashes	0
tr04-official-1/T19-G1-r1/s3-normal-seed3/vision-stderr.log	26	f6259e2742222db4cedc0f46e1f9d79c113803494192992ee22d2e0ff6d9cc6e	f6259e2742222db4cedc0f46e1f9d79c113803494192992ee22d2e0ff6d9cc6e	none	0
tr04-official-1/T19-G1-r1/s3-packfault-seed1/io_verdict.json	665	2438891a9a98d4a9c5cbbc9250057e24e7c79b428b112cf9ccb8d3e3b30361f8	2438891a9a98d4a9c5cbbc9250057e24e7c79b428b112cf9ccb8d3e3b30361f8	none	0
tr04-official-1/T19-G1-r1/s3-packfault-seed1/metadata.json	5312	f73c7e5085cf1f326f8500cf573afefdaa03b257d8aaa1ea3dca4d3e9b230db3	f5c02a65e4163fbe79ce663277858ef31904873f7ed30252df8d280e42b05771	redact	10
tr04-official-1/T19-G1-r1/s3-packfault-seed1/plc-stderr.log	0	e3b0c44298fc1c149afbf4c8996fb92427ae41e4649b934ca495991b7852b855	e3b0c44298fc1c149afbf4c8996fb92427ae41e4649b934ca495991b7852b855	none	0
tr04-official-1/T19-G1-r1/s3-packfault-seed1/processes.json	133	2d682689e80bda8c5620f25653426df526d1fbc1117dd5af83750c779d3b7848	2d682689e80bda8c5620f25653426df526d1fbc1117dd5af83750c779d3b7848	none	0
tr04-official-1/T19-G1-r1/s3-packfault-seed1/reference-10ms-differences.json	3	37517e5f3dc66819f61f5a7bb8ace1921282415f10551d2defa5c3eb0985b570	37517e5f3dc66819f61f5a7bb8ace1921282415f10551d2defa5c3eb0985b570	none	0
tr04-official-1/T19-G1-r1/s3-packfault-seed1/static.json	31134	642a3f790e2a018318701fbbf064adde6a29a687b9eb95f22055a4c490d1caae	642a3f790e2a018318701fbbf064adde6a29a687b9eb95f22055a4c490d1caae	none	0
tr04-official-1/T19-G1-r1/s3-packfault-seed1/summary.json	12836	1a410513c00a40aeb1e78990ad9d7ff071ca29deaf7cad0a77b92c251cefbeb2	d69a4bdff09cca1cce6cc7289341a8cf0112250e5a9ee46c78f6b731339364bf	drop_tick_hashes	0
tr04-official-1/T19-G1-r1/s3-packfault-seed1/vision-stderr.log	26	f6259e2742222db4cedc0f46e1f9d79c113803494192992ee22d2e0ff6d9cc6e	f6259e2742222db4cedc0f46e1f9d79c113803494192992ee22d2e0ff6d9cc6e	none	0
tr04-official-1/T19-G1-r1/static.json	326	6aac2a357b5e1a6945dc9e315003248d825ab1cce26a27cc01669c70410f25a3	c5a5485d924caa579a9a0f1dd939b0cfe335f668d38a1f696b8ef350c52da8b5	redact	1
tr04-official-1/T19-G1-r1/verdict.json	810	412020f3636dd2b598442e13347d627ad71e65a8669d70a194de5ff072ec22d5	412020f3636dd2b598442e13347d627ad71e65a8669d70a194de5ff072ec22d5	none	0
tr04-official-1/T19-G1-r2/force.json	1532	c936e976c3fa5f5d08d2fc8406ada3d0c129b039e94744a3960ae45f5192924c	3da861a82f69189db1829caaf68f3d357bf9629087bc7ede2b9569dd9c778a4e	redact	1
tr04-official-1/T19-G1-r2/s3-normal-seed1/io_verdict.json	388	3bd89ea2cf13318447a80ea0a43d7d905efd77bf1e241a7bbd54cf2de0806aa4	3bd89ea2cf13318447a80ea0a43d7d905efd77bf1e241a7bbd54cf2de0806aa4	none	0
tr04-official-1/T19-G1-r2/s3-normal-seed1/metadata.json	5309	be2a06c859d459b82b7cd9f4e0f57a1be3bf7085acaada574299522d496c75b4	288408f32f97d9f5d2d47183e39a50f911ef59b41a789de97480bc7cd27c7052	redact	10
tr04-official-1/T19-G1-r2/s3-normal-seed1/plc-stderr.log	0	e3b0c44298fc1c149afbf4c8996fb92427ae41e4649b934ca495991b7852b855	e3b0c44298fc1c149afbf4c8996fb92427ae41e4649b934ca495991b7852b855	none	0
tr04-official-1/T19-G1-r2/s3-normal-seed1/processes.json	133	2d682689e80bda8c5620f25653426df526d1fbc1117dd5af83750c779d3b7848	2d682689e80bda8c5620f25653426df526d1fbc1117dd5af83750c779d3b7848	none	0
tr04-official-1/T19-G1-r2/s3-normal-seed1/reference-10ms-differences.json	3	37517e5f3dc66819f61f5a7bb8ace1921282415f10551d2defa5c3eb0985b570	37517e5f3dc66819f61f5a7bb8ace1921282415f10551d2defa5c3eb0985b570	none	0
tr04-official-1/T19-G1-r2/s3-normal-seed1/static.json	22322	fac44ec13b45f2870adbab4c503bfb1281ef4f69caeb5be1fe829cbb9824ce75	fac44ec13b45f2870adbab4c503bfb1281ef4f69caeb5be1fe829cbb9824ce75	none	0
tr04-official-1/T19-G1-r2/s3-normal-seed1/summary.json	19468	083e3d4f94c3c356a62ac1d2d91170e4e633757e1f3e21ea4df2c2febd831186	47f4af3726958b3c0ab83a8a1a63be5b0749d8d0ad9d916cdb7ab55540152229	drop_tick_hashes	0
tr04-official-1/T19-G1-r2/s3-normal-seed1/vision-stderr.log	26	f6259e2742222db4cedc0f46e1f9d79c113803494192992ee22d2e0ff6d9cc6e	f6259e2742222db4cedc0f46e1f9d79c113803494192992ee22d2e0ff6d9cc6e	none	0
tr04-official-1/T19-G1-r2/s3-normal-seed2/io_verdict.json	388	195ea2052fd822b21b2970666a8fa1d8a3ce2e3a88cc31065862bd6a7419ea9e	195ea2052fd822b21b2970666a8fa1d8a3ce2e3a88cc31065862bd6a7419ea9e	none	0
tr04-official-1/T19-G1-r2/s3-normal-seed2/metadata.json	5309	11cf7c3310e1c388f355bb6e5f4abe9630f323bbe62bd77e81fab8a831b0fe08	fae9006e297e11801a044cd38f4c661666cb3209207be5174ffcf604d0a8e0d3	redact	10
tr04-official-1/T19-G1-r2/s3-normal-seed2/plc-stderr.log	0	e3b0c44298fc1c149afbf4c8996fb92427ae41e4649b934ca495991b7852b855	e3b0c44298fc1c149afbf4c8996fb92427ae41e4649b934ca495991b7852b855	none	0
tr04-official-1/T19-G1-r2/s3-normal-seed2/processes.json	133	2d682689e80bda8c5620f25653426df526d1fbc1117dd5af83750c779d3b7848	2d682689e80bda8c5620f25653426df526d1fbc1117dd5af83750c779d3b7848	none	0
tr04-official-1/T19-G1-r2/s3-normal-seed2/reference-10ms-differences.json	3	37517e5f3dc66819f61f5a7bb8ace1921282415f10551d2defa5c3eb0985b570	37517e5f3dc66819f61f5a7bb8ace1921282415f10551d2defa5c3eb0985b570	none	0
tr04-official-1/T19-G1-r2/s3-normal-seed2/static.json	22322	fac44ec13b45f2870adbab4c503bfb1281ef4f69caeb5be1fe829cbb9824ce75	fac44ec13b45f2870adbab4c503bfb1281ef4f69caeb5be1fe829cbb9824ce75	none	0
tr04-official-1/T19-G1-r2/s3-normal-seed2/summary.json	19460	c155cabb945b60d0409003fdbb70180fe638b9c6777f5514c305276a21cfe58e	97cc40b45b7c8a3c0050dcd64cb12e7dccf9315646f0ac6538f17c8a40a21e7a	drop_tick_hashes	0
tr04-official-1/T19-G1-r2/s3-normal-seed2/vision-stderr.log	26	f6259e2742222db4cedc0f46e1f9d79c113803494192992ee22d2e0ff6d9cc6e	f6259e2742222db4cedc0f46e1f9d79c113803494192992ee22d2e0ff6d9cc6e	none	0
tr04-official-1/T19-G1-r2/s3-normal-seed3/io_verdict.json	388	5b928ff5e26696fbe37b18eb9640ab902afa583d856b3abc0055e6e6e00db372	5b928ff5e26696fbe37b18eb9640ab902afa583d856b3abc0055e6e6e00db372	none	0
tr04-official-1/T19-G1-r2/s3-normal-seed3/metadata.json	5309	1c6cba0ee699827ce0906d4819abfec44c3ca7a37f7be13cd8bd101a487fc448	014e1d5a069d4d3a3ca335c455c77bdd53f3f9b3802e6b66d18b60194009e823	redact	10
tr04-official-1/T19-G1-r2/s3-normal-seed3/plc-stderr.log	0	e3b0c44298fc1c149afbf4c8996fb92427ae41e4649b934ca495991b7852b855	e3b0c44298fc1c149afbf4c8996fb92427ae41e4649b934ca495991b7852b855	none	0
tr04-official-1/T19-G1-r2/s3-normal-seed3/processes.json	133	2d682689e80bda8c5620f25653426df526d1fbc1117dd5af83750c779d3b7848	2d682689e80bda8c5620f25653426df526d1fbc1117dd5af83750c779d3b7848	none	0
tr04-official-1/T19-G1-r2/s3-normal-seed3/reference-10ms-differences.json	3	37517e5f3dc66819f61f5a7bb8ace1921282415f10551d2defa5c3eb0985b570	37517e5f3dc66819f61f5a7bb8ace1921282415f10551d2defa5c3eb0985b570	none	0
tr04-official-1/T19-G1-r2/s3-normal-seed3/static.json	22322	fac44ec13b45f2870adbab4c503bfb1281ef4f69caeb5be1fe829cbb9824ce75	fac44ec13b45f2870adbab4c503bfb1281ef4f69caeb5be1fe829cbb9824ce75	none	0
tr04-official-1/T19-G1-r2/s3-normal-seed3/summary.json	19459	f31142312aa4f0b57723841065da0ddee56d19a1342fdb1d37f2d1cb8d7b6470	23fb43354f673873cf4a69170d16211b1d6f549b3ccbc7201b4a074a0cb1a7f8	drop_tick_hashes	0
tr04-official-1/T19-G1-r2/s3-normal-seed3/vision-stderr.log	26	f6259e2742222db4cedc0f46e1f9d79c113803494192992ee22d2e0ff6d9cc6e	f6259e2742222db4cedc0f46e1f9d79c113803494192992ee22d2e0ff6d9cc6e	none	0
tr04-official-1/T19-G1-r2/s3-packfault-seed1/io_verdict.json	665	2438891a9a98d4a9c5cbbc9250057e24e7c79b428b112cf9ccb8d3e3b30361f8	2438891a9a98d4a9c5cbbc9250057e24e7c79b428b112cf9ccb8d3e3b30361f8	none	0
tr04-official-1/T19-G1-r2/s3-packfault-seed1/metadata.json	5312	dd40199afc1ae9d23a127bb016c89432784275b5f1999f86b540d7a395b3aeec	4dc70c98824c820bdaf93cd15cbf9dc3bbe31118a2e4f651ebcbf69278bb1c3e	redact	10
tr04-official-1/T19-G1-r2/s3-packfault-seed1/plc-stderr.log	0	e3b0c44298fc1c149afbf4c8996fb92427ae41e4649b934ca495991b7852b855	e3b0c44298fc1c149afbf4c8996fb92427ae41e4649b934ca495991b7852b855	none	0
tr04-official-1/T19-G1-r2/s3-packfault-seed1/processes.json	133	2d682689e80bda8c5620f25653426df526d1fbc1117dd5af83750c779d3b7848	2d682689e80bda8c5620f25653426df526d1fbc1117dd5af83750c779d3b7848	none	0
tr04-official-1/T19-G1-r2/s3-packfault-seed1/reference-10ms-differences.json	3	37517e5f3dc66819f61f5a7bb8ace1921282415f10551d2defa5c3eb0985b570	37517e5f3dc66819f61f5a7bb8ace1921282415f10551d2defa5c3eb0985b570	none	0
tr04-official-1/T19-G1-r2/s3-packfault-seed1/static.json	22322	fac44ec13b45f2870adbab4c503bfb1281ef4f69caeb5be1fe829cbb9824ce75	fac44ec13b45f2870adbab4c503bfb1281ef4f69caeb5be1fe829cbb9824ce75	none	0
tr04-official-1/T19-G1-r2/s3-packfault-seed1/summary.json	12836	2d5a01803c6a9a50148f6f9e7409c9bc0808baf51d33930a8819f8978409e243	58bb9a23e7a68871777314b7cc4366c467246998404d2191f95192af6bbb6dcc	drop_tick_hashes	0
tr04-official-1/T19-G1-r2/s3-packfault-seed1/vision-stderr.log	26	f6259e2742222db4cedc0f46e1f9d79c113803494192992ee22d2e0ff6d9cc6e	f6259e2742222db4cedc0f46e1f9d79c113803494192992ee22d2e0ff6d9cc6e	none	0
tr04-official-1/T19-G1-r2/static.json	326	ee50985e5705ea69bebdb32f0ad856d89b59df769109980f6416c01e704ff5c5	adc50e80d04ccf4449e1e24247f0d806af058ce6c23b0bbf0752767c55c06cdb	redact	1
tr04-official-1/T19-G1-r2/verdict.json	810	f36d5145b548017c6659132140a195e40a6e94cd57c1ae74d9a07b47ab817ed1	f36d5145b548017c6659132140a195e40a6e94cd57c1ae74d9a07b47ab817ed1	none	0
tr04-official-1/T19-G1-r3/force.json	1532	71bf4698312a9c192be80aef41be65ec716d249799fff645d89b07d0299fe546	232f302fae890cf846adbddb4aed030dd008046d63d7f2845e661847185e7b17	redact	1
tr04-official-1/T19-G1-r3/static.json	427	d9103b9181e15584598b2c737af06cb37e4f9ef4b534a3a21fa0d827b3cf381f	3da2c641b59674f4d3406f7ca9e75fb9d07a85143b180e903421408995d932a5	redact	1
tr04-official-1/T19-G1-r3/verdict.json	142	d07e6fb97daf4e965e656ad208f4d65f17f6afc5d0a5c5e35663b9c51c13d3b6	d07e6fb97daf4e965e656ad208f4d65f17f6afc5d0a5c5e35663b9c51c13d3b6	none	0
tr04-official-1/T19-G2-r1/force.json	1532	07d19842422b95b3c15b1f84055629aafb0d0c8b31e56dfc0b04e65d9a41d513	2c0d7fc88ecf7d24754668f3cdcd221d4276bdf810094c955cfba699eda6caea	redact	1
tr04-official-1/T19-G2-r1/s3-normal-seed1/io_verdict.json	388	3bd89ea2cf13318447a80ea0a43d7d905efd77bf1e241a7bbd54cf2de0806aa4	3bd89ea2cf13318447a80ea0a43d7d905efd77bf1e241a7bbd54cf2de0806aa4	none	0
tr04-official-1/T19-G2-r1/s3-normal-seed1/metadata.json	5309	5778d9fc14fcc46891d9ba24fe8a5fe32ce43af84aec8044e540f178fed0bfb8	68ab4155ca281de69292aa89e663ec993ac613b707d4dce795206bf048e7b0d2	redact	10
tr04-official-1/T19-G2-r1/s3-normal-seed1/plc-stderr.log	0	e3b0c44298fc1c149afbf4c8996fb92427ae41e4649b934ca495991b7852b855	e3b0c44298fc1c149afbf4c8996fb92427ae41e4649b934ca495991b7852b855	none	0
tr04-official-1/T19-G2-r1/s3-normal-seed1/processes.json	133	2d682689e80bda8c5620f25653426df526d1fbc1117dd5af83750c779d3b7848	2d682689e80bda8c5620f25653426df526d1fbc1117dd5af83750c779d3b7848	none	0
tr04-official-1/T19-G2-r1/s3-normal-seed1/reference-10ms-differences.json	3	37517e5f3dc66819f61f5a7bb8ace1921282415f10551d2defa5c3eb0985b570	37517e5f3dc66819f61f5a7bb8ace1921282415f10551d2defa5c3eb0985b570	none	0
tr04-official-1/T19-G2-r1/s3-normal-seed1/static.json	22637	85eb7607e3d23f29fb93c9577e6964db04b032547b5c413c77ca8eaa46dfeafe	85eb7607e3d23f29fb93c9577e6964db04b032547b5c413c77ca8eaa46dfeafe	none	0
tr04-official-1/T19-G2-r1/s3-normal-seed1/summary.json	19468	e4bae394f5bf995efeb785de3357a11daaf327ed63e15eeef8d70f069bcd3958	d1091afac06848b915a154cf294e7d867fd2cdddd2220b138a728a788bd542de	drop_tick_hashes	0
tr04-official-1/T19-G2-r1/s3-normal-seed1/vision-stderr.log	26	f6259e2742222db4cedc0f46e1f9d79c113803494192992ee22d2e0ff6d9cc6e	f6259e2742222db4cedc0f46e1f9d79c113803494192992ee22d2e0ff6d9cc6e	none	0
tr04-official-1/T19-G2-r1/s3-normal-seed2/io_verdict.json	388	195ea2052fd822b21b2970666a8fa1d8a3ce2e3a88cc31065862bd6a7419ea9e	195ea2052fd822b21b2970666a8fa1d8a3ce2e3a88cc31065862bd6a7419ea9e	none	0
tr04-official-1/T19-G2-r1/s3-normal-seed2/metadata.json	5309	df9a95d6fec8a95c2104f2aabd497f3156845b2b8545f0d410b2665f192af754	2de5876bb2e1ecc6a2b351a85c77af1c61e0510f3659bfdc02ba95154fc243f5	redact	10
tr04-official-1/T19-G2-r1/s3-normal-seed2/plc-stderr.log	0	e3b0c44298fc1c149afbf4c8996fb92427ae41e4649b934ca495991b7852b855	e3b0c44298fc1c149afbf4c8996fb92427ae41e4649b934ca495991b7852b855	none	0
tr04-official-1/T19-G2-r1/s3-normal-seed2/processes.json	133	2d682689e80bda8c5620f25653426df526d1fbc1117dd5af83750c779d3b7848	2d682689e80bda8c5620f25653426df526d1fbc1117dd5af83750c779d3b7848	none	0
tr04-official-1/T19-G2-r1/s3-normal-seed2/reference-10ms-differences.json	3	37517e5f3dc66819f61f5a7bb8ace1921282415f10551d2defa5c3eb0985b570	37517e5f3dc66819f61f5a7bb8ace1921282415f10551d2defa5c3eb0985b570	none	0
tr04-official-1/T19-G2-r1/s3-normal-seed2/static.json	22637	85eb7607e3d23f29fb93c9577e6964db04b032547b5c413c77ca8eaa46dfeafe	85eb7607e3d23f29fb93c9577e6964db04b032547b5c413c77ca8eaa46dfeafe	none	0
tr04-official-1/T19-G2-r1/s3-normal-seed2/summary.json	19460	5d0954e98bdfa92b977146f8b13e1e216b7d1927ca5230bbd2f2ffff5063778e	c6a92024597bec71f0b04ec5f09dd3935f693a50b318c7543a4e440a0e070180	drop_tick_hashes	0
tr04-official-1/T19-G2-r1/s3-normal-seed2/vision-stderr.log	26	f6259e2742222db4cedc0f46e1f9d79c113803494192992ee22d2e0ff6d9cc6e	f6259e2742222db4cedc0f46e1f9d79c113803494192992ee22d2e0ff6d9cc6e	none	0
tr04-official-1/T19-G2-r1/s3-normal-seed3/io_verdict.json	388	5b928ff5e26696fbe37b18eb9640ab902afa583d856b3abc0055e6e6e00db372	5b928ff5e26696fbe37b18eb9640ab902afa583d856b3abc0055e6e6e00db372	none	0
tr04-official-1/T19-G2-r1/s3-normal-seed3/metadata.json	5309	418e2743a672c363908cc890fdabf3292887a722906927f64437aebabaa652ee	a64de86cc5a2869bdb560bfca49d9a8c9d7b951d746642f4ae2dff3142d60aa4	redact	10
tr04-official-1/T19-G2-r1/s3-normal-seed3/plc-stderr.log	0	e3b0c44298fc1c149afbf4c8996fb92427ae41e4649b934ca495991b7852b855	e3b0c44298fc1c149afbf4c8996fb92427ae41e4649b934ca495991b7852b855	none	0
tr04-official-1/T19-G2-r1/s3-normal-seed3/processes.json	133	2d682689e80bda8c5620f25653426df526d1fbc1117dd5af83750c779d3b7848	2d682689e80bda8c5620f25653426df526d1fbc1117dd5af83750c779d3b7848	none	0
tr04-official-1/T19-G2-r1/s3-normal-seed3/reference-10ms-differences.json	3	37517e5f3dc66819f61f5a7bb8ace1921282415f10551d2defa5c3eb0985b570	37517e5f3dc66819f61f5a7bb8ace1921282415f10551d2defa5c3eb0985b570	none	0
tr04-official-1/T19-G2-r1/s3-normal-seed3/static.json	22637	85eb7607e3d23f29fb93c9577e6964db04b032547b5c413c77ca8eaa46dfeafe	85eb7607e3d23f29fb93c9577e6964db04b032547b5c413c77ca8eaa46dfeafe	none	0
tr04-official-1/T19-G2-r1/s3-normal-seed3/summary.json	19459	35e8c8b5ab8bb54f521c2e6ce66ab67f1b0259ade2520c8253e0d40c9393de67	8709d1172faaac0bdecbc6923208f0ff6e64b1cfbeb60a646a9abb8bb86e7322	drop_tick_hashes	0
tr04-official-1/T19-G2-r1/s3-normal-seed3/vision-stderr.log	26	f6259e2742222db4cedc0f46e1f9d79c113803494192992ee22d2e0ff6d9cc6e	f6259e2742222db4cedc0f46e1f9d79c113803494192992ee22d2e0ff6d9cc6e	none	0
tr04-official-1/T19-G2-r1/s3-packfault-seed1/io_verdict.json	665	2438891a9a98d4a9c5cbbc9250057e24e7c79b428b112cf9ccb8d3e3b30361f8	2438891a9a98d4a9c5cbbc9250057e24e7c79b428b112cf9ccb8d3e3b30361f8	none	0
tr04-official-1/T19-G2-r1/s3-packfault-seed1/metadata.json	5312	75b18e1a4eda54df48ecd1e9457f48bda32881bb46282d402d462bcb4a4dcbfd	1a6804d08770d5beb1aca641a7663d2a364ff5c4c065809ba9da7aa16b9d93dd	redact	10
tr04-official-1/T19-G2-r1/s3-packfault-seed1/plc-stderr.log	0	e3b0c44298fc1c149afbf4c8996fb92427ae41e4649b934ca495991b7852b855	e3b0c44298fc1c149afbf4c8996fb92427ae41e4649b934ca495991b7852b855	none	0
tr04-official-1/T19-G2-r1/s3-packfault-seed1/processes.json	133	2d682689e80bda8c5620f25653426df526d1fbc1117dd5af83750c779d3b7848	2d682689e80bda8c5620f25653426df526d1fbc1117dd5af83750c779d3b7848	none	0
tr04-official-1/T19-G2-r1/s3-packfault-seed1/reference-10ms-differences.json	3	37517e5f3dc66819f61f5a7bb8ace1921282415f10551d2defa5c3eb0985b570	37517e5f3dc66819f61f5a7bb8ace1921282415f10551d2defa5c3eb0985b570	none	0
tr04-official-1/T19-G2-r1/s3-packfault-seed1/static.json	22637	85eb7607e3d23f29fb93c9577e6964db04b032547b5c413c77ca8eaa46dfeafe	85eb7607e3d23f29fb93c9577e6964db04b032547b5c413c77ca8eaa46dfeafe	none	0
tr04-official-1/T19-G2-r1/s3-packfault-seed1/summary.json	12836	de6971d2a2886dac1123d555252553126d121885c1ff42f0812d4bbef487fff0	9d1ed55884bec1dbdefb6eb425fdfaa8c9a21be0b0633428e27df4ef0d5c4c53	drop_tick_hashes	0
tr04-official-1/T19-G2-r1/s3-packfault-seed1/vision-stderr.log	26	f6259e2742222db4cedc0f46e1f9d79c113803494192992ee22d2e0ff6d9cc6e	f6259e2742222db4cedc0f46e1f9d79c113803494192992ee22d2e0ff6d9cc6e	none	0
tr04-official-1/T19-G2-r1/static.json	326	82787006fe8e5e3f662b1d0f0217831a0a1cdab140656f02803930ff7e64bce8	6048f5b2fe942ead26f2a20405a2f92be74657a5405cbabebf74cd1a68a06955	redact	1
tr04-official-1/T19-G2-r1/verdict.json	810	612be93cffad2244f4d240e22b86102c8e00492ddf65cae3eb956078d76065ef	612be93cffad2244f4d240e22b86102c8e00492ddf65cae3eb956078d76065ef	none	0
tr04-official-1/T19-G2-r2/force.json	1532	e4de5dfa978954eea9a9558ce655214ae617feb6c5443c7b882ef0e42d5f6bc0	2b53ce87db53e19e1af7f36d0df3d701759e26121c23e399faa3fb9c93375306	redact	1
tr04-official-1/T19-G2-r2/s3-normal-seed1/io_verdict.json	388	3bd89ea2cf13318447a80ea0a43d7d905efd77bf1e241a7bbd54cf2de0806aa4	3bd89ea2cf13318447a80ea0a43d7d905efd77bf1e241a7bbd54cf2de0806aa4	none	0
tr04-official-1/T19-G2-r2/s3-normal-seed1/metadata.json	5309	407cbedee07b55f10ee39abc4576ef7388fd0c6d933a1bb45d1588164172d259	b1a61f6ee850178b0e078b4191fdf62a5204dfd161c3682487f44cae4b927e43	redact	10
tr04-official-1/T19-G2-r2/s3-normal-seed1/plc-stderr.log	0	e3b0c44298fc1c149afbf4c8996fb92427ae41e4649b934ca495991b7852b855	e3b0c44298fc1c149afbf4c8996fb92427ae41e4649b934ca495991b7852b855	none	0
tr04-official-1/T19-G2-r2/s3-normal-seed1/processes.json	133	2d682689e80bda8c5620f25653426df526d1fbc1117dd5af83750c779d3b7848	2d682689e80bda8c5620f25653426df526d1fbc1117dd5af83750c779d3b7848	none	0
tr04-official-1/T19-G2-r2/s3-normal-seed1/reference-10ms-differences.json	3	37517e5f3dc66819f61f5a7bb8ace1921282415f10551d2defa5c3eb0985b570	37517e5f3dc66819f61f5a7bb8ace1921282415f10551d2defa5c3eb0985b570	none	0
tr04-official-1/T19-G2-r2/s3-normal-seed1/static.json	22007	2b401eb7f785b97207ddf2723fa41d7fc1159e95e07b72e2b7a9a53217a5141d	2b401eb7f785b97207ddf2723fa41d7fc1159e95e07b72e2b7a9a53217a5141d	none	0
tr04-official-1/T19-G2-r2/s3-normal-seed1/summary.json	19468	6ad22376a44ceb55456cdbeba5448b5310535d608b142328b8e7bfc4c64354f4	3771239be97cb331ae14ac1031a0906974a9773c8a82b402d5f31b76b06cf370	drop_tick_hashes	0
tr04-official-1/T19-G2-r2/s3-normal-seed1/vision-stderr.log	26	f6259e2742222db4cedc0f46e1f9d79c113803494192992ee22d2e0ff6d9cc6e	f6259e2742222db4cedc0f46e1f9d79c113803494192992ee22d2e0ff6d9cc6e	none	0
tr04-official-1/T19-G2-r2/s3-normal-seed2/io_verdict.json	388	195ea2052fd822b21b2970666a8fa1d8a3ce2e3a88cc31065862bd6a7419ea9e	195ea2052fd822b21b2970666a8fa1d8a3ce2e3a88cc31065862bd6a7419ea9e	none	0
tr04-official-1/T19-G2-r2/s3-normal-seed2/metadata.json	5309	ee17e1935babe8cb70d941abe2845bd4fef359b11d081302edd690195c55ac14	46d11f89b96243861699cc2a913b11ebfaaae25207a7f340e615183ab32b2d7c	redact	10
tr04-official-1/T19-G2-r2/s3-normal-seed2/plc-stderr.log	0	e3b0c44298fc1c149afbf4c8996fb92427ae41e4649b934ca495991b7852b855	e3b0c44298fc1c149afbf4c8996fb92427ae41e4649b934ca495991b7852b855	none	0
tr04-official-1/T19-G2-r2/s3-normal-seed2/processes.json	133	2d682689e80bda8c5620f25653426df526d1fbc1117dd5af83750c779d3b7848	2d682689e80bda8c5620f25653426df526d1fbc1117dd5af83750c779d3b7848	none	0
tr04-official-1/T19-G2-r2/s3-normal-seed2/reference-10ms-differences.json	3	37517e5f3dc66819f61f5a7bb8ace1921282415f10551d2defa5c3eb0985b570	37517e5f3dc66819f61f5a7bb8ace1921282415f10551d2defa5c3eb0985b570	none	0
tr04-official-1/T19-G2-r2/s3-normal-seed2/static.json	22007	2b401eb7f785b97207ddf2723fa41d7fc1159e95e07b72e2b7a9a53217a5141d	2b401eb7f785b97207ddf2723fa41d7fc1159e95e07b72e2b7a9a53217a5141d	none	0
tr04-official-1/T19-G2-r2/s3-normal-seed2/summary.json	19460	2f5177a6914dc718e8fb03e6952580eb37bdf90d0c4b238af3f6cdaff73833fd	91232635000d7c73eadf71b9932870c80340799132ef484b1e52cf7efa4e57fc	drop_tick_hashes	0
tr04-official-1/T19-G2-r2/s3-normal-seed2/vision-stderr.log	26	f6259e2742222db4cedc0f46e1f9d79c113803494192992ee22d2e0ff6d9cc6e	f6259e2742222db4cedc0f46e1f9d79c113803494192992ee22d2e0ff6d9cc6e	none	0
tr04-official-1/T19-G2-r2/s3-normal-seed3/io_verdict.json	388	5b928ff5e26696fbe37b18eb9640ab902afa583d856b3abc0055e6e6e00db372	5b928ff5e26696fbe37b18eb9640ab902afa583d856b3abc0055e6e6e00db372	none	0
tr04-official-1/T19-G2-r2/s3-normal-seed3/metadata.json	5309	577aafe85b832fd700b6492d216ebcdaedfd7559923c635eefcf1f56464d2ba5	71ab7dd3ec49b335c2bd9ecb5d23f5d945a85381168c55300fd57412ef61925e	redact	10
tr04-official-1/T19-G2-r2/s3-normal-seed3/plc-stderr.log	0	e3b0c44298fc1c149afbf4c8996fb92427ae41e4649b934ca495991b7852b855	e3b0c44298fc1c149afbf4c8996fb92427ae41e4649b934ca495991b7852b855	none	0
tr04-official-1/T19-G2-r2/s3-normal-seed3/processes.json	133	2d682689e80bda8c5620f25653426df526d1fbc1117dd5af83750c779d3b7848	2d682689e80bda8c5620f25653426df526d1fbc1117dd5af83750c779d3b7848	none	0
tr04-official-1/T19-G2-r2/s3-normal-seed3/reference-10ms-differences.json	3	37517e5f3dc66819f61f5a7bb8ace1921282415f10551d2defa5c3eb0985b570	37517e5f3dc66819f61f5a7bb8ace1921282415f10551d2defa5c3eb0985b570	none	0
tr04-official-1/T19-G2-r2/s3-normal-seed3/static.json	22007	2b401eb7f785b97207ddf2723fa41d7fc1159e95e07b72e2b7a9a53217a5141d	2b401eb7f785b97207ddf2723fa41d7fc1159e95e07b72e2b7a9a53217a5141d	none	0
tr04-official-1/T19-G2-r2/s3-normal-seed3/summary.json	19459	9dd791d8958b8702f6c37bdf97b73c29f528d9cc4d27752efe550746b9e3023f	de61a82c0c7ca446b556ddb41aee2540bda9e9dd4998a7115ce1a5fb580e23c7	drop_tick_hashes	0
tr04-official-1/T19-G2-r2/s3-normal-seed3/vision-stderr.log	26	f6259e2742222db4cedc0f46e1f9d79c113803494192992ee22d2e0ff6d9cc6e	f6259e2742222db4cedc0f46e1f9d79c113803494192992ee22d2e0ff6d9cc6e	none	0
tr04-official-1/T19-G2-r2/s3-packfault-seed1/io_verdict.json	665	2438891a9a98d4a9c5cbbc9250057e24e7c79b428b112cf9ccb8d3e3b30361f8	2438891a9a98d4a9c5cbbc9250057e24e7c79b428b112cf9ccb8d3e3b30361f8	none	0
tr04-official-1/T19-G2-r2/s3-packfault-seed1/metadata.json	5312	234f045b09f07e1ce06e1fa7f8fef197f10a88d14a7ef453f9275a88a5ff85a5	f265c3d4afb5b4623329a904a0561220b4b850ded2f45b7a98d0e0d06a1b5bfd	redact	10
tr04-official-1/T19-G2-r2/s3-packfault-seed1/plc-stderr.log	0	e3b0c44298fc1c149afbf4c8996fb92427ae41e4649b934ca495991b7852b855	e3b0c44298fc1c149afbf4c8996fb92427ae41e4649b934ca495991b7852b855	none	0
tr04-official-1/T19-G2-r2/s3-packfault-seed1/processes.json	133	2d682689e80bda8c5620f25653426df526d1fbc1117dd5af83750c779d3b7848	2d682689e80bda8c5620f25653426df526d1fbc1117dd5af83750c779d3b7848	none	0
tr04-official-1/T19-G2-r2/s3-packfault-seed1/reference-10ms-differences.json	3	37517e5f3dc66819f61f5a7bb8ace1921282415f10551d2defa5c3eb0985b570	37517e5f3dc66819f61f5a7bb8ace1921282415f10551d2defa5c3eb0985b570	none	0
tr04-official-1/T19-G2-r2/s3-packfault-seed1/static.json	22007	2b401eb7f785b97207ddf2723fa41d7fc1159e95e07b72e2b7a9a53217a5141d	2b401eb7f785b97207ddf2723fa41d7fc1159e95e07b72e2b7a9a53217a5141d	none	0
tr04-official-1/T19-G2-r2/s3-packfault-seed1/summary.json	12836	a1558b9139d4581fd801f53b80ae6c417f1f4ca086c7f528d192906c2878c24d	a5416130c23fe5c3ac769a90dde643564fb64a1caaf51808acc6537ca9cc8ec0	drop_tick_hashes	0
tr04-official-1/T19-G2-r2/s3-packfault-seed1/vision-stderr.log	26	f6259e2742222db4cedc0f46e1f9d79c113803494192992ee22d2e0ff6d9cc6e	f6259e2742222db4cedc0f46e1f9d79c113803494192992ee22d2e0ff6d9cc6e	none	0
tr04-official-1/T19-G2-r2/static.json	326	bbeff1fc107065ad22808aed22a54bd4ee4491615b738835bc6258abfe3fa338	be5644f6f7378f964a9d0e051fc2aaf7b8db6667f2f8c395a8787f009612d2e6	redact	1
tr04-official-1/T19-G2-r2/verdict.json	810	133db434006038e82c335c7c8a3d9d1a0b5eee67b83e91a709fde436ee5a18a9	133db434006038e82c335c7c8a3d9d1a0b5eee67b83e91a709fde436ee5a18a9	none	0
tr04-official-1/T19-G2-r3/force.json	1532	017997c27ff968e151d23e59abc73f27c08745f3ee7f1fce0cb691aaad3b6d0c	71685f1067a350925ce57715239a31d2cdefde4bfec0a888c4bfced9d03b1e60	redact	1
tr04-official-1/T19-G2-r3/s3-normal-seed1/io_verdict.json	388	3bd89ea2cf13318447a80ea0a43d7d905efd77bf1e241a7bbd54cf2de0806aa4	3bd89ea2cf13318447a80ea0a43d7d905efd77bf1e241a7bbd54cf2de0806aa4	none	0
tr04-official-1/T19-G2-r3/s3-normal-seed1/metadata.json	5309	b627b8f686bd80365409e0c5bc4a3abd768ea47348a9457b18dfab63bbd33a5f	cd9ce96f876a4a3e2af2316c750530a23c449e339c91c52230f1198555466ca3	redact	10
tr04-official-1/T19-G2-r3/s3-normal-seed1/plc-stderr.log	0	e3b0c44298fc1c149afbf4c8996fb92427ae41e4649b934ca495991b7852b855	e3b0c44298fc1c149afbf4c8996fb92427ae41e4649b934ca495991b7852b855	none	0
tr04-official-1/T19-G2-r3/s3-normal-seed1/processes.json	133	2d682689e80bda8c5620f25653426df526d1fbc1117dd5af83750c779d3b7848	2d682689e80bda8c5620f25653426df526d1fbc1117dd5af83750c779d3b7848	none	0
tr04-official-1/T19-G2-r3/s3-normal-seed1/reference-10ms-differences.json	3	37517e5f3dc66819f61f5a7bb8ace1921282415f10551d2defa5c3eb0985b570	37517e5f3dc66819f61f5a7bb8ace1921282415f10551d2defa5c3eb0985b570	none	0
tr04-official-1/T19-G2-r3/s3-normal-seed1/static.json	23582	e7044829f42cd8ed948988f7e210c46fba3c373e811abeb984f011faf6af3e05	e7044829f42cd8ed948988f7e210c46fba3c373e811abeb984f011faf6af3e05	none	0
tr04-official-1/T19-G2-r3/s3-normal-seed1/summary.json	19468	1896801ac75309e452723b9a28b3b703c4894abd6df6161d434dc637d79de944	880f513527a5e1e6571c383b016d9d87d768eafe1b7979f7c320f3eb61455d94	drop_tick_hashes	0
tr04-official-1/T19-G2-r3/s3-normal-seed1/vision-stderr.log	26	f6259e2742222db4cedc0f46e1f9d79c113803494192992ee22d2e0ff6d9cc6e	f6259e2742222db4cedc0f46e1f9d79c113803494192992ee22d2e0ff6d9cc6e	none	0
tr04-official-1/T19-G2-r3/s3-normal-seed2/io_verdict.json	388	195ea2052fd822b21b2970666a8fa1d8a3ce2e3a88cc31065862bd6a7419ea9e	195ea2052fd822b21b2970666a8fa1d8a3ce2e3a88cc31065862bd6a7419ea9e	none	0
tr04-official-1/T19-G2-r3/s3-normal-seed2/metadata.json	5309	785d7c4ed3b2c635168c3d56111dd1da4f6dd9fffbf764e54e65d9e43c44eb41	ea09497517ba4d4ce447d5e70216fa09bd4ce575a5229d22dd62a9336a98e1f6	redact	10
tr04-official-1/T19-G2-r3/s3-normal-seed2/plc-stderr.log	0	e3b0c44298fc1c149afbf4c8996fb92427ae41e4649b934ca495991b7852b855	e3b0c44298fc1c149afbf4c8996fb92427ae41e4649b934ca495991b7852b855	none	0
tr04-official-1/T19-G2-r3/s3-normal-seed2/processes.json	133	2d682689e80bda8c5620f25653426df526d1fbc1117dd5af83750c779d3b7848	2d682689e80bda8c5620f25653426df526d1fbc1117dd5af83750c779d3b7848	none	0
tr04-official-1/T19-G2-r3/s3-normal-seed2/reference-10ms-differences.json	3	37517e5f3dc66819f61f5a7bb8ace1921282415f10551d2defa5c3eb0985b570	37517e5f3dc66819f61f5a7bb8ace1921282415f10551d2defa5c3eb0985b570	none	0
tr04-official-1/T19-G2-r3/s3-normal-seed2/static.json	23582	e7044829f42cd8ed948988f7e210c46fba3c373e811abeb984f011faf6af3e05	e7044829f42cd8ed948988f7e210c46fba3c373e811abeb984f011faf6af3e05	none	0
tr04-official-1/T19-G2-r3/s3-normal-seed2/summary.json	19460	137501aa13915900c12c4675421be3a240ec1532ff435aae9e8f652dd20d152d	bf607aee25104095d8b6d435aae9e5de6d7a566b4518b2be0d9005f64073a0c2	drop_tick_hashes	0
tr04-official-1/T19-G2-r3/s3-normal-seed2/vision-stderr.log	26	f6259e2742222db4cedc0f46e1f9d79c113803494192992ee22d2e0ff6d9cc6e	f6259e2742222db4cedc0f46e1f9d79c113803494192992ee22d2e0ff6d9cc6e	none	0
tr04-official-1/T19-G2-r3/s3-normal-seed3/io_verdict.json	388	5b928ff5e26696fbe37b18eb9640ab902afa583d856b3abc0055e6e6e00db372	5b928ff5e26696fbe37b18eb9640ab902afa583d856b3abc0055e6e6e00db372	none	0
tr04-official-1/T19-G2-r3/s3-normal-seed3/metadata.json	5309	83fdc95b03a2bc09bc03fa365b81f5e407851872207ed736cefab9c1b28e1688	bb4b548ebf676f26a75d81f6b132243f25bbb748df149d96669b8be24cb9b820	redact	10
tr04-official-1/T19-G2-r3/s3-normal-seed3/plc-stderr.log	0	e3b0c44298fc1c149afbf4c8996fb92427ae41e4649b934ca495991b7852b855	e3b0c44298fc1c149afbf4c8996fb92427ae41e4649b934ca495991b7852b855	none	0
tr04-official-1/T19-G2-r3/s3-normal-seed3/processes.json	133	2d682689e80bda8c5620f25653426df526d1fbc1117dd5af83750c779d3b7848	2d682689e80bda8c5620f25653426df526d1fbc1117dd5af83750c779d3b7848	none	0
tr04-official-1/T19-G2-r3/s3-normal-seed3/reference-10ms-differences.json	3	37517e5f3dc66819f61f5a7bb8ace1921282415f10551d2defa5c3eb0985b570	37517e5f3dc66819f61f5a7bb8ace1921282415f10551d2defa5c3eb0985b570	none	0
tr04-official-1/T19-G2-r3/s3-normal-seed3/static.json	23582	e7044829f42cd8ed948988f7e210c46fba3c373e811abeb984f011faf6af3e05	e7044829f42cd8ed948988f7e210c46fba3c373e811abeb984f011faf6af3e05	none	0
tr04-official-1/T19-G2-r3/s3-normal-seed3/summary.json	19459	a30e568d44b8b0a52701c21e34af41e5b1cbfa26577d55c593ec7e14beac5d94	386d1db55af06342c3a8db2c75cbc16ffa04025974a5503a7b7860fd8609f394	drop_tick_hashes	0
tr04-official-1/T19-G2-r3/s3-normal-seed3/vision-stderr.log	26	f6259e2742222db4cedc0f46e1f9d79c113803494192992ee22d2e0ff6d9cc6e	f6259e2742222db4cedc0f46e1f9d79c113803494192992ee22d2e0ff6d9cc6e	none	0
tr04-official-1/T19-G2-r3/s3-packfault-seed1/io_verdict.json	665	2438891a9a98d4a9c5cbbc9250057e24e7c79b428b112cf9ccb8d3e3b30361f8	2438891a9a98d4a9c5cbbc9250057e24e7c79b428b112cf9ccb8d3e3b30361f8	none	0
tr04-official-1/T19-G2-r3/s3-packfault-seed1/metadata.json	5312	e735cbdd680eeeb1fe5e9e9ea1ef006bc96ef0e85ae3c3cb711663f5a96f234e	9328592d1108627ceb7a39a22e08a41795419b6542353b94e84a17f3ad57bd3b	redact	10
tr04-official-1/T19-G2-r3/s3-packfault-seed1/plc-stderr.log	0	e3b0c44298fc1c149afbf4c8996fb92427ae41e4649b934ca495991b7852b855	e3b0c44298fc1c149afbf4c8996fb92427ae41e4649b934ca495991b7852b855	none	0
tr04-official-1/T19-G2-r3/s3-packfault-seed1/processes.json	133	2d682689e80bda8c5620f25653426df526d1fbc1117dd5af83750c779d3b7848	2d682689e80bda8c5620f25653426df526d1fbc1117dd5af83750c779d3b7848	none	0
tr04-official-1/T19-G2-r3/s3-packfault-seed1/reference-10ms-differences.json	3	37517e5f3dc66819f61f5a7bb8ace1921282415f10551d2defa5c3eb0985b570	37517e5f3dc66819f61f5a7bb8ace1921282415f10551d2defa5c3eb0985b570	none	0
tr04-official-1/T19-G2-r3/s3-packfault-seed1/static.json	23582	e7044829f42cd8ed948988f7e210c46fba3c373e811abeb984f011faf6af3e05	e7044829f42cd8ed948988f7e210c46fba3c373e811abeb984f011faf6af3e05	none	0
tr04-official-1/T19-G2-r3/s3-packfault-seed1/summary.json	12836	6f470bff28176d339b3190c52fde4c2a40edb221ff7bdf80c53bce16823e346d	65deb2ca7cc5a017e4a355ce2e1193c971aa5a917a1c648ea3950fb13d214f42	drop_tick_hashes	0
tr04-official-1/T19-G2-r3/s3-packfault-seed1/vision-stderr.log	26	f6259e2742222db4cedc0f46e1f9d79c113803494192992ee22d2e0ff6d9cc6e	f6259e2742222db4cedc0f46e1f9d79c113803494192992ee22d2e0ff6d9cc6e	none	0
tr04-official-1/T19-G2-r3/static.json	326	daef63af41215a5cea948984a92d4078df83b27b7873983343fcfb5b28b9c8c0	fa0d94d1e6c1c56fcdcde9b594b95fe16061bbe7933dd591a4608963afea956e	redact	1
tr04-official-1/T19-G2-r3/verdict.json	810	05227d368b1de61d463cefb50fd49bcd0befb2977114c1b8ebc37c5d44a40ce4	05227d368b1de61d463cefb50fd49bcd0befb2977114c1b8ebc37c5d44a40ce4	none	0
tr04-official-1/T19-G3-r1/verdict.json	147	6fdb474138144b2cfde76ce745520f9ff4ca905b26bcf272fa47a325b31f8e6a	6fdb474138144b2cfde76ce745520f9ff4ca905b26bcf272fa47a325b31f8e6a	none	0
tr04-official-1/T20-G1-r1/force.json	1532	8ee9bea5608f986d95ff3ccbc1660a1fbe2f6c8116c3f691086d4ee61b134355	7676e37d6bd36f3dcfd72350aa5588dbecf666427287372c20f35bac0a5c75f4	redact	1
tr04-official-1/T20-G1-r1/s3-normal-seed1/io_verdict.json	388	3bd89ea2cf13318447a80ea0a43d7d905efd77bf1e241a7bbd54cf2de0806aa4	3bd89ea2cf13318447a80ea0a43d7d905efd77bf1e241a7bbd54cf2de0806aa4	none	0
tr04-official-1/T20-G1-r1/s3-normal-seed1/metadata.json	5309	2f8a7e3eb920817879a4d82c84859387fb9af22eddffc9a934b1c6de2b47c4a8	0d05824cc492190529c0824601c3252f04013f71dc169979629888667c6fb6a9	redact	10
tr04-official-1/T20-G1-r1/s3-normal-seed1/plc-stderr.log	0	e3b0c44298fc1c149afbf4c8996fb92427ae41e4649b934ca495991b7852b855	e3b0c44298fc1c149afbf4c8996fb92427ae41e4649b934ca495991b7852b855	none	0
tr04-official-1/T20-G1-r1/s3-normal-seed1/processes.json	133	2d682689e80bda8c5620f25653426df526d1fbc1117dd5af83750c779d3b7848	2d682689e80bda8c5620f25653426df526d1fbc1117dd5af83750c779d3b7848	none	0
tr04-official-1/T20-G1-r1/s3-normal-seed1/reference-10ms-differences.json	3	37517e5f3dc66819f61f5a7bb8ace1921282415f10551d2defa5c3eb0985b570	37517e5f3dc66819f61f5a7bb8ace1921282415f10551d2defa5c3eb0985b570	none	0
tr04-official-1/T20-G1-r1/s3-normal-seed1/static.json	22322	1898c9fd318246516b0563a5291f6b01119dc55b6af5d210f1a1c48ef962c5ab	1898c9fd318246516b0563a5291f6b01119dc55b6af5d210f1a1c48ef962c5ab	none	0
tr04-official-1/T20-G1-r1/s3-normal-seed1/summary.json	19468	680aec67a6c5167060b53145d932e700dc6e581eb98c766faa71a737257b1ba3	55b7fea23e5a73eaa147791fb281947c0106573750423215dd9a94032d05ff42	drop_tick_hashes	0
tr04-official-1/T20-G1-r1/s3-normal-seed1/vision-stderr.log	26	f6259e2742222db4cedc0f46e1f9d79c113803494192992ee22d2e0ff6d9cc6e	f6259e2742222db4cedc0f46e1f9d79c113803494192992ee22d2e0ff6d9cc6e	none	0
tr04-official-1/T20-G1-r1/s3-normal-seed2/io_verdict.json	388	195ea2052fd822b21b2970666a8fa1d8a3ce2e3a88cc31065862bd6a7419ea9e	195ea2052fd822b21b2970666a8fa1d8a3ce2e3a88cc31065862bd6a7419ea9e	none	0
tr04-official-1/T20-G1-r1/s3-normal-seed2/metadata.json	5309	9b1785ddda1b207fe989dc7ba40dcb3e381d837e37c53ed4a8c298f6255f95f2	0ef981c0580a8e08dd2bee9722b7d6c227da85967aa17a1cd46179df9da2e831	redact	10
tr04-official-1/T20-G1-r1/s3-normal-seed2/plc-stderr.log	0	e3b0c44298fc1c149afbf4c8996fb92427ae41e4649b934ca495991b7852b855	e3b0c44298fc1c149afbf4c8996fb92427ae41e4649b934ca495991b7852b855	none	0
tr04-official-1/T20-G1-r1/s3-normal-seed2/processes.json	133	2d682689e80bda8c5620f25653426df526d1fbc1117dd5af83750c779d3b7848	2d682689e80bda8c5620f25653426df526d1fbc1117dd5af83750c779d3b7848	none	0
tr04-official-1/T20-G1-r1/s3-normal-seed2/reference-10ms-differences.json	3	37517e5f3dc66819f61f5a7bb8ace1921282415f10551d2defa5c3eb0985b570	37517e5f3dc66819f61f5a7bb8ace1921282415f10551d2defa5c3eb0985b570	none	0
tr04-official-1/T20-G1-r1/s3-normal-seed2/static.json	22322	1898c9fd318246516b0563a5291f6b01119dc55b6af5d210f1a1c48ef962c5ab	1898c9fd318246516b0563a5291f6b01119dc55b6af5d210f1a1c48ef962c5ab	none	0
tr04-official-1/T20-G1-r1/s3-normal-seed2/summary.json	19460	45f36b763cf22cf465e602d778bd4c944bd4a7329de42322eea5174f86ca631f	40fa0349bede5ac6c7db74e6e29e902e34503aef39b259e02b3a9e9117cd61e9	drop_tick_hashes	0
tr04-official-1/T20-G1-r1/s3-normal-seed2/vision-stderr.log	26	f6259e2742222db4cedc0f46e1f9d79c113803494192992ee22d2e0ff6d9cc6e	f6259e2742222db4cedc0f46e1f9d79c113803494192992ee22d2e0ff6d9cc6e	none	0
tr04-official-1/T20-G1-r1/s3-normal-seed3/io_verdict.json	388	5b928ff5e26696fbe37b18eb9640ab902afa583d856b3abc0055e6e6e00db372	5b928ff5e26696fbe37b18eb9640ab902afa583d856b3abc0055e6e6e00db372	none	0
tr04-official-1/T20-G1-r1/s3-normal-seed3/metadata.json	5309	9fe4d71eac5ef4393ef4c58ebf2cb84c45638350b8f0cea8cd4097932603d63e	0177227ceb784d023303f07d8bfd2422ef104a86a92c0d9cd87af07ce4304ae4	redact	10
tr04-official-1/T20-G1-r1/s3-normal-seed3/plc-stderr.log	0	e3b0c44298fc1c149afbf4c8996fb92427ae41e4649b934ca495991b7852b855	e3b0c44298fc1c149afbf4c8996fb92427ae41e4649b934ca495991b7852b855	none	0
tr04-official-1/T20-G1-r1/s3-normal-seed3/processes.json	133	2d682689e80bda8c5620f25653426df526d1fbc1117dd5af83750c779d3b7848	2d682689e80bda8c5620f25653426df526d1fbc1117dd5af83750c779d3b7848	none	0
tr04-official-1/T20-G1-r1/s3-normal-seed3/reference-10ms-differences.json	3	37517e5f3dc66819f61f5a7bb8ace1921282415f10551d2defa5c3eb0985b570	37517e5f3dc66819f61f5a7bb8ace1921282415f10551d2defa5c3eb0985b570	none	0
tr04-official-1/T20-G1-r1/s3-normal-seed3/static.json	22322	1898c9fd318246516b0563a5291f6b01119dc55b6af5d210f1a1c48ef962c5ab	1898c9fd318246516b0563a5291f6b01119dc55b6af5d210f1a1c48ef962c5ab	none	0
tr04-official-1/T20-G1-r1/s3-normal-seed3/summary.json	19459	d0031a706d928cee1de8beb11d71e95bd00ea543ac7e7d3e42085a6d4d3626c8	9fb057d36c3af71146a09f3c15ae3abc325795bb44a79e12c98518e851b9c811	drop_tick_hashes	0
tr04-official-1/T20-G1-r1/s3-normal-seed3/vision-stderr.log	26	f6259e2742222db4cedc0f46e1f9d79c113803494192992ee22d2e0ff6d9cc6e	f6259e2742222db4cedc0f46e1f9d79c113803494192992ee22d2e0ff6d9cc6e	none	0
tr04-official-1/T20-G1-r1/s3-packfault-seed1/io_verdict.json	665	2438891a9a98d4a9c5cbbc9250057e24e7c79b428b112cf9ccb8d3e3b30361f8	2438891a9a98d4a9c5cbbc9250057e24e7c79b428b112cf9ccb8d3e3b30361f8	none	0
tr04-official-1/T20-G1-r1/s3-packfault-seed1/metadata.json	5312	953a92bc9952b4ca0800f7e13cd0c934459e5e86d2c8d8cd0d19b362d7bd341f	726a1e665d4e4e767f5fdeac101ef5a3080676c2bfd15452038b8cf04f2bd1d0	redact	10
tr04-official-1/T20-G1-r1/s3-packfault-seed1/plc-stderr.log	0	e3b0c44298fc1c149afbf4c8996fb92427ae41e4649b934ca495991b7852b855	e3b0c44298fc1c149afbf4c8996fb92427ae41e4649b934ca495991b7852b855	none	0
tr04-official-1/T20-G1-r1/s3-packfault-seed1/processes.json	133	2d682689e80bda8c5620f25653426df526d1fbc1117dd5af83750c779d3b7848	2d682689e80bda8c5620f25653426df526d1fbc1117dd5af83750c779d3b7848	none	0
tr04-official-1/T20-G1-r1/s3-packfault-seed1/reference-10ms-differences.json	3	37517e5f3dc66819f61f5a7bb8ace1921282415f10551d2defa5c3eb0985b570	37517e5f3dc66819f61f5a7bb8ace1921282415f10551d2defa5c3eb0985b570	none	0
tr04-official-1/T20-G1-r1/s3-packfault-seed1/static.json	22322	1898c9fd318246516b0563a5291f6b01119dc55b6af5d210f1a1c48ef962c5ab	1898c9fd318246516b0563a5291f6b01119dc55b6af5d210f1a1c48ef962c5ab	none	0
tr04-official-1/T20-G1-r1/s3-packfault-seed1/summary.json	12836	6c09ce96f01edbe2a1021846c252032139e6d660483891b8959816c5800295f3	6a9f369d5ca6893df8f409d5216664a379fc0aedde224505a94662a31cc57e8c	drop_tick_hashes	0
tr04-official-1/T20-G1-r1/s3-packfault-seed1/vision-stderr.log	26	f6259e2742222db4cedc0f46e1f9d79c113803494192992ee22d2e0ff6d9cc6e	f6259e2742222db4cedc0f46e1f9d79c113803494192992ee22d2e0ff6d9cc6e	none	0
tr04-official-1/T20-G1-r1/static.json	326	bf85e6ee1b1f61b4d39cbe6f629780be776abf77e0705af06f95afc826938ed2	e131bc60619202c75dfd2dce1e7f8b7485e4643ee5fcf2f8d78e8f9ce36e926d	redact	1
tr04-official-1/T20-G1-r1/verdict.json	810	aa7652f6bdcbc56299b05fb71dde0ed4cb71e06296a7919ff5a017cf642f967e	aa7652f6bdcbc56299b05fb71dde0ed4cb71e06296a7919ff5a017cf642f967e	none	0
tr04-official-1/T20-G1-r2/force.json	1532	02868df7d14e99607f08f092cd6d8e95103372496597ee16896457170333bb64	021fb33caf19f6c51a8cb25433ab593e8e8a66a7482f72009f11de94e115c976	redact	1
tr04-official-1/T20-G1-r2/s3-normal-seed1/io_verdict.json	388	3bd89ea2cf13318447a80ea0a43d7d905efd77bf1e241a7bbd54cf2de0806aa4	3bd89ea2cf13318447a80ea0a43d7d905efd77bf1e241a7bbd54cf2de0806aa4	none	0
tr04-official-1/T20-G1-r2/s3-normal-seed1/metadata.json	5309	3de4278ec8f8117ab7a2e518e1b0d0881ac66120c3790d0c4167cebb9b3341a5	fd56b7823efd4aef850100916a4cf852ca662e5be69bad67ac9a58f9a3634192	redact	10
tr04-official-1/T20-G1-r2/s3-normal-seed1/plc-stderr.log	0	e3b0c44298fc1c149afbf4c8996fb92427ae41e4649b934ca495991b7852b855	e3b0c44298fc1c149afbf4c8996fb92427ae41e4649b934ca495991b7852b855	none	0
tr04-official-1/T20-G1-r2/s3-normal-seed1/processes.json	133	2d682689e80bda8c5620f25653426df526d1fbc1117dd5af83750c779d3b7848	2d682689e80bda8c5620f25653426df526d1fbc1117dd5af83750c779d3b7848	none	0
tr04-official-1/T20-G1-r2/s3-normal-seed1/reference-10ms-differences.json	3	37517e5f3dc66819f61f5a7bb8ace1921282415f10551d2defa5c3eb0985b570	37517e5f3dc66819f61f5a7bb8ace1921282415f10551d2defa5c3eb0985b570	none	0
tr04-official-1/T20-G1-r2/s3-normal-seed1/static.json	22322	1898c9fd318246516b0563a5291f6b01119dc55b6af5d210f1a1c48ef962c5ab	1898c9fd318246516b0563a5291f6b01119dc55b6af5d210f1a1c48ef962c5ab	none	0
tr04-official-1/T20-G1-r2/s3-normal-seed1/summary.json	19468	4cf86dd511f0cea23fe4a6f27b3954db7f28c37856ef34a7022be2fd8afd786b	3d875c9f40a22efdfe961498ef01cc3dd93d9e6d0ad82480dba558b5603508bf	drop_tick_hashes	0
tr04-official-1/T20-G1-r2/s3-normal-seed1/vision-stderr.log	26	f6259e2742222db4cedc0f46e1f9d79c113803494192992ee22d2e0ff6d9cc6e	f6259e2742222db4cedc0f46e1f9d79c113803494192992ee22d2e0ff6d9cc6e	none	0
tr04-official-1/T20-G1-r2/s3-normal-seed2/io_verdict.json	388	195ea2052fd822b21b2970666a8fa1d8a3ce2e3a88cc31065862bd6a7419ea9e	195ea2052fd822b21b2970666a8fa1d8a3ce2e3a88cc31065862bd6a7419ea9e	none	0
tr04-official-1/T20-G1-r2/s3-normal-seed2/metadata.json	5309	a5a565e43953a95ebfc2074ea97bf3830061004786b72a1e52303f76b6124446	80f90693aa79a13548ce8bc8d1e09bc1021c7d06101674012244e62d5d3a49f5	redact	10
tr04-official-1/T20-G1-r2/s3-normal-seed2/plc-stderr.log	0	e3b0c44298fc1c149afbf4c8996fb92427ae41e4649b934ca495991b7852b855	e3b0c44298fc1c149afbf4c8996fb92427ae41e4649b934ca495991b7852b855	none	0
tr04-official-1/T20-G1-r2/s3-normal-seed2/processes.json	133	2d682689e80bda8c5620f25653426df526d1fbc1117dd5af83750c779d3b7848	2d682689e80bda8c5620f25653426df526d1fbc1117dd5af83750c779d3b7848	none	0
tr04-official-1/T20-G1-r2/s3-normal-seed2/reference-10ms-differences.json	3	37517e5f3dc66819f61f5a7bb8ace1921282415f10551d2defa5c3eb0985b570	37517e5f3dc66819f61f5a7bb8ace1921282415f10551d2defa5c3eb0985b570	none	0
tr04-official-1/T20-G1-r2/s3-normal-seed2/static.json	22322	1898c9fd318246516b0563a5291f6b01119dc55b6af5d210f1a1c48ef962c5ab	1898c9fd318246516b0563a5291f6b01119dc55b6af5d210f1a1c48ef962c5ab	none	0
tr04-official-1/T20-G1-r2/s3-normal-seed2/summary.json	19460	7f1d4461f900306be328ae12fd47a7b4ebdd0499a9b3b6cba497234334509aca	c5f56a8265e973d150e0577f4b14eb811b61da3008825f5f0751bc4475b16cc7	drop_tick_hashes	0
tr04-official-1/T20-G1-r2/s3-normal-seed2/vision-stderr.log	26	f6259e2742222db4cedc0f46e1f9d79c113803494192992ee22d2e0ff6d9cc6e	f6259e2742222db4cedc0f46e1f9d79c113803494192992ee22d2e0ff6d9cc6e	none	0
tr04-official-1/T20-G1-r2/s3-normal-seed3/io_verdict.json	388	5b928ff5e26696fbe37b18eb9640ab902afa583d856b3abc0055e6e6e00db372	5b928ff5e26696fbe37b18eb9640ab902afa583d856b3abc0055e6e6e00db372	none	0
tr04-official-1/T20-G1-r2/s3-normal-seed3/metadata.json	5309	44e91d72e368ba9ecbbdac80a2bd348df3ad5e029f1d52edee1d80df882c9cdb	ec50a6750f4fbc74377bed484f467e95b2a8d47271b28cfe7af2050cba458c5f	redact	10
tr04-official-1/T20-G1-r2/s3-normal-seed3/plc-stderr.log	0	e3b0c44298fc1c149afbf4c8996fb92427ae41e4649b934ca495991b7852b855	e3b0c44298fc1c149afbf4c8996fb92427ae41e4649b934ca495991b7852b855	none	0
tr04-official-1/T20-G1-r2/s3-normal-seed3/processes.json	133	2d682689e80bda8c5620f25653426df526d1fbc1117dd5af83750c779d3b7848	2d682689e80bda8c5620f25653426df526d1fbc1117dd5af83750c779d3b7848	none	0
tr04-official-1/T20-G1-r2/s3-normal-seed3/reference-10ms-differences.json	3	37517e5f3dc66819f61f5a7bb8ace1921282415f10551d2defa5c3eb0985b570	37517e5f3dc66819f61f5a7bb8ace1921282415f10551d2defa5c3eb0985b570	none	0
tr04-official-1/T20-G1-r2/s3-normal-seed3/static.json	22322	1898c9fd318246516b0563a5291f6b01119dc55b6af5d210f1a1c48ef962c5ab	1898c9fd318246516b0563a5291f6b01119dc55b6af5d210f1a1c48ef962c5ab	none	0
tr04-official-1/T20-G1-r2/s3-normal-seed3/summary.json	19459	965f62dc2e0508ec7463034df50985e5145adf496c893bbdc48bcdbb7ddb2583	65b4ab19192e69d04574519ecea640b026fac3bd92d5f1dc64d1207652d66038	drop_tick_hashes	0
tr04-official-1/T20-G1-r2/s3-normal-seed3/vision-stderr.log	26	f6259e2742222db4cedc0f46e1f9d79c113803494192992ee22d2e0ff6d9cc6e	f6259e2742222db4cedc0f46e1f9d79c113803494192992ee22d2e0ff6d9cc6e	none	0
tr04-official-1/T20-G1-r2/s3-packfault-seed1/io_verdict.json	665	2438891a9a98d4a9c5cbbc9250057e24e7c79b428b112cf9ccb8d3e3b30361f8	2438891a9a98d4a9c5cbbc9250057e24e7c79b428b112cf9ccb8d3e3b30361f8	none	0
tr04-official-1/T20-G1-r2/s3-packfault-seed1/metadata.json	5312	afd1223820f7adac7dd86dc1139aaab9d55a512d3023f20978c902ec81f70b1c	16c5b4cc8d77f6051fdd8220bc8fc7958f4cf46c49b3603285515f959d24ed15	redact	10
tr04-official-1/T20-G1-r2/s3-packfault-seed1/plc-stderr.log	0	e3b0c44298fc1c149afbf4c8996fb92427ae41e4649b934ca495991b7852b855	e3b0c44298fc1c149afbf4c8996fb92427ae41e4649b934ca495991b7852b855	none	0
tr04-official-1/T20-G1-r2/s3-packfault-seed1/processes.json	133	2d682689e80bda8c5620f25653426df526d1fbc1117dd5af83750c779d3b7848	2d682689e80bda8c5620f25653426df526d1fbc1117dd5af83750c779d3b7848	none	0
tr04-official-1/T20-G1-r2/s3-packfault-seed1/reference-10ms-differences.json	3	37517e5f3dc66819f61f5a7bb8ace1921282415f10551d2defa5c3eb0985b570	37517e5f3dc66819f61f5a7bb8ace1921282415f10551d2defa5c3eb0985b570	none	0
tr04-official-1/T20-G1-r2/s3-packfault-seed1/static.json	22322	1898c9fd318246516b0563a5291f6b01119dc55b6af5d210f1a1c48ef962c5ab	1898c9fd318246516b0563a5291f6b01119dc55b6af5d210f1a1c48ef962c5ab	none	0
tr04-official-1/T20-G1-r2/s3-packfault-seed1/summary.json	12836	0cd70bf7ab4907070a19a3c79bc640e82d761ec83f704bd878b56b0b59f75972	1c099710aee9a7d62a12ecf6ca44a8ad15b6706190fa66ca0b02a85c819b028a	drop_tick_hashes	0
tr04-official-1/T20-G1-r2/s3-packfault-seed1/vision-stderr.log	26	f6259e2742222db4cedc0f46e1f9d79c113803494192992ee22d2e0ff6d9cc6e	f6259e2742222db4cedc0f46e1f9d79c113803494192992ee22d2e0ff6d9cc6e	none	0
tr04-official-1/T20-G1-r2/static.json	326	08ab44d6634b76c56ab9a58b3630d884a0abe3461c2260b8a858fc0463a8dd76	669b9c302fecc0be6bafc1589c0522dc49469d096cd9c49ea03e39659a2d43c4	redact	1
tr04-official-1/T20-G1-r2/verdict.json	810	23ecb6977592ac69ef088996ffbe1e7c1ccab4e01452732e023d828809cf9713	23ecb6977592ac69ef088996ffbe1e7c1ccab4e01452732e023d828809cf9713	none	0
tr04-official-1/T20-G1-r3/force.json	1532	2e4a4f116d9143f69fb074076824d98cc72cc94a83c0b2fc3696e539483683f5	2f28a9274742fe8dcc182b736c38bb0d30d99000b166363a78b2e3f0fff94ef1	redact	1
tr04-official-1/T20-G1-r3/s3-normal-seed1/io_verdict.json	388	3bd89ea2cf13318447a80ea0a43d7d905efd77bf1e241a7bbd54cf2de0806aa4	3bd89ea2cf13318447a80ea0a43d7d905efd77bf1e241a7bbd54cf2de0806aa4	none	0
tr04-official-1/T20-G1-r3/s3-normal-seed1/metadata.json	5309	57031b33fc68ab0cd295e63f0b24f58a801a36fbf92eac2aa22cf02a7dae9d1a	ccad3c0f4c44339661be8089a86d863d6bbcb81bad42e086b5ac74b9931cc6fe	redact	10
tr04-official-1/T20-G1-r3/s3-normal-seed1/plc-stderr.log	0	e3b0c44298fc1c149afbf4c8996fb92427ae41e4649b934ca495991b7852b855	e3b0c44298fc1c149afbf4c8996fb92427ae41e4649b934ca495991b7852b855	none	0
tr04-official-1/T20-G1-r3/s3-normal-seed1/processes.json	133	2d682689e80bda8c5620f25653426df526d1fbc1117dd5af83750c779d3b7848	2d682689e80bda8c5620f25653426df526d1fbc1117dd5af83750c779d3b7848	none	0
tr04-official-1/T20-G1-r3/s3-normal-seed1/reference-10ms-differences.json	3	37517e5f3dc66819f61f5a7bb8ace1921282415f10551d2defa5c3eb0985b570	37517e5f3dc66819f61f5a7bb8ace1921282415f10551d2defa5c3eb0985b570	none	0
tr04-official-1/T20-G1-r3/s3-normal-seed1/static.json	22322	1898c9fd318246516b0563a5291f6b01119dc55b6af5d210f1a1c48ef962c5ab	1898c9fd318246516b0563a5291f6b01119dc55b6af5d210f1a1c48ef962c5ab	none	0
tr04-official-1/T20-G1-r3/s3-normal-seed1/summary.json	19468	ab39b679154dc13c2bfe7e491ac244980c7206f85d70f77267fd370001041ed2	55f5929c7c5c1fdc5472581088e6caaeb04b64190c078839b1e5701104340327	drop_tick_hashes	0
tr04-official-1/T20-G1-r3/s3-normal-seed1/vision-stderr.log	26	f6259e2742222db4cedc0f46e1f9d79c113803494192992ee22d2e0ff6d9cc6e	f6259e2742222db4cedc0f46e1f9d79c113803494192992ee22d2e0ff6d9cc6e	none	0
tr04-official-1/T20-G1-r3/s3-normal-seed2/io_verdict.json	388	195ea2052fd822b21b2970666a8fa1d8a3ce2e3a88cc31065862bd6a7419ea9e	195ea2052fd822b21b2970666a8fa1d8a3ce2e3a88cc31065862bd6a7419ea9e	none	0
tr04-official-1/T20-G1-r3/s3-normal-seed2/metadata.json	5309	6b52edf999d053935a4b848935de07ef10ca73bb1014eb763cbfa657ac9f41a4	22f82ae9f9c0aef4b53da14cf5e0cfca2da78a7f832c9f5738af1a58933356f2	redact	10
tr04-official-1/T20-G1-r3/s3-normal-seed2/plc-stderr.log	0	e3b0c44298fc1c149afbf4c8996fb92427ae41e4649b934ca495991b7852b855	e3b0c44298fc1c149afbf4c8996fb92427ae41e4649b934ca495991b7852b855	none	0
tr04-official-1/T20-G1-r3/s3-normal-seed2/processes.json	133	2d682689e80bda8c5620f25653426df526d1fbc1117dd5af83750c779d3b7848	2d682689e80bda8c5620f25653426df526d1fbc1117dd5af83750c779d3b7848	none	0
tr04-official-1/T20-G1-r3/s3-normal-seed2/reference-10ms-differences.json	3	37517e5f3dc66819f61f5a7bb8ace1921282415f10551d2defa5c3eb0985b570	37517e5f3dc66819f61f5a7bb8ace1921282415f10551d2defa5c3eb0985b570	none	0
tr04-official-1/T20-G1-r3/s3-normal-seed2/static.json	22322	1898c9fd318246516b0563a5291f6b01119dc55b6af5d210f1a1c48ef962c5ab	1898c9fd318246516b0563a5291f6b01119dc55b6af5d210f1a1c48ef962c5ab	none	0
tr04-official-1/T20-G1-r3/s3-normal-seed2/summary.json	19460	e870685d1dc94e20ea2fb50226dcbe98bbf4f51c371f4bdf092227183680afc8	29cd44b59bbb45df718fe1fe31902140d68d9d3f04c21fc47e621aa2debd88cf	drop_tick_hashes	0
tr04-official-1/T20-G1-r3/s3-normal-seed2/vision-stderr.log	26	f6259e2742222db4cedc0f46e1f9d79c113803494192992ee22d2e0ff6d9cc6e	f6259e2742222db4cedc0f46e1f9d79c113803494192992ee22d2e0ff6d9cc6e	none	0
tr04-official-1/T20-G1-r3/s3-normal-seed3/io_verdict.json	388	5b928ff5e26696fbe37b18eb9640ab902afa583d856b3abc0055e6e6e00db372	5b928ff5e26696fbe37b18eb9640ab902afa583d856b3abc0055e6e6e00db372	none	0
tr04-official-1/T20-G1-r3/s3-normal-seed3/metadata.json	5309	b0f711254ad906c156ad19ee3818f85e83c4eb8b5ae0916459707260ab025d9d	97261b0e9eb506ba20086fbad16dcac8220581427ce28e45352f00399515fba3	redact	10
tr04-official-1/T20-G1-r3/s3-normal-seed3/plc-stderr.log	0	e3b0c44298fc1c149afbf4c8996fb92427ae41e4649b934ca495991b7852b855	e3b0c44298fc1c149afbf4c8996fb92427ae41e4649b934ca495991b7852b855	none	0
tr04-official-1/T20-G1-r3/s3-normal-seed3/processes.json	133	2d682689e80bda8c5620f25653426df526d1fbc1117dd5af83750c779d3b7848	2d682689e80bda8c5620f25653426df526d1fbc1117dd5af83750c779d3b7848	none	0
tr04-official-1/T20-G1-r3/s3-normal-seed3/reference-10ms-differences.json	3	37517e5f3dc66819f61f5a7bb8ace1921282415f10551d2defa5c3eb0985b570	37517e5f3dc66819f61f5a7bb8ace1921282415f10551d2defa5c3eb0985b570	none	0
tr04-official-1/T20-G1-r3/s3-normal-seed3/static.json	22322	1898c9fd318246516b0563a5291f6b01119dc55b6af5d210f1a1c48ef962c5ab	1898c9fd318246516b0563a5291f6b01119dc55b6af5d210f1a1c48ef962c5ab	none	0
tr04-official-1/T20-G1-r3/s3-normal-seed3/summary.json	19459	486e668c426c8d618e999a73afeb6cf2b038725a79f146b65de7b4254da27ddd	0c0ba12d03371c9e02009fe7ab9458aaf1234ef7778e77d37f7ff606dabc2454	drop_tick_hashes	0
tr04-official-1/T20-G1-r3/s3-normal-seed3/vision-stderr.log	26	f6259e2742222db4cedc0f46e1f9d79c113803494192992ee22d2e0ff6d9cc6e	f6259e2742222db4cedc0f46e1f9d79c113803494192992ee22d2e0ff6d9cc6e	none	0
tr04-official-1/T20-G1-r3/s3-packfault-seed1/io_verdict.json	665	2438891a9a98d4a9c5cbbc9250057e24e7c79b428b112cf9ccb8d3e3b30361f8	2438891a9a98d4a9c5cbbc9250057e24e7c79b428b112cf9ccb8d3e3b30361f8	none	0
tr04-official-1/T20-G1-r3/s3-packfault-seed1/metadata.json	5312	33efa7ae94aa1ba7652026a847ebd0b2b7d0058483f2d3fcafa59cd17da123d6	84d5ff9f1398cd6a96b5f9c860977e7ea52ba4f1da6bf149d8506c486570ade2	redact	10
tr04-official-1/T20-G1-r3/s3-packfault-seed1/plc-stderr.log	0	e3b0c44298fc1c149afbf4c8996fb92427ae41e4649b934ca495991b7852b855	e3b0c44298fc1c149afbf4c8996fb92427ae41e4649b934ca495991b7852b855	none	0
tr04-official-1/T20-G1-r3/s3-packfault-seed1/processes.json	133	2d682689e80bda8c5620f25653426df526d1fbc1117dd5af83750c779d3b7848	2d682689e80bda8c5620f25653426df526d1fbc1117dd5af83750c779d3b7848	none	0
tr04-official-1/T20-G1-r3/s3-packfault-seed1/reference-10ms-differences.json	3	37517e5f3dc66819f61f5a7bb8ace1921282415f10551d2defa5c3eb0985b570	37517e5f3dc66819f61f5a7bb8ace1921282415f10551d2defa5c3eb0985b570	none	0
tr04-official-1/T20-G1-r3/s3-packfault-seed1/static.json	22322	1898c9fd318246516b0563a5291f6b01119dc55b6af5d210f1a1c48ef962c5ab	1898c9fd318246516b0563a5291f6b01119dc55b6af5d210f1a1c48ef962c5ab	none	0
tr04-official-1/T20-G1-r3/s3-packfault-seed1/summary.json	12836	ba8c705d803ba2d1fe7d9bb495d40d882171fcb69a40ab64279500ea58e4dec7	1ec6a6a482f89e4e186b9cff3fcef4f81c8b30507e0ec27a77eacad7c924b5ac	drop_tick_hashes	0
tr04-official-1/T20-G1-r3/s3-packfault-seed1/vision-stderr.log	26	f6259e2742222db4cedc0f46e1f9d79c113803494192992ee22d2e0ff6d9cc6e	f6259e2742222db4cedc0f46e1f9d79c113803494192992ee22d2e0ff6d9cc6e	none	0
tr04-official-1/T20-G1-r3/static.json	326	975b187a0a9d85f421fd8e76cd857fdea3761f284aa499ec7462a02d0a87c34f	149d231b5bae239591b0afccb6945758a624fbc31847b3fa169603c721b86602	redact	1
tr04-official-1/T20-G1-r3/verdict.json	810	6d5745e1e4845a98c55853ad54737ed66c5ce9cf0a150b7dc1d64a809228e5a6	6d5745e1e4845a98c55853ad54737ed66c5ce9cf0a150b7dc1d64a809228e5a6	none	0
tr04-official-1/T20-G2-r1/force.json	1532	4e348003df99bfcd1378a0cc5c16f0d6de17729bd429b6978b34726801aa10c3	5f907ead3ff7190dba873ee8b5a8f7f4c7fdbc6baf492a4bb594564a0f2df876	redact	1
tr04-official-1/T20-G2-r1/s3-normal-seed1/io_verdict.json	388	3bd89ea2cf13318447a80ea0a43d7d905efd77bf1e241a7bbd54cf2de0806aa4	3bd89ea2cf13318447a80ea0a43d7d905efd77bf1e241a7bbd54cf2de0806aa4	none	0
tr04-official-1/T20-G2-r1/s3-normal-seed1/metadata.json	5309	75431516069ad0fd9e96ee45992d149d3cd47011172949aa65cf5161e4c42fe3	97fd9119421f1f5993c6e455cf1aacfe5f4125d6d5c4f307a331deae8b72ce6f	redact	10
tr04-official-1/T20-G2-r1/s3-normal-seed1/plc-stderr.log	0	e3b0c44298fc1c149afbf4c8996fb92427ae41e4649b934ca495991b7852b855	e3b0c44298fc1c149afbf4c8996fb92427ae41e4649b934ca495991b7852b855	none	0
tr04-official-1/T20-G2-r1/s3-normal-seed1/processes.json	133	2d682689e80bda8c5620f25653426df526d1fbc1117dd5af83750c779d3b7848	2d682689e80bda8c5620f25653426df526d1fbc1117dd5af83750c779d3b7848	none	0
tr04-official-1/T20-G2-r1/s3-normal-seed1/reference-10ms-differences.json	3	37517e5f3dc66819f61f5a7bb8ace1921282415f10551d2defa5c3eb0985b570	37517e5f3dc66819f61f5a7bb8ace1921282415f10551d2defa5c3eb0985b570	none	0
tr04-official-1/T20-G2-r1/s3-normal-seed1/static.json	22322	1898c9fd318246516b0563a5291f6b01119dc55b6af5d210f1a1c48ef962c5ab	1898c9fd318246516b0563a5291f6b01119dc55b6af5d210f1a1c48ef962c5ab	none	0
tr04-official-1/T20-G2-r1/s3-normal-seed1/summary.json	19468	49c1f40c4b869debf7ffc49b78374ec64f70f592072e936c5634993893be0185	2f6f3dcb60a12d041e0c9429e7b4922fa0ab6ec41fd7f33ad4bb70c99157ed31	drop_tick_hashes	0
tr04-official-1/T20-G2-r1/s3-normal-seed1/vision-stderr.log	26	f6259e2742222db4cedc0f46e1f9d79c113803494192992ee22d2e0ff6d9cc6e	f6259e2742222db4cedc0f46e1f9d79c113803494192992ee22d2e0ff6d9cc6e	none	0
tr04-official-1/T20-G2-r1/s3-normal-seed2/io_verdict.json	388	195ea2052fd822b21b2970666a8fa1d8a3ce2e3a88cc31065862bd6a7419ea9e	195ea2052fd822b21b2970666a8fa1d8a3ce2e3a88cc31065862bd6a7419ea9e	none	0
tr04-official-1/T20-G2-r1/s3-normal-seed2/metadata.json	5309	be567b19ad7d864f20e3778da5564016b114e455e00f0f2f9d42eb5e33d9706d	10dc5f74af1dde9ed5202192f94516e80c35686c5b6f7fa6f3f432917bbee690	redact	10
tr04-official-1/T20-G2-r1/s3-normal-seed2/plc-stderr.log	0	e3b0c44298fc1c149afbf4c8996fb92427ae41e4649b934ca495991b7852b855	e3b0c44298fc1c149afbf4c8996fb92427ae41e4649b934ca495991b7852b855	none	0
tr04-official-1/T20-G2-r1/s3-normal-seed2/processes.json	133	2d682689e80bda8c5620f25653426df526d1fbc1117dd5af83750c779d3b7848	2d682689e80bda8c5620f25653426df526d1fbc1117dd5af83750c779d3b7848	none	0
tr04-official-1/T20-G2-r1/s3-normal-seed2/reference-10ms-differences.json	3	37517e5f3dc66819f61f5a7bb8ace1921282415f10551d2defa5c3eb0985b570	37517e5f3dc66819f61f5a7bb8ace1921282415f10551d2defa5c3eb0985b570	none	0
tr04-official-1/T20-G2-r1/s3-normal-seed2/static.json	22322	1898c9fd318246516b0563a5291f6b01119dc55b6af5d210f1a1c48ef962c5ab	1898c9fd318246516b0563a5291f6b01119dc55b6af5d210f1a1c48ef962c5ab	none	0
tr04-official-1/T20-G2-r1/s3-normal-seed2/summary.json	19460	c440d2423b6923eef8d8fa914427f2b44ce8d71270d41d89d2ddf98d8cd7f3a2	b428bedc1ceb2a388132ea4cb055c61b457be0e767b634db47dcb2669ab85300	drop_tick_hashes	0
tr04-official-1/T20-G2-r1/s3-normal-seed2/vision-stderr.log	26	f6259e2742222db4cedc0f46e1f9d79c113803494192992ee22d2e0ff6d9cc6e	f6259e2742222db4cedc0f46e1f9d79c113803494192992ee22d2e0ff6d9cc6e	none	0
tr04-official-1/T20-G2-r1/s3-normal-seed3/io_verdict.json	388	5b928ff5e26696fbe37b18eb9640ab902afa583d856b3abc0055e6e6e00db372	5b928ff5e26696fbe37b18eb9640ab902afa583d856b3abc0055e6e6e00db372	none	0
tr04-official-1/T20-G2-r1/s3-normal-seed3/metadata.json	5309	c811cfedfa3e93b6d3ded4a28efbefeabbc17ac40b320dfd416abcb4563296ab	cb009132ec6e87d4de2a41127204801636f3739485105f76b1c9c86bfcf1382d	redact	10
tr04-official-1/T20-G2-r1/s3-normal-seed3/plc-stderr.log	0	e3b0c44298fc1c149afbf4c8996fb92427ae41e4649b934ca495991b7852b855	e3b0c44298fc1c149afbf4c8996fb92427ae41e4649b934ca495991b7852b855	none	0
tr04-official-1/T20-G2-r1/s3-normal-seed3/processes.json	133	2d682689e80bda8c5620f25653426df526d1fbc1117dd5af83750c779d3b7848	2d682689e80bda8c5620f25653426df526d1fbc1117dd5af83750c779d3b7848	none	0
tr04-official-1/T20-G2-r1/s3-normal-seed3/reference-10ms-differences.json	3	37517e5f3dc66819f61f5a7bb8ace1921282415f10551d2defa5c3eb0985b570	37517e5f3dc66819f61f5a7bb8ace1921282415f10551d2defa5c3eb0985b570	none	0
tr04-official-1/T20-G2-r1/s3-normal-seed3/static.json	22322	1898c9fd318246516b0563a5291f6b01119dc55b6af5d210f1a1c48ef962c5ab	1898c9fd318246516b0563a5291f6b01119dc55b6af5d210f1a1c48ef962c5ab	none	0
tr04-official-1/T20-G2-r1/s3-normal-seed3/summary.json	19459	bff1f40bb000753cb4a8a1dbc952a6600e66824d9a4ff0d73564bc44a061bf2d	c6a4d2db3dfaa09c0e2edca5597c8fcb5be0ba4ecbb7b86520e02f7327495be5	drop_tick_hashes	0
tr04-official-1/T20-G2-r1/s3-normal-seed3/vision-stderr.log	26	f6259e2742222db4cedc0f46e1f9d79c113803494192992ee22d2e0ff6d9cc6e	f6259e2742222db4cedc0f46e1f9d79c113803494192992ee22d2e0ff6d9cc6e	none	0
tr04-official-1/T20-G2-r1/s3-packfault-seed1/io_verdict.json	665	2438891a9a98d4a9c5cbbc9250057e24e7c79b428b112cf9ccb8d3e3b30361f8	2438891a9a98d4a9c5cbbc9250057e24e7c79b428b112cf9ccb8d3e3b30361f8	none	0
tr04-official-1/T20-G2-r1/s3-packfault-seed1/metadata.json	5312	da61c247e265bd765a99f745216d4799f696f75c3016d0d7b6adfecde663ee00	45bd756f132526ebe8bed54f185b02f8b76d7ca1c873937d3c1fc579ca9fd7e3	redact	10
tr04-official-1/T20-G2-r1/s3-packfault-seed1/plc-stderr.log	0	e3b0c44298fc1c149afbf4c8996fb92427ae41e4649b934ca495991b7852b855	e3b0c44298fc1c149afbf4c8996fb92427ae41e4649b934ca495991b7852b855	none	0
tr04-official-1/T20-G2-r1/s3-packfault-seed1/processes.json	133	2d682689e80bda8c5620f25653426df526d1fbc1117dd5af83750c779d3b7848	2d682689e80bda8c5620f25653426df526d1fbc1117dd5af83750c779d3b7848	none	0
tr04-official-1/T20-G2-r1/s3-packfault-seed1/reference-10ms-differences.json	3	37517e5f3dc66819f61f5a7bb8ace1921282415f10551d2defa5c3eb0985b570	37517e5f3dc66819f61f5a7bb8ace1921282415f10551d2defa5c3eb0985b570	none	0
tr04-official-1/T20-G2-r1/s3-packfault-seed1/static.json	22322	1898c9fd318246516b0563a5291f6b01119dc55b6af5d210f1a1c48ef962c5ab	1898c9fd318246516b0563a5291f6b01119dc55b6af5d210f1a1c48ef962c5ab	none	0
tr04-official-1/T20-G2-r1/s3-packfault-seed1/summary.json	12836	c3964ec44f01b86182d0154361a53a40483ef14b8dd60ebacb8fa41f6fd32440	29f086c358a467feccfcc690b243c902651224ecc34d42e0f810130b94343223	drop_tick_hashes	0
tr04-official-1/T20-G2-r1/s3-packfault-seed1/vision-stderr.log	26	f6259e2742222db4cedc0f46e1f9d79c113803494192992ee22d2e0ff6d9cc6e	f6259e2742222db4cedc0f46e1f9d79c113803494192992ee22d2e0ff6d9cc6e	none	0
tr04-official-1/T20-G2-r1/static.json	326	240ee3bfe5c201457a80e2d59a7e2f2fdf2e30d9d3d622bc4f05bb8c398b3c70	69284bfb8055ff5ebaaf667aec4545ffca850d7bd5ea8acf1cef630f41244e39	redact	1
tr04-official-1/T20-G2-r1/verdict.json	810	79e89cae61cbf2afbbffecf63c6cc2e3e0f07dbf5fdf03d74c8e7097964f2a12	79e89cae61cbf2afbbffecf63c6cc2e3e0f07dbf5fdf03d74c8e7097964f2a12	none	0
tr04-official-1/T20-G2-r2/force.json	1532	14de94c7be2aecd139b7fa1be4710a9ff0b5ef7a5ec68d3c811774ea30ca0cae	a11577313dd2e38b838ab2ed7357c75fe459a76c27c0d08becf398dd3012ee75	redact	1
tr04-official-1/T20-G2-r2/s3-normal-seed1/io_verdict.json	388	3bd89ea2cf13318447a80ea0a43d7d905efd77bf1e241a7bbd54cf2de0806aa4	3bd89ea2cf13318447a80ea0a43d7d905efd77bf1e241a7bbd54cf2de0806aa4	none	0
tr04-official-1/T20-G2-r2/s3-normal-seed1/metadata.json	5309	5ec65ab7b9fe7015f58bbef08274c9e3bd9a8957ba0e0c7aee49a6e73ffdefa5	3bc2c220589528a193d21f530ba3750ec0c39f31b1d20e72f833699b756e7008	redact	10
tr04-official-1/T20-G2-r2/s3-normal-seed1/plc-stderr.log	0	e3b0c44298fc1c149afbf4c8996fb92427ae41e4649b934ca495991b7852b855	e3b0c44298fc1c149afbf4c8996fb92427ae41e4649b934ca495991b7852b855	none	0
tr04-official-1/T20-G2-r2/s3-normal-seed1/processes.json	133	2d682689e80bda8c5620f25653426df526d1fbc1117dd5af83750c779d3b7848	2d682689e80bda8c5620f25653426df526d1fbc1117dd5af83750c779d3b7848	none	0
tr04-official-1/T20-G2-r2/s3-normal-seed1/reference-10ms-differences.json	3	37517e5f3dc66819f61f5a7bb8ace1921282415f10551d2defa5c3eb0985b570	37517e5f3dc66819f61f5a7bb8ace1921282415f10551d2defa5c3eb0985b570	none	0
tr04-official-1/T20-G2-r2/s3-normal-seed1/static.json	22322	1898c9fd318246516b0563a5291f6b01119dc55b6af5d210f1a1c48ef962c5ab	1898c9fd318246516b0563a5291f6b01119dc55b6af5d210f1a1c48ef962c5ab	none	0
tr04-official-1/T20-G2-r2/s3-normal-seed1/summary.json	19468	bc3e236d052181a9ae53b367d19f3949e0b0545cda75792b23e2cfb6bda5b392	16d580109fab0d526e502065d9638eaf3e37d8603b12fa814fd0e721a3a6b9c9	drop_tick_hashes	0
tr04-official-1/T20-G2-r2/s3-normal-seed1/vision-stderr.log	26	f6259e2742222db4cedc0f46e1f9d79c113803494192992ee22d2e0ff6d9cc6e	f6259e2742222db4cedc0f46e1f9d79c113803494192992ee22d2e0ff6d9cc6e	none	0
tr04-official-1/T20-G2-r2/s3-normal-seed2/io_verdict.json	388	195ea2052fd822b21b2970666a8fa1d8a3ce2e3a88cc31065862bd6a7419ea9e	195ea2052fd822b21b2970666a8fa1d8a3ce2e3a88cc31065862bd6a7419ea9e	none	0
tr04-official-1/T20-G2-r2/s3-normal-seed2/metadata.json	5309	29fdfaddfbbb35a737f9c730f70849373f07045c20ab32361b80d62e114a05cb	c4e2b156e63d832e3ac94429f2e8d968807279aa78fbf540a8ff5a4a76a43501	redact	10
tr04-official-1/T20-G2-r2/s3-normal-seed2/plc-stderr.log	0	e3b0c44298fc1c149afbf4c8996fb92427ae41e4649b934ca495991b7852b855	e3b0c44298fc1c149afbf4c8996fb92427ae41e4649b934ca495991b7852b855	none	0
tr04-official-1/T20-G2-r2/s3-normal-seed2/processes.json	133	2d682689e80bda8c5620f25653426df526d1fbc1117dd5af83750c779d3b7848	2d682689e80bda8c5620f25653426df526d1fbc1117dd5af83750c779d3b7848	none	0
tr04-official-1/T20-G2-r2/s3-normal-seed2/reference-10ms-differences.json	3	37517e5f3dc66819f61f5a7bb8ace1921282415f10551d2defa5c3eb0985b570	37517e5f3dc66819f61f5a7bb8ace1921282415f10551d2defa5c3eb0985b570	none	0
tr04-official-1/T20-G2-r2/s3-normal-seed2/static.json	22322	1898c9fd318246516b0563a5291f6b01119dc55b6af5d210f1a1c48ef962c5ab	1898c9fd318246516b0563a5291f6b01119dc55b6af5d210f1a1c48ef962c5ab	none	0
tr04-official-1/T20-G2-r2/s3-normal-seed2/summary.json	19460	d49deb9009f4c4434fecbd2eb94a472c16d0a24b43f793897b77d1199418585a	ddd4a3c09c93d64be09c4eb0874051e611751e53bdb025358fef5b8757b1a30a	drop_tick_hashes	0
tr04-official-1/T20-G2-r2/s3-normal-seed2/vision-stderr.log	26	f6259e2742222db4cedc0f46e1f9d79c113803494192992ee22d2e0ff6d9cc6e	f6259e2742222db4cedc0f46e1f9d79c113803494192992ee22d2e0ff6d9cc6e	none	0
tr04-official-1/T20-G2-r2/s3-normal-seed3/io_verdict.json	388	5b928ff5e26696fbe37b18eb9640ab902afa583d856b3abc0055e6e6e00db372	5b928ff5e26696fbe37b18eb9640ab902afa583d856b3abc0055e6e6e00db372	none	0
tr04-official-1/T20-G2-r2/s3-normal-seed3/metadata.json	5309	31f213e75072c7abebc41a716fc167ce363579fe06d4173d15c231748a806cad	6029c7d44f373917c4a831f77d9f14a9e44c70fe7497ffc5ff14c9c04c1f437e	redact	10
tr04-official-1/T20-G2-r2/s3-normal-seed3/plc-stderr.log	0	e3b0c44298fc1c149afbf4c8996fb92427ae41e4649b934ca495991b7852b855	e3b0c44298fc1c149afbf4c8996fb92427ae41e4649b934ca495991b7852b855	none	0
tr04-official-1/T20-G2-r2/s3-normal-seed3/processes.json	133	2d682689e80bda8c5620f25653426df526d1fbc1117dd5af83750c779d3b7848	2d682689e80bda8c5620f25653426df526d1fbc1117dd5af83750c779d3b7848	none	0
tr04-official-1/T20-G2-r2/s3-normal-seed3/reference-10ms-differences.json	3	37517e5f3dc66819f61f5a7bb8ace1921282415f10551d2defa5c3eb0985b570	37517e5f3dc66819f61f5a7bb8ace1921282415f10551d2defa5c3eb0985b570	none	0
tr04-official-1/T20-G2-r2/s3-normal-seed3/static.json	22322	1898c9fd318246516b0563a5291f6b01119dc55b6af5d210f1a1c48ef962c5ab	1898c9fd318246516b0563a5291f6b01119dc55b6af5d210f1a1c48ef962c5ab	none	0
tr04-official-1/T20-G2-r2/s3-normal-seed3/summary.json	19459	c22b2cfc34bdb298b9f36c564aec498fd030f90b6b88cf23d5d94df885e993fd	0daecf14ec3bf8ae03a2ac861e119970ccf97a934720da2088c02fad3e5f7bff	drop_tick_hashes	0
tr04-official-1/T20-G2-r2/s3-normal-seed3/vision-stderr.log	26	f6259e2742222db4cedc0f46e1f9d79c113803494192992ee22d2e0ff6d9cc6e	f6259e2742222db4cedc0f46e1f9d79c113803494192992ee22d2e0ff6d9cc6e	none	0
tr04-official-1/T20-G2-r2/s3-packfault-seed1/io_verdict.json	665	2438891a9a98d4a9c5cbbc9250057e24e7c79b428b112cf9ccb8d3e3b30361f8	2438891a9a98d4a9c5cbbc9250057e24e7c79b428b112cf9ccb8d3e3b30361f8	none	0
tr04-official-1/T20-G2-r2/s3-packfault-seed1/metadata.json	5312	db6bed736d8b7c8b34b79424cc00f5d77d2a07a9bddfcb80d072d07a132e13b4	07532997224f5dffe0b5e53172c9f2bfb0251e2d6053d194effedffb6f4de23c	redact	10
tr04-official-1/T20-G2-r2/s3-packfault-seed1/plc-stderr.log	0	e3b0c44298fc1c149afbf4c8996fb92427ae41e4649b934ca495991b7852b855	e3b0c44298fc1c149afbf4c8996fb92427ae41e4649b934ca495991b7852b855	none	0
tr04-official-1/T20-G2-r2/s3-packfault-seed1/processes.json	133	2d682689e80bda8c5620f25653426df526d1fbc1117dd5af83750c779d3b7848	2d682689e80bda8c5620f25653426df526d1fbc1117dd5af83750c779d3b7848	none	0
tr04-official-1/T20-G2-r2/s3-packfault-seed1/reference-10ms-differences.json	3	37517e5f3dc66819f61f5a7bb8ace1921282415f10551d2defa5c3eb0985b570	37517e5f3dc66819f61f5a7bb8ace1921282415f10551d2defa5c3eb0985b570	none	0
tr04-official-1/T20-G2-r2/s3-packfault-seed1/static.json	22322	1898c9fd318246516b0563a5291f6b01119dc55b6af5d210f1a1c48ef962c5ab	1898c9fd318246516b0563a5291f6b01119dc55b6af5d210f1a1c48ef962c5ab	none	0
tr04-official-1/T20-G2-r2/s3-packfault-seed1/summary.json	12836	1568e99a54859b02c4445253f86b70b02371ae97a72e098982db65e299cf02f1	f58b56618ddfc949b9117689d8b1db5bb28adbf58de6a74cfa608b16f839328c	drop_tick_hashes	0
tr04-official-1/T20-G2-r2/s3-packfault-seed1/vision-stderr.log	26	f6259e2742222db4cedc0f46e1f9d79c113803494192992ee22d2e0ff6d9cc6e	f6259e2742222db4cedc0f46e1f9d79c113803494192992ee22d2e0ff6d9cc6e	none	0
tr04-official-1/T20-G2-r2/static.json	326	0517aba3bd2ef18ae50c2263e9d50db536dbb73f34c0a3e5364798a671c74a19	c4689957ec77d9434158ff157da338c8c44e646b2f5fef97d935219e4ffc00f9	redact	1
tr04-official-1/T20-G2-r2/verdict.json	810	b51504bffe02511efd8cf29fc9e507896900e036fc5844d9e5e4543c4f68b9ff	b51504bffe02511efd8cf29fc9e507896900e036fc5844d9e5e4543c4f68b9ff	none	0
tr04-official-1/T20-G2-r3/force.json	1532	7291ec96f9c5d2388307f180416443cee4d677a7eec3afd03941c61141903bbd	edb6d49abd2f9456e2c834b04727ac230208b9b94a0e6384d3b7e2d154b48b17	redact	1
tr04-official-1/T20-G2-r3/s3-normal-seed1/io_verdict.json	388	3bd89ea2cf13318447a80ea0a43d7d905efd77bf1e241a7bbd54cf2de0806aa4	3bd89ea2cf13318447a80ea0a43d7d905efd77bf1e241a7bbd54cf2de0806aa4	none	0
tr04-official-1/T20-G2-r3/s3-normal-seed1/metadata.json	5309	bec25333b6cb78b3bbbefa49d3a373d3648ce057d844f6ae61aacc9c9d12fd30	de4f94187fff7e0eb72be520a150565932db3495593004e5142586b4e8da7541	redact	10
tr04-official-1/T20-G2-r3/s3-normal-seed1/plc-stderr.log	0	e3b0c44298fc1c149afbf4c8996fb92427ae41e4649b934ca495991b7852b855	e3b0c44298fc1c149afbf4c8996fb92427ae41e4649b934ca495991b7852b855	none	0
tr04-official-1/T20-G2-r3/s3-normal-seed1/processes.json	133	2d682689e80bda8c5620f25653426df526d1fbc1117dd5af83750c779d3b7848	2d682689e80bda8c5620f25653426df526d1fbc1117dd5af83750c779d3b7848	none	0
tr04-official-1/T20-G2-r3/s3-normal-seed1/reference-10ms-differences.json	3	37517e5f3dc66819f61f5a7bb8ace1921282415f10551d2defa5c3eb0985b570	37517e5f3dc66819f61f5a7bb8ace1921282415f10551d2defa5c3eb0985b570	none	0
tr04-official-1/T20-G2-r3/s3-normal-seed1/static.json	22322	1898c9fd318246516b0563a5291f6b01119dc55b6af5d210f1a1c48ef962c5ab	1898c9fd318246516b0563a5291f6b01119dc55b6af5d210f1a1c48ef962c5ab	none	0
tr04-official-1/T20-G2-r3/s3-normal-seed1/summary.json	19468	bc3e236d052181a9ae53b367d19f3949e0b0545cda75792b23e2cfb6bda5b392	16d580109fab0d526e502065d9638eaf3e37d8603b12fa814fd0e721a3a6b9c9	drop_tick_hashes	0
tr04-official-1/T20-G2-r3/s3-normal-seed1/vision-stderr.log	26	f6259e2742222db4cedc0f46e1f9d79c113803494192992ee22d2e0ff6d9cc6e	f6259e2742222db4cedc0f46e1f9d79c113803494192992ee22d2e0ff6d9cc6e	none	0
tr04-official-1/T20-G2-r3/s3-normal-seed2/io_verdict.json	388	195ea2052fd822b21b2970666a8fa1d8a3ce2e3a88cc31065862bd6a7419ea9e	195ea2052fd822b21b2970666a8fa1d8a3ce2e3a88cc31065862bd6a7419ea9e	none	0
tr04-official-1/T20-G2-r3/s3-normal-seed2/metadata.json	5309	d90d30dc837a3b1cded1e950e0b656b9663463e281f2d17caca36b3caa072638	5e5099b4336684dee3d04953301268a096eee28695ec72e357968b8887ce6670	redact	10
tr04-official-1/T20-G2-r3/s3-normal-seed2/plc-stderr.log	0	e3b0c44298fc1c149afbf4c8996fb92427ae41e4649b934ca495991b7852b855	e3b0c44298fc1c149afbf4c8996fb92427ae41e4649b934ca495991b7852b855	none	0
tr04-official-1/T20-G2-r3/s3-normal-seed2/processes.json	133	2d682689e80bda8c5620f25653426df526d1fbc1117dd5af83750c779d3b7848	2d682689e80bda8c5620f25653426df526d1fbc1117dd5af83750c779d3b7848	none	0
tr04-official-1/T20-G2-r3/s3-normal-seed2/reference-10ms-differences.json	3	37517e5f3dc66819f61f5a7bb8ace1921282415f10551d2defa5c3eb0985b570	37517e5f3dc66819f61f5a7bb8ace1921282415f10551d2defa5c3eb0985b570	none	0
tr04-official-1/T20-G2-r3/s3-normal-seed2/static.json	22322	1898c9fd318246516b0563a5291f6b01119dc55b6af5d210f1a1c48ef962c5ab	1898c9fd318246516b0563a5291f6b01119dc55b6af5d210f1a1c48ef962c5ab	none	0
tr04-official-1/T20-G2-r3/s3-normal-seed2/summary.json	19460	d49deb9009f4c4434fecbd2eb94a472c16d0a24b43f793897b77d1199418585a	ddd4a3c09c93d64be09c4eb0874051e611751e53bdb025358fef5b8757b1a30a	drop_tick_hashes	0
tr04-official-1/T20-G2-r3/s3-normal-seed2/vision-stderr.log	26	f6259e2742222db4cedc0f46e1f9d79c113803494192992ee22d2e0ff6d9cc6e	f6259e2742222db4cedc0f46e1f9d79c113803494192992ee22d2e0ff6d9cc6e	none	0
tr04-official-1/T20-G2-r3/s3-normal-seed3/io_verdict.json	388	5b928ff5e26696fbe37b18eb9640ab902afa583d856b3abc0055e6e6e00db372	5b928ff5e26696fbe37b18eb9640ab902afa583d856b3abc0055e6e6e00db372	none	0
tr04-official-1/T20-G2-r3/s3-normal-seed3/metadata.json	5309	40d3d6ea44433ca1915359ae76a3c9b7c072c7fd38cefb7345a264796422f454	cf69045c5d88e486cb8c8b6a71d29e4ecb719ef217e2fe1dd13efc522eb0fbcf	redact	10
tr04-official-1/T20-G2-r3/s3-normal-seed3/plc-stderr.log	0	e3b0c44298fc1c149afbf4c8996fb92427ae41e4649b934ca495991b7852b855	e3b0c44298fc1c149afbf4c8996fb92427ae41e4649b934ca495991b7852b855	none	0
tr04-official-1/T20-G2-r3/s3-normal-seed3/processes.json	133	2d682689e80bda8c5620f25653426df526d1fbc1117dd5af83750c779d3b7848	2d682689e80bda8c5620f25653426df526d1fbc1117dd5af83750c779d3b7848	none	0
tr04-official-1/T20-G2-r3/s3-normal-seed3/reference-10ms-differences.json	3	37517e5f3dc66819f61f5a7bb8ace1921282415f10551d2defa5c3eb0985b570	37517e5f3dc66819f61f5a7bb8ace1921282415f10551d2defa5c3eb0985b570	none	0
tr04-official-1/T20-G2-r3/s3-normal-seed3/static.json	22322	1898c9fd318246516b0563a5291f6b01119dc55b6af5d210f1a1c48ef962c5ab	1898c9fd318246516b0563a5291f6b01119dc55b6af5d210f1a1c48ef962c5ab	none	0
tr04-official-1/T20-G2-r3/s3-normal-seed3/summary.json	19459	c22b2cfc34bdb298b9f36c564aec498fd030f90b6b88cf23d5d94df885e993fd	0daecf14ec3bf8ae03a2ac861e119970ccf97a934720da2088c02fad3e5f7bff	drop_tick_hashes	0
tr04-official-1/T20-G2-r3/s3-normal-seed3/vision-stderr.log	26	f6259e2742222db4cedc0f46e1f9d79c113803494192992ee22d2e0ff6d9cc6e	f6259e2742222db4cedc0f46e1f9d79c113803494192992ee22d2e0ff6d9cc6e	none	0
tr04-official-1/T20-G2-r3/s3-packfault-seed1/io_verdict.json	665	2438891a9a98d4a9c5cbbc9250057e24e7c79b428b112cf9ccb8d3e3b30361f8	2438891a9a98d4a9c5cbbc9250057e24e7c79b428b112cf9ccb8d3e3b30361f8	none	0
tr04-official-1/T20-G2-r3/s3-packfault-seed1/metadata.json	5312	98987de2c327179be2dfa56e1cca44d0b9a2cdc2193d56a7d54df032059b2c56	0390685a0664b3e7ff37245ecbf6aef44c78a623c3ec57e47b0ffdebad6f0b15	redact	10
tr04-official-1/T20-G2-r3/s3-packfault-seed1/plc-stderr.log	0	e3b0c44298fc1c149afbf4c8996fb92427ae41e4649b934ca495991b7852b855	e3b0c44298fc1c149afbf4c8996fb92427ae41e4649b934ca495991b7852b855	none	0
tr04-official-1/T20-G2-r3/s3-packfault-seed1/processes.json	133	2d682689e80bda8c5620f25653426df526d1fbc1117dd5af83750c779d3b7848	2d682689e80bda8c5620f25653426df526d1fbc1117dd5af83750c779d3b7848	none	0
tr04-official-1/T20-G2-r3/s3-packfault-seed1/reference-10ms-differences.json	3	37517e5f3dc66819f61f5a7bb8ace1921282415f10551d2defa5c3eb0985b570	37517e5f3dc66819f61f5a7bb8ace1921282415f10551d2defa5c3eb0985b570	none	0
tr04-official-1/T20-G2-r3/s3-packfault-seed1/static.json	22322	1898c9fd318246516b0563a5291f6b01119dc55b6af5d210f1a1c48ef962c5ab	1898c9fd318246516b0563a5291f6b01119dc55b6af5d210f1a1c48ef962c5ab	none	0
tr04-official-1/T20-G2-r3/s3-packfault-seed1/summary.json	12836	1568e99a54859b02c4445253f86b70b02371ae97a72e098982db65e299cf02f1	f58b56618ddfc949b9117689d8b1db5bb28adbf58de6a74cfa608b16f839328c	drop_tick_hashes	0
tr04-official-1/T20-G2-r3/s3-packfault-seed1/vision-stderr.log	26	f6259e2742222db4cedc0f46e1f9d79c113803494192992ee22d2e0ff6d9cc6e	f6259e2742222db4cedc0f46e1f9d79c113803494192992ee22d2e0ff6d9cc6e	none	0
tr04-official-1/T20-G2-r3/static.json	326	cc2a0596777b56b1f74939a0275cdc5cf0cd97a0d41c4dc2a522baa6238c7d61	fbef4d03e755ae960dda10730807c81d2cfd455c51cfabd5daafa8c6383a16e8	redact	1
tr04-official-1/T20-G2-r3/verdict.json	810	b18a6c09292659b0aff94d6a752cabac521da63f0ff687f309a0bff9fe723ba9	b18a6c09292659b0aff94d6a752cabac521da63f0ff687f309a0bff9fe723ba9	none	0
tr04-official-1/T20-G3-r1/verdict.json	147	7308766c2a49a9ae7eb2829375ebb04c0a7a7d99d368f27387b8b04fb07e8200	7308766c2a49a9ae7eb2829375ebb04c0a7a7d99d368f27387b8b04fb07e8200	none	0
tr04-official-1/T21-G1-r1/force.json	1532	5ce5856bdb5cfa5295d725c86144c68d0c30767dee048708090bc5cbedd10495	ed78a1d5e76f04bdb1bff2fca49218249f551b2522c14d8cbc88c5cb14a756fe	redact	1
tr04-official-1/T21-G1-r1/s3-normal-seed1/io_verdict.json	388	3bd89ea2cf13318447a80ea0a43d7d905efd77bf1e241a7bbd54cf2de0806aa4	3bd89ea2cf13318447a80ea0a43d7d905efd77bf1e241a7bbd54cf2de0806aa4	none	0
tr04-official-1/T21-G1-r1/s3-normal-seed1/metadata.json	5309	ade14d1191206c9fb86ad1a5fe827ad9f9298372330ebb8603460f7252687e4c	45d0c9b3d30f89331da9033d59dd64b1258eb847e8136d137072b7a2138bd9e7	redact	10
tr04-official-1/T21-G1-r1/s3-normal-seed1/plc-stderr.log	0	e3b0c44298fc1c149afbf4c8996fb92427ae41e4649b934ca495991b7852b855	e3b0c44298fc1c149afbf4c8996fb92427ae41e4649b934ca495991b7852b855	none	0
tr04-official-1/T21-G1-r1/s3-normal-seed1/processes.json	133	2d682689e80bda8c5620f25653426df526d1fbc1117dd5af83750c779d3b7848	2d682689e80bda8c5620f25653426df526d1fbc1117dd5af83750c779d3b7848	none	0
tr04-official-1/T21-G1-r1/s3-normal-seed1/reference-10ms-differences.json	3	37517e5f3dc66819f61f5a7bb8ace1921282415f10551d2defa5c3eb0985b570	37517e5f3dc66819f61f5a7bb8ace1921282415f10551d2defa5c3eb0985b570	none	0
tr04-official-1/T21-G1-r1/s3-normal-seed1/static.json	22322	1898c9fd318246516b0563a5291f6b01119dc55b6af5d210f1a1c48ef962c5ab	1898c9fd318246516b0563a5291f6b01119dc55b6af5d210f1a1c48ef962c5ab	none	0
tr04-official-1/T21-G1-r1/s3-normal-seed1/summary.json	19468	f39444b78ce3d1163c3924da6727ca58ca10734a14ca9483a0c0e2b4087f1ad4	7d4dff8b9a149bda4c1c3bd84fd581366cc6cd43d4bd14d5a1d7ec13571ccae2	drop_tick_hashes	0
tr04-official-1/T21-G1-r1/s3-normal-seed1/vision-stderr.log	26	f6259e2742222db4cedc0f46e1f9d79c113803494192992ee22d2e0ff6d9cc6e	f6259e2742222db4cedc0f46e1f9d79c113803494192992ee22d2e0ff6d9cc6e	none	0
tr04-official-1/T21-G1-r1/s3-normal-seed2/io_verdict.json	388	195ea2052fd822b21b2970666a8fa1d8a3ce2e3a88cc31065862bd6a7419ea9e	195ea2052fd822b21b2970666a8fa1d8a3ce2e3a88cc31065862bd6a7419ea9e	none	0
tr04-official-1/T21-G1-r1/s3-normal-seed2/metadata.json	5309	57735831faad89cf6af2ec07cc9eba88482cfcccfc17de3a37ca21485ba80cbe	f5b46758595045d434e00ded1fad51bbe455dea136866ed004794c3d902e1fc9	redact	10
tr04-official-1/T21-G1-r1/s3-normal-seed2/plc-stderr.log	0	e3b0c44298fc1c149afbf4c8996fb92427ae41e4649b934ca495991b7852b855	e3b0c44298fc1c149afbf4c8996fb92427ae41e4649b934ca495991b7852b855	none	0
tr04-official-1/T21-G1-r1/s3-normal-seed2/processes.json	133	2d682689e80bda8c5620f25653426df526d1fbc1117dd5af83750c779d3b7848	2d682689e80bda8c5620f25653426df526d1fbc1117dd5af83750c779d3b7848	none	0
tr04-official-1/T21-G1-r1/s3-normal-seed2/reference-10ms-differences.json	3	37517e5f3dc66819f61f5a7bb8ace1921282415f10551d2defa5c3eb0985b570	37517e5f3dc66819f61f5a7bb8ace1921282415f10551d2defa5c3eb0985b570	none	0
tr04-official-1/T21-G1-r1/s3-normal-seed2/static.json	22322	1898c9fd318246516b0563a5291f6b01119dc55b6af5d210f1a1c48ef962c5ab	1898c9fd318246516b0563a5291f6b01119dc55b6af5d210f1a1c48ef962c5ab	none	0
tr04-official-1/T21-G1-r1/s3-normal-seed2/summary.json	19460	069748aa8eed3ca51e09bc436f7a3f7572f41dd6eb88ecb6b1e883444372f4c8	ddf2f551dc44f37a03c406fd830c71eabb6dbb98181cf5a41f2806a6d97c0c09	drop_tick_hashes	0
tr04-official-1/T21-G1-r1/s3-normal-seed2/vision-stderr.log	26	f6259e2742222db4cedc0f46e1f9d79c113803494192992ee22d2e0ff6d9cc6e	f6259e2742222db4cedc0f46e1f9d79c113803494192992ee22d2e0ff6d9cc6e	none	0
tr04-official-1/T21-G1-r1/s3-normal-seed3/io_verdict.json	388	5b928ff5e26696fbe37b18eb9640ab902afa583d856b3abc0055e6e6e00db372	5b928ff5e26696fbe37b18eb9640ab902afa583d856b3abc0055e6e6e00db372	none	0
tr04-official-1/T21-G1-r1/s3-normal-seed3/metadata.json	5309	bc4f54fc432a27acf321ab17d49ffe93b8f9d80c3ae41675d1a7d3c99e2d7a9e	aba98985e22ea921a34022e768be0d6645206af3cc5b57062dbbd744c0c645e8	redact	10
tr04-official-1/T21-G1-r1/s3-normal-seed3/plc-stderr.log	0	e3b0c44298fc1c149afbf4c8996fb92427ae41e4649b934ca495991b7852b855	e3b0c44298fc1c149afbf4c8996fb92427ae41e4649b934ca495991b7852b855	none	0
tr04-official-1/T21-G1-r1/s3-normal-seed3/processes.json	133	2d682689e80bda8c5620f25653426df526d1fbc1117dd5af83750c779d3b7848	2d682689e80bda8c5620f25653426df526d1fbc1117dd5af83750c779d3b7848	none	0
tr04-official-1/T21-G1-r1/s3-normal-seed3/reference-10ms-differences.json	3	37517e5f3dc66819f61f5a7bb8ace1921282415f10551d2defa5c3eb0985b570	37517e5f3dc66819f61f5a7bb8ace1921282415f10551d2defa5c3eb0985b570	none	0
tr04-official-1/T21-G1-r1/s3-normal-seed3/static.json	22322	1898c9fd318246516b0563a5291f6b01119dc55b6af5d210f1a1c48ef962c5ab	1898c9fd318246516b0563a5291f6b01119dc55b6af5d210f1a1c48ef962c5ab	none	0
tr04-official-1/T21-G1-r1/s3-normal-seed3/summary.json	19459	e77969c6a24831328255e12f191184278a4fc2c28b8c33b98e5e1cfd375a8b61	79161c2cccefd901441d2047826e6b7158622fed93159e94b163da29dae6205f	drop_tick_hashes	0
tr04-official-1/T21-G1-r1/s3-normal-seed3/vision-stderr.log	26	f6259e2742222db4cedc0f46e1f9d79c113803494192992ee22d2e0ff6d9cc6e	f6259e2742222db4cedc0f46e1f9d79c113803494192992ee22d2e0ff6d9cc6e	none	0
tr04-official-1/T21-G1-r1/s3-packfault-seed1/io_verdict.json	665	2438891a9a98d4a9c5cbbc9250057e24e7c79b428b112cf9ccb8d3e3b30361f8	2438891a9a98d4a9c5cbbc9250057e24e7c79b428b112cf9ccb8d3e3b30361f8	none	0
tr04-official-1/T21-G1-r1/s3-packfault-seed1/metadata.json	5312	998586d4a7fbb7aa9ad75bf9d40a5b0718ac213bd4ea51a3f9e57188e9c8a597	a3f9bb7ed06f11b2c3831e128f26e53c6fa0ecbe4bb26ba07d305443d866db54	redact	10
tr04-official-1/T21-G1-r1/s3-packfault-seed1/plc-stderr.log	0	e3b0c44298fc1c149afbf4c8996fb92427ae41e4649b934ca495991b7852b855	e3b0c44298fc1c149afbf4c8996fb92427ae41e4649b934ca495991b7852b855	none	0
tr04-official-1/T21-G1-r1/s3-packfault-seed1/processes.json	133	2d682689e80bda8c5620f25653426df526d1fbc1117dd5af83750c779d3b7848	2d682689e80bda8c5620f25653426df526d1fbc1117dd5af83750c779d3b7848	none	0
tr04-official-1/T21-G1-r1/s3-packfault-seed1/reference-10ms-differences.json	3	37517e5f3dc66819f61f5a7bb8ace1921282415f10551d2defa5c3eb0985b570	37517e5f3dc66819f61f5a7bb8ace1921282415f10551d2defa5c3eb0985b570	none	0
tr04-official-1/T21-G1-r1/s3-packfault-seed1/static.json	22322	1898c9fd318246516b0563a5291f6b01119dc55b6af5d210f1a1c48ef962c5ab	1898c9fd318246516b0563a5291f6b01119dc55b6af5d210f1a1c48ef962c5ab	none	0
tr04-official-1/T21-G1-r1/s3-packfault-seed1/summary.json	12836	33064178a7f3fc4d169d17b245e9621c022f9cac8a02cadb63406630f64fc63f	a9e93e607ee0ae1ca39d0d3cd483573385527fbcadd789725e3a3bea437c4089	drop_tick_hashes	0
tr04-official-1/T21-G1-r1/s3-packfault-seed1/vision-stderr.log	26	f6259e2742222db4cedc0f46e1f9d79c113803494192992ee22d2e0ff6d9cc6e	f6259e2742222db4cedc0f46e1f9d79c113803494192992ee22d2e0ff6d9cc6e	none	0
tr04-official-1/T21-G1-r1/static.json	326	3711950bf00efd2ff29d5ca79b597714994039bb0beacccd2999b9dc05a1aa32	17fcca520af6eabd0ead2a67bae41f51924c2445d016cc3cc9c8cbc19cef8780	redact	1
tr04-official-1/T21-G1-r1/verdict.json	810	705f493f6c8f70fe81a77a88905e4fc6df7966b7d9c8910d425db9d45bb0c8fb	705f493f6c8f70fe81a77a88905e4fc6df7966b7d9c8910d425db9d45bb0c8fb	none	0
tr04-official-1/T21-G1-r2/force.json	1532	a3e2eeee543105fc02811abe3d63394017e78c4b2eb37636ea0aa0186d847d3f	d316eb05e01a4ec7eb168a2ecf0fd63a365aac17d07cce3c80e5cd2a2baff144	redact	1
tr04-official-1/T21-G1-r2/s3-normal-seed1/io_verdict.json	388	3bd89ea2cf13318447a80ea0a43d7d905efd77bf1e241a7bbd54cf2de0806aa4	3bd89ea2cf13318447a80ea0a43d7d905efd77bf1e241a7bbd54cf2de0806aa4	none	0
tr04-official-1/T21-G1-r2/s3-normal-seed1/metadata.json	5309	1f3c74d5b0cf87943175795a64d8c4d613d26f1ac36bcd9201f3d002f059fab2	390803e1cb5f5388561a64e6661a212381b05975d772e9ee8ddefd1cb87c3843	redact	10
tr04-official-1/T21-G1-r2/s3-normal-seed1/plc-stderr.log	0	e3b0c44298fc1c149afbf4c8996fb92427ae41e4649b934ca495991b7852b855	e3b0c44298fc1c149afbf4c8996fb92427ae41e4649b934ca495991b7852b855	none	0
tr04-official-1/T21-G1-r2/s3-normal-seed1/processes.json	133	2d682689e80bda8c5620f25653426df526d1fbc1117dd5af83750c779d3b7848	2d682689e80bda8c5620f25653426df526d1fbc1117dd5af83750c779d3b7848	none	0
tr04-official-1/T21-G1-r2/s3-normal-seed1/reference-10ms-differences.json	3	37517e5f3dc66819f61f5a7bb8ace1921282415f10551d2defa5c3eb0985b570	37517e5f3dc66819f61f5a7bb8ace1921282415f10551d2defa5c3eb0985b570	none	0
tr04-official-1/T21-G1-r2/s3-normal-seed1/static.json	22322	1898c9fd318246516b0563a5291f6b01119dc55b6af5d210f1a1c48ef962c5ab	1898c9fd318246516b0563a5291f6b01119dc55b6af5d210f1a1c48ef962c5ab	none	0
tr04-official-1/T21-G1-r2/s3-normal-seed1/summary.json	19468	f39444b78ce3d1163c3924da6727ca58ca10734a14ca9483a0c0e2b4087f1ad4	7d4dff8b9a149bda4c1c3bd84fd581366cc6cd43d4bd14d5a1d7ec13571ccae2	drop_tick_hashes	0
tr04-official-1/T21-G1-r2/s3-normal-seed1/vision-stderr.log	26	f6259e2742222db4cedc0f46e1f9d79c113803494192992ee22d2e0ff6d9cc6e	f6259e2742222db4cedc0f46e1f9d79c113803494192992ee22d2e0ff6d9cc6e	none	0
tr04-official-1/T21-G1-r2/s3-normal-seed2/io_verdict.json	388	195ea2052fd822b21b2970666a8fa1d8a3ce2e3a88cc31065862bd6a7419ea9e	195ea2052fd822b21b2970666a8fa1d8a3ce2e3a88cc31065862bd6a7419ea9e	none	0
tr04-official-1/T21-G1-r2/s3-normal-seed2/metadata.json	5309	2ff0b8b53c7f43ba16ac4a0ffe0dc9056d75d44345089bec1da6bf57b00e4fae	de956afc07da576bd969529ef0a91f14ae4d7e8d52aa4b672b55eb2468daafce	redact	10
tr04-official-1/T21-G1-r2/s3-normal-seed2/plc-stderr.log	0	e3b0c44298fc1c149afbf4c8996fb92427ae41e4649b934ca495991b7852b855	e3b0c44298fc1c149afbf4c8996fb92427ae41e4649b934ca495991b7852b855	none	0
tr04-official-1/T21-G1-r2/s3-normal-seed2/processes.json	133	2d682689e80bda8c5620f25653426df526d1fbc1117dd5af83750c779d3b7848	2d682689e80bda8c5620f25653426df526d1fbc1117dd5af83750c779d3b7848	none	0
tr04-official-1/T21-G1-r2/s3-normal-seed2/reference-10ms-differences.json	3	37517e5f3dc66819f61f5a7bb8ace1921282415f10551d2defa5c3eb0985b570	37517e5f3dc66819f61f5a7bb8ace1921282415f10551d2defa5c3eb0985b570	none	0
tr04-official-1/T21-G1-r2/s3-normal-seed2/static.json	22322	1898c9fd318246516b0563a5291f6b01119dc55b6af5d210f1a1c48ef962c5ab	1898c9fd318246516b0563a5291f6b01119dc55b6af5d210f1a1c48ef962c5ab	none	0
tr04-official-1/T21-G1-r2/s3-normal-seed2/summary.json	19460	069748aa8eed3ca51e09bc436f7a3f7572f41dd6eb88ecb6b1e883444372f4c8	ddf2f551dc44f37a03c406fd830c71eabb6dbb98181cf5a41f2806a6d97c0c09	drop_tick_hashes	0
tr04-official-1/T21-G1-r2/s3-normal-seed2/vision-stderr.log	26	f6259e2742222db4cedc0f46e1f9d79c113803494192992ee22d2e0ff6d9cc6e	f6259e2742222db4cedc0f46e1f9d79c113803494192992ee22d2e0ff6d9cc6e	none	0
tr04-official-1/T21-G1-r2/s3-normal-seed3/io_verdict.json	388	5b928ff5e26696fbe37b18eb9640ab902afa583d856b3abc0055e6e6e00db372	5b928ff5e26696fbe37b18eb9640ab902afa583d856b3abc0055e6e6e00db372	none	0
tr04-official-1/T21-G1-r2/s3-normal-seed3/metadata.json	5309	0ac901181dc52096ce1ba59ac99544ac58c26d9266687511fd7c76853546db37	e90b1250732d99d6850375f2b368bbfc260cb08068f72745ee9b1d9f28160b3e	redact	10
tr04-official-1/T21-G1-r2/s3-normal-seed3/plc-stderr.log	0	e3b0c44298fc1c149afbf4c8996fb92427ae41e4649b934ca495991b7852b855	e3b0c44298fc1c149afbf4c8996fb92427ae41e4649b934ca495991b7852b855	none	0
tr04-official-1/T21-G1-r2/s3-normal-seed3/processes.json	133	2d682689e80bda8c5620f25653426df526d1fbc1117dd5af83750c779d3b7848	2d682689e80bda8c5620f25653426df526d1fbc1117dd5af83750c779d3b7848	none	0
tr04-official-1/T21-G1-r2/s3-normal-seed3/reference-10ms-differences.json	3	37517e5f3dc66819f61f5a7bb8ace1921282415f10551d2defa5c3eb0985b570	37517e5f3dc66819f61f5a7bb8ace1921282415f10551d2defa5c3eb0985b570	none	0
tr04-official-1/T21-G1-r2/s3-normal-seed3/static.json	22322	1898c9fd318246516b0563a5291f6b01119dc55b6af5d210f1a1c48ef962c5ab	1898c9fd318246516b0563a5291f6b01119dc55b6af5d210f1a1c48ef962c5ab	none	0
tr04-official-1/T21-G1-r2/s3-normal-seed3/summary.json	19459	e77969c6a24831328255e12f191184278a4fc2c28b8c33b98e5e1cfd375a8b61	79161c2cccefd901441d2047826e6b7158622fed93159e94b163da29dae6205f	drop_tick_hashes	0
tr04-official-1/T21-G1-r2/s3-normal-seed3/vision-stderr.log	26	f6259e2742222db4cedc0f46e1f9d79c113803494192992ee22d2e0ff6d9cc6e	f6259e2742222db4cedc0f46e1f9d79c113803494192992ee22d2e0ff6d9cc6e	none	0
tr04-official-1/T21-G1-r2/s3-packfault-seed1/io_verdict.json	665	2438891a9a98d4a9c5cbbc9250057e24e7c79b428b112cf9ccb8d3e3b30361f8	2438891a9a98d4a9c5cbbc9250057e24e7c79b428b112cf9ccb8d3e3b30361f8	none	0
tr04-official-1/T21-G1-r2/s3-packfault-seed1/metadata.json	5312	e7c579ee24ab42dfe5f8a86a77210007676e91f35161c2191868ebbe00499ea3	b3f41e275ba7f014f5a931898d314989ab66bce92a609289f7b93a97c21258df	redact	10
tr04-official-1/T21-G1-r2/s3-packfault-seed1/plc-stderr.log	0	e3b0c44298fc1c149afbf4c8996fb92427ae41e4649b934ca495991b7852b855	e3b0c44298fc1c149afbf4c8996fb92427ae41e4649b934ca495991b7852b855	none	0
tr04-official-1/T21-G1-r2/s3-packfault-seed1/processes.json	133	2d682689e80bda8c5620f25653426df526d1fbc1117dd5af83750c779d3b7848	2d682689e80bda8c5620f25653426df526d1fbc1117dd5af83750c779d3b7848	none	0
tr04-official-1/T21-G1-r2/s3-packfault-seed1/reference-10ms-differences.json	3	37517e5f3dc66819f61f5a7bb8ace1921282415f10551d2defa5c3eb0985b570	37517e5f3dc66819f61f5a7bb8ace1921282415f10551d2defa5c3eb0985b570	none	0
tr04-official-1/T21-G1-r2/s3-packfault-seed1/static.json	22322	1898c9fd318246516b0563a5291f6b01119dc55b6af5d210f1a1c48ef962c5ab	1898c9fd318246516b0563a5291f6b01119dc55b6af5d210f1a1c48ef962c5ab	none	0
tr04-official-1/T21-G1-r2/s3-packfault-seed1/summary.json	12836	33064178a7f3fc4d169d17b245e9621c022f9cac8a02cadb63406630f64fc63f	a9e93e607ee0ae1ca39d0d3cd483573385527fbcadd789725e3a3bea437c4089	drop_tick_hashes	0
tr04-official-1/T21-G1-r2/s3-packfault-seed1/vision-stderr.log	26	f6259e2742222db4cedc0f46e1f9d79c113803494192992ee22d2e0ff6d9cc6e	f6259e2742222db4cedc0f46e1f9d79c113803494192992ee22d2e0ff6d9cc6e	none	0
tr04-official-1/T21-G1-r2/static.json	326	43ffbc3c021b2d485604061cd6ff4420a09714c18b98b77d64758396d2c0e018	7725fb767f0a2dfc4e962277b2d93a6dd1c72a6fba59657b8b36a4c01b655f6c	redact	1
tr04-official-1/T21-G1-r2/verdict.json	810	0ab32ca62bf48ab08fadf50093cf550123c61873d92544c672b0235efa0022da	0ab32ca62bf48ab08fadf50093cf550123c61873d92544c672b0235efa0022da	none	0
tr04-official-1/T21-G1-r3/force.json	1532	aae3f758a0b29892eab905dd8843ebc4965c81247fdf75a7ed6629230caeb8e5	b6067cb0646879814780631968190673c3c65c97528e93346ea7af97ab284209	redact	1
tr04-official-1/T21-G1-r3/s3-normal-seed1/io_verdict.json	388	3bd89ea2cf13318447a80ea0a43d7d905efd77bf1e241a7bbd54cf2de0806aa4	3bd89ea2cf13318447a80ea0a43d7d905efd77bf1e241a7bbd54cf2de0806aa4	none	0
tr04-official-1/T21-G1-r3/s3-normal-seed1/metadata.json	5309	06a6bf2ee270ac73e03d93005da882261088a7eeb0d505ca48eaf4c07a19c902	3880c0fa34330cb4b5c9746752f699f793e45d0423ed2c70a8dfeca9ad8fc8b0	redact	10
tr04-official-1/T21-G1-r3/s3-normal-seed1/plc-stderr.log	0	e3b0c44298fc1c149afbf4c8996fb92427ae41e4649b934ca495991b7852b855	e3b0c44298fc1c149afbf4c8996fb92427ae41e4649b934ca495991b7852b855	none	0
tr04-official-1/T21-G1-r3/s3-normal-seed1/processes.json	133	2d682689e80bda8c5620f25653426df526d1fbc1117dd5af83750c779d3b7848	2d682689e80bda8c5620f25653426df526d1fbc1117dd5af83750c779d3b7848	none	0
tr04-official-1/T21-G1-r3/s3-normal-seed1/reference-10ms-differences.json	3	37517e5f3dc66819f61f5a7bb8ace1921282415f10551d2defa5c3eb0985b570	37517e5f3dc66819f61f5a7bb8ace1921282415f10551d2defa5c3eb0985b570	none	0
tr04-official-1/T21-G1-r3/s3-normal-seed1/static.json	22322	1898c9fd318246516b0563a5291f6b01119dc55b6af5d210f1a1c48ef962c5ab	1898c9fd318246516b0563a5291f6b01119dc55b6af5d210f1a1c48ef962c5ab	none	0
tr04-official-1/T21-G1-r3/s3-normal-seed1/summary.json	19468	f39444b78ce3d1163c3924da6727ca58ca10734a14ca9483a0c0e2b4087f1ad4	7d4dff8b9a149bda4c1c3bd84fd581366cc6cd43d4bd14d5a1d7ec13571ccae2	drop_tick_hashes	0
tr04-official-1/T21-G1-r3/s3-normal-seed1/vision-stderr.log	26	f6259e2742222db4cedc0f46e1f9d79c113803494192992ee22d2e0ff6d9cc6e	f6259e2742222db4cedc0f46e1f9d79c113803494192992ee22d2e0ff6d9cc6e	none	0
tr04-official-1/T21-G1-r3/s3-normal-seed2/io_verdict.json	388	195ea2052fd822b21b2970666a8fa1d8a3ce2e3a88cc31065862bd6a7419ea9e	195ea2052fd822b21b2970666a8fa1d8a3ce2e3a88cc31065862bd6a7419ea9e	none	0
tr04-official-1/T21-G1-r3/s3-normal-seed2/metadata.json	5309	8872bc23e3e6711e652323d3b934ecf244b690e70849412d99b26da34d34f882	0be8a81897977413ea839ac074f06d92f8eade223e4e1b1fc010e78e6908f888	redact	10
tr04-official-1/T21-G1-r3/s3-normal-seed2/plc-stderr.log	0	e3b0c44298fc1c149afbf4c8996fb92427ae41e4649b934ca495991b7852b855	e3b0c44298fc1c149afbf4c8996fb92427ae41e4649b934ca495991b7852b855	none	0
tr04-official-1/T21-G1-r3/s3-normal-seed2/processes.json	133	2d682689e80bda8c5620f25653426df526d1fbc1117dd5af83750c779d3b7848	2d682689e80bda8c5620f25653426df526d1fbc1117dd5af83750c779d3b7848	none	0
tr04-official-1/T21-G1-r3/s3-normal-seed2/reference-10ms-differences.json	3	37517e5f3dc66819f61f5a7bb8ace1921282415f10551d2defa5c3eb0985b570	37517e5f3dc66819f61f5a7bb8ace1921282415f10551d2defa5c3eb0985b570	none	0
tr04-official-1/T21-G1-r3/s3-normal-seed2/static.json	22322	1898c9fd318246516b0563a5291f6b01119dc55b6af5d210f1a1c48ef962c5ab	1898c9fd318246516b0563a5291f6b01119dc55b6af5d210f1a1c48ef962c5ab	none	0
tr04-official-1/T21-G1-r3/s3-normal-seed2/summary.json	19460	069748aa8eed3ca51e09bc436f7a3f7572f41dd6eb88ecb6b1e883444372f4c8	ddf2f551dc44f37a03c406fd830c71eabb6dbb98181cf5a41f2806a6d97c0c09	drop_tick_hashes	0
tr04-official-1/T21-G1-r3/s3-normal-seed2/vision-stderr.log	26	f6259e2742222db4cedc0f46e1f9d79c113803494192992ee22d2e0ff6d9cc6e	f6259e2742222db4cedc0f46e1f9d79c113803494192992ee22d2e0ff6d9cc6e	none	0
tr04-official-1/T21-G1-r3/s3-normal-seed3/io_verdict.json	388	5b928ff5e26696fbe37b18eb9640ab902afa583d856b3abc0055e6e6e00db372	5b928ff5e26696fbe37b18eb9640ab902afa583d856b3abc0055e6e6e00db372	none	0
tr04-official-1/T21-G1-r3/s3-normal-seed3/metadata.json	5309	4e87bbbff5201d7c1aa40f3370047152408c73b587d78e73b62d85a297cea02a	584fb71bf62e28d6c5c91667a5aa049ff89b8cb298bd3034269f0e4c9d02be2b	redact	10
tr04-official-1/T21-G1-r3/s3-normal-seed3/plc-stderr.log	0	e3b0c44298fc1c149afbf4c8996fb92427ae41e4649b934ca495991b7852b855	e3b0c44298fc1c149afbf4c8996fb92427ae41e4649b934ca495991b7852b855	none	0
tr04-official-1/T21-G1-r3/s3-normal-seed3/processes.json	133	2d682689e80bda8c5620f25653426df526d1fbc1117dd5af83750c779d3b7848	2d682689e80bda8c5620f25653426df526d1fbc1117dd5af83750c779d3b7848	none	0
tr04-official-1/T21-G1-r3/s3-normal-seed3/reference-10ms-differences.json	3	37517e5f3dc66819f61f5a7bb8ace1921282415f10551d2defa5c3eb0985b570	37517e5f3dc66819f61f5a7bb8ace1921282415f10551d2defa5c3eb0985b570	none	0
tr04-official-1/T21-G1-r3/s3-normal-seed3/static.json	22322	1898c9fd318246516b0563a5291f6b01119dc55b6af5d210f1a1c48ef962c5ab	1898c9fd318246516b0563a5291f6b01119dc55b6af5d210f1a1c48ef962c5ab	none	0
tr04-official-1/T21-G1-r3/s3-normal-seed3/summary.json	19459	e77969c6a24831328255e12f191184278a4fc2c28b8c33b98e5e1cfd375a8b61	79161c2cccefd901441d2047826e6b7158622fed93159e94b163da29dae6205f	drop_tick_hashes	0
tr04-official-1/T21-G1-r3/s3-normal-seed3/vision-stderr.log	26	f6259e2742222db4cedc0f46e1f9d79c113803494192992ee22d2e0ff6d9cc6e	f6259e2742222db4cedc0f46e1f9d79c113803494192992ee22d2e0ff6d9cc6e	none	0
tr04-official-1/T21-G1-r3/s3-packfault-seed1/io_verdict.json	665	2438891a9a98d4a9c5cbbc9250057e24e7c79b428b112cf9ccb8d3e3b30361f8	2438891a9a98d4a9c5cbbc9250057e24e7c79b428b112cf9ccb8d3e3b30361f8	none	0
tr04-official-1/T21-G1-r3/s3-packfault-seed1/metadata.json	5312	fb053a5c4e496863907d78fab728c4d49d327f621b52872d127cdd1a85e9a0d5	7d5de07bf1242f97ad8b7af7fd7f2ddac503438cfe2a4fad83cd4f93c1dec0ba	redact	10
tr04-official-1/T21-G1-r3/s3-packfault-seed1/plc-stderr.log	0	e3b0c44298fc1c149afbf4c8996fb92427ae41e4649b934ca495991b7852b855	e3b0c44298fc1c149afbf4c8996fb92427ae41e4649b934ca495991b7852b855	none	0
tr04-official-1/T21-G1-r3/s3-packfault-seed1/processes.json	133	2d682689e80bda8c5620f25653426df526d1fbc1117dd5af83750c779d3b7848	2d682689e80bda8c5620f25653426df526d1fbc1117dd5af83750c779d3b7848	none	0
tr04-official-1/T21-G1-r3/s3-packfault-seed1/reference-10ms-differences.json	3	37517e5f3dc66819f61f5a7bb8ace1921282415f10551d2defa5c3eb0985b570	37517e5f3dc66819f61f5a7bb8ace1921282415f10551d2defa5c3eb0985b570	none	0
tr04-official-1/T21-G1-r3/s3-packfault-seed1/static.json	22322	1898c9fd318246516b0563a5291f6b01119dc55b6af5d210f1a1c48ef962c5ab	1898c9fd318246516b0563a5291f6b01119dc55b6af5d210f1a1c48ef962c5ab	none	0
tr04-official-1/T21-G1-r3/s3-packfault-seed1/summary.json	12836	33064178a7f3fc4d169d17b245e9621c022f9cac8a02cadb63406630f64fc63f	a9e93e607ee0ae1ca39d0d3cd483573385527fbcadd789725e3a3bea437c4089	drop_tick_hashes	0
tr04-official-1/T21-G1-r3/s3-packfault-seed1/vision-stderr.log	26	f6259e2742222db4cedc0f46e1f9d79c113803494192992ee22d2e0ff6d9cc6e	f6259e2742222db4cedc0f46e1f9d79c113803494192992ee22d2e0ff6d9cc6e	none	0
tr04-official-1/T21-G1-r3/static.json	326	26a59366efc6e7a1d527c9b06ca7024ec5436f1d25e318ab2a875d2875ac808e	434c2867e8b7b338c106d44f1f6a4afb4dc36f762b6656a666b8c3a231ee0e19	redact	1
tr04-official-1/T21-G1-r3/verdict.json	810	5c08599e287aa7a961dade0e42f401a1e508733c34603ca827ae4e8c2ad4d53d	5c08599e287aa7a961dade0e42f401a1e508733c34603ca827ae4e8c2ad4d53d	none	0
tr04-official-1/T21-G2-r1/force.json	1532	bca9fa25c2983ea23ee2627cdd9571ace1016ef888289ffd2cfb0c801767d65c	d50c9125d2847358c318566f7471bfdc68468cb3ad58af7ffef4da902403ee9f	redact	1
tr04-official-1/T21-G2-r1/s3-normal-seed1/io_verdict.json	388	3bd89ea2cf13318447a80ea0a43d7d905efd77bf1e241a7bbd54cf2de0806aa4	3bd89ea2cf13318447a80ea0a43d7d905efd77bf1e241a7bbd54cf2de0806aa4	none	0
tr04-official-1/T21-G2-r1/s3-normal-seed1/metadata.json	5309	2439edc1e5e6cb1728580574e8c7e15abc07f524883ced48b53dd204c8076253	ccf513c0347fad6a80a2ac86b19e3adc3a48d2093e6bf87daefea3e12e8daeda	redact	10
tr04-official-1/T21-G2-r1/s3-normal-seed1/plc-stderr.log	0	e3b0c44298fc1c149afbf4c8996fb92427ae41e4649b934ca495991b7852b855	e3b0c44298fc1c149afbf4c8996fb92427ae41e4649b934ca495991b7852b855	none	0
tr04-official-1/T21-G2-r1/s3-normal-seed1/processes.json	133	2d682689e80bda8c5620f25653426df526d1fbc1117dd5af83750c779d3b7848	2d682689e80bda8c5620f25653426df526d1fbc1117dd5af83750c779d3b7848	none	0
tr04-official-1/T21-G2-r1/s3-normal-seed1/reference-10ms-differences.json	3	37517e5f3dc66819f61f5a7bb8ace1921282415f10551d2defa5c3eb0985b570	37517e5f3dc66819f61f5a7bb8ace1921282415f10551d2defa5c3eb0985b570	none	0
tr04-official-1/T21-G2-r1/s3-normal-seed1/static.json	22322	1898c9fd318246516b0563a5291f6b01119dc55b6af5d210f1a1c48ef962c5ab	1898c9fd318246516b0563a5291f6b01119dc55b6af5d210f1a1c48ef962c5ab	none	0
tr04-official-1/T21-G2-r1/s3-normal-seed1/summary.json	19468	6f2134faae98480fd8f760730ee3f8f1a8234d9568e93071f678d00a71fabbed	616fe98b67a553ac28f7830f1c18031794938a8389c22ebd9fb3f318f094ffa9	drop_tick_hashes	0
tr04-official-1/T21-G2-r1/s3-normal-seed1/vision-stderr.log	26	f6259e2742222db4cedc0f46e1f9d79c113803494192992ee22d2e0ff6d9cc6e	f6259e2742222db4cedc0f46e1f9d79c113803494192992ee22d2e0ff6d9cc6e	none	0
tr04-official-1/T21-G2-r1/s3-normal-seed2/io_verdict.json	388	195ea2052fd822b21b2970666a8fa1d8a3ce2e3a88cc31065862bd6a7419ea9e	195ea2052fd822b21b2970666a8fa1d8a3ce2e3a88cc31065862bd6a7419ea9e	none	0
tr04-official-1/T21-G2-r1/s3-normal-seed2/metadata.json	5309	e9c1d8b9a5a0c32b1c63ccc4c3a271494024af7e422a22091e696c2f2f96840f	13926030f26a8a1216a52bbe9b3b50b9f44174bbbf48201fb78f650b5be4b148	redact	10
tr04-official-1/T21-G2-r1/s3-normal-seed2/plc-stderr.log	0	e3b0c44298fc1c149afbf4c8996fb92427ae41e4649b934ca495991b7852b855	e3b0c44298fc1c149afbf4c8996fb92427ae41e4649b934ca495991b7852b855	none	0
tr04-official-1/T21-G2-r1/s3-normal-seed2/processes.json	133	2d682689e80bda8c5620f25653426df526d1fbc1117dd5af83750c779d3b7848	2d682689e80bda8c5620f25653426df526d1fbc1117dd5af83750c779d3b7848	none	0
tr04-official-1/T21-G2-r1/s3-normal-seed2/reference-10ms-differences.json	3	37517e5f3dc66819f61f5a7bb8ace1921282415f10551d2defa5c3eb0985b570	37517e5f3dc66819f61f5a7bb8ace1921282415f10551d2defa5c3eb0985b570	none	0
tr04-official-1/T21-G2-r1/s3-normal-seed2/static.json	22322	1898c9fd318246516b0563a5291f6b01119dc55b6af5d210f1a1c48ef962c5ab	1898c9fd318246516b0563a5291f6b01119dc55b6af5d210f1a1c48ef962c5ab	none	0
tr04-official-1/T21-G2-r1/s3-normal-seed2/summary.json	19460	17d5bb810c45305da7e4aca6289dbbf7f50acc9adf55506762cba0c628cb465f	6ccc4f9ad016efe483eca896f0ae56db76dbe784ae8cb893f2dcc2b8bfb0d211	drop_tick_hashes	0
tr04-official-1/T21-G2-r1/s3-normal-seed2/vision-stderr.log	26	f6259e2742222db4cedc0f46e1f9d79c113803494192992ee22d2e0ff6d9cc6e	f6259e2742222db4cedc0f46e1f9d79c113803494192992ee22d2e0ff6d9cc6e	none	0
tr04-official-1/T21-G2-r1/s3-normal-seed3/io_verdict.json	388	5b928ff5e26696fbe37b18eb9640ab902afa583d856b3abc0055e6e6e00db372	5b928ff5e26696fbe37b18eb9640ab902afa583d856b3abc0055e6e6e00db372	none	0
tr04-official-1/T21-G2-r1/s3-normal-seed3/metadata.json	5309	4dbd32a07d9d724c909ecf7d0c8cbcc980efa8465cae8246a36816bcdc687dca	238a1b4d5a55ca93341c6c27b1ca73c338d33b677dc8dd9483db9b30df97d9f0	redact	10
tr04-official-1/T21-G2-r1/s3-normal-seed3/plc-stderr.log	0	e3b0c44298fc1c149afbf4c8996fb92427ae41e4649b934ca495991b7852b855	e3b0c44298fc1c149afbf4c8996fb92427ae41e4649b934ca495991b7852b855	none	0
tr04-official-1/T21-G2-r1/s3-normal-seed3/processes.json	133	2d682689e80bda8c5620f25653426df526d1fbc1117dd5af83750c779d3b7848	2d682689e80bda8c5620f25653426df526d1fbc1117dd5af83750c779d3b7848	none	0
tr04-official-1/T21-G2-r1/s3-normal-seed3/reference-10ms-differences.json	3	37517e5f3dc66819f61f5a7bb8ace1921282415f10551d2defa5c3eb0985b570	37517e5f3dc66819f61f5a7bb8ace1921282415f10551d2defa5c3eb0985b570	none	0
tr04-official-1/T21-G2-r1/s3-normal-seed3/static.json	22322	1898c9fd318246516b0563a5291f6b01119dc55b6af5d210f1a1c48ef962c5ab	1898c9fd318246516b0563a5291f6b01119dc55b6af5d210f1a1c48ef962c5ab	none	0
tr04-official-1/T21-G2-r1/s3-normal-seed3/summary.json	19459	a901d74c1413a55c05fc51a15e69f69e6a2251c37d6afa80557d9f14cfe13709	01709f051bc7eee0f4b14b79a37810f2f7d82ebcebff30bf9c28e147527c620b	drop_tick_hashes	0
tr04-official-1/T21-G2-r1/s3-normal-seed3/vision-stderr.log	26	f6259e2742222db4cedc0f46e1f9d79c113803494192992ee22d2e0ff6d9cc6e	f6259e2742222db4cedc0f46e1f9d79c113803494192992ee22d2e0ff6d9cc6e	none	0
tr04-official-1/T21-G2-r1/s3-packfault-seed1/io_verdict.json	665	2438891a9a98d4a9c5cbbc9250057e24e7c79b428b112cf9ccb8d3e3b30361f8	2438891a9a98d4a9c5cbbc9250057e24e7c79b428b112cf9ccb8d3e3b30361f8	none	0
tr04-official-1/T21-G2-r1/s3-packfault-seed1/metadata.json	5312	4ea05ee997bee30bdc580764f8b6fc68db7756cc903d46e46a492b2fa0125d0d	ecf342cffc3f3cf9cd13efb0afe2750b73d3a2f683ad3438883c2846f3b2357d	redact	10
tr04-official-1/T21-G2-r1/s3-packfault-seed1/plc-stderr.log	0	e3b0c44298fc1c149afbf4c8996fb92427ae41e4649b934ca495991b7852b855	e3b0c44298fc1c149afbf4c8996fb92427ae41e4649b934ca495991b7852b855	none	0
tr04-official-1/T21-G2-r1/s3-packfault-seed1/processes.json	133	2d682689e80bda8c5620f25653426df526d1fbc1117dd5af83750c779d3b7848	2d682689e80bda8c5620f25653426df526d1fbc1117dd5af83750c779d3b7848	none	0
tr04-official-1/T21-G2-r1/s3-packfault-seed1/reference-10ms-differences.json	3	37517e5f3dc66819f61f5a7bb8ace1921282415f10551d2defa5c3eb0985b570	37517e5f3dc66819f61f5a7bb8ace1921282415f10551d2defa5c3eb0985b570	none	0
tr04-official-1/T21-G2-r1/s3-packfault-seed1/static.json	22322	1898c9fd318246516b0563a5291f6b01119dc55b6af5d210f1a1c48ef962c5ab	1898c9fd318246516b0563a5291f6b01119dc55b6af5d210f1a1c48ef962c5ab	none	0
tr04-official-1/T21-G2-r1/s3-packfault-seed1/summary.json	12836	0d3822acd389276da556a2469d3ecb12fd5dbb5ff0d5ec04cb20d2d49f4568e7	4206d5e84895b4e8bf8bdd560fb3ad6abb6be224c8831050e9716cb76f911ae7	drop_tick_hashes	0
tr04-official-1/T21-G2-r1/s3-packfault-seed1/vision-stderr.log	26	f6259e2742222db4cedc0f46e1f9d79c113803494192992ee22d2e0ff6d9cc6e	f6259e2742222db4cedc0f46e1f9d79c113803494192992ee22d2e0ff6d9cc6e	none	0
tr04-official-1/T21-G2-r1/static.json	326	920c7e8cb3711fbb60384191436f2fdb5a53b8771f389d585f5dbc28b0e6a4e6	39efe5ff759811efdf5aeebb4b5630844e4bb38d257f8f3f03026128c2c7e665	redact	1
tr04-official-1/T21-G2-r1/verdict.json	810	b61c23ddae078c1a8330a0514873fad13c014dd0b390a1177fbaa4f71a53a62a	b61c23ddae078c1a8330a0514873fad13c014dd0b390a1177fbaa4f71a53a62a	none	0
tr04-official-1/T21-G2-r2/force.json	1532	e326b68ceccbdda8fd6a98573ec5eed214195b95fdc7bb613938ff8215fdf9ce	b8602cc5a5f28a1b25ba6a3904ae7f715751f3dfb62fe78bb783af9ad51e7d12	redact	1
tr04-official-1/T21-G2-r2/s3-normal-seed1/io_verdict.json	388	3bd89ea2cf13318447a80ea0a43d7d905efd77bf1e241a7bbd54cf2de0806aa4	3bd89ea2cf13318447a80ea0a43d7d905efd77bf1e241a7bbd54cf2de0806aa4	none	0
tr04-official-1/T21-G2-r2/s3-normal-seed1/metadata.json	5309	68e4c758f5e26ae759c622347494cb69a707ebc6491c22a6d99a697f366e60fb	b28e6ae60238ae6485117548eff68d5b8eefccc1b5395cb919f1a1413d4d3fa6	redact	10
tr04-official-1/T21-G2-r2/s3-normal-seed1/plc-stderr.log	0	e3b0c44298fc1c149afbf4c8996fb92427ae41e4649b934ca495991b7852b855	e3b0c44298fc1c149afbf4c8996fb92427ae41e4649b934ca495991b7852b855	none	0
tr04-official-1/T21-G2-r2/s3-normal-seed1/processes.json	133	2d682689e80bda8c5620f25653426df526d1fbc1117dd5af83750c779d3b7848	2d682689e80bda8c5620f25653426df526d1fbc1117dd5af83750c779d3b7848	none	0
tr04-official-1/T21-G2-r2/s3-normal-seed1/reference-10ms-differences.json	3	37517e5f3dc66819f61f5a7bb8ace1921282415f10551d2defa5c3eb0985b570	37517e5f3dc66819f61f5a7bb8ace1921282415f10551d2defa5c3eb0985b570	none	0
tr04-official-1/T21-G2-r2/s3-normal-seed1/static.json	22322	1898c9fd318246516b0563a5291f6b01119dc55b6af5d210f1a1c48ef962c5ab	1898c9fd318246516b0563a5291f6b01119dc55b6af5d210f1a1c48ef962c5ab	none	0
tr04-official-1/T21-G2-r2/s3-normal-seed1/summary.json	19468	f39444b78ce3d1163c3924da6727ca58ca10734a14ca9483a0c0e2b4087f1ad4	7d4dff8b9a149bda4c1c3bd84fd581366cc6cd43d4bd14d5a1d7ec13571ccae2	drop_tick_hashes	0
tr04-official-1/T21-G2-r2/s3-normal-seed1/vision-stderr.log	26	f6259e2742222db4cedc0f46e1f9d79c113803494192992ee22d2e0ff6d9cc6e	f6259e2742222db4cedc0f46e1f9d79c113803494192992ee22d2e0ff6d9cc6e	none	0
tr04-official-1/T21-G2-r2/s3-normal-seed2/io_verdict.json	388	195ea2052fd822b21b2970666a8fa1d8a3ce2e3a88cc31065862bd6a7419ea9e	195ea2052fd822b21b2970666a8fa1d8a3ce2e3a88cc31065862bd6a7419ea9e	none	0
tr04-official-1/T21-G2-r2/s3-normal-seed2/metadata.json	5309	0a230d6c2ecf6136e075a9233767b0f240cb2353e257aaa957d93fd9a99c2e20	e282be9d8d2745a5dff5e9134b91bf68f89b1c980cace0a6311f6444c2bb5db2	redact	10
tr04-official-1/T21-G2-r2/s3-normal-seed2/plc-stderr.log	0	e3b0c44298fc1c149afbf4c8996fb92427ae41e4649b934ca495991b7852b855	e3b0c44298fc1c149afbf4c8996fb92427ae41e4649b934ca495991b7852b855	none	0
tr04-official-1/T21-G2-r2/s3-normal-seed2/processes.json	133	2d682689e80bda8c5620f25653426df526d1fbc1117dd5af83750c779d3b7848	2d682689e80bda8c5620f25653426df526d1fbc1117dd5af83750c779d3b7848	none	0
tr04-official-1/T21-G2-r2/s3-normal-seed2/reference-10ms-differences.json	3	37517e5f3dc66819f61f5a7bb8ace1921282415f10551d2defa5c3eb0985b570	37517e5f3dc66819f61f5a7bb8ace1921282415f10551d2defa5c3eb0985b570	none	0
tr04-official-1/T21-G2-r2/s3-normal-seed2/static.json	22322	1898c9fd318246516b0563a5291f6b01119dc55b6af5d210f1a1c48ef962c5ab	1898c9fd318246516b0563a5291f6b01119dc55b6af5d210f1a1c48ef962c5ab	none	0
tr04-official-1/T21-G2-r2/s3-normal-seed2/summary.json	19460	069748aa8eed3ca51e09bc436f7a3f7572f41dd6eb88ecb6b1e883444372f4c8	ddf2f551dc44f37a03c406fd830c71eabb6dbb98181cf5a41f2806a6d97c0c09	drop_tick_hashes	0
tr04-official-1/T21-G2-r2/s3-normal-seed2/vision-stderr.log	26	f6259e2742222db4cedc0f46e1f9d79c113803494192992ee22d2e0ff6d9cc6e	f6259e2742222db4cedc0f46e1f9d79c113803494192992ee22d2e0ff6d9cc6e	none	0
tr04-official-1/T21-G2-r2/s3-normal-seed3/io_verdict.json	388	5b928ff5e26696fbe37b18eb9640ab902afa583d856b3abc0055e6e6e00db372	5b928ff5e26696fbe37b18eb9640ab902afa583d856b3abc0055e6e6e00db372	none	0
tr04-official-1/T21-G2-r2/s3-normal-seed3/metadata.json	5309	2f3f8375c3d1d8e752d512504d96b9df24108abf66dfa8c414faf336d2710284	e68f6a9d116fb20277db2db990cd7b4a35f246d6429a348b58fc3da84e81a599	redact	10
tr04-official-1/T21-G2-r2/s3-normal-seed3/plc-stderr.log	0	e3b0c44298fc1c149afbf4c8996fb92427ae41e4649b934ca495991b7852b855	e3b0c44298fc1c149afbf4c8996fb92427ae41e4649b934ca495991b7852b855	none	0
tr04-official-1/T21-G2-r2/s3-normal-seed3/processes.json	133	2d682689e80bda8c5620f25653426df526d1fbc1117dd5af83750c779d3b7848	2d682689e80bda8c5620f25653426df526d1fbc1117dd5af83750c779d3b7848	none	0
tr04-official-1/T21-G2-r2/s3-normal-seed3/reference-10ms-differences.json	3	37517e5f3dc66819f61f5a7bb8ace1921282415f10551d2defa5c3eb0985b570	37517e5f3dc66819f61f5a7bb8ace1921282415f10551d2defa5c3eb0985b570	none	0
tr04-official-1/T21-G2-r2/s3-normal-seed3/static.json	22322	1898c9fd318246516b0563a5291f6b01119dc55b6af5d210f1a1c48ef962c5ab	1898c9fd318246516b0563a5291f6b01119dc55b6af5d210f1a1c48ef962c5ab	none	0
tr04-official-1/T21-G2-r2/s3-normal-seed3/summary.json	19459	e77969c6a24831328255e12f191184278a4fc2c28b8c33b98e5e1cfd375a8b61	79161c2cccefd901441d2047826e6b7158622fed93159e94b163da29dae6205f	drop_tick_hashes	0
tr04-official-1/T21-G2-r2/s3-normal-seed3/vision-stderr.log	26	f6259e2742222db4cedc0f46e1f9d79c113803494192992ee22d2e0ff6d9cc6e	f6259e2742222db4cedc0f46e1f9d79c113803494192992ee22d2e0ff6d9cc6e	none	0
tr04-official-1/T21-G2-r2/s3-packfault-seed1/io_verdict.json	665	2438891a9a98d4a9c5cbbc9250057e24e7c79b428b112cf9ccb8d3e3b30361f8	2438891a9a98d4a9c5cbbc9250057e24e7c79b428b112cf9ccb8d3e3b30361f8	none	0
tr04-official-1/T21-G2-r2/s3-packfault-seed1/metadata.json	5312	e553cb06b44b7ec6d1bf453a3a22d85e11547fec025b454ec6e7bc013f50c516	37bedf4c33e19f7f7752aabe8c382db13a485c191c61f1efac9c6db3cb18099f	redact	10
tr04-official-1/T21-G2-r2/s3-packfault-seed1/plc-stderr.log	0	e3b0c44298fc1c149afbf4c8996fb92427ae41e4649b934ca495991b7852b855	e3b0c44298fc1c149afbf4c8996fb92427ae41e4649b934ca495991b7852b855	none	0
tr04-official-1/T21-G2-r2/s3-packfault-seed1/processes.json	133	2d682689e80bda8c5620f25653426df526d1fbc1117dd5af83750c779d3b7848	2d682689e80bda8c5620f25653426df526d1fbc1117dd5af83750c779d3b7848	none	0
tr04-official-1/T21-G2-r2/s3-packfault-seed1/reference-10ms-differences.json	3	37517e5f3dc66819f61f5a7bb8ace1921282415f10551d2defa5c3eb0985b570	37517e5f3dc66819f61f5a7bb8ace1921282415f10551d2defa5c3eb0985b570	none	0
tr04-official-1/T21-G2-r2/s3-packfault-seed1/static.json	22322	1898c9fd318246516b0563a5291f6b01119dc55b6af5d210f1a1c48ef962c5ab	1898c9fd318246516b0563a5291f6b01119dc55b6af5d210f1a1c48ef962c5ab	none	0
tr04-official-1/T21-G2-r2/s3-packfault-seed1/summary.json	12836	33064178a7f3fc4d169d17b245e9621c022f9cac8a02cadb63406630f64fc63f	a9e93e607ee0ae1ca39d0d3cd483573385527fbcadd789725e3a3bea437c4089	drop_tick_hashes	0
tr04-official-1/T21-G2-r2/s3-packfault-seed1/vision-stderr.log	26	f6259e2742222db4cedc0f46e1f9d79c113803494192992ee22d2e0ff6d9cc6e	f6259e2742222db4cedc0f46e1f9d79c113803494192992ee22d2e0ff6d9cc6e	none	0
tr04-official-1/T21-G2-r2/static.json	326	fc90ca95b1183fdffaaa3f9875b747264a6fa09136745a1612885e031a498546	ed6f3aff00134f4eaac423d8f728573811881093183f0617808d29d53534892f	redact	1
tr04-official-1/T21-G2-r2/verdict.json	810	7eb89160917832e641f9466e2b2788f287383017feead847db8d728ed4f04a61	7eb89160917832e641f9466e2b2788f287383017feead847db8d728ed4f04a61	none	0
tr04-official-1/T21-G2-r3/force.json	1532	94b4906f78f6a85f6c07bd1b7dbd1b004363166153900b2e2e70ed1875f73564	f7201949cdfcf57b2553b42da55fcaf50404ebb31a774749cd303b73030f333f	redact	1
tr04-official-1/T21-G2-r3/s3-normal-seed1/io_verdict.json	388	3bd89ea2cf13318447a80ea0a43d7d905efd77bf1e241a7bbd54cf2de0806aa4	3bd89ea2cf13318447a80ea0a43d7d905efd77bf1e241a7bbd54cf2de0806aa4	none	0
tr04-official-1/T21-G2-r3/s3-normal-seed1/metadata.json	5309	7e917e43b81d4df8bb5be6442aa3042baffa8a79d8fc28b2782837463c0d0655	26c8d278695540d82816b69de283fc5734348a2951ce9c60fce26e044d4f6bc7	redact	10
tr04-official-1/T21-G2-r3/s3-normal-seed1/plc-stderr.log	0	e3b0c44298fc1c149afbf4c8996fb92427ae41e4649b934ca495991b7852b855	e3b0c44298fc1c149afbf4c8996fb92427ae41e4649b934ca495991b7852b855	none	0
tr04-official-1/T21-G2-r3/s3-normal-seed1/processes.json	133	2d682689e80bda8c5620f25653426df526d1fbc1117dd5af83750c779d3b7848	2d682689e80bda8c5620f25653426df526d1fbc1117dd5af83750c779d3b7848	none	0
tr04-official-1/T21-G2-r3/s3-normal-seed1/reference-10ms-differences.json	3	37517e5f3dc66819f61f5a7bb8ace1921282415f10551d2defa5c3eb0985b570	37517e5f3dc66819f61f5a7bb8ace1921282415f10551d2defa5c3eb0985b570	none	0
tr04-official-1/T21-G2-r3/s3-normal-seed1/static.json	22322	1898c9fd318246516b0563a5291f6b01119dc55b6af5d210f1a1c48ef962c5ab	1898c9fd318246516b0563a5291f6b01119dc55b6af5d210f1a1c48ef962c5ab	none	0
tr04-official-1/T21-G2-r3/s3-normal-seed1/summary.json	19468	6f2134faae98480fd8f760730ee3f8f1a8234d9568e93071f678d00a71fabbed	616fe98b67a553ac28f7830f1c18031794938a8389c22ebd9fb3f318f094ffa9	drop_tick_hashes	0
tr04-official-1/T21-G2-r3/s3-normal-seed1/vision-stderr.log	26	f6259e2742222db4cedc0f46e1f9d79c113803494192992ee22d2e0ff6d9cc6e	f6259e2742222db4cedc0f46e1f9d79c113803494192992ee22d2e0ff6d9cc6e	none	0
tr04-official-1/T21-G2-r3/s3-normal-seed2/io_verdict.json	388	195ea2052fd822b21b2970666a8fa1d8a3ce2e3a88cc31065862bd6a7419ea9e	195ea2052fd822b21b2970666a8fa1d8a3ce2e3a88cc31065862bd6a7419ea9e	none	0
tr04-official-1/T21-G2-r3/s3-normal-seed2/metadata.json	5309	5c31981e122c36693d902b098de380284075b4e2c50156fd4f392cf79f764d91	81d3f4a1768620b9f3f53a2eb83b99433811db131e9384cf21294c4a04a659de	redact	10
tr04-official-1/T21-G2-r3/s3-normal-seed2/plc-stderr.log	0	e3b0c44298fc1c149afbf4c8996fb92427ae41e4649b934ca495991b7852b855	e3b0c44298fc1c149afbf4c8996fb92427ae41e4649b934ca495991b7852b855	none	0
tr04-official-1/T21-G2-r3/s3-normal-seed2/processes.json	133	2d682689e80bda8c5620f25653426df526d1fbc1117dd5af83750c779d3b7848	2d682689e80bda8c5620f25653426df526d1fbc1117dd5af83750c779d3b7848	none	0
tr04-official-1/T21-G2-r3/s3-normal-seed2/reference-10ms-differences.json	3	37517e5f3dc66819f61f5a7bb8ace1921282415f10551d2defa5c3eb0985b570	37517e5f3dc66819f61f5a7bb8ace1921282415f10551d2defa5c3eb0985b570	none	0
tr04-official-1/T21-G2-r3/s3-normal-seed2/static.json	22322	1898c9fd318246516b0563a5291f6b01119dc55b6af5d210f1a1c48ef962c5ab	1898c9fd318246516b0563a5291f6b01119dc55b6af5d210f1a1c48ef962c5ab	none	0
tr04-official-1/T21-G2-r3/s3-normal-seed2/summary.json	19460	17d5bb810c45305da7e4aca6289dbbf7f50acc9adf55506762cba0c628cb465f	6ccc4f9ad016efe483eca896f0ae56db76dbe784ae8cb893f2dcc2b8bfb0d211	drop_tick_hashes	0
tr04-official-1/T21-G2-r3/s3-normal-seed2/vision-stderr.log	26	f6259e2742222db4cedc0f46e1f9d79c113803494192992ee22d2e0ff6d9cc6e	f6259e2742222db4cedc0f46e1f9d79c113803494192992ee22d2e0ff6d9cc6e	none	0
tr04-official-1/T21-G2-r3/s3-normal-seed3/io_verdict.json	388	5b928ff5e26696fbe37b18eb9640ab902afa583d856b3abc0055e6e6e00db372	5b928ff5e26696fbe37b18eb9640ab902afa583d856b3abc0055e6e6e00db372	none	0
tr04-official-1/T21-G2-r3/s3-normal-seed3/metadata.json	5309	aa6fb9c73035217c667e0b6538a3a1aeb5f5a11ca762a95e36fb66180d49744a	dca54ef4db32c491a20fa880e69997df27dd867e2d77ac276ffec12fd2c5f019	redact	10
tr04-official-1/T21-G2-r3/s3-normal-seed3/plc-stderr.log	0	e3b0c44298fc1c149afbf4c8996fb92427ae41e4649b934ca495991b7852b855	e3b0c44298fc1c149afbf4c8996fb92427ae41e4649b934ca495991b7852b855	none	0
tr04-official-1/T21-G2-r3/s3-normal-seed3/processes.json	133	2d682689e80bda8c5620f25653426df526d1fbc1117dd5af83750c779d3b7848	2d682689e80bda8c5620f25653426df526d1fbc1117dd5af83750c779d3b7848	none	0
tr04-official-1/T21-G2-r3/s3-normal-seed3/reference-10ms-differences.json	3	37517e5f3dc66819f61f5a7bb8ace1921282415f10551d2defa5c3eb0985b570	37517e5f3dc66819f61f5a7bb8ace1921282415f10551d2defa5c3eb0985b570	none	0
tr04-official-1/T21-G2-r3/s3-normal-seed3/static.json	22322	1898c9fd318246516b0563a5291f6b01119dc55b6af5d210f1a1c48ef962c5ab	1898c9fd318246516b0563a5291f6b01119dc55b6af5d210f1a1c48ef962c5ab	none	0
tr04-official-1/T21-G2-r3/s3-normal-seed3/summary.json	19459	a901d74c1413a55c05fc51a15e69f69e6a2251c37d6afa80557d9f14cfe13709	01709f051bc7eee0f4b14b79a37810f2f7d82ebcebff30bf9c28e147527c620b	drop_tick_hashes	0
tr04-official-1/T21-G2-r3/s3-normal-seed3/vision-stderr.log	26	f6259e2742222db4cedc0f46e1f9d79c113803494192992ee22d2e0ff6d9cc6e	f6259e2742222db4cedc0f46e1f9d79c113803494192992ee22d2e0ff6d9cc6e	none	0
tr04-official-1/T21-G2-r3/s3-packfault-seed1/io_verdict.json	665	2438891a9a98d4a9c5cbbc9250057e24e7c79b428b112cf9ccb8d3e3b30361f8	2438891a9a98d4a9c5cbbc9250057e24e7c79b428b112cf9ccb8d3e3b30361f8	none	0
tr04-official-1/T21-G2-r3/s3-packfault-seed1/metadata.json	5312	bcf4543b8189fdd45e8bbee551428877784bdc7295e3f6261fe9a19ea05356d7	0a166b151bc8a0cc8ff87514a7477f9e49ad3e644228fb558e5d630cb8a2ab61	redact	10
tr04-official-1/T21-G2-r3/s3-packfault-seed1/plc-stderr.log	0	e3b0c44298fc1c149afbf4c8996fb92427ae41e4649b934ca495991b7852b855	e3b0c44298fc1c149afbf4c8996fb92427ae41e4649b934ca495991b7852b855	none	0
tr04-official-1/T21-G2-r3/s3-packfault-seed1/processes.json	133	2d682689e80bda8c5620f25653426df526d1fbc1117dd5af83750c779d3b7848	2d682689e80bda8c5620f25653426df526d1fbc1117dd5af83750c779d3b7848	none	0
tr04-official-1/T21-G2-r3/s3-packfault-seed1/reference-10ms-differences.json	3	37517e5f3dc66819f61f5a7bb8ace1921282415f10551d2defa5c3eb0985b570	37517e5f3dc66819f61f5a7bb8ace1921282415f10551d2defa5c3eb0985b570	none	0
tr04-official-1/T21-G2-r3/s3-packfault-seed1/static.json	22322	1898c9fd318246516b0563a5291f6b01119dc55b6af5d210f1a1c48ef962c5ab	1898c9fd318246516b0563a5291f6b01119dc55b6af5d210f1a1c48ef962c5ab	none	0
tr04-official-1/T21-G2-r3/s3-packfault-seed1/summary.json	12836	0d3822acd389276da556a2469d3ecb12fd5dbb5ff0d5ec04cb20d2d49f4568e7	4206d5e84895b4e8bf8bdd560fb3ad6abb6be224c8831050e9716cb76f911ae7	drop_tick_hashes	0
tr04-official-1/T21-G2-r3/s3-packfault-seed1/vision-stderr.log	26	f6259e2742222db4cedc0f46e1f9d79c113803494192992ee22d2e0ff6d9cc6e	f6259e2742222db4cedc0f46e1f9d79c113803494192992ee22d2e0ff6d9cc6e	none	0
tr04-official-1/T21-G2-r3/static.json	326	fa65c7c56a4be65c3a64750270df5b2fd70491ed7658b38177eb0d87aaf5de7e	9bdead4cb20b73cc3db0a9af2e1fabcce08913d6551c8d86de6245a33f249412	redact	1
tr04-official-1/T21-G2-r3/verdict.json	810	5d84e1d8d564adc2908786502666464edb18dc5a217ca725f8f3362a7dbe00fb	5d84e1d8d564adc2908786502666464edb18dc5a217ca725f8f3362a7dbe00fb	none	0
tr04-official-1/T21-G3-r1/verdict.json	147	e6096ca5c9741ab33b4f8f818710f18b81e5eb7b56299a3c30b914394360f9b6	e6096ca5c9741ab33b4f8f818710f18b81e5eb7b56299a3c30b914394360f9b6	none	0
