path	bytes_public	sha256_public	sha256_original	transform	replaced_prefixes
work/_tasks/T01.json	170	9ce5cd411f6cbcd025c6b7875e760d83cebc23b81f6d68ae0a8fdf3720473079	9ce5cd411f6cbcd025c6b7875e760d83cebc23b81f6d68ae0a8fdf3720473079	none	0
work/_tasks/T02.json	295	f2a5bf1ae8062822c8046abbb11fcd74b93ac374b8c4c36a9b9d39c25c26094e	f2a5bf1ae8062822c8046abbb11fcd74b93ac374b8c4c36a9b9d39c25c26094e	none	0
work/_tasks/T03.json	324	cb9cf539dcb9837538d1df9d65444b6962028afab1e19a5b7a1ecd08856eb8fa	cb9cf539dcb9837538d1df9d65444b6962028afab1e19a5b7a1ecd08856eb8fa	none	0
work/_tasks/T04.json	328	7d6d0b6e9181c76c37f7b2496e45e856e40eb6833763947167b443379490b9d1	7d6d0b6e9181c76c37f7b2496e45e856e40eb6833763947167b443379490b9d1	none	0
work/_tasks/T05.json	427	b943f09f49903c40d2a34dde961e95b91f2084f1ee0a9c9cf3ef929b6c7a6d0b	b943f09f49903c40d2a34dde961e95b91f2084f1ee0a9c9cf3ef929b6c7a6d0b	none	0
work/_tasks/T06.json	172	410f3f182df498307be44b19ee3f8562e7c8711c0e11446336d4a8346887bd50	410f3f182df498307be44b19ee3f8562e7c8711c0e11446336d4a8346887bd50	none	0
work/_tasks/T07.json	621	611e000de3f32d449c33c023322e078157cddf5286f0b6cc3d06f4c15a7601dd	611e000de3f32d449c33c023322e078157cddf5286f0b6cc3d06f4c15a7601dd	none	0
work/_tasks/T08.json	534	cd41869f214ff8be397ec3e0e293ef5d15f23a81a62a271e46743068129d1c03	cd41869f214ff8be397ec3e0e293ef5d15f23a81a62a271e46743068129d1c03	none	0
work/_tasks/T09.json	483	cbe535e115724f07ae061e6a7e9dd509c697f42b100992a5808fa569dee175c4	cbe535e115724f07ae061e6a7e9dd509c697f42b100992a5808fa569dee175c4	none	0
work/_tasks/T10.json	2097	beda1ff8d9d2bb58e728ecdab263d23ff7f54dfafc9333575345c7672a616eaf	beda1ff8d9d2bb58e728ecdab263d23ff7f54dfafc9333575345c7672a616eaf	none	0
work/_tasks/T11.json	858	fa54f36e513742986ac6e067d1c33cf0f0f4793c0fd1d15a468336c8c4214f32	fa54f36e513742986ac6e067d1c33cf0f0f4793c0fd1d15a468336c8c4214f32	none	0
work/_tasks/T12.json	1027	bdc1135d0dd1523e61a6369e7a4a88110539daae9a82309988caf5ee33f8ad56	bdc1135d0dd1523e61a6369e7a4a88110539daae9a82309988caf5ee33f8ad56	none	0
work/_tasks/T13.json	1041	7536a5780a7c1544f4eb89225a326b65b616520f510eb57b9d85ff42e616d400	7536a5780a7c1544f4eb89225a326b65b616520f510eb57b9d85ff42e616d400	none	0
work/_tasks/T14.json	390	0b409314ae9384f8499114dc38b470ef06ca1acbbb30575bcab3b16622465798	0b409314ae9384f8499114dc38b470ef06ca1acbbb30575bcab3b16622465798	none	0
work/_tasks/T15.json	1299	8c468ad94d5f04a3a27870254ddc66faf361eff0a7bde2bcd92f8b9a38ceeb21	8c468ad94d5f04a3a27870254ddc66faf361eff0a7bde2bcd92f8b9a38ceeb21	none	0
work/_tasks/T16.json	902	75b30fc9d07ca4f784572614f57722f2948c209da4f13373d7c1f1ac6a2b0583	75b30fc9d07ca4f784572614f57722f2948c209da4f13373d7c1f1ac6a2b0583	none	0
work/_tasks/T17.json	177	b9416ad32eed6168ccc3e8db399cf0142947e2ff9bafc24189d64fddd9c8b4bf	b9416ad32eed6168ccc3e8db399cf0142947e2ff9bafc24189d64fddd9c8b4bf	none	0
work/_tasks/T18.json	2102	4d5f9621898caa46ac24e7c2f0177305c7662ceb7993905b4f5d90e77c254834	4d5f9621898caa46ac24e7c2f0177305c7662ceb7993905b4f5d90e77c254834	none	0
work/_tasks/T19.json	1265	654fa0a2a1a9431a902b8cd7c3d274a99221dfcaa4a97c24d7726f87af4d33ca	654fa0a2a1a9431a902b8cd7c3d274a99221dfcaa4a97c24d7726f87af4d33ca	none	0
work/_tasks/T20.json	1179	15a566f341ee4e215f1b61baeeb3a646e01a8465d362dad47d5bbe1ecf0d4ab2	15a566f341ee4e215f1b61baeeb3a646e01a8465d362dad47d5bbe1ecf0d4ab2	none	0
work/_tasks/T21.json	384	cb05678836d746fed8253077410de6c73fffab43e9502908552f923fc359c284	cb05678836d746fed8253077410de6c73fffab43e9502908552f923fc359c284	none	0
work/T01-G1-r1/TASK.md	967	b606bed4216b3ed4595e37ef67bddfeb73c975f9186773d3edf2174e1e048e7c	b606bed4216b3ed4595e37ef67bddfeb73c975f9186773d3edf2174e1e048e7c	none	0
work/T01-G1-r1/assemble-1790807690584.json	108	646aba86c678f8a5e979dea7e8ebba00d08cefce0149b47bc06acd52ad3f4e46	646aba86c678f8a5e979dea7e8ebba00d08cefce0149b47bc06acd52ad3f4e46	none	0
work/T01-G1-r1/compile.json	278	75ac978c1c12b9272fe96cd1ed748c23d62bcbdd431fe62e882eaa2f85fbd3fe	68c64cdf7957bedfef6e073328b88f3f3927b9c618b13ffa66cc912919590861	redact	2
work/T01-G1-r1/generator.log	4471	e2c46859b76631a537ee307cbf30381601c21692e09d34ec50dcfd421f89d84f	e2c46859b76631a537ee307cbf30381601c21692e09d34ec50dcfd421f89d84f	none	0
work/T01-G1-r1/io.json	1167	e1555a4ef6ca66f433d58210eb412859abf776a4183ad1025453acdf3cb75735	e1555a4ef6ca66f433d58210eb412859abf776a4183ad1025453acdf3cb75735	none	0
work/T01-G1-r1/out/program.ldprog.json	12936	b7f1336b6facba21d5bd618506cb83bd25ad68bc21faa33122fd5dca5ee659fa	b7f1336b6facba21d5bd618506cb83bd25ad68bc21faa33122fd5dca5ee659fa	none	0
work/T01-G1-r1/prompt-0.txt	139	f574f91dda2c5a6030fada50a200a5a9edff9fa307cdd629489e73cb51af700e	f574f91dda2c5a6030fada50a200a5a9edff9fa307cdd629489e73cb51af700e	none	0
work/T01-G1-r1/spec/TR-04_사양서_셀A_v1.md	6273	125d0821839a36878ad69ba1e0bdbb2103a98ac600fcfb18f687c4c4315041e8	125d0821839a36878ad69ba1e0bdbb2103a98ac600fcfb18f687c4c4315041e8	none	0
work/T01-G1-r1/unit.json	475	973007e6818f3633a86dfbec01707761af4a3e24df9d76aeca01ca2fdfc72543	973007e6818f3633a86dfbec01707761af4a3e24df9d76aeca01ca2fdfc72543	none	0
work/T01-G1-r2/TASK.md	967	b606bed4216b3ed4595e37ef67bddfeb73c975f9186773d3edf2174e1e048e7c	b606bed4216b3ed4595e37ef67bddfeb73c975f9186773d3edf2174e1e048e7c	none	0
work/T01-G1-r2/assemble-1790828021098.json	108	646aba86c678f8a5e979dea7e8ebba00d08cefce0149b47bc06acd52ad3f4e46	646aba86c678f8a5e979dea7e8ebba00d08cefce0149b47bc06acd52ad3f4e46	none	0
work/T01-G1-r2/compile.json	337	1751bf4a18fdee3d6ac4c1f48b05c05fe4402c6401b89af39d24077a16b3e114	2328d5aa852660cc7d4e0ab58b0809893e7e703942eebaf4479d3e290ace671c	redact	2
work/T01-G1-r2/generator.log	3878	d27cf04a3bf965f703369925e0efb0e2cdd45294b258c537286b4f6ba985c3f8	d27cf04a3bf965f703369925e0efb0e2cdd45294b258c537286b4f6ba985c3f8	none	0
work/T01-G1-r2/io.json	1167	e1555a4ef6ca66f433d58210eb412859abf776a4183ad1025453acdf3cb75735	e1555a4ef6ca66f433d58210eb412859abf776a4183ad1025453acdf3cb75735	none	0
work/T01-G1-r2/out/program.ldprog.json	15097	e067160d4912767d80d2228c422229bef73c87c830a2f04bfd7e76ff230028e8	e067160d4912767d80d2228c422229bef73c87c830a2f04bfd7e76ff230028e8	none	0
work/T01-G1-r2/prompt-0.txt	139	f574f91dda2c5a6030fada50a200a5a9edff9fa307cdd629489e73cb51af700e	f574f91dda2c5a6030fada50a200a5a9edff9fa307cdd629489e73cb51af700e	none	0
work/T01-G1-r2/spec/TR-04_사양서_셀A_v1.md	6273	125d0821839a36878ad69ba1e0bdbb2103a98ac600fcfb18f687c4c4315041e8	125d0821839a36878ad69ba1e0bdbb2103a98ac600fcfb18f687c4c4315041e8	none	0
work/T01-G1-r2/unit.json	476	d6c4be43f98b8b21d7f2e23c6638f1cefdc69001bedae330f6e5c7c1bd4cafd1	d6c4be43f98b8b21d7f2e23c6638f1cefdc69001bedae330f6e5c7c1bd4cafd1	none	0
work/T01-G1-r3/TASK.md	967	b606bed4216b3ed4595e37ef67bddfeb73c975f9186773d3edf2174e1e048e7c	b606bed4216b3ed4595e37ef67bddfeb73c975f9186773d3edf2174e1e048e7c	none	0
work/T01-G1-r3/assemble-1790834523665.json	108	646aba86c678f8a5e979dea7e8ebba00d08cefce0149b47bc06acd52ad3f4e46	646aba86c678f8a5e979dea7e8ebba00d08cefce0149b47bc06acd52ad3f4e46	none	0
work/T01-G1-r3/compile.json	335	e9499ea9bcfa90f932fbb383bedaac90b9b9708c4485edd2d1cde6b0538b7ae4	1af5e5fe0fb9fdc690aaea7a13a1753f466934472a0837e3ccc9694bab03abaf	redact	2
work/T01-G1-r3/generator.log	3793	39c95a8e9a44757f5366aeeaa3790e1ebcf2d5a826552cd19cf099727d6b53d5	39c95a8e9a44757f5366aeeaa3790e1ebcf2d5a826552cd19cf099727d6b53d5	none	0
work/T01-G1-r3/io.json	1167	e1555a4ef6ca66f433d58210eb412859abf776a4183ad1025453acdf3cb75735	e1555a4ef6ca66f433d58210eb412859abf776a4183ad1025453acdf3cb75735	none	0
work/T01-G1-r3/out/program.ldprog.json	14107	0edf84ca275822deb979e06190aa0ceaaf34997189454f2ef01b33f201d11133	0edf84ca275822deb979e06190aa0ceaaf34997189454f2ef01b33f201d11133	none	0
work/T01-G1-r3/prompt-0.txt	139	f574f91dda2c5a6030fada50a200a5a9edff9fa307cdd629489e73cb51af700e	f574f91dda2c5a6030fada50a200a5a9edff9fa307cdd629489e73cb51af700e	none	0
work/T01-G1-r3/spec/TR-04_사양서_셀A_v1.md	6273	125d0821839a36878ad69ba1e0bdbb2103a98ac600fcfb18f687c4c4315041e8	125d0821839a36878ad69ba1e0bdbb2103a98ac600fcfb18f687c4c4315041e8	none	0
work/T01-G1-r3/unit.json	476	ee1fbf646b383a496dbdef3fb51de8547ad7202c9b63b1510640c02548ee6d26	ee1fbf646b383a496dbdef3fb51de8547ad7202c9b63b1510640c02548ee6d26	none	0
work/T01-G2-r1/TASK.md	967	b606bed4216b3ed4595e37ef67bddfeb73c975f9186773d3edf2174e1e048e7c	b606bed4216b3ed4595e37ef67bddfeb73c975f9186773d3edf2174e1e048e7c	none	0
work/T01-G2-r1/assemble-1790839979814.json	108	646aba86c678f8a5e979dea7e8ebba00d08cefce0149b47bc06acd52ad3f4e46	646aba86c678f8a5e979dea7e8ebba00d08cefce0149b47bc06acd52ad3f4e46	none	0
work/T01-G2-r1/compile.json	278	16c26535898df3d0e47fd3fcf8d18f3dac0de0f808c01b256e5294685dc0b5a1	2b530c789e46596f34e9611581324de1a48a44336c55b0d489cda4bb8b24aa77	redact	2
work/T01-G2-r1/io.json	1167	e1555a4ef6ca66f433d58210eb412859abf776a4183ad1025453acdf3cb75735	e1555a4ef6ca66f433d58210eb412859abf776a4183ad1025453acdf3cb75735	none	0
work/T01-G2-r1/out/program.ldprog.json	19962	09a6f876b05fd8c624872dd9171fd0dd46fe414adb048ca6077a5d78b17629b0	09a6f876b05fd8c624872dd9171fd0dd46fe414adb048ca6077a5d78b17629b0	none	0
work/T01-G2-r1/prompt-0.txt	139	f574f91dda2c5a6030fada50a200a5a9edff9fa307cdd629489e73cb51af700e	f574f91dda2c5a6030fada50a200a5a9edff9fa307cdd629489e73cb51af700e	none	0
work/T01-G2-r1/spec/TR-04_사양서_셀A_v1.md	6273	125d0821839a36878ad69ba1e0bdbb2103a98ac600fcfb18f687c4c4315041e8	125d0821839a36878ad69ba1e0bdbb2103a98ac600fcfb18f687c4c4315041e8	none	0
work/T01-G2-r1/unit.json	475	c1456b68eee1032e5dfb4fa36cab7ee7a62e9bc7d8a95c15a10e262a6e692a2a	c1456b68eee1032e5dfb4fa36cab7ee7a62e9bc7d8a95c15a10e262a6e692a2a	none	0
work/T01-G2-r2/TASK.md	967	b606bed4216b3ed4595e37ef67bddfeb73c975f9186773d3edf2174e1e048e7c	b606bed4216b3ed4595e37ef67bddfeb73c975f9186773d3edf2174e1e048e7c	none	0
work/T01-G2-r2/assemble-1790841646763.json	108	646aba86c678f8a5e979dea7e8ebba00d08cefce0149b47bc06acd52ad3f4e46	646aba86c678f8a5e979dea7e8ebba00d08cefce0149b47bc06acd52ad3f4e46	none	0
work/T01-G2-r2/compile.json	278	18e3d01a8d252f2af52e6465da32f6334f99bf1e38afe5598a3be73c90a8316e	e4f6042af0a9ba93b7a805be81f4fe4c9ac769dc5f3939ee53bcfc3b9891c167	redact	2
work/T01-G2-r2/io.json	1167	e1555a4ef6ca66f433d58210eb412859abf776a4183ad1025453acdf3cb75735	e1555a4ef6ca66f433d58210eb412859abf776a4183ad1025453acdf3cb75735	none	0
work/T01-G2-r2/out/program.ldprog.json	20911	8fb0e9d332f067414c78c40aa41e33043625de9d55a77ad3b7ac98e1a5d3c93e	8fb0e9d332f067414c78c40aa41e33043625de9d55a77ad3b7ac98e1a5d3c93e	none	0
work/T01-G2-r2/prompt-0.txt	139	f574f91dda2c5a6030fada50a200a5a9edff9fa307cdd629489e73cb51af700e	f574f91dda2c5a6030fada50a200a5a9edff9fa307cdd629489e73cb51af700e	none	0
work/T01-G2-r2/spec/TR-04_사양서_셀A_v1.md	6273	125d0821839a36878ad69ba1e0bdbb2103a98ac600fcfb18f687c4c4315041e8	125d0821839a36878ad69ba1e0bdbb2103a98ac600fcfb18f687c4c4315041e8	none	0
work/T01-G2-r2/unit.json	475	a7f08028d446af72ceca95311e9a46fce5bbb6e2b675f581c798907e4fba5e8c	a7f08028d446af72ceca95311e9a46fce5bbb6e2b675f581c798907e4fba5e8c	none	0
work/T01-G2-r3/TASK.md	967	b606bed4216b3ed4595e37ef67bddfeb73c975f9186773d3edf2174e1e048e7c	b606bed4216b3ed4595e37ef67bddfeb73c975f9186773d3edf2174e1e048e7c	none	0
work/T01-G2-r3/assemble-1790843218943.json	108	646aba86c678f8a5e979dea7e8ebba00d08cefce0149b47bc06acd52ad3f4e46	646aba86c678f8a5e979dea7e8ebba00d08cefce0149b47bc06acd52ad3f4e46	none	0
work/T01-G2-r3/compile.json	278	23db85bbdb045400e38233ff5d5d5e6c70d5b65f8608151ae97b0844a76e3f56	f2219ee4c936f708180057046cc5fa36e0a304648a29d2e278ab5e44159a1f16	redact	2
work/T01-G2-r3/io.json	1167	e1555a4ef6ca66f433d58210eb412859abf776a4183ad1025453acdf3cb75735	e1555a4ef6ca66f433d58210eb412859abf776a4183ad1025453acdf3cb75735	none	0
work/T01-G2-r3/out/program.ldprog.json	21063	7f0591d140edbb554eba34a3af95549555cb37190783de40b002bb71a1cc7e20	7f0591d140edbb554eba34a3af95549555cb37190783de40b002bb71a1cc7e20	none	0
work/T01-G2-r3/prompt-0.txt	139	f574f91dda2c5a6030fada50a200a5a9edff9fa307cdd629489e73cb51af700e	f574f91dda2c5a6030fada50a200a5a9edff9fa307cdd629489e73cb51af700e	none	0
work/T01-G2-r3/spec/TR-04_사양서_셀A_v1.md	6273	125d0821839a36878ad69ba1e0bdbb2103a98ac600fcfb18f687c4c4315041e8	125d0821839a36878ad69ba1e0bdbb2103a98ac600fcfb18f687c4c4315041e8	none	0
work/T01-G2-r3/unit.json	475	cd001d04a1d1215f656be8da75503b67010d4bdf3ff2646bdf572df8f63ab0ef	cd001d04a1d1215f656be8da75503b67010d4bdf3ff2646bdf572df8f63ab0ef	none	0
work/T01-G3-r1/TASK.md	967	b606bed4216b3ed4595e37ef67bddfeb73c975f9186773d3edf2174e1e048e7c	b606bed4216b3ed4595e37ef67bddfeb73c975f9186773d3edf2174e1e048e7c	none	0
work/T01-G3-r1/assemble-1790844972965.json	108	646aba86c678f8a5e979dea7e8ebba00d08cefce0149b47bc06acd52ad3f4e46	646aba86c678f8a5e979dea7e8ebba00d08cefce0149b47bc06acd52ad3f4e46	none	0
work/T01-G3-r1/assemble-1790845271686.json	108	646aba86c678f8a5e979dea7e8ebba00d08cefce0149b47bc06acd52ad3f4e46	646aba86c678f8a5e979dea7e8ebba00d08cefce0149b47bc06acd52ad3f4e46	none	0
work/T01-G3-r1/assemble-1790845494805.json	108	646aba86c678f8a5e979dea7e8ebba00d08cefce0149b47bc06acd52ad3f4e46	646aba86c678f8a5e979dea7e8ebba00d08cefce0149b47bc06acd52ad3f4e46	none	0
work/T01-G3-r1/compile.json	1082	c07bc462e584efea9ede561c5195d8b8c015d4b9e2580d4404c856b9a2647949	eff04614230164620a50d08ff445cf875574d778aa0e32dda52176fca6c4e1bc	redact	4
work/T01-G3-r1/g3_reply_meta.json	394	4395022cb0a77e78b938cabf6b772741283c96a6941f341a46580f168f47141a	39fa478e5b3c7f7c942875c26789f2961c744c769b8ce7badfc41fa4e2fd52b0	redact	1
work/T01-G3-r1/generator.log	1002	9bb0c2ee504e64d450108b68ba4b21392a3d36c22d83d16af45b7f71f55d0d53	9bb0c2ee504e64d450108b68ba4b21392a3d36c22d83d16af45b7f71f55d0d53	none	0
work/T01-G3-r1/io.json	1167	e1555a4ef6ca66f433d58210eb412859abf776a4183ad1025453acdf3cb75735	e1555a4ef6ca66f433d58210eb412859abf776a4183ad1025453acdf3cb75735	none	0
work/T01-G3-r1/out/program.ldprog.json	12431	e71a89f187a9183e56dec6af3f54803164f534878055d8a34f0e7421e694f37a	e71a89f187a9183e56dec6af3f54803164f534878055d8a34f0e7421e694f37a	none	0
work/T01-G3-r1/prompt-0.txt	139	f574f91dda2c5a6030fada50a200a5a9edff9fa307cdd629489e73cb51af700e	f574f91dda2c5a6030fada50a200a5a9edff9fa307cdd629489e73cb51af700e	none	0
work/T01-G3-r1/prompt-1.txt	600	b795645aa260861031a33df0bafbb2a9e6fddc8989eea57ebaf19a273de40fd5	cfce4d919456202454058f6a9d1cbfec6c4f16488b9de0e31ab8ac0b8b176f72	redact	2
work/T01-G3-r1/prompt-2.txt	600	b795645aa260861031a33df0bafbb2a9e6fddc8989eea57ebaf19a273de40fd5	cfce4d919456202454058f6a9d1cbfec6c4f16488b9de0e31ab8ac0b8b176f72	redact	2
work/T01-G3-r1/spec/TR-04_사양서_셀A_v1.md	6273	125d0821839a36878ad69ba1e0bdbb2103a98ac600fcfb18f687c4c4315041e8	125d0821839a36878ad69ba1e0bdbb2103a98ac600fcfb18f687c4c4315041e8	none	0
work/T01-G3-r1/unit.json	2152	6e04b737cdbe3471c38bddade512d4ca8c12e88d5ce5a37b4ae31e3663d6f87a	d8b01dccb29c604ff19cd48dd5a952facee89916891a5fbbc40f1a28838db4fd	redact	6
work/T02-G1-r1/TASK.md	1571	2dd16786c3fb0062eedfd01b2d3d28b290154eb5cae7d8b94e7041268a62e0dc	2dd16786c3fb0062eedfd01b2d3d28b290154eb5cae7d8b94e7041268a62e0dc	none	0
work/T02-G1-r1/assemble-1790807736861.json	146	fee0f83f70792bb64e823bc06f963de6f8649fa037250de3e2d4267254747d76	fee0f83f70792bb64e823bc06f963de6f8649fa037250de3e2d4267254747d76	none	0
work/T02-G1-r1/base.ldprog.json	11812	de8d823257eff5776f3e940c502b3de9e43680ff4430fce2ab40b5741d81835b	de8d823257eff5776f3e940c502b3de9e43680ff4430fce2ab40b5741d81835b	none	0
work/T02-G1-r1/compile.json	278	bbff3710234df89f99a1bac953cf7b2af7b61fcc096b2850d2f25b7c4ccfc635	3a58357a892c993c43dd93aef669888ecbe86c93b59ad3572579b2a4bc9e9323	redact	2
work/T02-G1-r1/generator.log	3997	b49fcb979eda9d52f7be8511af1241dc6cf5766df5bc7253177ff9446ca92a1e	b49fcb979eda9d52f7be8511af1241dc6cf5766df5bc7253177ff9446ca92a1e	none	0
work/T02-G1-r1/io.json	1167	e1555a4ef6ca66f433d58210eb412859abf776a4183ad1025453acdf3cb75735	e1555a4ef6ca66f433d58210eb412859abf776a4183ad1025453acdf3cb75735	none	0
work/T02-G1-r1/out/blank.json	4748	48f259fb7bc3058cf12d1624146e54fd624209db6faf9e11fe33fcd34eee7e61	48f259fb7bc3058cf12d1624146e54fd624209db6faf9e11fe33fcd34eee7e61	none	0
work/T02-G1-r1/prompt-0.txt	139	f574f91dda2c5a6030fada50a200a5a9edff9fa307cdd629489e73cb51af700e	f574f91dda2c5a6030fada50a200a5a9edff9fa307cdd629489e73cb51af700e	none	0
work/T02-G1-r1/spec/TR-04_사양서_셀A_v1.md	6273	125d0821839a36878ad69ba1e0bdbb2103a98ac600fcfb18f687c4c4315041e8	125d0821839a36878ad69ba1e0bdbb2103a98ac600fcfb18f687c4c4315041e8	none	0
work/T02-G1-r1/unit.json	475	0628e13b1b706b00b47ea56b6ca8fe8a5478479ab9be7d7dbea1768597599198	0628e13b1b706b00b47ea56b6ca8fe8a5478479ab9be7d7dbea1768597599198	none	0
work/T02-G1-r2/TASK.md	1571	2dd16786c3fb0062eedfd01b2d3d28b290154eb5cae7d8b94e7041268a62e0dc	2dd16786c3fb0062eedfd01b2d3d28b290154eb5cae7d8b94e7041268a62e0dc	none	0
work/T02-G1-r2/assemble-1790828071084.json	146	fee0f83f70792bb64e823bc06f963de6f8649fa037250de3e2d4267254747d76	fee0f83f70792bb64e823bc06f963de6f8649fa037250de3e2d4267254747d76	none	0
work/T02-G1-r2/base.ldprog.json	11812	de8d823257eff5776f3e940c502b3de9e43680ff4430fce2ab40b5741d81835b	de8d823257eff5776f3e940c502b3de9e43680ff4430fce2ab40b5741d81835b	none	0
work/T02-G1-r2/compile.json	278	58f79508f5688b81c54a9ee9f9feb56cd618ebe8e258ae4f3c602f19cb2adb88	dc646b32e2fa26b0eb2d99659a857fa38ec7192e1dcf061b4e6be43a0b232578	redact	2
work/T02-G1-r2/generator.log	3936	9c783e84b8b7efca3178c49ee9d736a3e8760127ad5a99916f8900a43981a441	9c783e84b8b7efca3178c49ee9d736a3e8760127ad5a99916f8900a43981a441	none	0
work/T02-G1-r2/io.json	1167	e1555a4ef6ca66f433d58210eb412859abf776a4183ad1025453acdf3cb75735	e1555a4ef6ca66f433d58210eb412859abf776a4183ad1025453acdf3cb75735	none	0
work/T02-G1-r2/out/blank.json	5678	ebc9d0cdd4f56d485f0e01d3b597e71029d0cd1e22e02e8b2d5741fd92602fc5	ebc9d0cdd4f56d485f0e01d3b597e71029d0cd1e22e02e8b2d5741fd92602fc5	none	0
work/T02-G1-r2/prompt-0.txt	139	f574f91dda2c5a6030fada50a200a5a9edff9fa307cdd629489e73cb51af700e	f574f91dda2c5a6030fada50a200a5a9edff9fa307cdd629489e73cb51af700e	none	0
work/T02-G1-r2/spec/TR-04_사양서_셀A_v1.md	6273	125d0821839a36878ad69ba1e0bdbb2103a98ac600fcfb18f687c4c4315041e8	125d0821839a36878ad69ba1e0bdbb2103a98ac600fcfb18f687c4c4315041e8	none	0
work/T02-G1-r2/unit.json	475	925074ea850fa3cbb21ae5c95b2d1f361b20d4d5d71b4a05f5cba3b759360657	925074ea850fa3cbb21ae5c95b2d1f361b20d4d5d71b4a05f5cba3b759360657	none	0
work/T02-G1-r3/TASK.md	1571	2dd16786c3fb0062eedfd01b2d3d28b290154eb5cae7d8b94e7041268a62e0dc	2dd16786c3fb0062eedfd01b2d3d28b290154eb5cae7d8b94e7041268a62e0dc	none	0
work/T02-G1-r3/assemble-1790834576651.json	146	fee0f83f70792bb64e823bc06f963de6f8649fa037250de3e2d4267254747d76	fee0f83f70792bb64e823bc06f963de6f8649fa037250de3e2d4267254747d76	none	0
work/T02-G1-r3/base.ldprog.json	11812	de8d823257eff5776f3e940c502b3de9e43680ff4430fce2ab40b5741d81835b	de8d823257eff5776f3e940c502b3de9e43680ff4430fce2ab40b5741d81835b	none	0
work/T02-G1-r3/compile.json	278	8a97f609fa9c3ab10faf9a455e92442940d8e7a78c0dde43c26b2528ce6dcfcc	754a738665cd01139a597670edd7c0bb6e5fa3132714b3ac7eef3caad34e807a	redact	2
work/T02-G1-r3/generator.log	4215	e4b5ab568ca9a420d72174d5b0d5f5e570bcac9929e4c0888684cd2deb420843	e4b5ab568ca9a420d72174d5b0d5f5e570bcac9929e4c0888684cd2deb420843	none	0
work/T02-G1-r3/io.json	1167	e1555a4ef6ca66f433d58210eb412859abf776a4183ad1025453acdf3cb75735	e1555a4ef6ca66f433d58210eb412859abf776a4183ad1025453acdf3cb75735	none	0
work/T02-G1-r3/out/blank.json	5936	8bb01c3d14d8e420baae6dcb83a7a7f08d6266fb544525a0423f4e0f7ec78364	8bb01c3d14d8e420baae6dcb83a7a7f08d6266fb544525a0423f4e0f7ec78364	none	0
work/T02-G1-r3/prompt-0.txt	139	f574f91dda2c5a6030fada50a200a5a9edff9fa307cdd629489e73cb51af700e	f574f91dda2c5a6030fada50a200a5a9edff9fa307cdd629489e73cb51af700e	none	0
work/T02-G1-r3/spec/TR-04_사양서_셀A_v1.md	6273	125d0821839a36878ad69ba1e0bdbb2103a98ac600fcfb18f687c4c4315041e8	125d0821839a36878ad69ba1e0bdbb2103a98ac600fcfb18f687c4c4315041e8	none	0
work/T02-G1-r3/unit.json	475	d7c6d9d9fd4d66eec88f3ea4fa03c9faec10b353b06bcd038e04387d8dea3ba0	d7c6d9d9fd4d66eec88f3ea4fa03c9faec10b353b06bcd038e04387d8dea3ba0	none	0
work/T02-G2-r1/TASK.md	1571	2dd16786c3fb0062eedfd01b2d3d28b290154eb5cae7d8b94e7041268a62e0dc	2dd16786c3fb0062eedfd01b2d3d28b290154eb5cae7d8b94e7041268a62e0dc	none	0
work/T02-G2-r1/assemble-1790840009997.json	146	fee0f83f70792bb64e823bc06f963de6f8649fa037250de3e2d4267254747d76	fee0f83f70792bb64e823bc06f963de6f8649fa037250de3e2d4267254747d76	none	0
work/T02-G2-r1/base.ldprog.json	11812	de8d823257eff5776f3e940c502b3de9e43680ff4430fce2ab40b5741d81835b	de8d823257eff5776f3e940c502b3de9e43680ff4430fce2ab40b5741d81835b	none	0
work/T02-G2-r1/compile.json	278	6648c74c1b65bd60a27718cfd42836fa9241378736cc9637ea61f4ed47817314	e91e5b1012134fa18564237edc3669804cd32507613945f7cf63fa0a28d1550c	redact	2
work/T02-G2-r1/io.json	1167	e1555a4ef6ca66f433d58210eb412859abf776a4183ad1025453acdf3cb75735	e1555a4ef6ca66f433d58210eb412859abf776a4183ad1025453acdf3cb75735	none	0
work/T02-G2-r1/out/blank.json	7572	517b53fb29dad242fc6c03fb883d434e16acdd3ac3b2939f89201bf7500875c1	517b53fb29dad242fc6c03fb883d434e16acdd3ac3b2939f89201bf7500875c1	none	0
work/T02-G2-r1/prompt-0.txt	139	f574f91dda2c5a6030fada50a200a5a9edff9fa307cdd629489e73cb51af700e	f574f91dda2c5a6030fada50a200a5a9edff9fa307cdd629489e73cb51af700e	none	0
work/T02-G2-r1/spec/TR-04_사양서_셀A_v1.md	6273	125d0821839a36878ad69ba1e0bdbb2103a98ac600fcfb18f687c4c4315041e8	125d0821839a36878ad69ba1e0bdbb2103a98ac600fcfb18f687c4c4315041e8	none	0
work/T02-G2-r1/unit.json	475	f6f801b358f296199fcff4fa0cc1b4b646135b823eae202ef475bbfd1d16fb5a	f6f801b358f296199fcff4fa0cc1b4b646135b823eae202ef475bbfd1d16fb5a	none	0
work/T02-G2-r2/TASK.md	1571	2dd16786c3fb0062eedfd01b2d3d28b290154eb5cae7d8b94e7041268a62e0dc	2dd16786c3fb0062eedfd01b2d3d28b290154eb5cae7d8b94e7041268a62e0dc	none	0
work/T02-G2-r2/assemble-1790841675923.json	146	fee0f83f70792bb64e823bc06f963de6f8649fa037250de3e2d4267254747d76	fee0f83f70792bb64e823bc06f963de6f8649fa037250de3e2d4267254747d76	none	0
work/T02-G2-r2/base.ldprog.json	11812	de8d823257eff5776f3e940c502b3de9e43680ff4430fce2ab40b5741d81835b	de8d823257eff5776f3e940c502b3de9e43680ff4430fce2ab40b5741d81835b	none	0
work/T02-G2-r2/compile.json	278	e73eb94e7e203b71496c8cbf676bfd777a774086e93e4ee801f51d09c6b599dd	11acb7b0a527b0eae06ec5d7708f0f95b26cdc0b26a2a0555f22ee0d3f8d48cf	redact	2
work/T02-G2-r2/io.json	1167	e1555a4ef6ca66f433d58210eb412859abf776a4183ad1025453acdf3cb75735	e1555a4ef6ca66f433d58210eb412859abf776a4183ad1025453acdf3cb75735	none	0
work/T02-G2-r2/out/blank.json	7464	ba801827e5e7efafa378964570607c0080927f0a64ec045a9058ceffc717821a	ba801827e5e7efafa378964570607c0080927f0a64ec045a9058ceffc717821a	none	0
work/T02-G2-r2/prompt-0.txt	139	f574f91dda2c5a6030fada50a200a5a9edff9fa307cdd629489e73cb51af700e	f574f91dda2c5a6030fada50a200a5a9edff9fa307cdd629489e73cb51af700e	none	0
work/T02-G2-r2/spec/TR-04_사양서_셀A_v1.md	6273	125d0821839a36878ad69ba1e0bdbb2103a98ac600fcfb18f687c4c4315041e8	125d0821839a36878ad69ba1e0bdbb2103a98ac600fcfb18f687c4c4315041e8	none	0
work/T02-G2-r2/unit.json	475	e6a8384d7090b6854bf55455b570c217cde3aaae10f0614bd8c06ae62732eba3	e6a8384d7090b6854bf55455b570c217cde3aaae10f0614bd8c06ae62732eba3	none	0
work/T02-G2-r3/TASK.md	1571	2dd16786c3fb0062eedfd01b2d3d28b290154eb5cae7d8b94e7041268a62e0dc	2dd16786c3fb0062eedfd01b2d3d28b290154eb5cae7d8b94e7041268a62e0dc	none	0
work/T02-G2-r3/assemble-1790843255089.json	146	fee0f83f70792bb64e823bc06f963de6f8649fa037250de3e2d4267254747d76	fee0f83f70792bb64e823bc06f963de6f8649fa037250de3e2d4267254747d76	none	0
work/T02-G2-r3/base.ldprog.json	11812	de8d823257eff5776f3e940c502b3de9e43680ff4430fce2ab40b5741d81835b	de8d823257eff5776f3e940c502b3de9e43680ff4430fce2ab40b5741d81835b	none	0
work/T02-G2-r3/compile.json	278	cf325040e3cb201d74bf649071a2db49a4b34b3fe65f8bf423993434d9beb5ed	b4bc6650545bc0757c40002513901c9b81250045e1a54876b87f7c1ea95fb101	redact	2
work/T02-G2-r3/io.json	1167	e1555a4ef6ca66f433d58210eb412859abf776a4183ad1025453acdf3cb75735	e1555a4ef6ca66f433d58210eb412859abf776a4183ad1025453acdf3cb75735	none	0
work/T02-G2-r3/out/blank.json	7477	fa92fd0fedca9be872d84908b4aa671590c1b5ddf67d5361fd2fcf075cdbc09d	fa92fd0fedca9be872d84908b4aa671590c1b5ddf67d5361fd2fcf075cdbc09d	none	0
work/T02-G2-r3/prompt-0.txt	139	f574f91dda2c5a6030fada50a200a5a9edff9fa307cdd629489e73cb51af700e	f574f91dda2c5a6030fada50a200a5a9edff9fa307cdd629489e73cb51af700e	none	0
work/T02-G2-r3/spec/TR-04_사양서_셀A_v1.md	6273	125d0821839a36878ad69ba1e0bdbb2103a98ac600fcfb18f687c4c4315041e8	125d0821839a36878ad69ba1e0bdbb2103a98ac600fcfb18f687c4c4315041e8	none	0
work/T02-G2-r3/unit.json	475	8c9b4284727a56d11ce26a554d9a518c01cb4da5557f9b6fb37cc8c26ebc4102	8c9b4284727a56d11ce26a554d9a518c01cb4da5557f9b6fb37cc8c26ebc4102	none	0
work/T02-G3-r1/TASK.md	1571	2dd16786c3fb0062eedfd01b2d3d28b290154eb5cae7d8b94e7041268a62e0dc	2dd16786c3fb0062eedfd01b2d3d28b290154eb5cae7d8b94e7041268a62e0dc	none	0
work/T02-G3-r1/assemble-1790845664169.json	146	b58909623ca13b4a14c0ed750281ced2b9a9d0679f5ac091314b82d479d9d99f	b58909623ca13b4a14c0ed750281ced2b9a9d0679f5ac091314b82d479d9d99f	none	0
work/T02-G3-r1/base.ldprog.json	11812	de8d823257eff5776f3e940c502b3de9e43680ff4430fce2ab40b5741d81835b	de8d823257eff5776f3e940c502b3de9e43680ff4430fce2ab40b5741d81835b	none	0
work/T02-G3-r1/compile.json	278	2a3046cf612de2db420a9a270c1e76ee141da7b477dccf63cad45fff2815d75c	de2b0a13f7485c825b00b29e0b25fee9905c8cfaeb20a4a7ee79d3c6e4d2d17f	redact	2
work/T02-G3-r1/g3_reply_meta.json	394	55c74bae7817a8845976c4e127b6b4f537645830531b8d0805d88565b82741fa	46ef78a2ef675d35ae6a8f558dcaa99d591c6d36414d43656c86253b6ea1035c	redact	1
work/T02-G3-r1/generator.log	334	ce635754644a4947a2303a55636bd69a1c9a1f2773361d905411f59b1988b47c	ce635754644a4947a2303a55636bd69a1c9a1f2773361d905411f59b1988b47c	none	0
work/T02-G3-r1/io.json	1167	e1555a4ef6ca66f433d58210eb412859abf776a4183ad1025453acdf3cb75735	e1555a4ef6ca66f433d58210eb412859abf776a4183ad1025453acdf3cb75735	none	0
work/T02-G3-r1/out/blank.json	12699	a920922b65feb7319d4e15cd98c2e5065a0fcecadfe6d2d141ca3b45a974a9b3	a920922b65feb7319d4e15cd98c2e5065a0fcecadfe6d2d141ca3b45a974a9b3	none	0
work/T02-G3-r1/prompt-0.txt	139	f574f91dda2c5a6030fada50a200a5a9edff9fa307cdd629489e73cb51af700e	f574f91dda2c5a6030fada50a200a5a9edff9fa307cdd629489e73cb51af700e	none	0
work/T02-G3-r1/spec/TR-04_사양서_셀A_v1.md	6273	125d0821839a36878ad69ba1e0bdbb2103a98ac600fcfb18f687c4c4315041e8	125d0821839a36878ad69ba1e0bdbb2103a98ac600fcfb18f687c4c4315041e8	none	0
work/T02-G3-r1/unit.json	472	25063eea7569de1267e24b9427e1a6a72fd1fd44199e28dae4444d7fce0532a8	25063eea7569de1267e24b9427e1a6a72fd1fd44199e28dae4444d7fce0532a8	none	0
work/T03-G1-r1/TASK.md	1592	f87ab02e3d42340a535c40e44101357ae2c0a8579a67ce8fd7ecd2fca6907f6f	f87ab02e3d42340a535c40e44101357ae2c0a8579a67ce8fd7ecd2fca6907f6f	none	0
work/T03-G1-r1/assemble-1790807770228.json	146	0d6c54d7757eaaa479166e714090bcd70115bdabe312ff36f28ebab4d980b17a	0d6c54d7757eaaa479166e714090bcd70115bdabe312ff36f28ebab4d980b17a	none	0
work/T03-G1-r1/base.ldprog.json	15870	a713d2d1a17c88214f6b84553af4748f9d48c8cae97df4f45c9d9b9c712b38c9	a713d2d1a17c88214f6b84553af4748f9d48c8cae97df4f45c9d9b9c712b38c9	none	0
work/T03-G1-r1/compile.json	278	0e23ff50a6ebf0ea3fa1bd89d13c9c65906d0fbeb78890769cd79f6307771381	6b323053bc7008570b132fd9644fe2866b298211e9347ff397e507d3f31973f3	redact	2
work/T03-G1-r1/generator.log	4161	8b38ba347603b719532c69015f4032d803880ccaa5e6160190368577bd5c0b7d	8b38ba347603b719532c69015f4032d803880ccaa5e6160190368577bd5c0b7d	none	0
work/T03-G1-r1/io.json	1167	e1555a4ef6ca66f433d58210eb412859abf776a4183ad1025453acdf3cb75735	e1555a4ef6ca66f433d58210eb412859abf776a4183ad1025453acdf3cb75735	none	0
work/T03-G1-r1/out/blank.json	1766	6dcb16fe780abbe33feab0ec816dc3869618bf8a0ddb1516f62b84ec0c41e0db	6dcb16fe780abbe33feab0ec816dc3869618bf8a0ddb1516f62b84ec0c41e0db	none	0
work/T03-G1-r1/prompt-0.txt	139	f574f91dda2c5a6030fada50a200a5a9edff9fa307cdd629489e73cb51af700e	f574f91dda2c5a6030fada50a200a5a9edff9fa307cdd629489e73cb51af700e	none	0
work/T03-G1-r1/spec/TR-04_사양서_셀A_v1.md	6273	125d0821839a36878ad69ba1e0bdbb2103a98ac600fcfb18f687c4c4315041e8	125d0821839a36878ad69ba1e0bdbb2103a98ac600fcfb18f687c4c4315041e8	none	0
work/T03-G1-r1/unit.json	475	897d4cdf0e0d22737a765ea19bc97169a9cc50fc7094a217f37eb33e0171d9ae	897d4cdf0e0d22737a765ea19bc97169a9cc50fc7094a217f37eb33e0171d9ae	none	0
work/T03-G1-r2/TASK.md	1592	f87ab02e3d42340a535c40e44101357ae2c0a8579a67ce8fd7ecd2fca6907f6f	f87ab02e3d42340a535c40e44101357ae2c0a8579a67ce8fd7ecd2fca6907f6f	none	0
work/T03-G1-r2/assemble-1790828101645.json	146	0d6c54d7757eaaa479166e714090bcd70115bdabe312ff36f28ebab4d980b17a	0d6c54d7757eaaa479166e714090bcd70115bdabe312ff36f28ebab4d980b17a	none	0
work/T03-G1-r2/base.ldprog.json	15870	a713d2d1a17c88214f6b84553af4748f9d48c8cae97df4f45c9d9b9c712b38c9	a713d2d1a17c88214f6b84553af4748f9d48c8cae97df4f45c9d9b9c712b38c9	none	0
work/T03-G1-r2/compile.json	278	f067cf244dd2120474a3c26ce67316316351ae1f37b4b18f147b24e88d856775	f74b24de457ecd91004b217d883643f7f9d16796a8eb14fdbe53fa05e1077c9d	redact	2
work/T03-G1-r2/generator.log	3747	4012addd4ebe2b6229b7f93c8ba99aaf3750768f7d43597ba330289fa09fe2aa	4012addd4ebe2b6229b7f93c8ba99aaf3750768f7d43597ba330289fa09fe2aa	none	0
work/T03-G1-r2/io.json	1167	e1555a4ef6ca66f433d58210eb412859abf776a4183ad1025453acdf3cb75735	e1555a4ef6ca66f433d58210eb412859abf776a4183ad1025453acdf3cb75735	none	0
work/T03-G1-r2/out/blank.json	1785	f17466e57af35909e4caa06d5bbf9ace8fb285d5d2e1e6786bad729d93ba9c28	f17466e57af35909e4caa06d5bbf9ace8fb285d5d2e1e6786bad729d93ba9c28	none	0
work/T03-G1-r2/prompt-0.txt	139	f574f91dda2c5a6030fada50a200a5a9edff9fa307cdd629489e73cb51af700e	f574f91dda2c5a6030fada50a200a5a9edff9fa307cdd629489e73cb51af700e	none	0
work/T03-G1-r2/spec/TR-04_사양서_셀A_v1.md	6273	125d0821839a36878ad69ba1e0bdbb2103a98ac600fcfb18f687c4c4315041e8	125d0821839a36878ad69ba1e0bdbb2103a98ac600fcfb18f687c4c4315041e8	none	0
work/T03-G1-r2/unit.json	475	a8b5da05bc1b2cb9a8c173227c3739fdff36dab5bc8f449880b7403df8dd5faf	a8b5da05bc1b2cb9a8c173227c3739fdff36dab5bc8f449880b7403df8dd5faf	none	0
work/T03-G1-r3/TASK.md	1592	f87ab02e3d42340a535c40e44101357ae2c0a8579a67ce8fd7ecd2fca6907f6f	f87ab02e3d42340a535c40e44101357ae2c0a8579a67ce8fd7ecd2fca6907f6f	none	0
work/T03-G1-r3/assemble-1790834607907.json	146	0d6c54d7757eaaa479166e714090bcd70115bdabe312ff36f28ebab4d980b17a	0d6c54d7757eaaa479166e714090bcd70115bdabe312ff36f28ebab4d980b17a	none	0
work/T03-G1-r3/base.ldprog.json	15870	a713d2d1a17c88214f6b84553af4748f9d48c8cae97df4f45c9d9b9c712b38c9	a713d2d1a17c88214f6b84553af4748f9d48c8cae97df4f45c9d9b9c712b38c9	none	0
work/T03-G1-r3/compile.json	278	dae5cc5a769b884a39481184f430d8c4071af4791d1e002a93ec32385c46b0ad	efd459902d3da314ede5f84a47e642f6104c47ec614dc62051d37462b9bd5a93	redact	2
work/T03-G1-r3/generator.log	3660	20d4bd8b86c1e162e7c4ef204a1a533b7a1beafd16af917ef4bb0f685cd5d970	20d4bd8b86c1e162e7c4ef204a1a533b7a1beafd16af917ef4bb0f685cd5d970	none	0
work/T03-G1-r3/io.json	1167	e1555a4ef6ca66f433d58210eb412859abf776a4183ad1025453acdf3cb75735	e1555a4ef6ca66f433d58210eb412859abf776a4183ad1025453acdf3cb75735	none	0
work/T03-G1-r3/out/blank.json	1774	fcbca358f12534930503a5109dec15b4597e3acdfd22441e4d41e9d72a028cbe	fcbca358f12534930503a5109dec15b4597e3acdfd22441e4d41e9d72a028cbe	none	0
work/T03-G1-r3/prompt-0.txt	139	f574f91dda2c5a6030fada50a200a5a9edff9fa307cdd629489e73cb51af700e	f574f91dda2c5a6030fada50a200a5a9edff9fa307cdd629489e73cb51af700e	none	0
work/T03-G1-r3/spec/TR-04_사양서_셀A_v1.md	6273	125d0821839a36878ad69ba1e0bdbb2103a98ac600fcfb18f687c4c4315041e8	125d0821839a36878ad69ba1e0bdbb2103a98ac600fcfb18f687c4c4315041e8	none	0
work/T03-G1-r3/unit.json	475	e88ed245d20364a334b30e2d1b85b5ee6e27ae5065af292161e697036309671e	e88ed245d20364a334b30e2d1b85b5ee6e27ae5065af292161e697036309671e	none	0
work/T03-G2-r1/TASK.md	1592	f87ab02e3d42340a535c40e44101357ae2c0a8579a67ce8fd7ecd2fca6907f6f	f87ab02e3d42340a535c40e44101357ae2c0a8579a67ce8fd7ecd2fca6907f6f	none	0
work/T03-G2-r1/assemble-1790840031901.json	146	0d6c54d7757eaaa479166e714090bcd70115bdabe312ff36f28ebab4d980b17a	0d6c54d7757eaaa479166e714090bcd70115bdabe312ff36f28ebab4d980b17a	none	0
work/T03-G2-r1/base.ldprog.json	15870	a713d2d1a17c88214f6b84553af4748f9d48c8cae97df4f45c9d9b9c712b38c9	a713d2d1a17c88214f6b84553af4748f9d48c8cae97df4f45c9d9b9c712b38c9	none	0
work/T03-G2-r1/compile.json	278	6b4c881074e5e47755716ed59a91d12e869cb0925ba8a6c5c145d2990bd6e27f	7aa86ecd375852f134e5dec51f709e283e0f614d74548f109e1826a9bd113112	redact	2
work/T03-G2-r1/io.json	1167	e1555a4ef6ca66f433d58210eb412859abf776a4183ad1025453acdf3cb75735	e1555a4ef6ca66f433d58210eb412859abf776a4183ad1025453acdf3cb75735	none	0
work/T03-G2-r1/out/blank.json	2005	21cd5b73e556504be4eb06071a6d429ab9b74a9cb8e01ffb364d1c17ddc92b1c	21cd5b73e556504be4eb06071a6d429ab9b74a9cb8e01ffb364d1c17ddc92b1c	none	0
work/T03-G2-r1/prompt-0.txt	139	f574f91dda2c5a6030fada50a200a5a9edff9fa307cdd629489e73cb51af700e	f574f91dda2c5a6030fada50a200a5a9edff9fa307cdd629489e73cb51af700e	none	0
work/T03-G2-r1/spec/TR-04_사양서_셀A_v1.md	6273	125d0821839a36878ad69ba1e0bdbb2103a98ac600fcfb18f687c4c4315041e8	125d0821839a36878ad69ba1e0bdbb2103a98ac600fcfb18f687c4c4315041e8	none	0
work/T03-G2-r1/unit.json	475	f05108b0dc5f7c3810ac44fa725f807fe80bb48e1435c23cc0103f5783c17db9	f05108b0dc5f7c3810ac44fa725f807fe80bb48e1435c23cc0103f5783c17db9	none	0
work/T03-G2-r2/TASK.md	1592	f87ab02e3d42340a535c40e44101357ae2c0a8579a67ce8fd7ecd2fca6907f6f	f87ab02e3d42340a535c40e44101357ae2c0a8579a67ce8fd7ecd2fca6907f6f	none	0
work/T03-G2-r2/assemble-1790841701976.json	146	0d6c54d7757eaaa479166e714090bcd70115bdabe312ff36f28ebab4d980b17a	0d6c54d7757eaaa479166e714090bcd70115bdabe312ff36f28ebab4d980b17a	none	0
work/T03-G2-r2/base.ldprog.json	15870	a713d2d1a17c88214f6b84553af4748f9d48c8cae97df4f45c9d9b9c712b38c9	a713d2d1a17c88214f6b84553af4748f9d48c8cae97df4f45c9d9b9c712b38c9	none	0
work/T03-G2-r2/compile.json	278	d59935d28c77f7bf6b72c276a75128718f3136aa3d070b63e363f78afffc686d	7a0fd85dfb6764198840ee505d8510d787bae8332f6c9e24ef3289e1e27525cd	redact	2
work/T03-G2-r2/io.json	1167	e1555a4ef6ca66f433d58210eb412859abf776a4183ad1025453acdf3cb75735	e1555a4ef6ca66f433d58210eb412859abf776a4183ad1025453acdf3cb75735	none	0
work/T03-G2-r2/out/blank.json	1531	7a1b473f10b9e8688f1c314944ae457ba5aadb983162cf7446a5db7ab28b5708	7a1b473f10b9e8688f1c314944ae457ba5aadb983162cf7446a5db7ab28b5708	none	0
work/T03-G2-r2/prompt-0.txt	139	f574f91dda2c5a6030fada50a200a5a9edff9fa307cdd629489e73cb51af700e	f574f91dda2c5a6030fada50a200a5a9edff9fa307cdd629489e73cb51af700e	none	0
work/T03-G2-r2/spec/TR-04_사양서_셀A_v1.md	6273	125d0821839a36878ad69ba1e0bdbb2103a98ac600fcfb18f687c4c4315041e8	125d0821839a36878ad69ba1e0bdbb2103a98ac600fcfb18f687c4c4315041e8	none	0
work/T03-G2-r2/unit.json	475	74289df6005f28fe5dbed5ee9b18c68628ecb2a85b42fcd87ffbe933ea3e3a2e	74289df6005f28fe5dbed5ee9b18c68628ecb2a85b42fcd87ffbe933ea3e3a2e	none	0
work/T03-G2-r3/TASK.md	1592	f87ab02e3d42340a535c40e44101357ae2c0a8579a67ce8fd7ecd2fca6907f6f	f87ab02e3d42340a535c40e44101357ae2c0a8579a67ce8fd7ecd2fca6907f6f	none	0
work/T03-G2-r3/assemble-1790843281002.json	146	0d6c54d7757eaaa479166e714090bcd70115bdabe312ff36f28ebab4d980b17a	0d6c54d7757eaaa479166e714090bcd70115bdabe312ff36f28ebab4d980b17a	none	0
work/T03-G2-r3/base.ldprog.json	15870	a713d2d1a17c88214f6b84553af4748f9d48c8cae97df4f45c9d9b9c712b38c9	a713d2d1a17c88214f6b84553af4748f9d48c8cae97df4f45c9d9b9c712b38c9	none	0
work/T03-G2-r3/compile.json	278	85af4c2066f75a7b0db1a49a21d5365c271db5947a6d79fb8847cc044e400b73	f1b89d3d5405eb4207c50b3cc08cd407b96d787216ed843ffb28e11334ee72b6	redact	2
work/T03-G2-r3/io.json	1167	e1555a4ef6ca66f433d58210eb412859abf776a4183ad1025453acdf3cb75735	e1555a4ef6ca66f433d58210eb412859abf776a4183ad1025453acdf3cb75735	none	0
work/T03-G2-r3/out/blank.json	1993	2a27b62e1b787a53c597e9234cf109a268826f9ccbddafff6e7d5e80e16cf120	2a27b62e1b787a53c597e9234cf109a268826f9ccbddafff6e7d5e80e16cf120	none	0
work/T03-G2-r3/prompt-0.txt	139	f574f91dda2c5a6030fada50a200a5a9edff9fa307cdd629489e73cb51af700e	f574f91dda2c5a6030fada50a200a5a9edff9fa307cdd629489e73cb51af700e	none	0
work/T03-G2-r3/spec/TR-04_사양서_셀A_v1.md	6273	125d0821839a36878ad69ba1e0bdbb2103a98ac600fcfb18f687c4c4315041e8	125d0821839a36878ad69ba1e0bdbb2103a98ac600fcfb18f687c4c4315041e8	none	0
work/T03-G2-r3/unit.json	475	70b23e6ec3518974fdc842e4544b4fdaef6918760b17355c73393616648b177d	70b23e6ec3518974fdc842e4544b4fdaef6918760b17355c73393616648b177d	none	0
work/T03-G3-r1/TASK.md	1592	f87ab02e3d42340a535c40e44101357ae2c0a8579a67ce8fd7ecd2fca6907f6f	f87ab02e3d42340a535c40e44101357ae2c0a8579a67ce8fd7ecd2fca6907f6f	none	0
work/T03-G3-r1/assemble-1790845730673.json	146	0d6c54d7757eaaa479166e714090bcd70115bdabe312ff36f28ebab4d980b17a	0d6c54d7757eaaa479166e714090bcd70115bdabe312ff36f28ebab4d980b17a	none	0
work/T03-G3-r1/base.ldprog.json	15870	a713d2d1a17c88214f6b84553af4748f9d48c8cae97df4f45c9d9b9c712b38c9	a713d2d1a17c88214f6b84553af4748f9d48c8cae97df4f45c9d9b9c712b38c9	none	0
work/T03-G3-r1/compile.json	278	c60071a0925e72330a4f205498922c3728b487f30be47dccbccf28a9971fafe6	6b5c4c5a95bb6e3f1b1a9dca674a4d46c3d3690582e866f6319b538b251e624a	redact	2
work/T03-G3-r1/g3_reply_meta.json	394	4c075399c893fe6c1d6049283471c87af78002916861ee56356cf9c065ad64f3	f9612c4f6b99adb26c289d6e5ae46e4c18f24754ba90f85f37ad2bb432dc837e	redact	1
work/T03-G3-r1/generator.log	334	ce635754644a4947a2303a55636bd69a1c9a1f2773361d905411f59b1988b47c	ce635754644a4947a2303a55636bd69a1c9a1f2773361d905411f59b1988b47c	none	0
work/T03-G3-r1/io.json	1167	e1555a4ef6ca66f433d58210eb412859abf776a4183ad1025453acdf3cb75735	e1555a4ef6ca66f433d58210eb412859abf776a4183ad1025453acdf3cb75735	none	0
work/T03-G3-r1/out/blank.json	2576	e844eafeadf125c7959ddced43260af5362b3dcb697ee07a3854e9e70e7c5e6a	e844eafeadf125c7959ddced43260af5362b3dcb697ee07a3854e9e70e7c5e6a	none	0
work/T03-G3-r1/prompt-0.txt	139	f574f91dda2c5a6030fada50a200a5a9edff9fa307cdd629489e73cb51af700e	f574f91dda2c5a6030fada50a200a5a9edff9fa307cdd629489e73cb51af700e	none	0
work/T03-G3-r1/spec/TR-04_사양서_셀A_v1.md	6273	125d0821839a36878ad69ba1e0bdbb2103a98ac600fcfb18f687c4c4315041e8	125d0821839a36878ad69ba1e0bdbb2103a98ac600fcfb18f687c4c4315041e8	none	0
work/T03-G3-r1/unit.json	471	62323bdabd698c5180760633be2d4eeef45a4c6dbaffa83e8b93a22fbca43879	62323bdabd698c5180760633be2d4eeef45a4c6dbaffa83e8b93a22fbca43879	none	0
work/T04-G1-r1/TASK.md	1603	fb2b529ee07ac240c6efcf29dba755521961cf0ca7e323690d0fc0eb1677864e	fb2b529ee07ac240c6efcf29dba755521961cf0ca7e323690d0fc0eb1677864e	none	0
work/T04-G1-r1/assemble-1790807808257.json	146	9cb6db067df0f11c553341d41841ae6873689a6470611d73493c13198a381db4	9cb6db067df0f11c553341d41841ae6873689a6470611d73493c13198a381db4	none	0
work/T04-G1-r1/base.ldprog.json	13033	ae455568dc3930349bc89bfe9feadd9f3f9b3469e8359227574cfa16726994cc	ae455568dc3930349bc89bfe9feadd9f3f9b3469e8359227574cfa16726994cc	none	0
work/T04-G1-r1/compile.json	278	461d0b34890748325a9e9e7490db8548e64a7c8a1afe1fda6c789382f03bf0da	752a5e4c7737a0e6887f0d8ab3fe53821a883b426d2fa1f5c0de608bbe07a8d9	redact	2
work/T04-G1-r1/generator.log	3989	e40351a67fa52998326f8bfd592cc9d5a3f81884c67c6797a6d5398fecc94359	e40351a67fa52998326f8bfd592cc9d5a3f81884c67c6797a6d5398fecc94359	none	0
work/T04-G1-r1/io.json	1167	e1555a4ef6ca66f433d58210eb412859abf776a4183ad1025453acdf3cb75735	e1555a4ef6ca66f433d58210eb412859abf776a4183ad1025453acdf3cb75735	none	0
work/T04-G1-r1/out/blank.json	4289	009038850355abe0a57a6fabd8137354e277c8c8aeefafccfd8430c3984bafb8	009038850355abe0a57a6fabd8137354e277c8c8aeefafccfd8430c3984bafb8	none	0
work/T04-G1-r1/prompt-0.txt	139	f574f91dda2c5a6030fada50a200a5a9edff9fa307cdd629489e73cb51af700e	f574f91dda2c5a6030fada50a200a5a9edff9fa307cdd629489e73cb51af700e	none	0
work/T04-G1-r1/spec/TR-04_사양서_셀A_v1.md	6273	125d0821839a36878ad69ba1e0bdbb2103a98ac600fcfb18f687c4c4315041e8	125d0821839a36878ad69ba1e0bdbb2103a98ac600fcfb18f687c4c4315041e8	none	0
work/T04-G1-r1/unit.json	475	dae55fa792d63a8db9581d465552c59260002f570064dd0514e6cb42714e8ae9	dae55fa792d63a8db9581d465552c59260002f570064dd0514e6cb42714e8ae9	none	0
work/T04-G1-r2/TASK.md	1603	fb2b529ee07ac240c6efcf29dba755521961cf0ca7e323690d0fc0eb1677864e	fb2b529ee07ac240c6efcf29dba755521961cf0ca7e323690d0fc0eb1677864e	none	0
work/T04-G1-r2/assemble-1790828143356.json	146	9cb6db067df0f11c553341d41841ae6873689a6470611d73493c13198a381db4	9cb6db067df0f11c553341d41841ae6873689a6470611d73493c13198a381db4	none	0
work/T04-G1-r2/base.ldprog.json	13033	ae455568dc3930349bc89bfe9feadd9f3f9b3469e8359227574cfa16726994cc	ae455568dc3930349bc89bfe9feadd9f3f9b3469e8359227574cfa16726994cc	none	0
work/T04-G1-r2/compile.json	278	9180f38e76ad3106b8480cef3d51ed446403f7e35f294265238ed5ba3644fe99	718bdad15fd0e66813621198990ce968bb28dc09789ff9a06a1cc4a4ed42f103	redact	2
work/T04-G1-r2/generator.log	3733	482626f08a3b8250e3ddfdcf8abae65438965ca5cb760f6ea79f54863d8115df	482626f08a3b8250e3ddfdcf8abae65438965ca5cb760f6ea79f54863d8115df	none	0
work/T04-G1-r2/io.json	1167	e1555a4ef6ca66f433d58210eb412859abf776a4183ad1025453acdf3cb75735	e1555a4ef6ca66f433d58210eb412859abf776a4183ad1025453acdf3cb75735	none	0
work/T04-G1-r2/out/blank.json	4242	3e038fb4c3dfb32a234a7a035db1d3cd9483b28dcb23555a52ff22591685fa1e	3e038fb4c3dfb32a234a7a035db1d3cd9483b28dcb23555a52ff22591685fa1e	none	0
work/T04-G1-r2/prompt-0.txt	139	f574f91dda2c5a6030fada50a200a5a9edff9fa307cdd629489e73cb51af700e	f574f91dda2c5a6030fada50a200a5a9edff9fa307cdd629489e73cb51af700e	none	0
work/T04-G1-r2/spec/TR-04_사양서_셀A_v1.md	6273	125d0821839a36878ad69ba1e0bdbb2103a98ac600fcfb18f687c4c4315041e8	125d0821839a36878ad69ba1e0bdbb2103a98ac600fcfb18f687c4c4315041e8	none	0
work/T04-G1-r2/unit.json	475	3555b9b5415ce2efe16c42cf20ff03b74cd8212910fca5c0883d6c19b032df52	3555b9b5415ce2efe16c42cf20ff03b74cd8212910fca5c0883d6c19b032df52	none	0
work/T04-G1-r3/TASK.md	1603	fb2b529ee07ac240c6efcf29dba755521961cf0ca7e323690d0fc0eb1677864e	fb2b529ee07ac240c6efcf29dba755521961cf0ca7e323690d0fc0eb1677864e	none	0
work/T04-G1-r3/assemble-1790834657654.json	146	9cb6db067df0f11c553341d41841ae6873689a6470611d73493c13198a381db4	9cb6db067df0f11c553341d41841ae6873689a6470611d73493c13198a381db4	none	0
work/T04-G1-r3/base.ldprog.json	13033	ae455568dc3930349bc89bfe9feadd9f3f9b3469e8359227574cfa16726994cc	ae455568dc3930349bc89bfe9feadd9f3f9b3469e8359227574cfa16726994cc	none	0
work/T04-G1-r3/compile.json	278	3763c164f087aed4ab31538a6f15738628c4bd90cb510a7e51f4fded1ad00003	abf11e31b745f6b589e4b75ca3211e5dafacc86b77b533b30dc5393ba003760f	redact	2
work/T04-G1-r3/generator.log	3963	60a19d343ba322fedacb061faec736c7b977ca153531b3292a026108cb6d8335	60a19d343ba322fedacb061faec736c7b977ca153531b3292a026108cb6d8335	none	0
work/T04-G1-r3/io.json	1167	e1555a4ef6ca66f433d58210eb412859abf776a4183ad1025453acdf3cb75735	e1555a4ef6ca66f433d58210eb412859abf776a4183ad1025453acdf3cb75735	none	0
work/T04-G1-r3/out/blank.json	4474	bfa1052645a169bde3533e8d669e642bd103689d7b9513200b2a3144a020b06d	bfa1052645a169bde3533e8d669e642bd103689d7b9513200b2a3144a020b06d	none	0
work/T04-G1-r3/prompt-0.txt	139	f574f91dda2c5a6030fada50a200a5a9edff9fa307cdd629489e73cb51af700e	f574f91dda2c5a6030fada50a200a5a9edff9fa307cdd629489e73cb51af700e	none	0
work/T04-G1-r3/spec/TR-04_사양서_셀A_v1.md	6273	125d0821839a36878ad69ba1e0bdbb2103a98ac600fcfb18f687c4c4315041e8	125d0821839a36878ad69ba1e0bdbb2103a98ac600fcfb18f687c4c4315041e8	none	0
work/T04-G1-r3/unit.json	475	aa3205af2b740b3455d9d552cb887662da8292f99e4c7d6f84d3033dcf722538	aa3205af2b740b3455d9d552cb887662da8292f99e4c7d6f84d3033dcf722538	none	0
work/T04-G2-r1/TASK.md	1603	fb2b529ee07ac240c6efcf29dba755521961cf0ca7e323690d0fc0eb1677864e	fb2b529ee07ac240c6efcf29dba755521961cf0ca7e323690d0fc0eb1677864e	none	0
work/T04-G2-r1/assemble-1790840071541.json	146	9cb6db067df0f11c553341d41841ae6873689a6470611d73493c13198a381db4	9cb6db067df0f11c553341d41841ae6873689a6470611d73493c13198a381db4	none	0
work/T04-G2-r1/base.ldprog.json	13033	ae455568dc3930349bc89bfe9feadd9f3f9b3469e8359227574cfa16726994cc	ae455568dc3930349bc89bfe9feadd9f3f9b3469e8359227574cfa16726994cc	none	0
work/T04-G2-r1/compile.json	278	93308f904093eb838026acabfbf3f9883db97f1163e0c49e917a4ceefd0b7dcd	ae89112ed81d53a7254737d27b28b51c231d2b8cef510ef330d1c925e5c99d1f	redact	2
work/T04-G2-r1/io.json	1167	e1555a4ef6ca66f433d58210eb412859abf776a4183ad1025453acdf3cb75735	e1555a4ef6ca66f433d58210eb412859abf776a4183ad1025453acdf3cb75735	none	0
work/T04-G2-r1/out/blank.json	5691	a1f9d86749468406b9458211ded988115a093c2c32e71852dd9252ebc95bee1c	a1f9d86749468406b9458211ded988115a093c2c32e71852dd9252ebc95bee1c	none	0
work/T04-G2-r1/prompt-0.txt	139	f574f91dda2c5a6030fada50a200a5a9edff9fa307cdd629489e73cb51af700e	f574f91dda2c5a6030fada50a200a5a9edff9fa307cdd629489e73cb51af700e	none	0
work/T04-G2-r1/spec/TR-04_사양서_셀A_v1.md	6273	125d0821839a36878ad69ba1e0bdbb2103a98ac600fcfb18f687c4c4315041e8	125d0821839a36878ad69ba1e0bdbb2103a98ac600fcfb18f687c4c4315041e8	none	0
work/T04-G2-r1/unit.json	475	9c149b3c63fe86afd4a48ac50775c23ef163de17860ae35052d57e299490a9fe	9c149b3c63fe86afd4a48ac50775c23ef163de17860ae35052d57e299490a9fe	none	0
work/T04-G2-r2/TASK.md	1603	fb2b529ee07ac240c6efcf29dba755521961cf0ca7e323690d0fc0eb1677864e	fb2b529ee07ac240c6efcf29dba755521961cf0ca7e323690d0fc0eb1677864e	none	0
work/T04-G2-r2/assemble-1790841732064.json	146	9cb6db067df0f11c553341d41841ae6873689a6470611d73493c13198a381db4	9cb6db067df0f11c553341d41841ae6873689a6470611d73493c13198a381db4	none	0
work/T04-G2-r2/base.ldprog.json	13033	ae455568dc3930349bc89bfe9feadd9f3f9b3469e8359227574cfa16726994cc	ae455568dc3930349bc89bfe9feadd9f3f9b3469e8359227574cfa16726994cc	none	0
work/T04-G2-r2/compile.json	278	bcefd4fa291d460fc4e6af6f722874df062f0ff114b814f2611a574e0b58a96a	598db3acc61fa9cee2e172c2d21536b62c627949df4f48f1bb80c474b16cd226	redact	2
work/T04-G2-r2/io.json	1167	e1555a4ef6ca66f433d58210eb412859abf776a4183ad1025453acdf3cb75735	e1555a4ef6ca66f433d58210eb412859abf776a4183ad1025453acdf3cb75735	none	0
work/T04-G2-r2/out/blank.json	5597	c9f9ca6f25cc98456bac9bf2b71a4c47ee1537bdf12afe364065a1c78830ada3	c9f9ca6f25cc98456bac9bf2b71a4c47ee1537bdf12afe364065a1c78830ada3	none	0
work/T04-G2-r2/prompt-0.txt	139	f574f91dda2c5a6030fada50a200a5a9edff9fa307cdd629489e73cb51af700e	f574f91dda2c5a6030fada50a200a5a9edff9fa307cdd629489e73cb51af700e	none	0
work/T04-G2-r2/spec/TR-04_사양서_셀A_v1.md	6273	125d0821839a36878ad69ba1e0bdbb2103a98ac600fcfb18f687c4c4315041e8	125d0821839a36878ad69ba1e0bdbb2103a98ac600fcfb18f687c4c4315041e8	none	0
work/T04-G2-r2/unit.json	475	99496997ddf95ffb577ad81ac82913d4de526c2b02c718aa457f25349c3f702b	99496997ddf95ffb577ad81ac82913d4de526c2b02c718aa457f25349c3f702b	none	0
work/T04-G2-r3/TASK.md	1603	fb2b529ee07ac240c6efcf29dba755521961cf0ca7e323690d0fc0eb1677864e	fb2b529ee07ac240c6efcf29dba755521961cf0ca7e323690d0fc0eb1677864e	none	0
work/T04-G2-r3/assemble-1790843317615.json	146	9cb6db067df0f11c553341d41841ae6873689a6470611d73493c13198a381db4	9cb6db067df0f11c553341d41841ae6873689a6470611d73493c13198a381db4	none	0
work/T04-G2-r3/base.ldprog.json	13033	ae455568dc3930349bc89bfe9feadd9f3f9b3469e8359227574cfa16726994cc	ae455568dc3930349bc89bfe9feadd9f3f9b3469e8359227574cfa16726994cc	none	0
work/T04-G2-r3/compile.json	278	3093764d0b85c119764c50c3ad98e6f874f80897cb5759ce29a3a134f77974b0	59be0072791fc3974a97a0bb20e39835f7c273fb5afa3a601c08cb4b3f3ce837	redact	2
work/T04-G2-r3/io.json	1167	e1555a4ef6ca66f433d58210eb412859abf776a4183ad1025453acdf3cb75735	e1555a4ef6ca66f433d58210eb412859abf776a4183ad1025453acdf3cb75735	none	0
work/T04-G2-r3/out/blank.json	5997	afc2f84fa9737327cf222023d850c513fef1a2ba0e4b146a4ec93da732a3b99e	afc2f84fa9737327cf222023d850c513fef1a2ba0e4b146a4ec93da732a3b99e	none	0
work/T04-G2-r3/prompt-0.txt	139	f574f91dda2c5a6030fada50a200a5a9edff9fa307cdd629489e73cb51af700e	f574f91dda2c5a6030fada50a200a5a9edff9fa307cdd629489e73cb51af700e	none	0
work/T04-G2-r3/spec/TR-04_사양서_셀A_v1.md	6273	125d0821839a36878ad69ba1e0bdbb2103a98ac600fcfb18f687c4c4315041e8	125d0821839a36878ad69ba1e0bdbb2103a98ac600fcfb18f687c4c4315041e8	none	0
work/T04-G2-r3/unit.json	475	eb7cb27300bbfb80a1a3aebfd49827230f9754ff90da2aadebd62a22e9847c62	eb7cb27300bbfb80a1a3aebfd49827230f9754ff90da2aadebd62a22e9847c62	none	0
work/T04-G3-r1/TASK.md	1603	fb2b529ee07ac240c6efcf29dba755521961cf0ca7e323690d0fc0eb1677864e	fb2b529ee07ac240c6efcf29dba755521961cf0ca7e323690d0fc0eb1677864e	none	0
work/T04-G3-r1/assemble-1790845834586.json	146	1a4aac1fa3ef93ad46e485dc9b18062078f0b837a9492ec462897467bb0548fd	1a4aac1fa3ef93ad46e485dc9b18062078f0b837a9492ec462897467bb0548fd	none	0
work/T04-G3-r1/base.ldprog.json	13033	ae455568dc3930349bc89bfe9feadd9f3f9b3469e8359227574cfa16726994cc	ae455568dc3930349bc89bfe9feadd9f3f9b3469e8359227574cfa16726994cc	none	0
work/T04-G3-r1/compile.json	338	17d3a5e4593df56f4a8fb6bb419b8ab2d3aa9cf29fa21d7aeb47fe2d048c823b	effff0b106914240866e947305edbbcb615337dc891dbb0b9eed70ebddfbf334	redact	2
work/T04-G3-r1/g3_reply_meta.json	395	908112adf778798d0d6f5add8e1cbe0cd0ae03470d48a3726b0357bd3231d708	58dcc186cf4a3a04f753ebef66b160654507934eed7f03a478248fc5f51c0934	redact	1
work/T04-G3-r1/generator.log	334	ce635754644a4947a2303a55636bd69a1c9a1f2773361d905411f59b1988b47c	ce635754644a4947a2303a55636bd69a1c9a1f2773361d905411f59b1988b47c	none	0
work/T04-G3-r1/io.json	1167	e1555a4ef6ca66f433d58210eb412859abf776a4183ad1025453acdf3cb75735	e1555a4ef6ca66f433d58210eb412859abf776a4183ad1025453acdf3cb75735	none	0
work/T04-G3-r1/out/blank.json	6350	6b8081857550828c7306f0413095ce725548bad61fd8ed24ecf0eb5534702e06	6b8081857550828c7306f0413095ce725548bad61fd8ed24ecf0eb5534702e06	none	0
work/T04-G3-r1/prompt-0.txt	139	f574f91dda2c5a6030fada50a200a5a9edff9fa307cdd629489e73cb51af700e	f574f91dda2c5a6030fada50a200a5a9edff9fa307cdd629489e73cb51af700e	none	0
work/T04-G3-r1/spec/TR-04_사양서_셀A_v1.md	6273	125d0821839a36878ad69ba1e0bdbb2103a98ac600fcfb18f687c4c4315041e8	125d0821839a36878ad69ba1e0bdbb2103a98ac600fcfb18f687c4c4315041e8	none	0
work/T04-G3-r1/unit.json	472	0c3eca31ad97b75e9c8fd4687eeb17d62985ad82b1803b8ca65870d6f8646908	0c3eca31ad97b75e9c8fd4687eeb17d62985ad82b1803b8ca65870d6f8646908	none	0
work/T05-G1-r1/TASK.md	1695	7ff279a7c7d46668fc1fbaa362ee975ec2a119e86d5e37e458b676ed465ed090	7ff279a7c7d46668fc1fbaa362ee975ec2a119e86d5e37e458b676ed465ed090	none	0
work/T05-G1-r1/assemble-1790807844333.json	146	79cf7428366eab8727eea06fbf8f0454e4551315d97b96e527b10c15c23c1895	79cf7428366eab8727eea06fbf8f0454e4551315d97b96e527b10c15c23c1895	none	0
work/T05-G1-r1/base.ldprog.json	14575	9d64820a760442deaece16593367caddd48d8835116eac6812e8615c6564e9be	9d64820a760442deaece16593367caddd48d8835116eac6812e8615c6564e9be	none	0
work/T05-G1-r1/compile.json	278	d748e46e06139b193366cf60c63fe836115036818d30ebb404b074fbcefeed9c	88999928e09420dfcf9c19689fd528548ad45a8bd626af0f497f9041d366621c	redact	2
work/T05-G1-r1/generator.log	4346	b2ac3de876b6bbd8e65662716dbef3df85dde8896f254364fde7f06d786fc05b	b2ac3de876b6bbd8e65662716dbef3df85dde8896f254364fde7f06d786fc05b	none	0
work/T05-G1-r1/io.json	1167	e1555a4ef6ca66f433d58210eb412859abf776a4183ad1025453acdf3cb75735	e1555a4ef6ca66f433d58210eb412859abf776a4183ad1025453acdf3cb75735	none	0
work/T05-G1-r1/out/blank.json	2119	f44462c12a4297184dffc3deb1c6d1acb1bb501d42e0a404343364a316cefdf5	f44462c12a4297184dffc3deb1c6d1acb1bb501d42e0a404343364a316cefdf5	none	0
work/T05-G1-r1/prompt-0.txt	139	f574f91dda2c5a6030fada50a200a5a9edff9fa307cdd629489e73cb51af700e	f574f91dda2c5a6030fada50a200a5a9edff9fa307cdd629489e73cb51af700e	none	0
work/T05-G1-r1/spec/TR-04_사양서_셀A_v1.md	6273	125d0821839a36878ad69ba1e0bdbb2103a98ac600fcfb18f687c4c4315041e8	125d0821839a36878ad69ba1e0bdbb2103a98ac600fcfb18f687c4c4315041e8	none	0
work/T05-G1-r1/unit.json	475	67f995b1228486d88b7b9ce60032c624f16a23e02abd998aa009d844577830e7	67f995b1228486d88b7b9ce60032c624f16a23e02abd998aa009d844577830e7	none	0
work/T05-G1-r2/TASK.md	1695	7ff279a7c7d46668fc1fbaa362ee975ec2a119e86d5e37e458b676ed465ed090	7ff279a7c7d46668fc1fbaa362ee975ec2a119e86d5e37e458b676ed465ed090	none	0
work/T05-G1-r2/assemble-1790828180893.json	146	79cf7428366eab8727eea06fbf8f0454e4551315d97b96e527b10c15c23c1895	79cf7428366eab8727eea06fbf8f0454e4551315d97b96e527b10c15c23c1895	none	0
work/T05-G1-r2/base.ldprog.json	14575	9d64820a760442deaece16593367caddd48d8835116eac6812e8615c6564e9be	9d64820a760442deaece16593367caddd48d8835116eac6812e8615c6564e9be	none	0
work/T05-G1-r2/compile.json	278	9dbb66585d3a342f782533c341069bea27a2abcd7229527898bdc97ca6747e96	67fb8687b17ef4f645913790680df23cca5bcf401f130133c64214e091d5e18f	redact	2
work/T05-G1-r2/generator.log	3541	8be101ab58ff507f23d32d7a39a5bd87fd5a166d6d15f64db56c9113da693203	8be101ab58ff507f23d32d7a39a5bd87fd5a166d6d15f64db56c9113da693203	none	0
work/T05-G1-r2/io.json	1167	e1555a4ef6ca66f433d58210eb412859abf776a4183ad1025453acdf3cb75735	e1555a4ef6ca66f433d58210eb412859abf776a4183ad1025453acdf3cb75735	none	0
work/T05-G1-r2/out/blank.json	3054	499ba1884dafad9b145d199c78be1ed4aae8b0ee49f55192d0a9b85ba9759681	499ba1884dafad9b145d199c78be1ed4aae8b0ee49f55192d0a9b85ba9759681	none	0
work/T05-G1-r2/prompt-0.txt	139	f574f91dda2c5a6030fada50a200a5a9edff9fa307cdd629489e73cb51af700e	f574f91dda2c5a6030fada50a200a5a9edff9fa307cdd629489e73cb51af700e	none	0
work/T05-G1-r2/spec/TR-04_사양서_셀A_v1.md	6273	125d0821839a36878ad69ba1e0bdbb2103a98ac600fcfb18f687c4c4315041e8	125d0821839a36878ad69ba1e0bdbb2103a98ac600fcfb18f687c4c4315041e8	none	0
work/T05-G1-r2/unit.json	475	9f67ee9a9c0859281a7db45bd4cba3c227c1a03b856916a5fbc45e35e6e3bf2b	9f67ee9a9c0859281a7db45bd4cba3c227c1a03b856916a5fbc45e35e6e3bf2b	none	0
work/T05-G1-r3/TASK.md	1695	7ff279a7c7d46668fc1fbaa362ee975ec2a119e86d5e37e458b676ed465ed090	7ff279a7c7d46668fc1fbaa362ee975ec2a119e86d5e37e458b676ed465ed090	none	0
work/T05-G1-r3/assemble-1790834695208.json	146	79cf7428366eab8727eea06fbf8f0454e4551315d97b96e527b10c15c23c1895	79cf7428366eab8727eea06fbf8f0454e4551315d97b96e527b10c15c23c1895	none	0
work/T05-G1-r3/base.ldprog.json	14575	9d64820a760442deaece16593367caddd48d8835116eac6812e8615c6564e9be	9d64820a760442deaece16593367caddd48d8835116eac6812e8615c6564e9be	none	0
work/T05-G1-r3/compile.json	278	d98e5e19e2a72c75e2286f1fe67eed3c6fa1c1d290ba7ea88fe94133737a25af	8361a099070ab109c9863d95a72c5abba35ac7bff21afded6800562b7397da7d	redact	2
work/T05-G1-r3/generator.log	3571	40511ffd6a02a9321d2c62c0f5235082b5d3fa80de1e8a461d3f329da8fa2810	40511ffd6a02a9321d2c62c0f5235082b5d3fa80de1e8a461d3f329da8fa2810	none	0
work/T05-G1-r3/io.json	1167	e1555a4ef6ca66f433d58210eb412859abf776a4183ad1025453acdf3cb75735	e1555a4ef6ca66f433d58210eb412859abf776a4183ad1025453acdf3cb75735	none	0
work/T05-G1-r3/out/blank.json	3061	fa335557ffc7983131cf14dbbc56d38e92f6ebe60f23cee79e0ccaab7fe80edd	fa335557ffc7983131cf14dbbc56d38e92f6ebe60f23cee79e0ccaab7fe80edd	none	0
work/T05-G1-r3/prompt-0.txt	139	f574f91dda2c5a6030fada50a200a5a9edff9fa307cdd629489e73cb51af700e	f574f91dda2c5a6030fada50a200a5a9edff9fa307cdd629489e73cb51af700e	none	0
work/T05-G1-r3/spec/TR-04_사양서_셀A_v1.md	6273	125d0821839a36878ad69ba1e0bdbb2103a98ac600fcfb18f687c4c4315041e8	125d0821839a36878ad69ba1e0bdbb2103a98ac600fcfb18f687c4c4315041e8	none	0
work/T05-G1-r3/unit.json	475	4aa6eac66adebdffdead833591bf7bda6055f1db887d3a221716a77322d35435	4aa6eac66adebdffdead833591bf7bda6055f1db887d3a221716a77322d35435	none	0
work/T05-G2-r1/TASK.md	1695	7ff279a7c7d46668fc1fbaa362ee975ec2a119e86d5e37e458b676ed465ed090	7ff279a7c7d46668fc1fbaa362ee975ec2a119e86d5e37e458b676ed465ed090	none	0
work/T05-G2-r1/assemble-1790840095819.json	146	79cf7428366eab8727eea06fbf8f0454e4551315d97b96e527b10c15c23c1895	79cf7428366eab8727eea06fbf8f0454e4551315d97b96e527b10c15c23c1895	none	0
work/T05-G2-r1/base.ldprog.json	14575	9d64820a760442deaece16593367caddd48d8835116eac6812e8615c6564e9be	9d64820a760442deaece16593367caddd48d8835116eac6812e8615c6564e9be	none	0
work/T05-G2-r1/compile.json	278	260afb11e387611f4542fb8abddf86ac6a1050d18220cf6b3bba50cfb6bd09a9	3d19151ca50c70738dc9a94df7fb9831793dff5486209cf8be9cfdb2bc9c6406	redact	2
work/T05-G2-r1/io.json	1167	e1555a4ef6ca66f433d58210eb412859abf776a4183ad1025453acdf3cb75735	e1555a4ef6ca66f433d58210eb412859abf776a4183ad1025453acdf3cb75735	none	0
work/T05-G2-r1/out/blank.json	4048	6fe77f51960dbb2f69bebdda0143cb74c50b3385445176e93e3e19141f66d5ee	6fe77f51960dbb2f69bebdda0143cb74c50b3385445176e93e3e19141f66d5ee	none	0
work/T05-G2-r1/prompt-0.txt	139	f574f91dda2c5a6030fada50a200a5a9edff9fa307cdd629489e73cb51af700e	f574f91dda2c5a6030fada50a200a5a9edff9fa307cdd629489e73cb51af700e	none	0
work/T05-G2-r1/spec/TR-04_사양서_셀A_v1.md	6273	125d0821839a36878ad69ba1e0bdbb2103a98ac600fcfb18f687c4c4315041e8	125d0821839a36878ad69ba1e0bdbb2103a98ac600fcfb18f687c4c4315041e8	none	0
work/T05-G2-r1/unit.json	475	fcf05679392bbb2d79405a58ca7745fe7c0498fa5c348eabd345a916bb179d09	fcf05679392bbb2d79405a58ca7745fe7c0498fa5c348eabd345a916bb179d09	none	0
work/T05-G2-r2/TASK.md	1695	7ff279a7c7d46668fc1fbaa362ee975ec2a119e86d5e37e458b676ed465ed090	7ff279a7c7d46668fc1fbaa362ee975ec2a119e86d5e37e458b676ed465ed090	none	0
work/T05-G2-r2/assemble-1790841759178.json	146	79cf7428366eab8727eea06fbf8f0454e4551315d97b96e527b10c15c23c1895	79cf7428366eab8727eea06fbf8f0454e4551315d97b96e527b10c15c23c1895	none	0
work/T05-G2-r2/base.ldprog.json	14575	9d64820a760442deaece16593367caddd48d8835116eac6812e8615c6564e9be	9d64820a760442deaece16593367caddd48d8835116eac6812e8615c6564e9be	none	0
work/T05-G2-r2/compile.json	278	e13c56b7e8b636288082acec6081c2c073bafc77f262e796997131e878d52807	bb61d0eeaa45ee0c87b7886a0db982ba43f9588f47f8388853b7ceb272968a05	redact	2
work/T05-G2-r2/io.json	1167	e1555a4ef6ca66f433d58210eb412859abf776a4183ad1025453acdf3cb75735	e1555a4ef6ca66f433d58210eb412859abf776a4183ad1025453acdf3cb75735	none	0
work/T05-G2-r2/out/blank.json	3585	fa3c070228b48fdcc30fdadcb297481c1503be5ceb3089ae8ec9e253a2f038a2	fa3c070228b48fdcc30fdadcb297481c1503be5ceb3089ae8ec9e253a2f038a2	none	0
work/T05-G2-r2/prompt-0.txt	139	f574f91dda2c5a6030fada50a200a5a9edff9fa307cdd629489e73cb51af700e	f574f91dda2c5a6030fada50a200a5a9edff9fa307cdd629489e73cb51af700e	none	0
work/T05-G2-r2/spec/TR-04_사양서_셀A_v1.md	6273	125d0821839a36878ad69ba1e0bdbb2103a98ac600fcfb18f687c4c4315041e8	125d0821839a36878ad69ba1e0bdbb2103a98ac600fcfb18f687c4c4315041e8	none	0
work/T05-G2-r2/unit.json	475	3d8042a1ee86c6ae5f6f387f9e33c8ae627fae6411b308d4d6e8fd85ab0f7310	3d8042a1ee86c6ae5f6f387f9e33c8ae627fae6411b308d4d6e8fd85ab0f7310	none	0
work/T05-G2-r3/TASK.md	1695	7ff279a7c7d46668fc1fbaa362ee975ec2a119e86d5e37e458b676ed465ed090	7ff279a7c7d46668fc1fbaa362ee975ec2a119e86d5e37e458b676ed465ed090	none	0
work/T05-G2-r3/assemble-1790843350653.json	146	79cf7428366eab8727eea06fbf8f0454e4551315d97b96e527b10c15c23c1895	79cf7428366eab8727eea06fbf8f0454e4551315d97b96e527b10c15c23c1895	none	0
work/T05-G2-r3/base.ldprog.json	14575	9d64820a760442deaece16593367caddd48d8835116eac6812e8615c6564e9be	9d64820a760442deaece16593367caddd48d8835116eac6812e8615c6564e9be	none	0
work/T05-G2-r3/compile.json	278	d6eb4bda9fa7b5dfce1de87e5816c385d571f8364bdb4083b0894bff9c8cfe6a	db24fef452cf20b440c79595b1ad670684b0493340049f7583fb221ac4a4cc24	redact	2
work/T05-G2-r3/io.json	1167	e1555a4ef6ca66f433d58210eb412859abf776a4183ad1025453acdf3cb75735	e1555a4ef6ca66f433d58210eb412859abf776a4183ad1025453acdf3cb75735	none	0
work/T05-G2-r3/out/blank.json	3683	86568efae732abfc37408ad08551f3b6f60cf014641756e5c87997912de95afa	86568efae732abfc37408ad08551f3b6f60cf014641756e5c87997912de95afa	none	0
work/T05-G2-r3/prompt-0.txt	139	f574f91dda2c5a6030fada50a200a5a9edff9fa307cdd629489e73cb51af700e	f574f91dda2c5a6030fada50a200a5a9edff9fa307cdd629489e73cb51af700e	none	0
work/T05-G2-r3/spec/TR-04_사양서_셀A_v1.md	6273	125d0821839a36878ad69ba1e0bdbb2103a98ac600fcfb18f687c4c4315041e8	125d0821839a36878ad69ba1e0bdbb2103a98ac600fcfb18f687c4c4315041e8	none	0
work/T05-G2-r3/unit.json	475	28409619069801041b473591dff313f6e62f8e0de3112acd9f2e7b45e48f0479	28409619069801041b473591dff313f6e62f8e0de3112acd9f2e7b45e48f0479	none	0
work/T05-G3-r1/TASK.md	1695	7ff279a7c7d46668fc1fbaa362ee975ec2a119e86d5e37e458b676ed465ed090	7ff279a7c7d46668fc1fbaa362ee975ec2a119e86d5e37e458b676ed465ed090	none	0
work/T05-G3-r1/assemble-1790845905224.json	146	79cf7428366eab8727eea06fbf8f0454e4551315d97b96e527b10c15c23c1895	79cf7428366eab8727eea06fbf8f0454e4551315d97b96e527b10c15c23c1895	none	0
work/T05-G3-r1/base.ldprog.json	14575	9d64820a760442deaece16593367caddd48d8835116eac6812e8615c6564e9be	9d64820a760442deaece16593367caddd48d8835116eac6812e8615c6564e9be	none	0
work/T05-G3-r1/compile.json	617	07616131b5c684ef05ced9f780ec1f474d71d6f1e4fa4cf8d58f3a83ab55903a	94448bd58b17342025bd93bed708583d90b0b6df6cb900c24706f1d124a05bf0	redact	2
work/T05-G3-r1/g3_reply_meta.json	394	0e8948563c4101afbe72ab82ea2b1e9f6a4d7f50dfc6baaa5505ed7c143caad6	19cc0001fae23744c5f98d09e2aee21ee52d91e273d849a0ae87c39b44ec7276	redact	1
work/T05-G3-r1/generator.log	334	ce635754644a4947a2303a55636bd69a1c9a1f2773361d905411f59b1988b47c	ce635754644a4947a2303a55636bd69a1c9a1f2773361d905411f59b1988b47c	none	0
work/T05-G3-r1/io.json	1167	e1555a4ef6ca66f433d58210eb412859abf776a4183ad1025453acdf3cb75735	e1555a4ef6ca66f433d58210eb412859abf776a4183ad1025453acdf3cb75735	none	0
work/T05-G3-r1/out/blank.json	3138	b6c9bf106d4c05e94fb6c3987cb670139f8e6445dce2375892dd51b25e8e9ef3	b6c9bf106d4c05e94fb6c3987cb670139f8e6445dce2375892dd51b25e8e9ef3	none	0
work/T05-G3-r1/prompt-0.txt	139	f574f91dda2c5a6030fada50a200a5a9edff9fa307cdd629489e73cb51af700e	f574f91dda2c5a6030fada50a200a5a9edff9fa307cdd629489e73cb51af700e	none	0
work/T05-G3-r1/spec/TR-04_사양서_셀A_v1.md	6273	125d0821839a36878ad69ba1e0bdbb2103a98ac600fcfb18f687c4c4315041e8	125d0821839a36878ad69ba1e0bdbb2103a98ac600fcfb18f687c4c4315041e8	none	0
work/T05-G3-r1/unit.json	471	79dc77fc81fe861c9f773d55e8df7f048c6e13859255e5065ffae02a80a1e25a	79dc77fc81fe861c9f773d55e8df7f048c6e13859255e5065ffae02a80a1e25a	none	0
work/T06-G1-r1/TASK.md	967	5b821c8ed3cbd86e8e8682ed41b3bee421712e920dfce4cb275f8b04be2a2d15	5b821c8ed3cbd86e8e8682ed41b3bee421712e920dfce4cb275f8b04be2a2d15	none	0
work/T06-G1-r1/assemble-1790808615982.json	108	646aba86c678f8a5e979dea7e8ebba00d08cefce0149b47bc06acd52ad3f4e46	646aba86c678f8a5e979dea7e8ebba00d08cefce0149b47bc06acd52ad3f4e46	none	0
work/T06-G1-r1/compile.json	586	34accd2b227dca14048de8207532c7456feb79d2e507fb7b342fa4bc1fb156e6	76d0054a959c729bdf34727421351a61112c0a6866b65a8e29449b3e5b8082be	redact	2
work/T06-G1-r1/generator.log	5111	f06ed8a6da9015e43bf7fb229f18a68977efa2eb67acf3a79fe62bc6ddf24925	f06ed8a6da9015e43bf7fb229f18a68977efa2eb67acf3a79fe62bc6ddf24925	none	0
work/T06-G1-r1/io.json	8568	47ff355e0d845fa878538df136eb66aa06a0e8211926ef270dd940ee43e7ed0c	47ff355e0d845fa878538df136eb66aa06a0e8211926ef270dd940ee43e7ed0c	none	0
work/T06-G1-r1/out/program.ldprog.json	117232	f9986e820bec9b32964bb91dda1ba693d60da8af4892d44e56d18f6d628006f2	f9986e820bec9b32964bb91dda1ba693d60da8af4892d44e56d18f6d628006f2	none	0
work/T06-G1-r1/prompt-0.txt	139	f574f91dda2c5a6030fada50a200a5a9edff9fa307cdd629489e73cb51af700e	f574f91dda2c5a6030fada50a200a5a9edff9fa307cdd629489e73cb51af700e	none	0
work/T06-G1-r1/spec/TR-04_사양서_셀B_v1.md	50152	348d3d8394c4af4237bb45f7acb77e5de981828221b393d771c2db83641653d4	348d3d8394c4af4237bb45f7acb77e5de981828221b393d771c2db83641653d4	none	0
work/T06-G1-r1/unit.json	476	fba29fea0f43f000ca3131bbdfb46307bd564dd8d68f3e9dc5d2f2b6e7d55882	fba29fea0f43f000ca3131bbdfb46307bd564dd8d68f3e9dc5d2f2b6e7d55882	none	0
work/T06-G1-r2/TASK.md	967	5b821c8ed3cbd86e8e8682ed41b3bee421712e920dfce4cb275f8b04be2a2d15	5b821c8ed3cbd86e8e8682ed41b3bee421712e920dfce4cb275f8b04be2a2d15	none	0
work/T06-G1-r2/assemble-1790829115586.json	108	646aba86c678f8a5e979dea7e8ebba00d08cefce0149b47bc06acd52ad3f4e46	646aba86c678f8a5e979dea7e8ebba00d08cefce0149b47bc06acd52ad3f4e46	none	0
work/T06-G1-r2/compile.json	513	418343e76cca2c48e2ae7a527406bad7297b969677fb204c16d550a4d640fdb2	f64cda22ac7c8fa7efff508dfa5a07f9d24e7ce65c8c44b05e723887eb18a6ac	redact	2
work/T06-G1-r2/generator.log	4672	7b8210ef72fdc36780518c3c3fa5dcd6aca5c29f59e6592622d31fb44ab33bd3	7b8210ef72fdc36780518c3c3fa5dcd6aca5c29f59e6592622d31fb44ab33bd3	none	0
work/T06-G1-r2/io.json	8568	47ff355e0d845fa878538df136eb66aa06a0e8211926ef270dd940ee43e7ed0c	47ff355e0d845fa878538df136eb66aa06a0e8211926ef270dd940ee43e7ed0c	none	0
work/T06-G1-r2/out/program.ldprog.json	115716	878a4ebf361b4f2001bdfcc9457035ee461f80c3416d64533544d778bbb677e1	878a4ebf361b4f2001bdfcc9457035ee461f80c3416d64533544d778bbb677e1	none	0
work/T06-G1-r2/prompt-0.txt	139	f574f91dda2c5a6030fada50a200a5a9edff9fa307cdd629489e73cb51af700e	f574f91dda2c5a6030fada50a200a5a9edff9fa307cdd629489e73cb51af700e	none	0
work/T06-G1-r2/spec/TR-04_사양서_셀B_v1.md	50152	348d3d8394c4af4237bb45f7acb77e5de981828221b393d771c2db83641653d4	348d3d8394c4af4237bb45f7acb77e5de981828221b393d771c2db83641653d4	none	0
work/T06-G1-r2/unit.json	476	6fd1a0448d7f1ce3b510a649b34f434333727a02fc86a98299ce0d5e9f84d869	6fd1a0448d7f1ce3b510a649b34f434333727a02fc86a98299ce0d5e9f84d869	none	0
work/T06-G1-r3/TASK.md	967	5b821c8ed3cbd86e8e8682ed41b3bee421712e920dfce4cb275f8b04be2a2d15	5b821c8ed3cbd86e8e8682ed41b3bee421712e920dfce4cb275f8b04be2a2d15	none	0
work/T06-G1-r3/assemble-1790835695542.json	108	646aba86c678f8a5e979dea7e8ebba00d08cefce0149b47bc06acd52ad3f4e46	646aba86c678f8a5e979dea7e8ebba00d08cefce0149b47bc06acd52ad3f4e46	none	0
work/T06-G1-r3/compile.json	358	ddd9c26febb55a0681c31d54e2da2fd6da198d54ec864d0266461de71f683c3c	e1b85b27640d28096e01b2eacfbcade018451597e7634927b6894af0da886ca6	redact	2
work/T06-G1-r3/generator.log	4574	f1a0db43f781aafeb3b83216333e428676a8f8503d9d86fc5677fc067728ecf5	f1a0db43f781aafeb3b83216333e428676a8f8503d9d86fc5677fc067728ecf5	none	0
work/T06-G1-r3/io.json	8568	47ff355e0d845fa878538df136eb66aa06a0e8211926ef270dd940ee43e7ed0c	47ff355e0d845fa878538df136eb66aa06a0e8211926ef270dd940ee43e7ed0c	none	0
work/T06-G1-r3/out/program.ldprog.json	99871	f359782c0ede692b24a972a731e484d9d331e9c3e7159d4662a52d326c45253d	f359782c0ede692b24a972a731e484d9d331e9c3e7159d4662a52d326c45253d	none	0
work/T06-G1-r3/prompt-0.txt	139	f574f91dda2c5a6030fada50a200a5a9edff9fa307cdd629489e73cb51af700e	f574f91dda2c5a6030fada50a200a5a9edff9fa307cdd629489e73cb51af700e	none	0
work/T06-G1-r3/spec/TR-04_사양서_셀B_v1.md	50152	348d3d8394c4af4237bb45f7acb77e5de981828221b393d771c2db83641653d4	348d3d8394c4af4237bb45f7acb77e5de981828221b393d771c2db83641653d4	none	0
work/T06-G1-r3/unit.json	477	1c878d969b812e1c1fd990a43f90a035b77db5216283fc383722510d83a0fda2	1c878d969b812e1c1fd990a43f90a035b77db5216283fc383722510d83a0fda2	none	0
work/T06-G2-r1/TASK.md	967	5b821c8ed3cbd86e8e8682ed41b3bee421712e920dfce4cb275f8b04be2a2d15	5b821c8ed3cbd86e8e8682ed41b3bee421712e920dfce4cb275f8b04be2a2d15	none	0
work/T06-G2-r1/assemble-1790840236092.json	108	646aba86c678f8a5e979dea7e8ebba00d08cefce0149b47bc06acd52ad3f4e46	646aba86c678f8a5e979dea7e8ebba00d08cefce0149b47bc06acd52ad3f4e46	none	0
work/T06-G2-r1/compile.json	372	e0b9d2121bcb1a99800bf3e9969fe9e4e9e6d4bf1ab0721dffdc78ecaf3973fb	e969844c9ffccc0b982c4a17f2729f6af71364407b5d34e2a5c969a82aa0d472	redact	2
work/T06-G2-r1/io.json	8568	47ff355e0d845fa878538df136eb66aa06a0e8211926ef270dd940ee43e7ed0c	47ff355e0d845fa878538df136eb66aa06a0e8211926ef270dd940ee43e7ed0c	none	0
work/T06-G2-r1/out/program.ldprog.json	347427	ea3092b0516c6806e5d7fe3957baced61b0e5711cf0e9f7b99667a3378738fc6	ea3092b0516c6806e5d7fe3957baced61b0e5711cf0e9f7b99667a3378738fc6	none	0
work/T06-G2-r1/prompt-0.txt	139	f574f91dda2c5a6030fada50a200a5a9edff9fa307cdd629489e73cb51af700e	f574f91dda2c5a6030fada50a200a5a9edff9fa307cdd629489e73cb51af700e	none	0
work/T06-G2-r1/spec/TR-04_사양서_셀B_v1.md	50152	348d3d8394c4af4237bb45f7acb77e5de981828221b393d771c2db83641653d4	348d3d8394c4af4237bb45f7acb77e5de981828221b393d771c2db83641653d4	none	0
work/T06-G2-r1/unit.json	476	e72551c0c78b4a63aa537ddf0a8023038ff8502f9d2896f3d5ac45f042620abc	e72551c0c78b4a63aa537ddf0a8023038ff8502f9d2896f3d5ac45f042620abc	none	0
work/T06-G2-r2/TASK.md	967	5b821c8ed3cbd86e8e8682ed41b3bee421712e920dfce4cb275f8b04be2a2d15	5b821c8ed3cbd86e8e8682ed41b3bee421712e920dfce4cb275f8b04be2a2d15	none	0
work/T06-G2-r2/assemble-1790841902949.json	108	646aba86c678f8a5e979dea7e8ebba00d08cefce0149b47bc06acd52ad3f4e46	646aba86c678f8a5e979dea7e8ebba00d08cefce0149b47bc06acd52ad3f4e46	none	0
work/T06-G2-r2/compile.json	430	f899d45c1496750d6c91627074b0584da2824000acb34d8046d08842b8394f1b	88616a23c85949f30d328abafbbfc404751c9bfeef1242d490a9e9bdb64236b6	redact	2
work/T06-G2-r2/io.json	8568	47ff355e0d845fa878538df136eb66aa06a0e8211926ef270dd940ee43e7ed0c	47ff355e0d845fa878538df136eb66aa06a0e8211926ef270dd940ee43e7ed0c	none	0
work/T06-G2-r2/out/program.ldprog.json	294395	5b3b6d8e176055d997b428e51c8d2323d64fa8b9df24e8e664261feaf7f3b3d3	5b3b6d8e176055d997b428e51c8d2323d64fa8b9df24e8e664261feaf7f3b3d3	none	0
work/T06-G2-r2/prompt-0.txt	139	f574f91dda2c5a6030fada50a200a5a9edff9fa307cdd629489e73cb51af700e	f574f91dda2c5a6030fada50a200a5a9edff9fa307cdd629489e73cb51af700e	none	0
work/T06-G2-r2/spec/TR-04_사양서_셀B_v1.md	50152	348d3d8394c4af4237bb45f7acb77e5de981828221b393d771c2db83641653d4	348d3d8394c4af4237bb45f7acb77e5de981828221b393d771c2db83641653d4	none	0
work/T06-G2-r2/unit.json	476	439bab7efd739c64252b62808ca310a1b571d6474809be02efc2fb1de4c1d2a7	439bab7efd739c64252b62808ca310a1b571d6474809be02efc2fb1de4c1d2a7	none	0
work/T06-G2-r3/TASK.md	967	5b821c8ed3cbd86e8e8682ed41b3bee421712e920dfce4cb275f8b04be2a2d15	5b821c8ed3cbd86e8e8682ed41b3bee421712e920dfce4cb275f8b04be2a2d15	none	0
work/T06-G2-r3/assemble-1790843507289.json	108	646aba86c678f8a5e979dea7e8ebba00d08cefce0149b47bc06acd52ad3f4e46	646aba86c678f8a5e979dea7e8ebba00d08cefce0149b47bc06acd52ad3f4e46	none	0
work/T06-G2-r3/compile.json	278	d19bc67075e9b86cf37071f795d81c5537022e8c7fc72d9f5aa2bd86bed7769d	2584dbc431a825710a8b4d12143ec4ac8b82ac2a0802b2ba17b17ad12ed32731	redact	2
work/T06-G2-r3/io.json	8568	47ff355e0d845fa878538df136eb66aa06a0e8211926ef270dd940ee43e7ed0c	47ff355e0d845fa878538df136eb66aa06a0e8211926ef270dd940ee43e7ed0c	none	0
work/T06-G2-r3/out/program.ldprog.json	418091	1b21ee610ac3b7faa13254c591ecb6353931623dee1e77b275c1322e9be56ac9	1b21ee610ac3b7faa13254c591ecb6353931623dee1e77b275c1322e9be56ac9	none	0
work/T06-G2-r3/prompt-0.txt	139	f574f91dda2c5a6030fada50a200a5a9edff9fa307cdd629489e73cb51af700e	f574f91dda2c5a6030fada50a200a5a9edff9fa307cdd629489e73cb51af700e	none	0
work/T06-G2-r3/spec/TR-04_사양서_셀B_v1.md	50152	348d3d8394c4af4237bb45f7acb77e5de981828221b393d771c2db83641653d4	348d3d8394c4af4237bb45f7acb77e5de981828221b393d771c2db83641653d4	none	0
work/T06-G2-r3/unit.json	476	d03bf16dc475a20292abda193b7cfcfe7eb664d0964ea655b872e5c01a5bc775	d03bf16dc475a20292abda193b7cfcfe7eb664d0964ea655b872e5c01a5bc775	none	0
work/T06-G3-r1/TASK.md	967	5b821c8ed3cbd86e8e8682ed41b3bee421712e920dfce4cb275f8b04be2a2d15	5b821c8ed3cbd86e8e8682ed41b3bee421712e920dfce4cb275f8b04be2a2d15	none	0
work/T06-G3-r1/assemble-1790846180109.json	111	6f037eeafafea52d606273b69b83e3eea8c966afb655875c2c02a8e654f166c3	6f037eeafafea52d606273b69b83e3eea8c966afb655875c2c02a8e654f166c3	none	0
work/T06-G3-r1/assemble-1790846556177.json	108	646aba86c678f8a5e979dea7e8ebba00d08cefce0149b47bc06acd52ad3f4e46	646aba86c678f8a5e979dea7e8ebba00d08cefce0149b47bc06acd52ad3f4e46	none	0
work/T06-G3-r1/g3_reply_meta.json	395	1aca822e35e151de2c6bba6f870164b90028cbc701449e3d0e8494ddad371b1b	1483e09d04736b4157f92b4bcd3ee9bbb851165cacf9cf5d7a4de05b032c6ad0	redact	1
work/T06-G3-r1/generator.log	668	2cfb36e71dd14d25654f4ad4f569dbb1efb195d742bd70dacd967ea5a38d8094	2cfb36e71dd14d25654f4ad4f569dbb1efb195d742bd70dacd967ea5a38d8094	none	0
work/T06-G3-r1/io.json	8568	47ff355e0d845fa878538df136eb66aa06a0e8211926ef270dd940ee43e7ed0c	47ff355e0d845fa878538df136eb66aa06a0e8211926ef270dd940ee43e7ed0c	none	0
work/T06-G3-r1/out/program.ldprog.json	14867	5fa7b97707293092f06fbe139d1986353c5e1d39096afb0eec05c672ff34fdf2	5fa7b97707293092f06fbe139d1986353c5e1d39096afb0eec05c672ff34fdf2	none	0
work/T06-G3-r1/prompt-0.txt	139	f574f91dda2c5a6030fada50a200a5a9edff9fa307cdd629489e73cb51af700e	f574f91dda2c5a6030fada50a200a5a9edff9fa307cdd629489e73cb51af700e	none	0
work/T06-G3-r1/prompt-1.txt	232	9ac74dc04f943d481be6260fd187b18a53bcb010bfcb4059ab4497bd3f2f9c49	9ac74dc04f943d481be6260fd187b18a53bcb010bfcb4059ab4497bd3f2f9c49	none	0
work/T06-G3-r1/spec/TR-04_사양서_셀B_v1.md	50152	348d3d8394c4af4237bb45f7acb77e5de981828221b393d771c2db83641653d4	348d3d8394c4af4237bb45f7acb77e5de981828221b393d771c2db83641653d4	none	0
work/T07-G1-r1/TASK.md	1891	240b8b3dbd2dbda5e57855bbae69d883e3131d9741e1f3ac60c8dbf6b0ff1b6e	240b8b3dbd2dbda5e57855bbae69d883e3131d9741e1f3ac60c8dbf6b0ff1b6e	none	0
work/T07-G1-r1/assemble-1790808704925.json	146	8c95683c77d814cc10d8be3645a855b149888aedd75f0918f543f6af9dac5a42	8c95683c77d814cc10d8be3645a855b149888aedd75f0918f543f6af9dac5a42	none	0
work/T07-G1-r1/base.ldprog.json	346286	47885ae06cf2ac2715f05cdd01e7fd8dca435b97966873e642bac266cd09c459	47885ae06cf2ac2715f05cdd01e7fd8dca435b97966873e642bac266cd09c459	none	0
work/T07-G1-r1/compile.json	278	27f74c6c8687903410761b02dcecf799fe1e79a2d6d875a914b19de54d9ad00a	36665a982ee000d4a3e00253bffab6f012c2924a4b0493777348b32bbf570565	redact	2
work/T07-G1-r1/generator.log	4468	ef7d30e6a5ea69e0bd04354cea9bc4f9549195ab7286087e823696b6be373ef0	ef7d30e6a5ea69e0bd04354cea9bc4f9549195ab7286087e823696b6be373ef0	none	0
work/T07-G1-r1/io.json	8568	47ff355e0d845fa878538df136eb66aa06a0e8211926ef270dd940ee43e7ed0c	47ff355e0d845fa878538df136eb66aa06a0e8211926ef270dd940ee43e7ed0c	none	0
work/T07-G1-r1/out/blank.json	2806	1a9e08bebec373a3ddb41e24929d29d92863cb200a6fa6c107bb7730b27796d1	1a9e08bebec373a3ddb41e24929d29d92863cb200a6fa6c107bb7730b27796d1	none	0
work/T07-G1-r1/prompt-0.txt	139	f574f91dda2c5a6030fada50a200a5a9edff9fa307cdd629489e73cb51af700e	f574f91dda2c5a6030fada50a200a5a9edff9fa307cdd629489e73cb51af700e	none	0
work/T07-G1-r1/spec/TR-04_사양서_셀B_v1.md	50152	348d3d8394c4af4237bb45f7acb77e5de981828221b393d771c2db83641653d4	348d3d8394c4af4237bb45f7acb77e5de981828221b393d771c2db83641653d4	none	0
work/T07-G1-r1/unit.json	475	ac3bd57be0dcf79ff6a72c094e9a7b46af6f52ffd48388569a2807f28a2a3594	ac3bd57be0dcf79ff6a72c094e9a7b46af6f52ffd48388569a2807f28a2a3594	none	0
work/T07-G1-r2/TASK.md	1891	240b8b3dbd2dbda5e57855bbae69d883e3131d9741e1f3ac60c8dbf6b0ff1b6e	240b8b3dbd2dbda5e57855bbae69d883e3131d9741e1f3ac60c8dbf6b0ff1b6e	none	0
work/T07-G1-r2/assemble-1790829203499.json	146	1a4aac1fa3ef93ad46e485dc9b18062078f0b837a9492ec462897467bb0548fd	1a4aac1fa3ef93ad46e485dc9b18062078f0b837a9492ec462897467bb0548fd	none	0
work/T07-G1-r2/base.ldprog.json	346286	47885ae06cf2ac2715f05cdd01e7fd8dca435b97966873e642bac266cd09c459	47885ae06cf2ac2715f05cdd01e7fd8dca435b97966873e642bac266cd09c459	none	0
work/T07-G1-r2/compile.json	278	68b1535e1fab23f2ffed1519edeb7a191415af8635c9979838adea0f642b1224	0fb44d5b6ff62603e1df240d24a529a162adfd175ddeac445b0edf75d1a86470	redact	2
work/T07-G1-r2/generator.log	4222	f2c1d63c2ece17fbbaac8681d5d4b11f40c9d155b598a371805d90e25f4b321a	f2c1d63c2ece17fbbaac8681d5d4b11f40c9d155b598a371805d90e25f4b321a	none	0
work/T07-G1-r2/io.json	8568	47ff355e0d845fa878538df136eb66aa06a0e8211926ef270dd940ee43e7ed0c	47ff355e0d845fa878538df136eb66aa06a0e8211926ef270dd940ee43e7ed0c	none	0
work/T07-G1-r2/out/blank.json	3619	a95d90097e2f164c293b336147e333c3ae8142a3fbd946a32b272c2fe724928c	a95d90097e2f164c293b336147e333c3ae8142a3fbd946a32b272c2fe724928c	none	0
work/T07-G1-r2/prompt-0.txt	139	f574f91dda2c5a6030fada50a200a5a9edff9fa307cdd629489e73cb51af700e	f574f91dda2c5a6030fada50a200a5a9edff9fa307cdd629489e73cb51af700e	none	0
work/T07-G1-r2/spec/TR-04_사양서_셀B_v1.md	50152	348d3d8394c4af4237bb45f7acb77e5de981828221b393d771c2db83641653d4	348d3d8394c4af4237bb45f7acb77e5de981828221b393d771c2db83641653d4	none	0
work/T07-G1-r2/unit.json	475	4670d38e2f4a927b2cf79d689567b82f16d0581dca5188fcbc8b96107b1affb8	4670d38e2f4a927b2cf79d689567b82f16d0581dca5188fcbc8b96107b1affb8	none	0
work/T07-G1-r3/TASK.md	1891	240b8b3dbd2dbda5e57855bbae69d883e3131d9741e1f3ac60c8dbf6b0ff1b6e	240b8b3dbd2dbda5e57855bbae69d883e3131d9741e1f3ac60c8dbf6b0ff1b6e	none	0
work/T07-G1-r3/assemble-1790835762444.json	146	d9e9d561275114b269254eedf5177bb6d0a940c9b76d788c24c8b8fa639b09c9	d9e9d561275114b269254eedf5177bb6d0a940c9b76d788c24c8b8fa639b09c9	none	0
work/T07-G1-r3/base.ldprog.json	346286	47885ae06cf2ac2715f05cdd01e7fd8dca435b97966873e642bac266cd09c459	47885ae06cf2ac2715f05cdd01e7fd8dca435b97966873e642bac266cd09c459	none	0
work/T07-G1-r3/compile.json	278	ccce4c2b90b97e532ba643dd1f6d90211ce85d45ac1341658a5717331037c45e	2ef1247eaeda9494808e227fe7925c7df1b181a930952b9ff209bd48b63f74f4	redact	2
work/T07-G1-r3/generator.log	3941	b568d3d80bddeb5199bca4985b624463eae84477de73319b2791ec87eb41fa2b	b568d3d80bddeb5199bca4985b624463eae84477de73319b2791ec87eb41fa2b	none	0
work/T07-G1-r3/io.json	8568	47ff355e0d845fa878538df136eb66aa06a0e8211926ef270dd940ee43e7ed0c	47ff355e0d845fa878538df136eb66aa06a0e8211926ef270dd940ee43e7ed0c	none	0
work/T07-G1-r3/out/blank.json	3380	6cafd3dd6f1cee92323a0f55639c291995af8dfcf512a257c32629e77dfb35a8	6cafd3dd6f1cee92323a0f55639c291995af8dfcf512a257c32629e77dfb35a8	none	0
work/T07-G1-r3/prompt-0.txt	139	f574f91dda2c5a6030fada50a200a5a9edff9fa307cdd629489e73cb51af700e	f574f91dda2c5a6030fada50a200a5a9edff9fa307cdd629489e73cb51af700e	none	0
work/T07-G1-r3/spec/TR-04_사양서_셀B_v1.md	50152	348d3d8394c4af4237bb45f7acb77e5de981828221b393d771c2db83641653d4	348d3d8394c4af4237bb45f7acb77e5de981828221b393d771c2db83641653d4	none	0
work/T07-G1-r3/unit.json	475	4502fbd5d0051411f6a3837a3c9605bd86f129eea6f992ad4abc5ff696da6aa1	4502fbd5d0051411f6a3837a3c9605bd86f129eea6f992ad4abc5ff696da6aa1	none	0
work/T07-G2-r1/TASK.md	1891	240b8b3dbd2dbda5e57855bbae69d883e3131d9741e1f3ac60c8dbf6b0ff1b6e	240b8b3dbd2dbda5e57855bbae69d883e3131d9741e1f3ac60c8dbf6b0ff1b6e	none	0
work/T07-G2-r1/assemble-1790840290511.json	146	d9e9d561275114b269254eedf5177bb6d0a940c9b76d788c24c8b8fa639b09c9	d9e9d561275114b269254eedf5177bb6d0a940c9b76d788c24c8b8fa639b09c9	none	0
work/T07-G2-r1/base.ldprog.json	346286	47885ae06cf2ac2715f05cdd01e7fd8dca435b97966873e642bac266cd09c459	47885ae06cf2ac2715f05cdd01e7fd8dca435b97966873e642bac266cd09c459	none	0
work/T07-G2-r1/compile.json	278	5341653ca4a15f5540dc0d524bb30c92fe58b7fca8f7bed8d77dd07b6d1e0253	880d202a234d5ec7ca8ba28e3f781bdad7bc87ccb32d16b6d9a05140970b76bc	redact	2
work/T07-G2-r1/io.json	8568	47ff355e0d845fa878538df136eb66aa06a0e8211926ef270dd940ee43e7ed0c	47ff355e0d845fa878538df136eb66aa06a0e8211926ef270dd940ee43e7ed0c	none	0
work/T07-G2-r1/out/blank.json	4831	df12ceba940608e74c83eb84c8cec363199ec26a69d9d64c6b33f14f2a5603ef	df12ceba940608e74c83eb84c8cec363199ec26a69d9d64c6b33f14f2a5603ef	none	0
work/T07-G2-r1/prompt-0.txt	139	f574f91dda2c5a6030fada50a200a5a9edff9fa307cdd629489e73cb51af700e	f574f91dda2c5a6030fada50a200a5a9edff9fa307cdd629489e73cb51af700e	none	0
work/T07-G2-r1/spec/TR-04_사양서_셀B_v1.md	50152	348d3d8394c4af4237bb45f7acb77e5de981828221b393d771c2db83641653d4	348d3d8394c4af4237bb45f7acb77e5de981828221b393d771c2db83641653d4	none	0
work/T07-G2-r1/unit.json	475	821e573e7ef0dad1d21972b961e61fe687d70b38407250428663a7cb16ea34ad	821e573e7ef0dad1d21972b961e61fe687d70b38407250428663a7cb16ea34ad	none	0
work/T07-G2-r2/TASK.md	1891	240b8b3dbd2dbda5e57855bbae69d883e3131d9741e1f3ac60c8dbf6b0ff1b6e	240b8b3dbd2dbda5e57855bbae69d883e3131d9741e1f3ac60c8dbf6b0ff1b6e	none	0
work/T07-G2-r2/assemble-1790841952267.json	146	d9e9d561275114b269254eedf5177bb6d0a940c9b76d788c24c8b8fa639b09c9	d9e9d561275114b269254eedf5177bb6d0a940c9b76d788c24c8b8fa639b09c9	none	0
work/T07-G2-r2/base.ldprog.json	346286	47885ae06cf2ac2715f05cdd01e7fd8dca435b97966873e642bac266cd09c459	47885ae06cf2ac2715f05cdd01e7fd8dca435b97966873e642bac266cd09c459	none	0
work/T07-G2-r2/compile.json	350	79a334e4535ed2b0325b3c9bd6a5d77871f18022189fd6e22efc873339a01fb5	091602cd43df25b3ed5abcc820badb7cbd6e6b38db6883c1e641d76c1d0a3e8f	redact	2
work/T07-G2-r2/io.json	8568	47ff355e0d845fa878538df136eb66aa06a0e8211926ef270dd940ee43e7ed0c	47ff355e0d845fa878538df136eb66aa06a0e8211926ef270dd940ee43e7ed0c	none	0
work/T07-G2-r2/out/blank.json	4417	8ea855c7b655102f296f77197d57d373cfa55733373b74c27a56d3714ec3516e	8ea855c7b655102f296f77197d57d373cfa55733373b74c27a56d3714ec3516e	none	0
work/T07-G2-r2/prompt-0.txt	139	f574f91dda2c5a6030fada50a200a5a9edff9fa307cdd629489e73cb51af700e	f574f91dda2c5a6030fada50a200a5a9edff9fa307cdd629489e73cb51af700e	none	0
work/T07-G2-r2/spec/TR-04_사양서_셀B_v1.md	50152	348d3d8394c4af4237bb45f7acb77e5de981828221b393d771c2db83641653d4	348d3d8394c4af4237bb45f7acb77e5de981828221b393d771c2db83641653d4	none	0
work/T07-G2-r2/unit.json	475	4470b498482b009b31227897990227f9ce0b1908a1729f3432c5e69dd333f4e3	4470b498482b009b31227897990227f9ce0b1908a1729f3432c5e69dd333f4e3	none	0
work/T07-G2-r3/TASK.md	1891	240b8b3dbd2dbda5e57855bbae69d883e3131d9741e1f3ac60c8dbf6b0ff1b6e	240b8b3dbd2dbda5e57855bbae69d883e3131d9741e1f3ac60c8dbf6b0ff1b6e	none	0
work/T07-G2-r3/assemble-1790843569709.json	146	1a4aac1fa3ef93ad46e485dc9b18062078f0b837a9492ec462897467bb0548fd	1a4aac1fa3ef93ad46e485dc9b18062078f0b837a9492ec462897467bb0548fd	none	0
work/T07-G2-r3/base.ldprog.json	346286	47885ae06cf2ac2715f05cdd01e7fd8dca435b97966873e642bac266cd09c459	47885ae06cf2ac2715f05cdd01e7fd8dca435b97966873e642bac266cd09c459	none	0
work/T07-G2-r3/compile.json	278	540cdcb85060c82d6398c9273fbd4a71a09e27eb894330daf4a3c573df934827	c6f387b3ff513ed1db2fcb3f3fc788bf7dbb2a49580b3059c644ec6eb29e840b	redact	2
work/T07-G2-r3/io.json	8568	47ff355e0d845fa878538df136eb66aa06a0e8211926ef270dd940ee43e7ed0c	47ff355e0d845fa878538df136eb66aa06a0e8211926ef270dd940ee43e7ed0c	none	0
work/T07-G2-r3/out/blank.json	4479	b66e16cb275c6d5882b50c24c9895b765598c6d7ee8f391582156f46bcedd190	b66e16cb275c6d5882b50c24c9895b765598c6d7ee8f391582156f46bcedd190	none	0
work/T07-G2-r3/prompt-0.txt	139	f574f91dda2c5a6030fada50a200a5a9edff9fa307cdd629489e73cb51af700e	f574f91dda2c5a6030fada50a200a5a9edff9fa307cdd629489e73cb51af700e	none	0
work/T07-G2-r3/spec/TR-04_사양서_셀B_v1.md	50152	348d3d8394c4af4237bb45f7acb77e5de981828221b393d771c2db83641653d4	348d3d8394c4af4237bb45f7acb77e5de981828221b393d771c2db83641653d4	none	0
work/T07-G2-r3/unit.json	475	457f9a52e81ad3c05ae8b2b6138aa81119ba01d011d07de16a5f8cb8d96f3586	457f9a52e81ad3c05ae8b2b6138aa81119ba01d011d07de16a5f8cb8d96f3586	none	0
work/T07-G3-r1/TASK.md	1891	240b8b3dbd2dbda5e57855bbae69d883e3131d9741e1f3ac60c8dbf6b0ff1b6e	240b8b3dbd2dbda5e57855bbae69d883e3131d9741e1f3ac60c8dbf6b0ff1b6e	none	0
work/T07-G3-r1/assemble-1790848956740.json	126	dee61e90d840b3fee3123748edf3a762f9667b4aee2efb32fc637f9fa98276b6	c97250e103e70fc69ac4bab97d8c815e1fd57df2d9fe66a74dc53bf48fbca66e	redact	2
work/T07-G3-r1/base.ldprog.json	346286	47885ae06cf2ac2715f05cdd01e7fd8dca435b97966873e642bac266cd09c459	47885ae06cf2ac2715f05cdd01e7fd8dca435b97966873e642bac266cd09c459	none	0
work/T07-G3-r1/g3_reply_meta.json	397	17cf4537cadc6fd6e09ca518711e80a4f2e6cd8a1983d14b4ba06edae8a675e3	146174d2decda9670f0d8f2eed7f6936b9794093a9b5cd1c8a3580d64cdd8aac	redact	1
work/T07-G3-r1/generator.log	0	e3b0c44298fc1c149afbf4c8996fb92427ae41e4649b934ca495991b7852b855	e3b0c44298fc1c149afbf4c8996fb92427ae41e4649b934ca495991b7852b855	none	0
work/T07-G3-r1/io.json	8568	47ff355e0d845fa878538df136eb66aa06a0e8211926ef270dd940ee43e7ed0c	47ff355e0d845fa878538df136eb66aa06a0e8211926ef270dd940ee43e7ed0c	none	0
work/T07-G3-r1/out/blank.json	6321	6ca270f1cc9118a4b9bbdbbae4a87dc6cb00f2806a4fba8f6038aa827205a040	6ca270f1cc9118a4b9bbdbbae4a87dc6cb00f2806a4fba8f6038aa827205a040	none	0
work/T07-G3-r1/prompt-0.txt	139	f574f91dda2c5a6030fada50a200a5a9edff9fa307cdd629489e73cb51af700e	f574f91dda2c5a6030fada50a200a5a9edff9fa307cdd629489e73cb51af700e	none	0
work/T07-G3-r1/spec/TR-04_사양서_셀B_v1.md	50152	348d3d8394c4af4237bb45f7acb77e5de981828221b393d771c2db83641653d4	348d3d8394c4af4237bb45f7acb77e5de981828221b393d771c2db83641653d4	none	0
work/T07-G3-r1/unit.json	502	5e2458fd525d68b17967e1ef0e1bee630c016cb063c2bb85efbe2ff571d1887e	cfae3ddfe97282235d832da08df6cbb14d331a260c0ea65aaaa522976d8e3034	redact	2
work/T08-G1-r1/TASK.md	1810	b5a6957a1d5572eadb50a25914321a6e88a7fc6821e0724b85d17b2e1456cf7f	b5a6957a1d5572eadb50a25914321a6e88a7fc6821e0724b85d17b2e1456cf7f	none	0
work/T08-G1-r1/assemble-1790808806514.json	147	c4f120bf34ebd0e8e94bcc358662fbc19f19efedc5a1a2b3058651433d2ce43c	c4f120bf34ebd0e8e94bcc358662fbc19f19efedc5a1a2b3058651433d2ce43c	none	0
work/T08-G1-r1/base.ldprog.json	337162	b08e6d27524eecbfb7fb9dc2ba6e3387d4808d6d525e093838ea99a76a806a38	b08e6d27524eecbfb7fb9dc2ba6e3387d4808d6d525e093838ea99a76a806a38	none	0
work/T08-G1-r1/compile.json	278	07faade74ceac6acce2d04f387fbfe86aff45cb04e078fd8b45450ae90bc172c	2596cc39de8444c7cb449e08d1e39858d2e5b8335717bbb43ed390b18a83a141	redact	2
work/T08-G1-r1/generator.log	4576	6770d140311c74c3ed49048a7eb86308ff6ec201e7ea2b9b342f3e699973264b	6770d140311c74c3ed49048a7eb86308ff6ec201e7ea2b9b342f3e699973264b	none	0
work/T08-G1-r1/io.json	8568	47ff355e0d845fa878538df136eb66aa06a0e8211926ef270dd940ee43e7ed0c	47ff355e0d845fa878538df136eb66aa06a0e8211926ef270dd940ee43e7ed0c	none	0
work/T08-G1-r1/out/blank.json	8380	7c903d745928420f8c005ef7ea143376d7960bc3df37a87f2ed3f5b3d3c4d7e0	7c903d745928420f8c005ef7ea143376d7960bc3df37a87f2ed3f5b3d3c4d7e0	none	0
work/T08-G1-r1/prompt-0.txt	139	f574f91dda2c5a6030fada50a200a5a9edff9fa307cdd629489e73cb51af700e	f574f91dda2c5a6030fada50a200a5a9edff9fa307cdd629489e73cb51af700e	none	0
work/T08-G1-r1/spec/TR-04_사양서_셀B_v1.md	50152	348d3d8394c4af4237bb45f7acb77e5de981828221b393d771c2db83641653d4	348d3d8394c4af4237bb45f7acb77e5de981828221b393d771c2db83641653d4	none	0
work/T08-G1-r1/unit.json	476	300c869f8f19ee7b3fa0c1f3bad42b2737c7b15481d6abf410a242b9e11d7990	300c869f8f19ee7b3fa0c1f3bad42b2737c7b15481d6abf410a242b9e11d7990	none	0
work/T08-G1-r2/TASK.md	1810	b5a6957a1d5572eadb50a25914321a6e88a7fc6821e0724b85d17b2e1456cf7f	b5a6957a1d5572eadb50a25914321a6e88a7fc6821e0724b85d17b2e1456cf7f	none	0
work/T08-G1-r2/assemble-1790829291961.json	147	63ee6c8833b974c7099b377417c2943ec0c1bc89f88374c0c9775ae0b74f739c	63ee6c8833b974c7099b377417c2943ec0c1bc89f88374c0c9775ae0b74f739c	none	0
work/T08-G1-r2/base.ldprog.json	337162	b08e6d27524eecbfb7fb9dc2ba6e3387d4808d6d525e093838ea99a76a806a38	b08e6d27524eecbfb7fb9dc2ba6e3387d4808d6d525e093838ea99a76a806a38	none	0
work/T08-G1-r2/compile.json	278	8d53c0dfaff777f947fe215ba17d108208341a9427eee4a42c605f534141958e	c2c5bb20f3f2dd464421a847450c03b304e62eb63988cb2d67f56b67c65dae03	redact	2
work/T08-G1-r2/generator.log	4296	3b25a39127fcb9d6ce1a04a398b599904933a52995d5c15987ca79deac6eb7e8	3b25a39127fcb9d6ce1a04a398b599904933a52995d5c15987ca79deac6eb7e8	none	0
work/T08-G1-r2/io.json	8568	47ff355e0d845fa878538df136eb66aa06a0e8211926ef270dd940ee43e7ed0c	47ff355e0d845fa878538df136eb66aa06a0e8211926ef270dd940ee43e7ed0c	none	0
work/T08-G1-r2/out/blank.json	9405	88297adf199c8704af332db35c0f198983a53f0ad4f2c11dde1e42278e63b51d	88297adf199c8704af332db35c0f198983a53f0ad4f2c11dde1e42278e63b51d	none	0
work/T08-G1-r2/prompt-0.txt	139	f574f91dda2c5a6030fada50a200a5a9edff9fa307cdd629489e73cb51af700e	f574f91dda2c5a6030fada50a200a5a9edff9fa307cdd629489e73cb51af700e	none	0
work/T08-G1-r2/spec/TR-04_사양서_셀B_v1.md	50152	348d3d8394c4af4237bb45f7acb77e5de981828221b393d771c2db83641653d4	348d3d8394c4af4237bb45f7acb77e5de981828221b393d771c2db83641653d4	none	0
work/T08-G1-r2/unit.json	475	fc368ac600e4e084fe44dec1f1c8eda8e028dd1c0638524a0064ff00aa5822dc	fc368ac600e4e084fe44dec1f1c8eda8e028dd1c0638524a0064ff00aa5822dc	none	0
work/T08-G1-r3/TASK.md	1810	b5a6957a1d5572eadb50a25914321a6e88a7fc6821e0724b85d17b2e1456cf7f	b5a6957a1d5572eadb50a25914321a6e88a7fc6821e0724b85d17b2e1456cf7f	none	0
work/T08-G1-r3/assemble-1790835852178.json	147	7ce8d149b1013e35031eadc7da3a7e74097b55ba5973b82ede89b997fe9292cd	7ce8d149b1013e35031eadc7da3a7e74097b55ba5973b82ede89b997fe9292cd	none	0
work/T08-G1-r3/base.ldprog.json	337162	b08e6d27524eecbfb7fb9dc2ba6e3387d4808d6d525e093838ea99a76a806a38	b08e6d27524eecbfb7fb9dc2ba6e3387d4808d6d525e093838ea99a76a806a38	none	0
work/T08-G1-r3/compile.json	278	c4474ad6c0fea4306629b0ffab8e813f333991fe62d97e1f89b9ff288847ae50	579f5261e8857f69ddaa7b6aee148ad23e4fb5fc4a7702e3a31bcc275f912aa7	redact	2
work/T08-G1-r3/generator.log	3726	8eed67f8d0a9ed9e7925f22a6918934119c73ea8aea5a57351dc77e88f18d054	8eed67f8d0a9ed9e7925f22a6918934119c73ea8aea5a57351dc77e88f18d054	none	0
work/T08-G1-r3/io.json	8568	47ff355e0d845fa878538df136eb66aa06a0e8211926ef270dd940ee43e7ed0c	47ff355e0d845fa878538df136eb66aa06a0e8211926ef270dd940ee43e7ed0c	none	0
work/T08-G1-r3/out/blank.json	9756	a92948fb13e6690c7d98ae8fd318b5cd8c1461810c9d1bd26bd94b622e1a6039	a92948fb13e6690c7d98ae8fd318b5cd8c1461810c9d1bd26bd94b622e1a6039	none	0
work/T08-G1-r3/prompt-0.txt	139	f574f91dda2c5a6030fada50a200a5a9edff9fa307cdd629489e73cb51af700e	f574f91dda2c5a6030fada50a200a5a9edff9fa307cdd629489e73cb51af700e	none	0
work/T08-G1-r3/spec/TR-04_사양서_셀B_v1.md	50152	348d3d8394c4af4237bb45f7acb77e5de981828221b393d771c2db83641653d4	348d3d8394c4af4237bb45f7acb77e5de981828221b393d771c2db83641653d4	none	0
work/T08-G1-r3/unit.json	475	aa3042c838139e9a5db29207da0035cca5a214ce943d32d53b2df19075344185	aa3042c838139e9a5db29207da0035cca5a214ce943d32d53b2df19075344185	none	0
work/T08-G2-r1/TASK.md	1810	b5a6957a1d5572eadb50a25914321a6e88a7fc6821e0724b85d17b2e1456cf7f	b5a6957a1d5572eadb50a25914321a6e88a7fc6821e0724b85d17b2e1456cf7f	none	0
work/T08-G2-r1/assemble-1790840338768.json	147	b72b3ef038d94eb008379cd882cb688fc3e7eb7a396174fd4c0e84749b66dc9d	b72b3ef038d94eb008379cd882cb688fc3e7eb7a396174fd4c0e84749b66dc9d	none	0
work/T08-G2-r1/base.ldprog.json	337162	b08e6d27524eecbfb7fb9dc2ba6e3387d4808d6d525e093838ea99a76a806a38	b08e6d27524eecbfb7fb9dc2ba6e3387d4808d6d525e093838ea99a76a806a38	none	0
work/T08-G2-r1/compile.json	278	7e65e9f450b506d79065fe5f5493c89a0ee4b72f9de68125755e30f2bba88e54	86e2bc33840988b23a5da1dbc76e0449d0d17c7a6286d4b5b7ff4ee0ba3a3bc8	redact	2
work/T08-G2-r1/io.json	8568	47ff355e0d845fa878538df136eb66aa06a0e8211926ef270dd940ee43e7ed0c	47ff355e0d845fa878538df136eb66aa06a0e8211926ef270dd940ee43e7ed0c	none	0
work/T08-G2-r1/out/blank.json	14015	683b2c0c612584aac4ac4e7cff09e8393bbc2e7b8f33d01a8a56da73dea64ad7	683b2c0c612584aac4ac4e7cff09e8393bbc2e7b8f33d01a8a56da73dea64ad7	none	0
work/T08-G2-r1/prompt-0.txt	139	f574f91dda2c5a6030fada50a200a5a9edff9fa307cdd629489e73cb51af700e	f574f91dda2c5a6030fada50a200a5a9edff9fa307cdd629489e73cb51af700e	none	0
work/T08-G2-r1/spec/TR-04_사양서_셀B_v1.md	50152	348d3d8394c4af4237bb45f7acb77e5de981828221b393d771c2db83641653d4	348d3d8394c4af4237bb45f7acb77e5de981828221b393d771c2db83641653d4	none	0
work/T08-G2-r1/unit.json	475	2f8a40c7181ceea3fab8fa0a15f3eb61334f0ae23c28ee5706a2a8d5e16b2a2a	2f8a40c7181ceea3fab8fa0a15f3eb61334f0ae23c28ee5706a2a8d5e16b2a2a	none	0
work/T08-G2-r2/TASK.md	1810	b5a6957a1d5572eadb50a25914321a6e88a7fc6821e0724b85d17b2e1456cf7f	b5a6957a1d5572eadb50a25914321a6e88a7fc6821e0724b85d17b2e1456cf7f	none	0
work/T08-G2-r2/assemble-1790841994428.json	147	b72b3ef038d94eb008379cd882cb688fc3e7eb7a396174fd4c0e84749b66dc9d	b72b3ef038d94eb008379cd882cb688fc3e7eb7a396174fd4c0e84749b66dc9d	none	0
work/T08-G2-r2/base.ldprog.json	337162	b08e6d27524eecbfb7fb9dc2ba6e3387d4808d6d525e093838ea99a76a806a38	b08e6d27524eecbfb7fb9dc2ba6e3387d4808d6d525e093838ea99a76a806a38	none	0
work/T08-G2-r2/compile.json	278	e036739c0b06cdb57edff4db16cc73973fdae68fad526f151df457f0788d791b	07e1cf5cd0f57f42f34dceb3d00000d54a706c948efd3b0c41d0bcf478d61f1c	redact	2
work/T08-G2-r2/io.json	8568	47ff355e0d845fa878538df136eb66aa06a0e8211926ef270dd940ee43e7ed0c	47ff355e0d845fa878538df136eb66aa06a0e8211926ef270dd940ee43e7ed0c	none	0
work/T08-G2-r2/out/blank.json	14584	0e82452ebf38df3fa9ca299a72b4df69893adf1bf2dc09ba9415bb19c618669f	0e82452ebf38df3fa9ca299a72b4df69893adf1bf2dc09ba9415bb19c618669f	none	0
work/T08-G2-r2/prompt-0.txt	139	f574f91dda2c5a6030fada50a200a5a9edff9fa307cdd629489e73cb51af700e	f574f91dda2c5a6030fada50a200a5a9edff9fa307cdd629489e73cb51af700e	none	0
work/T08-G2-r2/spec/TR-04_사양서_셀B_v1.md	50152	348d3d8394c4af4237bb45f7acb77e5de981828221b393d771c2db83641653d4	348d3d8394c4af4237bb45f7acb77e5de981828221b393d771c2db83641653d4	none	0
work/T08-G2-r2/unit.json	475	cf4ce81ebe63714decec14f6967f5d7f7ad5bbc9477b692c5985ea16d5a6237f	cf4ce81ebe63714decec14f6967f5d7f7ad5bbc9477b692c5985ea16d5a6237f	none	0
work/T08-G2-r3/TASK.md	1810	b5a6957a1d5572eadb50a25914321a6e88a7fc6821e0724b85d17b2e1456cf7f	b5a6957a1d5572eadb50a25914321a6e88a7fc6821e0724b85d17b2e1456cf7f	none	0
work/T08-G2-r3/assemble-1790843616634.json	147	b72b3ef038d94eb008379cd882cb688fc3e7eb7a396174fd4c0e84749b66dc9d	b72b3ef038d94eb008379cd882cb688fc3e7eb7a396174fd4c0e84749b66dc9d	none	0
work/T08-G2-r3/base.ldprog.json	337162	b08e6d27524eecbfb7fb9dc2ba6e3387d4808d6d525e093838ea99a76a806a38	b08e6d27524eecbfb7fb9dc2ba6e3387d4808d6d525e093838ea99a76a806a38	none	0
work/T08-G2-r3/compile.json	278	40526168f580207ca5991fbb31cc02e8883bd59feaf3f6a3a77443d72f9260b8	5b37494152b7d8303fb04befa0fef0dfd6367a5b983ac572a6975eec5e2147e4	redact	2
work/T08-G2-r3/io.json	8568	47ff355e0d845fa878538df136eb66aa06a0e8211926ef270dd940ee43e7ed0c	47ff355e0d845fa878538df136eb66aa06a0e8211926ef270dd940ee43e7ed0c	none	0
work/T08-G2-r3/out/blank.json	14764	ea6b9d393344fd65fbf268ca8c9b43716d4e872559308d4b02ddee2b7fb3086e	ea6b9d393344fd65fbf268ca8c9b43716d4e872559308d4b02ddee2b7fb3086e	none	0
work/T08-G2-r3/prompt-0.txt	139	f574f91dda2c5a6030fada50a200a5a9edff9fa307cdd629489e73cb51af700e	f574f91dda2c5a6030fada50a200a5a9edff9fa307cdd629489e73cb51af700e	none	0
work/T08-G2-r3/spec/TR-04_사양서_셀B_v1.md	50152	348d3d8394c4af4237bb45f7acb77e5de981828221b393d771c2db83641653d4	348d3d8394c4af4237bb45f7acb77e5de981828221b393d771c2db83641653d4	none	0
work/T08-G2-r3/unit.json	475	aff79e5ec68cb8177a1ee50faa960e91d14f649c7f7d449397666964d2ac2759	aff79e5ec68cb8177a1ee50faa960e91d14f649c7f7d449397666964d2ac2759	none	0
work/T08-G3-r1/TASK.md	1810	b5a6957a1d5572eadb50a25914321a6e88a7fc6821e0724b85d17b2e1456cf7f	b5a6957a1d5572eadb50a25914321a6e88a7fc6821e0724b85d17b2e1456cf7f	none	0
work/T08-G3-r1/assemble-1790851357958.json	126	1479e4928752572f59ca2b563ff980f5fdf96013245e5e8ab567ff707c7e3c71	a613494212bd990bee818f0599a781d94c3b9d33c83214b3b6872b13925d6d95	redact	2
work/T08-G3-r1/base.ldprog.json	337162	b08e6d27524eecbfb7fb9dc2ba6e3387d4808d6d525e093838ea99a76a806a38	b08e6d27524eecbfb7fb9dc2ba6e3387d4808d6d525e093838ea99a76a806a38	none	0
work/T08-G3-r1/g3_reply_meta.json	397	5f701f054caefa1ce435e655548653b24163db7fb675fe47f53ae9de004edb9c	f3cfd7efcb58106cd66059b30fedba11da59707ab41ca12ca40fca690132f314	redact	1
work/T08-G3-r1/generator.log	0	e3b0c44298fc1c149afbf4c8996fb92427ae41e4649b934ca495991b7852b855	e3b0c44298fc1c149afbf4c8996fb92427ae41e4649b934ca495991b7852b855	none	0
work/T08-G3-r1/io.json	8568	47ff355e0d845fa878538df136eb66aa06a0e8211926ef270dd940ee43e7ed0c	47ff355e0d845fa878538df136eb66aa06a0e8211926ef270dd940ee43e7ed0c	none	0
work/T08-G3-r1/out/blank.json	13498	0961aca85562a898dfb174a01c5f28c37b0f1de6240262b995c0472346390f75	0961aca85562a898dfb174a01c5f28c37b0f1de6240262b995c0472346390f75	none	0
work/T08-G3-r1/prompt-0.txt	139	f574f91dda2c5a6030fada50a200a5a9edff9fa307cdd629489e73cb51af700e	f574f91dda2c5a6030fada50a200a5a9edff9fa307cdd629489e73cb51af700e	none	0
work/T08-G3-r1/spec/TR-04_사양서_셀B_v1.md	50152	348d3d8394c4af4237bb45f7acb77e5de981828221b393d771c2db83641653d4	348d3d8394c4af4237bb45f7acb77e5de981828221b393d771c2db83641653d4	none	0
work/T08-G3-r1/unit.json	502	785ec67153ea9b2cf9819f3f0de407f3cfbe8e718108e4c891dd91bc1c181b8a	ba8f565269d59dbedb84ebaef3919ded1be72aab0b697a108f429dfadb22b8c3	redact	2
work/T09-G1-r1/TASK.md	1752	27a97b7890d061fd8fcdd15b07b4445f15cad6d3ef195148fde37e45d8a78f36	27a97b7890d061fd8fcdd15b07b4445f15cad6d3ef195148fde37e45d8a78f36	none	0
work/T09-G1-r1/assemble-1790808944422.json	148	4bc78dc86bc95dc6dba534fa3f279af31c713e3223066ee0a198c153f2f53d8f	4bc78dc86bc95dc6dba534fa3f279af31c713e3223066ee0a198c153f2f53d8f	none	0
work/T09-G1-r1/base.ldprog.json	332331	3b51cc6b801d12597e8da211219eea2a704ad867dbc13e58ce3d3c54be6780b0	3b51cc6b801d12597e8da211219eea2a704ad867dbc13e58ce3d3c54be6780b0	none	0
work/T09-G1-r1/compile.json	278	76876a058d8a89c9515cf080d6585aeac56fde5a985b124860bc5832bd373a39	54525d288e0d17ae5bce788ed6193607a51e221f4d7158248a518a35919b8f94	redact	2
work/T09-G1-r1/generator.log	4751	10cc63bc7cfc8ebe2035d1951c0a61268edb448f199b9cfafccb7fcbe07430d5	10cc63bc7cfc8ebe2035d1951c0a61268edb448f199b9cfafccb7fcbe07430d5	none	0
work/T09-G1-r1/io.json	8568	47ff355e0d845fa878538df136eb66aa06a0e8211926ef270dd940ee43e7ed0c	47ff355e0d845fa878538df136eb66aa06a0e8211926ef270dd940ee43e7ed0c	none	0
work/T09-G1-r1/out/blank.json	13144	7e4c8dcd5ab36c686b142293a3437cc56aaa4cfe3280dcd9e38f912b35234b94	7e4c8dcd5ab36c686b142293a3437cc56aaa4cfe3280dcd9e38f912b35234b94	none	0
work/T09-G1-r1/prompt-0.txt	139	f574f91dda2c5a6030fada50a200a5a9edff9fa307cdd629489e73cb51af700e	f574f91dda2c5a6030fada50a200a5a9edff9fa307cdd629489e73cb51af700e	none	0
work/T09-G1-r1/spec/TR-04_사양서_셀B_v1.md	50152	348d3d8394c4af4237bb45f7acb77e5de981828221b393d771c2db83641653d4	348d3d8394c4af4237bb45f7acb77e5de981828221b393d771c2db83641653d4	none	0
work/T09-G1-r1/unit.json	476	ff1c44f1397a8f4112a610e8e6418cd11fc3ffafd5044226fe4c4d7f9840225f	ff1c44f1397a8f4112a610e8e6418cd11fc3ffafd5044226fe4c4d7f9840225f	none	0
work/T09-G1-r2/TASK.md	1752	27a97b7890d061fd8fcdd15b07b4445f15cad6d3ef195148fde37e45d8a78f36	27a97b7890d061fd8fcdd15b07b4445f15cad6d3ef195148fde37e45d8a78f36	none	0
work/T09-G1-r2/assemble-1790829429202.json	148	4bc78dc86bc95dc6dba534fa3f279af31c713e3223066ee0a198c153f2f53d8f	4bc78dc86bc95dc6dba534fa3f279af31c713e3223066ee0a198c153f2f53d8f	none	0
work/T09-G1-r2/base.ldprog.json	332331	3b51cc6b801d12597e8da211219eea2a704ad867dbc13e58ce3d3c54be6780b0	3b51cc6b801d12597e8da211219eea2a704ad867dbc13e58ce3d3c54be6780b0	none	0
work/T09-G1-r2/compile.json	278	487570c1db974c731a4bc595537fb7f362d389a059d81027cd8d5d1fff06c8e4	a41a05fefcce580b265da21ebfb9126e9d6569ae79c293cf69e15f6d2e893a92	redact	2
work/T09-G1-r2/generator.log	4206	08c1076a90a87958885dd9fd9cba3fc0f8c897b68d63c0ab5a259bbe5665846f	08c1076a90a87958885dd9fd9cba3fc0f8c897b68d63c0ab5a259bbe5665846f	none	0
work/T09-G1-r2/io.json	8568	47ff355e0d845fa878538df136eb66aa06a0e8211926ef270dd940ee43e7ed0c	47ff355e0d845fa878538df136eb66aa06a0e8211926ef270dd940ee43e7ed0c	none	0
work/T09-G1-r2/out/blank.json	14392	73e9d5e9e18717719e363413f26bd7ffb3cb46256e8e52ea3c11b35d3cd01be1	73e9d5e9e18717719e363413f26bd7ffb3cb46256e8e52ea3c11b35d3cd01be1	none	0
work/T09-G1-r2/prompt-0.txt	139	f574f91dda2c5a6030fada50a200a5a9edff9fa307cdd629489e73cb51af700e	f574f91dda2c5a6030fada50a200a5a9edff9fa307cdd629489e73cb51af700e	none	0
work/T09-G1-r2/spec/TR-04_사양서_셀B_v1.md	50152	348d3d8394c4af4237bb45f7acb77e5de981828221b393d771c2db83641653d4	348d3d8394c4af4237bb45f7acb77e5de981828221b393d771c2db83641653d4	none	0
work/T09-G1-r2/unit.json	476	752144d8e7386052ff65fda086f891eb3c40526013d76be4ba6194487c63758b	752144d8e7386052ff65fda086f891eb3c40526013d76be4ba6194487c63758b	none	0
work/T09-G1-r3/TASK.md	1752	27a97b7890d061fd8fcdd15b07b4445f15cad6d3ef195148fde37e45d8a78f36	27a97b7890d061fd8fcdd15b07b4445f15cad6d3ef195148fde37e45d8a78f36	none	0
work/T09-G1-r3/assemble-1790835982344.json	148	4bc78dc86bc95dc6dba534fa3f279af31c713e3223066ee0a198c153f2f53d8f	4bc78dc86bc95dc6dba534fa3f279af31c713e3223066ee0a198c153f2f53d8f	none	0
work/T09-G1-r3/base.ldprog.json	332331	3b51cc6b801d12597e8da211219eea2a704ad867dbc13e58ce3d3c54be6780b0	3b51cc6b801d12597e8da211219eea2a704ad867dbc13e58ce3d3c54be6780b0	none	0
work/T09-G1-r3/compile.json	278	cb8750bf5885ea14115710ddf454bc2e75612ac4ab9c821a452c0b2c15919948	97b4c07aecb61080f57e9a9b632fc8c714012a7a9e78049cc691322be2c50321	redact	2
work/T09-G1-r3/generator.log	4325	5fe94ef5b5af308036fb306f1bc3b5dc2acd17ab7f8f004a58cb5e60c581efb8	5fe94ef5b5af308036fb306f1bc3b5dc2acd17ab7f8f004a58cb5e60c581efb8	none	0
work/T09-G1-r3/io.json	8568	47ff355e0d845fa878538df136eb66aa06a0e8211926ef270dd940ee43e7ed0c	47ff355e0d845fa878538df136eb66aa06a0e8211926ef270dd940ee43e7ed0c	none	0
work/T09-G1-r3/out/blank.json	14479	f8f7283eb7d820e01a1c3d0db220221590fa4ba2b818a0bd3f564c59c2e8446b	f8f7283eb7d820e01a1c3d0db220221590fa4ba2b818a0bd3f564c59c2e8446b	none	0
work/T09-G1-r3/prompt-0.txt	139	f574f91dda2c5a6030fada50a200a5a9edff9fa307cdd629489e73cb51af700e	f574f91dda2c5a6030fada50a200a5a9edff9fa307cdd629489e73cb51af700e	none	0
work/T09-G1-r3/spec/TR-04_사양서_셀B_v1.md	50152	348d3d8394c4af4237bb45f7acb77e5de981828221b393d771c2db83641653d4	348d3d8394c4af4237bb45f7acb77e5de981828221b393d771c2db83641653d4	none	0
work/T09-G1-r3/unit.json	476	1d27a23a9b90b3f84dcc4394d2d9325041abb5fe9fbd5850801cf057137a4ae4	1d27a23a9b90b3f84dcc4394d2d9325041abb5fe9fbd5850801cf057137a4ae4	none	0
work/T09-G2-r1/TASK.md	1752	27a97b7890d061fd8fcdd15b07b4445f15cad6d3ef195148fde37e45d8a78f36	27a97b7890d061fd8fcdd15b07b4445f15cad6d3ef195148fde37e45d8a78f36	none	0
work/T09-G2-r1/assemble-1790840398870.json	148	456aeff042f938947e9f9062ec2f5b3290811ec13d2f59f8bb3f7a24e9fbeabc	456aeff042f938947e9f9062ec2f5b3290811ec13d2f59f8bb3f7a24e9fbeabc	none	0
work/T09-G2-r1/base.ldprog.json	332331	3b51cc6b801d12597e8da211219eea2a704ad867dbc13e58ce3d3c54be6780b0	3b51cc6b801d12597e8da211219eea2a704ad867dbc13e58ce3d3c54be6780b0	none	0
work/T09-G2-r1/compile.json	278	f4ddb9ebcd642f881c56870e4f4dc6ebe390b28ecf7c5d1926050c721e1e9a6c	2d88790852aec5f7e98636a57ce410377a545e26963008b25ce90437be630fde	redact	2
work/T09-G2-r1/io.json	8568	47ff355e0d845fa878538df136eb66aa06a0e8211926ef270dd940ee43e7ed0c	47ff355e0d845fa878538df136eb66aa06a0e8211926ef270dd940ee43e7ed0c	none	0
work/T09-G2-r1/out/blank.json	21373	5d70be6b22b051658fce6f8297c4e8b2adb2277352b626cdb7473f5f08748a62	5d70be6b22b051658fce6f8297c4e8b2adb2277352b626cdb7473f5f08748a62	none	0
work/T09-G2-r1/prompt-0.txt	139	f574f91dda2c5a6030fada50a200a5a9edff9fa307cdd629489e73cb51af700e	f574f91dda2c5a6030fada50a200a5a9edff9fa307cdd629489e73cb51af700e	none	0
work/T09-G2-r1/spec/TR-04_사양서_셀B_v1.md	50152	348d3d8394c4af4237bb45f7acb77e5de981828221b393d771c2db83641653d4	348d3d8394c4af4237bb45f7acb77e5de981828221b393d771c2db83641653d4	none	0
work/T09-G2-r1/unit.json	475	5fb593a438f6a660d3c2248b8d87af56db0e928df4929a4d47b06ad1cd58363c	5fb593a438f6a660d3c2248b8d87af56db0e928df4929a4d47b06ad1cd58363c	none	0
work/T09-G2-r2/TASK.md	1752	27a97b7890d061fd8fcdd15b07b4445f15cad6d3ef195148fde37e45d8a78f36	27a97b7890d061fd8fcdd15b07b4445f15cad6d3ef195148fde37e45d8a78f36	none	0
work/T09-G2-r2/assemble-1790842059719.json	148	456aeff042f938947e9f9062ec2f5b3290811ec13d2f59f8bb3f7a24e9fbeabc	456aeff042f938947e9f9062ec2f5b3290811ec13d2f59f8bb3f7a24e9fbeabc	none	0
work/T09-G2-r2/base.ldprog.json	332331	3b51cc6b801d12597e8da211219eea2a704ad867dbc13e58ce3d3c54be6780b0	3b51cc6b801d12597e8da211219eea2a704ad867dbc13e58ce3d3c54be6780b0	none	0
work/T09-G2-r2/compile.json	278	dbae4c869c1e4a8e4efd1c885b02ab528076d82d2b871e239ee8dce8f7af3fdd	6807b4cf2e577671a24a2e3432f2f16bb38447b73a1fa4dc50bce02667523386	redact	2
work/T09-G2-r2/io.json	8568	47ff355e0d845fa878538df136eb66aa06a0e8211926ef270dd940ee43e7ed0c	47ff355e0d845fa878538df136eb66aa06a0e8211926ef270dd940ee43e7ed0c	none	0
work/T09-G2-r2/out/blank.json	20469	a16f5ce61dbe3f26d098ddf915e3b0797f117f40ab236b035e5938f4b4052700	a16f5ce61dbe3f26d098ddf915e3b0797f117f40ab236b035e5938f4b4052700	none	0
work/T09-G2-r2/prompt-0.txt	139	f574f91dda2c5a6030fada50a200a5a9edff9fa307cdd629489e73cb51af700e	f574f91dda2c5a6030fada50a200a5a9edff9fa307cdd629489e73cb51af700e	none	0
work/T09-G2-r2/spec/TR-04_사양서_셀B_v1.md	50152	348d3d8394c4af4237bb45f7acb77e5de981828221b393d771c2db83641653d4	348d3d8394c4af4237bb45f7acb77e5de981828221b393d771c2db83641653d4	none	0
work/T09-G2-r2/unit.json	475	531e9e5fc00a584169eab78f51cf6aa23ad60475b173efd07665df55582e8466	531e9e5fc00a584169eab78f51cf6aa23ad60475b173efd07665df55582e8466	none	0
work/T09-G2-r3/TASK.md	1752	27a97b7890d061fd8fcdd15b07b4445f15cad6d3ef195148fde37e45d8a78f36	27a97b7890d061fd8fcdd15b07b4445f15cad6d3ef195148fde37e45d8a78f36	none	0
work/T09-G2-r3/assemble-1790843670007.json	148	456aeff042f938947e9f9062ec2f5b3290811ec13d2f59f8bb3f7a24e9fbeabc	456aeff042f938947e9f9062ec2f5b3290811ec13d2f59f8bb3f7a24e9fbeabc	none	0
work/T09-G2-r3/base.ldprog.json	332331	3b51cc6b801d12597e8da211219eea2a704ad867dbc13e58ce3d3c54be6780b0	3b51cc6b801d12597e8da211219eea2a704ad867dbc13e58ce3d3c54be6780b0	none	0
work/T09-G2-r3/compile.json	278	84f6af7aca73adb9c8c66313633bf17a8946b47e011de7681d4edf6c6f55e25a	5a6f399e8b521a54325ed8de795c80b5f029f071708d410c2559e94e297228e8	redact	2
work/T09-G2-r3/io.json	8568	47ff355e0d845fa878538df136eb66aa06a0e8211926ef270dd940ee43e7ed0c	47ff355e0d845fa878538df136eb66aa06a0e8211926ef270dd940ee43e7ed0c	none	0
work/T09-G2-r3/out/blank.json	21256	0ca514a102ab9a2eeb7877c3068afb8935a7269e987953b0419a9867f444f1f8	0ca514a102ab9a2eeb7877c3068afb8935a7269e987953b0419a9867f444f1f8	none	0
work/T09-G2-r3/prompt-0.txt	139	f574f91dda2c5a6030fada50a200a5a9edff9fa307cdd629489e73cb51af700e	f574f91dda2c5a6030fada50a200a5a9edff9fa307cdd629489e73cb51af700e	none	0
work/T09-G2-r3/spec/TR-04_사양서_셀B_v1.md	50152	348d3d8394c4af4237bb45f7acb77e5de981828221b393d771c2db83641653d4	348d3d8394c4af4237bb45f7acb77e5de981828221b393d771c2db83641653d4	none	0
work/T09-G2-r3/unit.json	475	c8f13931e23aa6a879116b4a155bd4d2d714075695a499374c83c78666e339ef	c8f13931e23aa6a879116b4a155bd4d2d714075695a499374c83c78666e339ef	none	0
work/T09-G3-r1/TASK.md	1752	27a97b7890d061fd8fcdd15b07b4445f15cad6d3ef195148fde37e45d8a78f36	27a97b7890d061fd8fcdd15b07b4445f15cad6d3ef195148fde37e45d8a78f36	none	0
work/T09-G3-r1/assemble-1790853758119.json	126	378a640a54bafba3b057bbcc7f853fae902210b6f96e511585f83b0cd667a83e	41d20bb4c5cef79d510df53353dd766292dc1e73208c70a6c27616e051c15663	redact	2
work/T09-G3-r1/base.ldprog.json	332331	3b51cc6b801d12597e8da211219eea2a704ad867dbc13e58ce3d3c54be6780b0	3b51cc6b801d12597e8da211219eea2a704ad867dbc13e58ce3d3c54be6780b0	none	0
work/T09-G3-r1/generator.log	2498	cdd1068174aaea8d21c0630a39f7918e68ef11055981051946755d44adfdd72b	0de3607ac8a3de545bb71b546fb979d832696f0c3f3e6c6ac3739ee1d0857b3a	redact	2
work/T09-G3-r1/io.json	8568	47ff355e0d845fa878538df136eb66aa06a0e8211926ef270dd940ee43e7ed0c	47ff355e0d845fa878538df136eb66aa06a0e8211926ef270dd940ee43e7ed0c	none	0
work/T09-G3-r1/prompt-0.txt	139	f574f91dda2c5a6030fada50a200a5a9edff9fa307cdd629489e73cb51af700e	f574f91dda2c5a6030fada50a200a5a9edff9fa307cdd629489e73cb51af700e	none	0
work/T09-G3-r1/spec/TR-04_사양서_셀B_v1.md	50152	348d3d8394c4af4237bb45f7acb77e5de981828221b393d771c2db83641653d4	348d3d8394c4af4237bb45f7acb77e5de981828221b393d771c2db83641653d4	none	0
work/T09-G3-r1/unit.json	502	f5b8d04bb6f597c2f412e73628a47efc9a65057dd78fd5bc42838e584f630230	9bfe65d3b9c947a0d72f1c079cd7d9fddc3ded0cf723905f612e44c30cd1c0fc	redact	2
work/T10-G1-r1/TASK.md	3365	e98174abdf3f22a889a119d9d0c9ef4674ff228d31dc912b36459940f14f2c11	e98174abdf3f22a889a119d9d0c9ef4674ff228d31dc912b36459940f14f2c11	none	0
work/T10-G1-r1/assemble-1790809383133.json	149	5c895bad9db8a185f2aedc9ebbfd0c5ccf2012adb75966008941a1f16a6d33ef	5c895bad9db8a185f2aedc9ebbfd0c5ccf2012adb75966008941a1f16a6d33ef	none	0
work/T10-G1-r1/base.ldprog.json	247234	1206fe0f63612ea3c76cfe65213c8506a12e3f12e4ef3c320a12092ae20d7508	1206fe0f63612ea3c76cfe65213c8506a12e3f12e4ef3c320a12092ae20d7508	none	0
work/T10-G1-r1/compile.json	278	79c1206bdc5d29d0f5f30fa869de8abc537affffd5f8f46539b9c4efaca6dd20	4deebb49a40081d7eb0b1cc3f5f38bfbce7f722402ec37426435fc6c354500d4	redact	2
work/T10-G1-r1/generator.log	5216	e263d650aeb5d86bc843d1fa225785696a85ec9882ea2229beca0b06169f854e	e263d650aeb5d86bc843d1fa225785696a85ec9882ea2229beca0b06169f854e	none	0
work/T10-G1-r1/io.json	8568	47ff355e0d845fa878538df136eb66aa06a0e8211926ef270dd940ee43e7ed0c	47ff355e0d845fa878538df136eb66aa06a0e8211926ef270dd940ee43e7ed0c	none	0
work/T10-G1-r1/out/blank.json	62446	d0810a45e38807e5941f375ce8fc0d36c2163bb1520372bfd364386fbd15ccb1	d0810a45e38807e5941f375ce8fc0d36c2163bb1520372bfd364386fbd15ccb1	none	0
work/T10-G1-r1/prompt-0.txt	139	f574f91dda2c5a6030fada50a200a5a9edff9fa307cdd629489e73cb51af700e	f574f91dda2c5a6030fada50a200a5a9edff9fa307cdd629489e73cb51af700e	none	0
work/T10-G1-r1/spec/TR-04_사양서_셀B_v1.md	50152	348d3d8394c4af4237bb45f7acb77e5de981828221b393d771c2db83641653d4	348d3d8394c4af4237bb45f7acb77e5de981828221b393d771c2db83641653d4	none	0
work/T10-G1-r1/unit.json	476	d64ba0cb7a9ebb9b75ebe0fde0794a56d60985aa35a6281439b506015209f729	d64ba0cb7a9ebb9b75ebe0fde0794a56d60985aa35a6281439b506015209f729	none	0
work/T10-G1-r2/TASK.md	3365	e98174abdf3f22a889a119d9d0c9ef4674ff228d31dc912b36459940f14f2c11	e98174abdf3f22a889a119d9d0c9ef4674ff228d31dc912b36459940f14f2c11	none	0
work/T10-G1-r2/assemble-1790829855270.json	149	ca94ba77d56fc24db9c6819bf67026bb859048b6923cf9aae0f6e06ac4150121	ca94ba77d56fc24db9c6819bf67026bb859048b6923cf9aae0f6e06ac4150121	none	0
work/T10-G1-r2/base.ldprog.json	247234	1206fe0f63612ea3c76cfe65213c8506a12e3f12e4ef3c320a12092ae20d7508	1206fe0f63612ea3c76cfe65213c8506a12e3f12e4ef3c320a12092ae20d7508	none	0
work/T10-G1-r2/compile.json	278	4dfbe81517be14d88185493011cf65c823c73fb162a8c650074c6c2a36c2a2bb	e9d7e47f535b38fe1368f6d21a6641b2df5b20c7b28706eb096997e53497c8dc	redact	2
work/T10-G1-r2/generator.log	4211	ce9cc6a4f021d082ddda27f28107a7e4ab6d40a24e9bfc2e7d7e85b8a5651859	ce9cc6a4f021d082ddda27f28107a7e4ab6d40a24e9bfc2e7d7e85b8a5651859	none	0
work/T10-G1-r2/io.json	8568	47ff355e0d845fa878538df136eb66aa06a0e8211926ef270dd940ee43e7ed0c	47ff355e0d845fa878538df136eb66aa06a0e8211926ef270dd940ee43e7ed0c	none	0
work/T10-G1-r2/out/blank.json	61590	2f47bf51b3b9ab9473ef7c05e15aeb6bc49589cbce67aeda951315e947571599	2f47bf51b3b9ab9473ef7c05e15aeb6bc49589cbce67aeda951315e947571599	none	0
work/T10-G1-r2/prompt-0.txt	139	f574f91dda2c5a6030fada50a200a5a9edff9fa307cdd629489e73cb51af700e	f574f91dda2c5a6030fada50a200a5a9edff9fa307cdd629489e73cb51af700e	none	0
work/T10-G1-r2/spec/TR-04_사양서_셀B_v1.md	50152	348d3d8394c4af4237bb45f7acb77e5de981828221b393d771c2db83641653d4	348d3d8394c4af4237bb45f7acb77e5de981828221b393d771c2db83641653d4	none	0
work/T10-G1-r2/unit.json	476	fae187e3ef8c2c9ae13fa880cc805167cac305e48e60271c73c405dc15ca89fc	fae187e3ef8c2c9ae13fa880cc805167cac305e48e60271c73c405dc15ca89fc	none	0
work/T10-G1-r3/TASK.md	3365	e98174abdf3f22a889a119d9d0c9ef4674ff228d31dc912b36459940f14f2c11	e98174abdf3f22a889a119d9d0c9ef4674ff228d31dc912b36459940f14f2c11	none	0
work/T10-G1-r3/assemble-1790836388507.json	149	dc72cf06641ee9c9eef0cf8cd7223db2c6fac0a78be7ed271d45201f2467d4ef	dc72cf06641ee9c9eef0cf8cd7223db2c6fac0a78be7ed271d45201f2467d4ef	none	0
work/T10-G1-r3/base.ldprog.json	247234	1206fe0f63612ea3c76cfe65213c8506a12e3f12e4ef3c320a12092ae20d7508	1206fe0f63612ea3c76cfe65213c8506a12e3f12e4ef3c320a12092ae20d7508	none	0
work/T10-G1-r3/compile.json	278	f37cdbe70feeeea788063436b670407de07b52b7e7486dabb5ff452c45092260	2ac86f39baca405555dc113159068a719ad028594731bb0edd7b428158af8c2a	redact	2
work/T10-G1-r3/generator.log	3997	f7f10c6690c7b5381d768a06e45063807f0470bb6bc704892bb94409b98933d2	f7f10c6690c7b5381d768a06e45063807f0470bb6bc704892bb94409b98933d2	none	0
work/T10-G1-r3/io.json	8568	47ff355e0d845fa878538df136eb66aa06a0e8211926ef270dd940ee43e7ed0c	47ff355e0d845fa878538df136eb66aa06a0e8211926ef270dd940ee43e7ed0c	none	0
work/T10-G1-r3/out/blank.json	64365	7a6f19f671df92b9ff0ab63c2c4528e1b0c3e67ea19b43fd7a2207b0d9c34aac	7a6f19f671df92b9ff0ab63c2c4528e1b0c3e67ea19b43fd7a2207b0d9c34aac	none	0
work/T10-G1-r3/prompt-0.txt	139	f574f91dda2c5a6030fada50a200a5a9edff9fa307cdd629489e73cb51af700e	f574f91dda2c5a6030fada50a200a5a9edff9fa307cdd629489e73cb51af700e	none	0
work/T10-G1-r3/spec/TR-04_사양서_셀B_v1.md	50152	348d3d8394c4af4237bb45f7acb77e5de981828221b393d771c2db83641653d4	348d3d8394c4af4237bb45f7acb77e5de981828221b393d771c2db83641653d4	none	0
work/T10-G1-r3/unit.json	476	28419ea871de5ba50d1f21aa63495503b4b670a4192cc9254fb26437b055558c	28419ea871de5ba50d1f21aa63495503b4b670a4192cc9254fb26437b055558c	none	0
work/T10-G2-r1/TASK.md	3365	e98174abdf3f22a889a119d9d0c9ef4674ff228d31dc912b36459940f14f2c11	e98174abdf3f22a889a119d9d0c9ef4674ff228d31dc912b36459940f14f2c11	none	0
work/T10-G2-r1/assemble-1790840493354.json	149	732a5c4c82bf095aebdc47f55d5026f8b2990e975ca11825960df8e429fbf46f	732a5c4c82bf095aebdc47f55d5026f8b2990e975ca11825960df8e429fbf46f	none	0
work/T10-G2-r1/base.ldprog.json	247234	1206fe0f63612ea3c76cfe65213c8506a12e3f12e4ef3c320a12092ae20d7508	1206fe0f63612ea3c76cfe65213c8506a12e3f12e4ef3c320a12092ae20d7508	none	0
work/T10-G2-r1/compile.json	278	bcc1b0f6892d03f5006896d8f2c13463643f6e8ef9c939d06cc2692570e7c46e	c3f4dadba12d264ea71741185fc01a141972944da8e0c192c478582d7052fade	redact	2
work/T10-G2-r1/io.json	8568	47ff355e0d845fa878538df136eb66aa06a0e8211926ef270dd940ee43e7ed0c	47ff355e0d845fa878538df136eb66aa06a0e8211926ef270dd940ee43e7ed0c	none	0
work/T10-G2-r1/out/blank.json	124978	e3928b8d614bbeded85d5bf3610f8bfc9b9f6f60062e6cb01e197c7da4a9cd90	e3928b8d614bbeded85d5bf3610f8bfc9b9f6f60062e6cb01e197c7da4a9cd90	none	0
work/T10-G2-r1/prompt-0.txt	139	f574f91dda2c5a6030fada50a200a5a9edff9fa307cdd629489e73cb51af700e	f574f91dda2c5a6030fada50a200a5a9edff9fa307cdd629489e73cb51af700e	none	0
work/T10-G2-r1/spec/TR-04_사양서_셀B_v1.md	50152	348d3d8394c4af4237bb45f7acb77e5de981828221b393d771c2db83641653d4	348d3d8394c4af4237bb45f7acb77e5de981828221b393d771c2db83641653d4	none	0
work/T10-G2-r1/unit.json	475	38c9fd0266792208936bd2b2d22a9820217a0189502667cc1fcf5f058b4defb5	38c9fd0266792208936bd2b2d22a9820217a0189502667cc1fcf5f058b4defb5	none	0
work/T10-G2-r2/TASK.md	3365	e98174abdf3f22a889a119d9d0c9ef4674ff228d31dc912b36459940f14f2c11	e98174abdf3f22a889a119d9d0c9ef4674ff228d31dc912b36459940f14f2c11	none	0
work/T10-G2-r2/assemble-1790842185336.json	149	9da872db91afb2921f514bf06956cee53495105f778ead4aeb689ba9407622c2	9da872db91afb2921f514bf06956cee53495105f778ead4aeb689ba9407622c2	none	0
work/T10-G2-r2/base.ldprog.json	247234	1206fe0f63612ea3c76cfe65213c8506a12e3f12e4ef3c320a12092ae20d7508	1206fe0f63612ea3c76cfe65213c8506a12e3f12e4ef3c320a12092ae20d7508	none	0
work/T10-G2-r2/compile.json	278	1aeeb3a1af0dbfe74cf440b03660e1d3eb7fcbabdce6a7fdae181da2c40d8b69	e5b49990e4890cc1aba538b32b62d66c575c6b9d023c004251f4fcf453831eb5	redact	2
work/T10-G2-r2/io.json	8568	47ff355e0d845fa878538df136eb66aa06a0e8211926ef270dd940ee43e7ed0c	47ff355e0d845fa878538df136eb66aa06a0e8211926ef270dd940ee43e7ed0c	none	0
work/T10-G2-r2/out/blank.json	128838	40340fbb98c8be8b15c0681b8a38bb09f4d9fa734b51518d4ef495bc004ab76b	40340fbb98c8be8b15c0681b8a38bb09f4d9fa734b51518d4ef495bc004ab76b	none	0
work/T10-G2-r2/prompt-0.txt	139	f574f91dda2c5a6030fada50a200a5a9edff9fa307cdd629489e73cb51af700e	f574f91dda2c5a6030fada50a200a5a9edff9fa307cdd629489e73cb51af700e	none	0
work/T10-G2-r2/spec/TR-04_사양서_셀B_v1.md	50152	348d3d8394c4af4237bb45f7acb77e5de981828221b393d771c2db83641653d4	348d3d8394c4af4237bb45f7acb77e5de981828221b393d771c2db83641653d4	none	0
work/T10-G2-r2/unit.json	476	8db6d959ba35aea6ee60bf98b1bd196d0e6f01ab5a7fdfe88bbe47bd0fd6009d	8db6d959ba35aea6ee60bf98b1bd196d0e6f01ab5a7fdfe88bbe47bd0fd6009d	none	0
work/T10-G2-r3/TASK.md	3365	e98174abdf3f22a889a119d9d0c9ef4674ff228d31dc912b36459940f14f2c11	e98174abdf3f22a889a119d9d0c9ef4674ff228d31dc912b36459940f14f2c11	none	0
work/T10-G2-r3/assemble-1790843765866.json	149	c924d521a076c03d04a0a9a5a311960aabc0f49ae6d8b97d9a526512a2fb985d	c924d521a076c03d04a0a9a5a311960aabc0f49ae6d8b97d9a526512a2fb985d	none	0
work/T10-G2-r3/base.ldprog.json	247234	1206fe0f63612ea3c76cfe65213c8506a12e3f12e4ef3c320a12092ae20d7508	1206fe0f63612ea3c76cfe65213c8506a12e3f12e4ef3c320a12092ae20d7508	none	0
work/T10-G2-r3/compile.json	278	166e22983d2e96a6493114bda32fc52eba6929e30fc004a9623d7c8238668a10	08775e7d04b5c0d35c7eeb5e659273f8b52695911c6e1a22dcc497e048393808	redact	2
work/T10-G2-r3/io.json	8568	47ff355e0d845fa878538df136eb66aa06a0e8211926ef270dd940ee43e7ed0c	47ff355e0d845fa878538df136eb66aa06a0e8211926ef270dd940ee43e7ed0c	none	0
work/T10-G2-r3/out/blank.json	129401	f7f21e4dd706899d5d0c743be92b5a20cdf8dd0284adc42535688ca2125ec7cf	f7f21e4dd706899d5d0c743be92b5a20cdf8dd0284adc42535688ca2125ec7cf	none	0
work/T10-G2-r3/prompt-0.txt	139	f574f91dda2c5a6030fada50a200a5a9edff9fa307cdd629489e73cb51af700e	f574f91dda2c5a6030fada50a200a5a9edff9fa307cdd629489e73cb51af700e	none	0
work/T10-G2-r3/spec/TR-04_사양서_셀B_v1.md	50152	348d3d8394c4af4237bb45f7acb77e5de981828221b393d771c2db83641653d4	348d3d8394c4af4237bb45f7acb77e5de981828221b393d771c2db83641653d4	none	0
work/T10-G2-r3/unit.json	475	80e18a9f24ec52615565ab7ab77dbaac3ce5b92bcea4c6e60ae2597b21817ed2	80e18a9f24ec52615565ab7ab77dbaac3ce5b92bcea4c6e60ae2597b21817ed2	none	0
work/T10-G3-r1/TASK.md	3365	e98174abdf3f22a889a119d9d0c9ef4674ff228d31dc912b36459940f14f2c11	e98174abdf3f22a889a119d9d0c9ef4674ff228d31dc912b36459940f14f2c11	none	0
work/T10-G3-r1/assemble-1790856158244.json	126	cc3f3af91774ceaf482153d198347209e4c86bc161eb4dc8e022d12336d3b892	1c7f9469eee4158c69873355a87bfd2a6847eb5302e7052ed58a1eae68294227	redact	2
work/T10-G3-r1/base.ldprog.json	247234	1206fe0f63612ea3c76cfe65213c8506a12e3f12e4ef3c320a12092ae20d7508	1206fe0f63612ea3c76cfe65213c8506a12e3f12e4ef3c320a12092ae20d7508	none	0
work/T10-G3-r1/g3_reply_meta.json	396	43a65bd6bbedfd05e6c6b0aec81dcea523a9c015ee538374ca390d6cca50ac33	e29a4e462f34cb4f3a9cce3e4ab6c7ef3633666ba8c384cb8dfdd438f4f83d1c	redact	1
work/T10-G3-r1/generator.log	0	e3b0c44298fc1c149afbf4c8996fb92427ae41e4649b934ca495991b7852b855	e3b0c44298fc1c149afbf4c8996fb92427ae41e4649b934ca495991b7852b855	none	0
work/T10-G3-r1/io.json	8568	47ff355e0d845fa878538df136eb66aa06a0e8211926ef270dd940ee43e7ed0c	47ff355e0d845fa878538df136eb66aa06a0e8211926ef270dd940ee43e7ed0c	none	0
work/T10-G3-r1/out/blank.json	2103	9877874f23bb3f8388fac77980403a5d26ad1040faab7f3e30d75876a6696530	9877874f23bb3f8388fac77980403a5d26ad1040faab7f3e30d75876a6696530	none	0
work/T10-G3-r1/prompt-0.txt	139	f574f91dda2c5a6030fada50a200a5a9edff9fa307cdd629489e73cb51af700e	f574f91dda2c5a6030fada50a200a5a9edff9fa307cdd629489e73cb51af700e	none	0
work/T10-G3-r1/spec/TR-04_사양서_셀B_v1.md	50152	348d3d8394c4af4237bb45f7acb77e5de981828221b393d771c2db83641653d4	348d3d8394c4af4237bb45f7acb77e5de981828221b393d771c2db83641653d4	none	0
work/T10-G3-r1/unit.json	502	7029d88f5f88250c9be8b22da58deb396a314741ff2cddd8a02f909c25d5b58f	1c90aaaad2c37da301c926d9b9059a95c9cd81aadcd920243a2fa7ee8edce2df	redact	2
work/T11-G1-r1/TASK.md	2133	7b08c7e2cbffab207552fcd9acb491556cebe314b56ac9545c04f5a1119287c3	7b08c7e2cbffab207552fcd9acb491556cebe314b56ac9545c04f5a1119287c3	none	0
work/T11-G1-r1/assemble-1790809745229.json	149	8b45729a1f465bd1d902a6db65249e8554b40092337a81a4a89a0b55fa0a5776	8b45729a1f465bd1d902a6db65249e8554b40092337a81a4a89a0b55fa0a5776	none	0
work/T11-G1-r1/base.ldprog.json	275161	f5fd130c566961a61b7c69c1b677e29684d03c5e1cb69a22255157558de5bfe6	f5fd130c566961a61b7c69c1b677e29684d03c5e1cb69a22255157558de5bfe6	none	0
work/T11-G1-r1/compile.json	344	698a66bb7518228b92d8593358d9ed6522180a8209defa687ad491d0bef00233	2cdb5b06f03d54f7eac34ac775872dd945cf027623765a354fc3cebcdba1db29	redact	2
work/T11-G1-r1/generator.log	5203	676dcb8af5120d932ed251c1adfc60cc0616f68c88c978d254773a5b46a06c09	676dcb8af5120d932ed251c1adfc60cc0616f68c88c978d254773a5b46a06c09	none	0
work/T11-G1-r1/io.json	8568	47ff355e0d845fa878538df136eb66aa06a0e8211926ef270dd940ee43e7ed0c	47ff355e0d845fa878538df136eb66aa06a0e8211926ef270dd940ee43e7ed0c	none	0
work/T11-G1-r1/out/blank.json	47423	064616d872a88347be01086696622317c4171c8f9a64958e1589efd6b9d9feb4	064616d872a88347be01086696622317c4171c8f9a64958e1589efd6b9d9feb4	none	0
work/T11-G1-r1/prompt-0.txt	139	f574f91dda2c5a6030fada50a200a5a9edff9fa307cdd629489e73cb51af700e	f574f91dda2c5a6030fada50a200a5a9edff9fa307cdd629489e73cb51af700e	none	0
work/T11-G1-r1/spec/TR-04_사양서_셀B_v1.md	50152	348d3d8394c4af4237bb45f7acb77e5de981828221b393d771c2db83641653d4	348d3d8394c4af4237bb45f7acb77e5de981828221b393d771c2db83641653d4	none	0
work/T11-G1-r1/unit.json	476	da0696c7a35bb530042c7ef14497a93cf89ad65f8986593298b8e58c3e74ccb1	da0696c7a35bb530042c7ef14497a93cf89ad65f8986593298b8e58c3e74ccb1	none	0
work/T11-G1-r2/TASK.md	2133	7b08c7e2cbffab207552fcd9acb491556cebe314b56ac9545c04f5a1119287c3	7b08c7e2cbffab207552fcd9acb491556cebe314b56ac9545c04f5a1119287c3	none	0
work/T11-G1-r2/assemble-1790830206221.json	149	79ec2260a5cba558857c91a6e013e9ea4494489b200d5896d4a4c2dbb4a1f5cb	79ec2260a5cba558857c91a6e013e9ea4494489b200d5896d4a4c2dbb4a1f5cb	none	0
work/T11-G1-r2/base.ldprog.json	275161	f5fd130c566961a61b7c69c1b677e29684d03c5e1cb69a22255157558de5bfe6	f5fd130c566961a61b7c69c1b677e29684d03c5e1cb69a22255157558de5bfe6	none	0
work/T11-G1-r2/compile.json	344	478f12ed438bd1aa4290e7cfa8c94f728b7e882eff4f6dfc97e4e5cf942dd5a3	ea6601b614a2b777934ebeb439aa15d4aca7f77c286a7e2826b4e3f647bcef8a	redact	2
work/T11-G1-r2/generator.log	4355	4703944e0dd07a0b0eea3bb8df3bdd6047fe1062020218f3fa2cb654b53edb8e	4703944e0dd07a0b0eea3bb8df3bdd6047fe1062020218f3fa2cb654b53edb8e	none	0
work/T11-G1-r2/io.json	8568	47ff355e0d845fa878538df136eb66aa06a0e8211926ef270dd940ee43e7ed0c	47ff355e0d845fa878538df136eb66aa06a0e8211926ef270dd940ee43e7ed0c	none	0
work/T11-G1-r2/out/blank.json	52587	2223c224d236e8bbf17c6525faf086d90c894f085acccd6a3a5cb0bfb1dc25a9	2223c224d236e8bbf17c6525faf086d90c894f085acccd6a3a5cb0bfb1dc25a9	none	0
work/T11-G1-r2/prompt-0.txt	139	f574f91dda2c5a6030fada50a200a5a9edff9fa307cdd629489e73cb51af700e	f574f91dda2c5a6030fada50a200a5a9edff9fa307cdd629489e73cb51af700e	none	0
work/T11-G1-r2/spec/TR-04_사양서_셀B_v1.md	50152	348d3d8394c4af4237bb45f7acb77e5de981828221b393d771c2db83641653d4	348d3d8394c4af4237bb45f7acb77e5de981828221b393d771c2db83641653d4	none	0
work/T11-G1-r2/unit.json	476	fa25bc2a1c5f28a2be5e4d67172ae9527307309e8443e04bb5d07f345e43f5b3	fa25bc2a1c5f28a2be5e4d67172ae9527307309e8443e04bb5d07f345e43f5b3	none	0
work/T11-G1-r3/TASK.md	2133	7b08c7e2cbffab207552fcd9acb491556cebe314b56ac9545c04f5a1119287c3	7b08c7e2cbffab207552fcd9acb491556cebe314b56ac9545c04f5a1119287c3	none	0
work/T11-G1-r3/assemble-1790836712458.json	149	f677a0781ff4d61427a73e88d9e43ad07b38d74ff14ae647491c08d5e42543ab	f677a0781ff4d61427a73e88d9e43ad07b38d74ff14ae647491c08d5e42543ab	none	0
work/T11-G1-r3/base.ldprog.json	275161	f5fd130c566961a61b7c69c1b677e29684d03c5e1cb69a22255157558de5bfe6	f5fd130c566961a61b7c69c1b677e29684d03c5e1cb69a22255157558de5bfe6	none	0
work/T11-G1-r3/compile.json	344	244e94156ebca103f8751774e4ef4c26e0633b66c16ba91ff657136c6eb39b85	a0bc53edd6c4f28432d06786729a6ff4370c2874d37a19515089b38b2f31dcd5	redact	2
work/T11-G1-r3/generator.log	4192	cc32c053c134264a58302c192a1b0f18b2a814e0ae44838ac8fc743b256026a5	cc32c053c134264a58302c192a1b0f18b2a814e0ae44838ac8fc743b256026a5	none	0
work/T11-G1-r3/io.json	8568	47ff355e0d845fa878538df136eb66aa06a0e8211926ef270dd940ee43e7ed0c	47ff355e0d845fa878538df136eb66aa06a0e8211926ef270dd940ee43e7ed0c	none	0
work/T11-G1-r3/out/blank.json	52556	8310f063175ec88338427c90f49006b447cecffc6f38c8ccc8b4d009347436ff	8310f063175ec88338427c90f49006b447cecffc6f38c8ccc8b4d009347436ff	none	0
work/T11-G1-r3/prompt-0.txt	139	f574f91dda2c5a6030fada50a200a5a9edff9fa307cdd629489e73cb51af700e	f574f91dda2c5a6030fada50a200a5a9edff9fa307cdd629489e73cb51af700e	none	0
work/T11-G1-r3/spec/TR-04_사양서_셀B_v1.md	50152	348d3d8394c4af4237bb45f7acb77e5de981828221b393d771c2db83641653d4	348d3d8394c4af4237bb45f7acb77e5de981828221b393d771c2db83641653d4	none	0
work/T11-G1-r3/unit.json	476	24762a31cd1183518f41b037d51e8c4e6be47b40324072785ee13ffa4e414ee0	24762a31cd1183518f41b037d51e8c4e6be47b40324072785ee13ffa4e414ee0	none	0
work/T11-G2-r1/TASK.md	2133	7b08c7e2cbffab207552fcd9acb491556cebe314b56ac9545c04f5a1119287c3	7b08c7e2cbffab207552fcd9acb491556cebe314b56ac9545c04f5a1119287c3	none	0
work/T11-G2-r1/assemble-1790840579772.json	149	337f94f9a2dc5e7228737335d04e0962fca3fac2e6f8f439e235e8837bb34c39	337f94f9a2dc5e7228737335d04e0962fca3fac2e6f8f439e235e8837bb34c39	none	0
work/T11-G2-r1/base.ldprog.json	275161	f5fd130c566961a61b7c69c1b677e29684d03c5e1cb69a22255157558de5bfe6	f5fd130c566961a61b7c69c1b677e29684d03c5e1cb69a22255157558de5bfe6	none	0
work/T11-G2-r1/compile.json	278	06dd63969e59db6a8ee8f5295f8adbd683248adaaa62a9c970421e3eefae1088	691d9abd60042f0f6cab1b1570b094f4fec7e1c216411eb4eefffeb6566456dd	redact	2
work/T11-G2-r1/io.json	8568	47ff355e0d845fa878538df136eb66aa06a0e8211926ef270dd940ee43e7ed0c	47ff355e0d845fa878538df136eb66aa06a0e8211926ef270dd940ee43e7ed0c	none	0
work/T11-G2-r1/out/blank.json	90105	5b80709e15a0e79f0c0e72ec844e3ebe68191654b132e4de2343c06b7221ad59	5b80709e15a0e79f0c0e72ec844e3ebe68191654b132e4de2343c06b7221ad59	none	0
work/T11-G2-r1/prompt-0.txt	139	f574f91dda2c5a6030fada50a200a5a9edff9fa307cdd629489e73cb51af700e	f574f91dda2c5a6030fada50a200a5a9edff9fa307cdd629489e73cb51af700e	none	0
work/T11-G2-r1/spec/TR-04_사양서_셀B_v1.md	50152	348d3d8394c4af4237bb45f7acb77e5de981828221b393d771c2db83641653d4	348d3d8394c4af4237bb45f7acb77e5de981828221b393d771c2db83641653d4	none	0
work/T11-G2-r1/unit.json	475	10ac6eaffb82751663a8d003f90a02523d3b0750a4de074c4e54eeea7474c164	10ac6eaffb82751663a8d003f90a02523d3b0750a4de074c4e54eeea7474c164	none	0
work/T11-G2-r2/TASK.md	2133	7b08c7e2cbffab207552fcd9acb491556cebe314b56ac9545c04f5a1119287c3	7b08c7e2cbffab207552fcd9acb491556cebe314b56ac9545c04f5a1119287c3	none	0
work/T11-G2-r2/assemble-1790842271326.json	149	803bea8da5127fb2d9f45c7e382d5e3a091773f8e225f0f842c93702ee7bc49e	803bea8da5127fb2d9f45c7e382d5e3a091773f8e225f0f842c93702ee7bc49e	none	0
work/T11-G2-r2/base.ldprog.json	275161	f5fd130c566961a61b7c69c1b677e29684d03c5e1cb69a22255157558de5bfe6	f5fd130c566961a61b7c69c1b677e29684d03c5e1cb69a22255157558de5bfe6	none	0
work/T11-G2-r2/compile.json	278	86421ac3b5f70cdd0be2f84916ee9073f946cbd0d5db04230b9660dbe058cfc1	47d1092769c060b6c679b56e79df289ea3f4a46da63a5e8dae7f95ed282dfd47	redact	2
work/T11-G2-r2/io.json	8568	47ff355e0d845fa878538df136eb66aa06a0e8211926ef270dd940ee43e7ed0c	47ff355e0d845fa878538df136eb66aa06a0e8211926ef270dd940ee43e7ed0c	none	0
work/T11-G2-r2/out/blank.json	92040	e86f2aa462a1be1ff05ba4cd9ee6b479d7d7e6c17b915d67980cff962bacbe88	e86f2aa462a1be1ff05ba4cd9ee6b479d7d7e6c17b915d67980cff962bacbe88	none	0
work/T11-G2-r2/prompt-0.txt	139	f574f91dda2c5a6030fada50a200a5a9edff9fa307cdd629489e73cb51af700e	f574f91dda2c5a6030fada50a200a5a9edff9fa307cdd629489e73cb51af700e	none	0
work/T11-G2-r2/spec/TR-04_사양서_셀B_v1.md	50152	348d3d8394c4af4237bb45f7acb77e5de981828221b393d771c2db83641653d4	348d3d8394c4af4237bb45f7acb77e5de981828221b393d771c2db83641653d4	none	0
work/T11-G2-r2/unit.json	475	37d6c249ad90088b36ac725ab1c926c46666d71aa6fc22f42d40c3deadead0cf	37d6c249ad90088b36ac725ab1c926c46666d71aa6fc22f42d40c3deadead0cf	none	0
work/T11-G2-r3/TASK.md	2133	7b08c7e2cbffab207552fcd9acb491556cebe314b56ac9545c04f5a1119287c3	7b08c7e2cbffab207552fcd9acb491556cebe314b56ac9545c04f5a1119287c3	none	0
work/T11-G2-r3/assemble-1790843917868.json	149	bbac5b6765bc223b01fad77ea8627b06895633fdf6639b2bf9ffd586b9826c23	bbac5b6765bc223b01fad77ea8627b06895633fdf6639b2bf9ffd586b9826c23	none	0
work/T11-G2-r3/base.ldprog.json	275161	f5fd130c566961a61b7c69c1b677e29684d03c5e1cb69a22255157558de5bfe6	f5fd130c566961a61b7c69c1b677e29684d03c5e1cb69a22255157558de5bfe6	none	0
work/T11-G2-r3/compile.json	338	9bb26cdb422fc463c03c9a7e08293923e6701df4481cd3f03d338507583f2efe	82bf11beec34911d9ef1c9ef2d640b8117245dc419ffd486c5ad1031a6004cb0	redact	2
work/T11-G2-r3/io.json	8568	47ff355e0d845fa878538df136eb66aa06a0e8211926ef270dd940ee43e7ed0c	47ff355e0d845fa878538df136eb66aa06a0e8211926ef270dd940ee43e7ed0c	none	0
work/T11-G2-r3/out/blank.json	85703	b190724ee1aec682e5258bc93375a55142a5eb6ae0d1a35e71cd1a2220bbf2ee	b190724ee1aec682e5258bc93375a55142a5eb6ae0d1a35e71cd1a2220bbf2ee	none	0
work/T11-G2-r3/prompt-0.txt	139	f574f91dda2c5a6030fada50a200a5a9edff9fa307cdd629489e73cb51af700e	f574f91dda2c5a6030fada50a200a5a9edff9fa307cdd629489e73cb51af700e	none	0
work/T11-G2-r3/spec/TR-04_사양서_셀B_v1.md	50152	348d3d8394c4af4237bb45f7acb77e5de981828221b393d771c2db83641653d4	348d3d8394c4af4237bb45f7acb77e5de981828221b393d771c2db83641653d4	none	0
work/T11-G2-r3/unit.json	476	f5cbd13fce33a21dd94fd50780b84d9fabd7a4e93aca96e16b3ee965f1b6f0ca	f5cbd13fce33a21dd94fd50780b84d9fabd7a4e93aca96e16b3ee965f1b6f0ca	none	0
work/T11-G3-r1/TASK.md	2133	7b08c7e2cbffab207552fcd9acb491556cebe314b56ac9545c04f5a1119287c3	7b08c7e2cbffab207552fcd9acb491556cebe314b56ac9545c04f5a1119287c3	none	0
work/T11-G3-r1/assemble-1790858558493.json	126	807a562833cfa53fac2cfc155ef229f8d263cebd7d6d5a2d2f5ed408d514a9ed	50a9e7046ceb1829fc1e43b571589665dfa535ad9dd5deb62658e744153191ab	redact	2
work/T11-G3-r1/base.ldprog.json	275161	f5fd130c566961a61b7c69c1b677e29684d03c5e1cb69a22255157558de5bfe6	f5fd130c566961a61b7c69c1b677e29684d03c5e1cb69a22255157558de5bfe6	none	0
work/T11-G3-r1/generator.log	2498	cdd1068174aaea8d21c0630a39f7918e68ef11055981051946755d44adfdd72b	0de3607ac8a3de545bb71b546fb979d832696f0c3f3e6c6ac3739ee1d0857b3a	redact	2
work/T11-G3-r1/io.json	8568	47ff355e0d845fa878538df136eb66aa06a0e8211926ef270dd940ee43e7ed0c	47ff355e0d845fa878538df136eb66aa06a0e8211926ef270dd940ee43e7ed0c	none	0
work/T11-G3-r1/prompt-0.txt	139	f574f91dda2c5a6030fada50a200a5a9edff9fa307cdd629489e73cb51af700e	f574f91dda2c5a6030fada50a200a5a9edff9fa307cdd629489e73cb51af700e	none	0
work/T11-G3-r1/spec/TR-04_사양서_셀B_v1.md	50152	348d3d8394c4af4237bb45f7acb77e5de981828221b393d771c2db83641653d4	348d3d8394c4af4237bb45f7acb77e5de981828221b393d771c2db83641653d4	none	0
work/T11-G3-r1/unit.json	502	e365aba2ef036d4f100840dafd1f9c1f34615086c9fa492d5e4850c27598dba3	e5052e48c1147eaa3959bafd61dd3ed217494aa59f601d9a0b5290ce7aa0d810	redact	2
work/T12-G1-r1/TASK.md	2295	7a90ef7d6dbaf1c916c8c4b2364c3b0db1b0b603e6c073239da2978c5f393b92	7a90ef7d6dbaf1c916c8c4b2364c3b0db1b0b603e6c073239da2978c5f393b92	none	0
work/T12-G1-r1/assemble-1790809996062.json	148	999883d6c9f85657272c89745dd0a0283b636fe92fe09fd5579b6227e9f02074	999883d6c9f85657272c89745dd0a0283b636fe92fe09fd5579b6227e9f02074	none	0
work/T12-G1-r1/base.ldprog.json	309088	bd2c8e5fce0f1dd8b6f05197b513ea62f3d2bf52f351d5dacd5be44bb057195a	bd2c8e5fce0f1dd8b6f05197b513ea62f3d2bf52f351d5dacd5be44bb057195a	none	0
work/T12-G1-r1/compile.json	278	fee9ae2bd2f374fda8566d62222254827bb4918d54dbc156742b8122ef3e6b89	a84016d3d9b23c419af0e5b498edcd5c602a2a0133c2f1388f9690ca5454665a	redact	2
work/T12-G1-r1/generator.log	4578	3764e2cb6e76b563e8b18f3e075038df3b7cb19b0db0825dad27171ddc54fe15	3764e2cb6e76b563e8b18f3e075038df3b7cb19b0db0825dad27171ddc54fe15	none	0
work/T12-G1-r1/io.json	8568	47ff355e0d845fa878538df136eb66aa06a0e8211926ef270dd940ee43e7ed0c	47ff355e0d845fa878538df136eb66aa06a0e8211926ef270dd940ee43e7ed0c	none	0
work/T12-G1-r1/out/blank.json	27497	62721a41142efe12fc6b7280a79f21bb145b647afad21771e3b0402ae652cd00	62721a41142efe12fc6b7280a79f21bb145b647afad21771e3b0402ae652cd00	none	0
work/T12-G1-r1/prompt-0.txt	139	f574f91dda2c5a6030fada50a200a5a9edff9fa307cdd629489e73cb51af700e	f574f91dda2c5a6030fada50a200a5a9edff9fa307cdd629489e73cb51af700e	none	0
work/T12-G1-r1/spec/TR-04_사양서_셀B_v1.md	50152	348d3d8394c4af4237bb45f7acb77e5de981828221b393d771c2db83641653d4	348d3d8394c4af4237bb45f7acb77e5de981828221b393d771c2db83641653d4	none	0
work/T12-G1-r1/unit.json	476	340ec4015f814b9fe8f1042afd19a744a1089c323df6b697b791c26328712b43	340ec4015f814b9fe8f1042afd19a744a1089c323df6b697b791c26328712b43	none	0
work/T12-G1-r2/TASK.md	2295	7a90ef7d6dbaf1c916c8c4b2364c3b0db1b0b603e6c073239da2978c5f393b92	7a90ef7d6dbaf1c916c8c4b2364c3b0db1b0b603e6c073239da2978c5f393b92	none	0
work/T12-G1-r2/assemble-1790830438579.json	148	999883d6c9f85657272c89745dd0a0283b636fe92fe09fd5579b6227e9f02074	999883d6c9f85657272c89745dd0a0283b636fe92fe09fd5579b6227e9f02074	none	0
work/T12-G1-r2/base.ldprog.json	309088	bd2c8e5fce0f1dd8b6f05197b513ea62f3d2bf52f351d5dacd5be44bb057195a	bd2c8e5fce0f1dd8b6f05197b513ea62f3d2bf52f351d5dacd5be44bb057195a	none	0
work/T12-G1-r2/compile.json	278	51f13352359a96ad5be4ea0a092ee52269ba3b1ac89347c5d59aa3e4db5d8db8	25c7323225ae40bce6bce3ac93e48a084fc4a9b2f101d205dcc86bcdccd9f02c	redact	2
work/T12-G1-r2/generator.log	4274	99f31667e64d790f526d96923d6d8d1a506ffd00f4e3773aca7d8bd4aebc1074	99f31667e64d790f526d96923d6d8d1a506ffd00f4e3773aca7d8bd4aebc1074	none	0
work/T12-G1-r2/io.json	8568	47ff355e0d845fa878538df136eb66aa06a0e8211926ef270dd940ee43e7ed0c	47ff355e0d845fa878538df136eb66aa06a0e8211926ef270dd940ee43e7ed0c	none	0
work/T12-G1-r2/out/blank.json	28586	737c00b85606d09548b45b765531cad6b1ed2fb929452fed7bc579df05253417	737c00b85606d09548b45b765531cad6b1ed2fb929452fed7bc579df05253417	none	0
work/T12-G1-r2/prompt-0.txt	139	f574f91dda2c5a6030fada50a200a5a9edff9fa307cdd629489e73cb51af700e	f574f91dda2c5a6030fada50a200a5a9edff9fa307cdd629489e73cb51af700e	none	0
work/T12-G1-r2/spec/TR-04_사양서_셀B_v1.md	50152	348d3d8394c4af4237bb45f7acb77e5de981828221b393d771c2db83641653d4	348d3d8394c4af4237bb45f7acb77e5de981828221b393d771c2db83641653d4	none	0
work/T12-G1-r2/unit.json	476	ee742fed5f15e05915af8b22f9c81f4d43eeaea030d0ffc19fdcf80203b7a104	ee742fed5f15e05915af8b22f9c81f4d43eeaea030d0ffc19fdcf80203b7a104	none	0
work/T12-G1-r3/TASK.md	2295	7a90ef7d6dbaf1c916c8c4b2364c3b0db1b0b603e6c073239da2978c5f393b92	7a90ef7d6dbaf1c916c8c4b2364c3b0db1b0b603e6c073239da2978c5f393b92	none	0
work/T12-G1-r3/assemble-1790836924716.json	148	947b9a4e4a5244ba823fa16bc9f16c68c57df940ac5a36af9abf1bf62e4e9c15	947b9a4e4a5244ba823fa16bc9f16c68c57df940ac5a36af9abf1bf62e4e9c15	none	0
work/T12-G1-r3/base.ldprog.json	309088	bd2c8e5fce0f1dd8b6f05197b513ea62f3d2bf52f351d5dacd5be44bb057195a	bd2c8e5fce0f1dd8b6f05197b513ea62f3d2bf52f351d5dacd5be44bb057195a	none	0
work/T12-G1-r3/compile.json	278	b23b040d3eeb4d161ce3c64d2f96343475bb50f05e06f5b507b3271a8ecf5e61	6251b532551d78ffb1a49531cd9a0181c1e67d9b2c45bae065680638b89b1315	redact	2
work/T12-G1-r3/generator.log	4191	68d5870bd209ae26a501049cce150902d39dd33edea5f1b05748befa26093ecc	68d5870bd209ae26a501049cce150902d39dd33edea5f1b05748befa26093ecc	none	0
work/T12-G1-r3/io.json	8568	47ff355e0d845fa878538df136eb66aa06a0e8211926ef270dd940ee43e7ed0c	47ff355e0d845fa878538df136eb66aa06a0e8211926ef270dd940ee43e7ed0c	none	0
work/T12-G1-r3/out/blank.json	26986	5ae55bc623932833ad45e2085e14e432b2780454c8571ae9b83dc50047a3c6e0	5ae55bc623932833ad45e2085e14e432b2780454c8571ae9b83dc50047a3c6e0	none	0
work/T12-G1-r3/prompt-0.txt	139	f574f91dda2c5a6030fada50a200a5a9edff9fa307cdd629489e73cb51af700e	f574f91dda2c5a6030fada50a200a5a9edff9fa307cdd629489e73cb51af700e	none	0
work/T12-G1-r3/spec/TR-04_사양서_셀B_v1.md	50152	348d3d8394c4af4237bb45f7acb77e5de981828221b393d771c2db83641653d4	348d3d8394c4af4237bb45f7acb77e5de981828221b393d771c2db83641653d4	none	0
work/T12-G1-r3/unit.json	476	6b3535f31921eb54cd96bb8e7db9ea31852b27a4d26f98357fab15cc79fa1a5d	6b3535f31921eb54cd96bb8e7db9ea31852b27a4d26f98357fab15cc79fa1a5d	none	0
work/T12-G2-r1/TASK.md	2295	7a90ef7d6dbaf1c916c8c4b2364c3b0db1b0b603e6c073239da2978c5f393b92	7a90ef7d6dbaf1c916c8c4b2364c3b0db1b0b603e6c073239da2978c5f393b92	none	0
work/T12-G2-r1/assemble-1790840681074.json	148	15d45e196acb40394847543cd159b2788190c0c87133d74763238183ce09f39e	15d45e196acb40394847543cd159b2788190c0c87133d74763238183ce09f39e	none	0
work/T12-G2-r1/base.ldprog.json	309088	bd2c8e5fce0f1dd8b6f05197b513ea62f3d2bf52f351d5dacd5be44bb057195a	bd2c8e5fce0f1dd8b6f05197b513ea62f3d2bf52f351d5dacd5be44bb057195a	none	0
work/T12-G2-r1/compile.json	278	4741204ffadef6ebffb50fd95b3221ff099adabb7fff254c9e3f42cfe220a275	e3e277a128654f4a5abff4ad88d6e81f5e3e9fe5a29c3ed3d157b37cc8215107	redact	2
work/T12-G2-r1/io.json	8568	47ff355e0d845fa878538df136eb66aa06a0e8211926ef270dd940ee43e7ed0c	47ff355e0d845fa878538df136eb66aa06a0e8211926ef270dd940ee43e7ed0c	none	0
work/T12-G2-r1/out/blank.json	50969	d65e14205197fa5ce479bb74b94f132096e656606b53103a4e17f9ca00a83ad9	d65e14205197fa5ce479bb74b94f132096e656606b53103a4e17f9ca00a83ad9	none	0
work/T12-G2-r1/prompt-0.txt	139	f574f91dda2c5a6030fada50a200a5a9edff9fa307cdd629489e73cb51af700e	f574f91dda2c5a6030fada50a200a5a9edff9fa307cdd629489e73cb51af700e	none	0
work/T12-G2-r1/spec/TR-04_사양서_셀B_v1.md	50152	348d3d8394c4af4237bb45f7acb77e5de981828221b393d771c2db83641653d4	348d3d8394c4af4237bb45f7acb77e5de981828221b393d771c2db83641653d4	none	0
work/T12-G2-r1/unit.json	476	ef4e1dbddfdd98e613e34aad16553fd9a3a12102a97b8e256c3e6b8b977302c6	ef4e1dbddfdd98e613e34aad16553fd9a3a12102a97b8e256c3e6b8b977302c6	none	0
work/T12-G2-r2/TASK.md	2295	7a90ef7d6dbaf1c916c8c4b2364c3b0db1b0b603e6c073239da2978c5f393b92	7a90ef7d6dbaf1c916c8c4b2364c3b0db1b0b603e6c073239da2978c5f393b92	none	0
work/T12-G2-r2/assemble-1790842354606.json	148	ab7efb31d3802f22ab705cdbd039d2313364dad32d3ce12d7e824222028e1830	ab7efb31d3802f22ab705cdbd039d2313364dad32d3ce12d7e824222028e1830	none	0
work/T12-G2-r2/base.ldprog.json	309088	bd2c8e5fce0f1dd8b6f05197b513ea62f3d2bf52f351d5dacd5be44bb057195a	bd2c8e5fce0f1dd8b6f05197b513ea62f3d2bf52f351d5dacd5be44bb057195a	none	0
work/T12-G2-r2/compile.json	278	72197361994ac93e95f3fe89e3cbd773e590b2290740df0f1bc0a8ad32cd5b29	7a299490e7bc8a7ed96b8a4a3f3b4f0e8ba3bf08ae222c6c202dde55f64920aa	redact	2
work/T12-G2-r2/io.json	8568	47ff355e0d845fa878538df136eb66aa06a0e8211926ef270dd940ee43e7ed0c	47ff355e0d845fa878538df136eb66aa06a0e8211926ef270dd940ee43e7ed0c	none	0
work/T12-G2-r2/out/blank.json	50226	596a3aa313e3393702f60abe321055cfe5027302a0723fa45b2218fcfd723a95	596a3aa313e3393702f60abe321055cfe5027302a0723fa45b2218fcfd723a95	none	0
work/T12-G2-r2/prompt-0.txt	139	f574f91dda2c5a6030fada50a200a5a9edff9fa307cdd629489e73cb51af700e	f574f91dda2c5a6030fada50a200a5a9edff9fa307cdd629489e73cb51af700e	none	0
work/T12-G2-r2/spec/TR-04_사양서_셀B_v1.md	50152	348d3d8394c4af4237bb45f7acb77e5de981828221b393d771c2db83641653d4	348d3d8394c4af4237bb45f7acb77e5de981828221b393d771c2db83641653d4	none	0
work/T12-G2-r2/unit.json	475	a67452b052f61aa8aeea777ffe8f1d5d359b9416282c9350496fd5044673d196	a67452b052f61aa8aeea777ffe8f1d5d359b9416282c9350496fd5044673d196	none	0
work/T12-G2-r3/TASK.md	2295	7a90ef7d6dbaf1c916c8c4b2364c3b0db1b0b603e6c073239da2978c5f393b92	7a90ef7d6dbaf1c916c8c4b2364c3b0db1b0b603e6c073239da2978c5f393b92	none	0
work/T12-G2-r3/assemble-1790844031279.json	148	febbd8e7c3c0ac29c3616150d809b77a9903dc03913f9a70688f8f5c7c815598	febbd8e7c3c0ac29c3616150d809b77a9903dc03913f9a70688f8f5c7c815598	none	0
work/T12-G2-r3/base.ldprog.json	309088	bd2c8e5fce0f1dd8b6f05197b513ea62f3d2bf52f351d5dacd5be44bb057195a	bd2c8e5fce0f1dd8b6f05197b513ea62f3d2bf52f351d5dacd5be44bb057195a	none	0
work/T12-G2-r3/compile.json	278	456e802a8c89b3d71a879290ff8a33c353631fd49745191d563706d8685f00c1	71f705e4a25cdca37a80b7fe8c4c7dbe5c3b2443e3cc2a9837b6abacce060c9c	redact	2
work/T12-G2-r3/io.json	8568	47ff355e0d845fa878538df136eb66aa06a0e8211926ef270dd940ee43e7ed0c	47ff355e0d845fa878538df136eb66aa06a0e8211926ef270dd940ee43e7ed0c	none	0
work/T12-G2-r3/out/blank.json	49237	1eba58be15b773c77df8b95938b0d0a9e05202fc624561d243e3c9155b4a80ac	1eba58be15b773c77df8b95938b0d0a9e05202fc624561d243e3c9155b4a80ac	none	0
work/T12-G2-r3/prompt-0.txt	139	f574f91dda2c5a6030fada50a200a5a9edff9fa307cdd629489e73cb51af700e	f574f91dda2c5a6030fada50a200a5a9edff9fa307cdd629489e73cb51af700e	none	0
work/T12-G2-r3/spec/TR-04_사양서_셀B_v1.md	50152	348d3d8394c4af4237bb45f7acb77e5de981828221b393d771c2db83641653d4	348d3d8394c4af4237bb45f7acb77e5de981828221b393d771c2db83641653d4	none	0
work/T12-G2-r3/unit.json	476	2bcb9538e3f7f4b75fee767e6056ace28d1eefc0797c370deaa4e985dd27ba84	2bcb9538e3f7f4b75fee767e6056ace28d1eefc0797c370deaa4e985dd27ba84	none	0
work/T12-G3-r1/TASK.md	2295	7a90ef7d6dbaf1c916c8c4b2364c3b0db1b0b603e6c073239da2978c5f393b92	7a90ef7d6dbaf1c916c8c4b2364c3b0db1b0b603e6c073239da2978c5f393b92	none	0
work/T12-G3-r1/assemble-1790860958609.json	126	42f5753649c7896f2aa2773adf9e8c95cf8afbfb4e7dd79694540700293ff499	ec3b4d0ddcab79921850621c6da6b328506593030e856712dc8d7cdf6086f2ea	redact	2
work/T12-G3-r1/base.ldprog.json	309088	bd2c8e5fce0f1dd8b6f05197b513ea62f3d2bf52f351d5dacd5be44bb057195a	bd2c8e5fce0f1dd8b6f05197b513ea62f3d2bf52f351d5dacd5be44bb057195a	none	0
work/T12-G3-r1/g3_reply_meta.json	397	39ad7714ce6f9573cd0bd05c450d93aacab5640f20452ddd7dc9ee16ed8f4863	0be69c3d009fd1c7e57dfe8d6f7d2dbf748cb317be24dec5014c8b750bc96e6e	redact	1
work/T12-G3-r1/generator.log	0	e3b0c44298fc1c149afbf4c8996fb92427ae41e4649b934ca495991b7852b855	e3b0c44298fc1c149afbf4c8996fb92427ae41e4649b934ca495991b7852b855	none	0
work/T12-G3-r1/io.json	8568	47ff355e0d845fa878538df136eb66aa06a0e8211926ef270dd940ee43e7ed0c	47ff355e0d845fa878538df136eb66aa06a0e8211926ef270dd940ee43e7ed0c	none	0
work/T12-G3-r1/out/blank.json	11089	4e858edd608ba4cf654dd700d595c85159f99784f3dbddbd49395b26c72324b3	4e858edd608ba4cf654dd700d595c85159f99784f3dbddbd49395b26c72324b3	none	0
work/T12-G3-r1/prompt-0.txt	139	f574f91dda2c5a6030fada50a200a5a9edff9fa307cdd629489e73cb51af700e	f574f91dda2c5a6030fada50a200a5a9edff9fa307cdd629489e73cb51af700e	none	0
work/T12-G3-r1/spec/TR-04_사양서_셀B_v1.md	50152	348d3d8394c4af4237bb45f7acb77e5de981828221b393d771c2db83641653d4	348d3d8394c4af4237bb45f7acb77e5de981828221b393d771c2db83641653d4	none	0
work/T12-G3-r1/unit.json	502	d6f46956612d4fdce47bff6873160ada4fe43450365f217eaccbe0f5faf1137f	9c7118ad6f891f77dbaa74059fa34b30bdcb0a9726f054a51f3a05a86495192e	redact	2
work/T13-G1-r1/TASK.md	2309	9fd57e8679dfb827692c9fc92c95c4cb9835d92f0b126ceabeaeaee2eb3eea70	9fd57e8679dfb827692c9fc92c95c4cb9835d92f0b126ceabeaeaee2eb3eea70	none	0
work/T13-G1-r1/assemble-1790810280657.json	148	aaa7c39658175656f33d9761f452802e60eda2ce0c435f6a91f79f7ff396a110	aaa7c39658175656f33d9761f452802e60eda2ce0c435f6a91f79f7ff396a110	none	0
work/T13-G1-r1/base.ldprog.json	314482	591695c5bab71455929f96202a4bde5bc4f79f888fe81f832c4130fd351f6eb0	591695c5bab71455929f96202a4bde5bc4f79f888fe81f832c4130fd351f6eb0	none	0
work/T13-G1-r1/compile.json	278	1b619c1efa3f6f8c041da8263a9c802290aaf335cd36fc3a3772501b8bda3c9b	3da3142964a648aae85a302b66c2728569710e8d0770c2623bbc1eaf9fb68e61	redact	2
work/T13-G1-r1/generator.log	4695	f61779468662cf76c8caecc93663260ff398a14676cce9b218a3c547afd3389d	f61779468662cf76c8caecc93663260ff398a14676cce9b218a3c547afd3389d	none	0
work/T13-G1-r1/io.json	8568	47ff355e0d845fa878538df136eb66aa06a0e8211926ef270dd940ee43e7ed0c	47ff355e0d845fa878538df136eb66aa06a0e8211926ef270dd940ee43e7ed0c	none	0
work/T13-G1-r1/out/blank.json	25788	84f01189366cbfad15be457e13c39307addd8a6d0383d5b3a8be8939859ea87a	84f01189366cbfad15be457e13c39307addd8a6d0383d5b3a8be8939859ea87a	none	0
work/T13-G1-r1/prompt-0.txt	139	f574f91dda2c5a6030fada50a200a5a9edff9fa307cdd629489e73cb51af700e	f574f91dda2c5a6030fada50a200a5a9edff9fa307cdd629489e73cb51af700e	none	0
work/T13-G1-r1/spec/TR-04_사양서_셀B_v1.md	50152	348d3d8394c4af4237bb45f7acb77e5de981828221b393d771c2db83641653d4	348d3d8394c4af4237bb45f7acb77e5de981828221b393d771c2db83641653d4	none	0
work/T13-G1-r1/unit.json	476	f9af06f0c36769592bce9772a6abf3eaee1dfe2b40d43d9f60761028db09db1b	f9af06f0c36769592bce9772a6abf3eaee1dfe2b40d43d9f60761028db09db1b	none	0
work/T13-G1-r2/TASK.md	2309	9fd57e8679dfb827692c9fc92c95c4cb9835d92f0b126ceabeaeaee2eb3eea70	9fd57e8679dfb827692c9fc92c95c4cb9835d92f0b126ceabeaeaee2eb3eea70	none	0
work/T13-G1-r2/assemble-1790830678798.json	148	7391db894d4d245f3c0fb9a13195dd208f4576535b3d9eb5f330cee52545e7b9	7391db894d4d245f3c0fb9a13195dd208f4576535b3d9eb5f330cee52545e7b9	none	0
work/T13-G1-r2/base.ldprog.json	314482	591695c5bab71455929f96202a4bde5bc4f79f888fe81f832c4130fd351f6eb0	591695c5bab71455929f96202a4bde5bc4f79f888fe81f832c4130fd351f6eb0	none	0
work/T13-G1-r2/compile.json	278	88994c1d1ffa5e89af38917d6f1f22612eb84b4adc3edb683213ac60b6159d27	76bfd4eb4b3ae1c7baf088d76171c1957444543b59d7bf42ba7d916becf00a25	redact	2
work/T13-G1-r2/generator.log	4276	1b65739b387051ff9dcf5e3cb583a48bb6fb10f02680354ffaed125a02e365b9	1b65739b387051ff9dcf5e3cb583a48bb6fb10f02680354ffaed125a02e365b9	none	0
work/T13-G1-r2/io.json	8568	47ff355e0d845fa878538df136eb66aa06a0e8211926ef270dd940ee43e7ed0c	47ff355e0d845fa878538df136eb66aa06a0e8211926ef270dd940ee43e7ed0c	none	0
work/T13-G1-r2/out/blank.json	25742	72896ef799c9f13203fd594d8d9894d280bc5bfd7134a725d2a0ba54f99739ed	72896ef799c9f13203fd594d8d9894d280bc5bfd7134a725d2a0ba54f99739ed	none	0
work/T13-G1-r2/prompt-0.txt	139	f574f91dda2c5a6030fada50a200a5a9edff9fa307cdd629489e73cb51af700e	f574f91dda2c5a6030fada50a200a5a9edff9fa307cdd629489e73cb51af700e	none	0
work/T13-G1-r2/spec/TR-04_사양서_셀B_v1.md	50152	348d3d8394c4af4237bb45f7acb77e5de981828221b393d771c2db83641653d4	348d3d8394c4af4237bb45f7acb77e5de981828221b393d771c2db83641653d4	none	0
work/T13-G1-r2/unit.json	476	cdfc09af0b5d5b17a7249e71dcb3cc9d2015080b35ce744b007df93f6db272e2	cdfc09af0b5d5b17a7249e71dcb3cc9d2015080b35ce744b007df93f6db272e2	none	0
work/T13-G1-r3/TASK.md	2309	9fd57e8679dfb827692c9fc92c95c4cb9835d92f0b126ceabeaeaee2eb3eea70	9fd57e8679dfb827692c9fc92c95c4cb9835d92f0b126ceabeaeaee2eb3eea70	none	0
work/T13-G1-r3/assemble-1790837186173.json	148	6bdeddaa77ea3a28e6c7b9e1e1ecac1b883a1c555db9f0cc9e8c0f3d732856fd	6bdeddaa77ea3a28e6c7b9e1e1ecac1b883a1c555db9f0cc9e8c0f3d732856fd	none	0
work/T13-G1-r3/base.ldprog.json	314482	591695c5bab71455929f96202a4bde5bc4f79f888fe81f832c4130fd351f6eb0	591695c5bab71455929f96202a4bde5bc4f79f888fe81f832c4130fd351f6eb0	none	0
work/T13-G1-r3/compile.json	278	ef0f6af66a57c43aa90e31ee5c762888803c6500c02ab6556cf6eebd7a38289e	d17b74afa7936354b9e5522e015a49c2441edf509e5ce0a03f165099ae63b32e	redact	2
work/T13-G1-r3/generator.log	4488	f5eb18519572da2e71683ab92525a457fa4970f235f68bad77963b7436cd8d40	f5eb18519572da2e71683ab92525a457fa4970f235f68bad77963b7436cd8d40	none	0
work/T13-G1-r3/io.json	8568	47ff355e0d845fa878538df136eb66aa06a0e8211926ef270dd940ee43e7ed0c	47ff355e0d845fa878538df136eb66aa06a0e8211926ef270dd940ee43e7ed0c	none	0
work/T13-G1-r3/out/blank.json	27432	f35b66df45a8e151f414ba9345027a7ae9ca4151d27a452f25b11b9f40a21567	f35b66df45a8e151f414ba9345027a7ae9ca4151d27a452f25b11b9f40a21567	none	0
work/T13-G1-r3/prompt-0.txt	139	f574f91dda2c5a6030fada50a200a5a9edff9fa307cdd629489e73cb51af700e	f574f91dda2c5a6030fada50a200a5a9edff9fa307cdd629489e73cb51af700e	none	0
work/T13-G1-r3/spec/TR-04_사양서_셀B_v1.md	50152	348d3d8394c4af4237bb45f7acb77e5de981828221b393d771c2db83641653d4	348d3d8394c4af4237bb45f7acb77e5de981828221b393d771c2db83641653d4	none	0
work/T13-G1-r3/unit.json	476	783d46d67e67f99515ddac45d628137780dabe1066185a8399c864d8e0bb8af6	783d46d67e67f99515ddac45d628137780dabe1066185a8399c864d8e0bb8af6	none	0
work/T13-G2-r1/TASK.md	2309	9fd57e8679dfb827692c9fc92c95c4cb9835d92f0b126ceabeaeaee2eb3eea70	9fd57e8679dfb827692c9fc92c95c4cb9835d92f0b126ceabeaeaee2eb3eea70	none	0
work/T13-G2-r1/assemble-1790840781596.json	148	9c862b59e947680a55e1df46697b8882bdc4b8eeca384af922ddd458df32cb75	9c862b59e947680a55e1df46697b8882bdc4b8eeca384af922ddd458df32cb75	none	0
work/T13-G2-r1/base.ldprog.json	314482	591695c5bab71455929f96202a4bde5bc4f79f888fe81f832c4130fd351f6eb0	591695c5bab71455929f96202a4bde5bc4f79f888fe81f832c4130fd351f6eb0	none	0
work/T13-G2-r1/compile.json	278	906a19310028b3bc1eec6c7a5f1b3ac8110f1acdb099e2dac7c385a0dad9f714	5405cbab0ed6bc89bf6c961c5e534f9cbdb900a5145296027da229ad1281b1d8	redact	2
work/T13-G2-r1/io.json	8568	47ff355e0d845fa878538df136eb66aa06a0e8211926ef270dd940ee43e7ed0c	47ff355e0d845fa878538df136eb66aa06a0e8211926ef270dd940ee43e7ed0c	none	0
work/T13-G2-r1/out/blank.json	45064	a7f38e2fd81c205e55034aecff1f3a9570f866d852f596fcbf8f211098891d66	a7f38e2fd81c205e55034aecff1f3a9570f866d852f596fcbf8f211098891d66	none	0
work/T13-G2-r1/prompt-0.txt	139	f574f91dda2c5a6030fada50a200a5a9edff9fa307cdd629489e73cb51af700e	f574f91dda2c5a6030fada50a200a5a9edff9fa307cdd629489e73cb51af700e	none	0
work/T13-G2-r1/spec/TR-04_사양서_셀B_v1.md	50152	348d3d8394c4af4237bb45f7acb77e5de981828221b393d771c2db83641653d4	348d3d8394c4af4237bb45f7acb77e5de981828221b393d771c2db83641653d4	none	0
work/T13-G2-r1/unit.json	476	ad2a070be5ce68843dcb40b2c7c99134f6163bc3e77fafb9b9a6e7aa0dc672c4	ad2a070be5ce68843dcb40b2c7c99134f6163bc3e77fafb9b9a6e7aa0dc672c4	none	0
work/T13-G2-r2/TASK.md	2309	9fd57e8679dfb827692c9fc92c95c4cb9835d92f0b126ceabeaeaee2eb3eea70	9fd57e8679dfb827692c9fc92c95c4cb9835d92f0b126ceabeaeaee2eb3eea70	none	0
work/T13-G2-r2/assemble-1790842435860.json	148	e60a30a1b6bc6a36ce8ce1e118045b47b5154e8ae62275e71ca492d6da784299	e60a30a1b6bc6a36ce8ce1e118045b47b5154e8ae62275e71ca492d6da784299	none	0
work/T13-G2-r2/base.ldprog.json	314482	591695c5bab71455929f96202a4bde5bc4f79f888fe81f832c4130fd351f6eb0	591695c5bab71455929f96202a4bde5bc4f79f888fe81f832c4130fd351f6eb0	none	0
work/T13-G2-r2/compile.json	278	61c6f66b8ec5a2db3d1df089472036f83e385c49dbd502aece1813bb4fae8261	6386041aee2024f2cb549d2ebbfd2df09c977dde2ac8818286e2bce14f60c1c3	redact	2
work/T13-G2-r2/io.json	8568	47ff355e0d845fa878538df136eb66aa06a0e8211926ef270dd940ee43e7ed0c	47ff355e0d845fa878538df136eb66aa06a0e8211926ef270dd940ee43e7ed0c	none	0
work/T13-G2-r2/out/blank.json	43214	45432aca10eb7aabbc91ff78a376a6b0f8dee0a6cfccdccae2bf755929ca5fb9	45432aca10eb7aabbc91ff78a376a6b0f8dee0a6cfccdccae2bf755929ca5fb9	none	0
work/T13-G2-r2/prompt-0.txt	139	f574f91dda2c5a6030fada50a200a5a9edff9fa307cdd629489e73cb51af700e	f574f91dda2c5a6030fada50a200a5a9edff9fa307cdd629489e73cb51af700e	none	0
work/T13-G2-r2/spec/TR-04_사양서_셀B_v1.md	50152	348d3d8394c4af4237bb45f7acb77e5de981828221b393d771c2db83641653d4	348d3d8394c4af4237bb45f7acb77e5de981828221b393d771c2db83641653d4	none	0
work/T13-G2-r2/unit.json	475	d320e69b35ca76c582e6d8e65797921be31eb74b1a15f337743f5f87fe616849	d320e69b35ca76c582e6d8e65797921be31eb74b1a15f337743f5f87fe616849	none	0
work/T13-G2-r3/TASK.md	2309	9fd57e8679dfb827692c9fc92c95c4cb9835d92f0b126ceabeaeaee2eb3eea70	9fd57e8679dfb827692c9fc92c95c4cb9835d92f0b126ceabeaeaee2eb3eea70	none	0
work/T13-G2-r3/assemble-1790844122414.json	148	e60a30a1b6bc6a36ce8ce1e118045b47b5154e8ae62275e71ca492d6da784299	e60a30a1b6bc6a36ce8ce1e118045b47b5154e8ae62275e71ca492d6da784299	none	0
work/T13-G2-r3/base.ldprog.json	314482	591695c5bab71455929f96202a4bde5bc4f79f888fe81f832c4130fd351f6eb0	591695c5bab71455929f96202a4bde5bc4f79f888fe81f832c4130fd351f6eb0	none	0
work/T13-G2-r3/compile.json	278	3d637037221c357815dc5eba6ec8e5dd2d11241d7c71a6b53b8f2de0fe523472	9986fe225561fc988645aae1908f769e35ec368332362e494fe355c471cf7a38	redact	2
work/T13-G2-r3/io.json	8568	47ff355e0d845fa878538df136eb66aa06a0e8211926ef270dd940ee43e7ed0c	47ff355e0d845fa878538df136eb66aa06a0e8211926ef270dd940ee43e7ed0c	none	0
work/T13-G2-r3/out/blank.json	44562	94e935552289c1735c6d61a0401f1ecee00a801b40b251595c62db2e7b37d4c5	94e935552289c1735c6d61a0401f1ecee00a801b40b251595c62db2e7b37d4c5	none	0
work/T13-G2-r3/prompt-0.txt	139	f574f91dda2c5a6030fada50a200a5a9edff9fa307cdd629489e73cb51af700e	f574f91dda2c5a6030fada50a200a5a9edff9fa307cdd629489e73cb51af700e	none	0
work/T13-G2-r3/spec/TR-04_사양서_셀B_v1.md	50152	348d3d8394c4af4237bb45f7acb77e5de981828221b393d771c2db83641653d4	348d3d8394c4af4237bb45f7acb77e5de981828221b393d771c2db83641653d4	none	0
work/T13-G2-r3/unit.json	475	6745a7a6d256c49ab8ac0607a732eb25fc080ce5e2cfd5e01d05b362abeb963d	6745a7a6d256c49ab8ac0607a732eb25fc080ce5e2cfd5e01d05b362abeb963d	none	0
work/T13-G3-r1/TASK.md	2309	9fd57e8679dfb827692c9fc92c95c4cb9835d92f0b126ceabeaeaee2eb3eea70	9fd57e8679dfb827692c9fc92c95c4cb9835d92f0b126ceabeaeaee2eb3eea70	none	0
work/T13-G3-r1/assemble-1790863358730.json	126	6fada3fe16e7a0c049a56fd733e5f65408f7fbd475b03056551e7c516ad1370d	9f0056cb8a0ef5fad7f2a1f139f20be5e506361a4071684f7d336d8cb04569f3	redact	2
work/T13-G3-r1/base.ldprog.json	314482	591695c5bab71455929f96202a4bde5bc4f79f888fe81f832c4130fd351f6eb0	591695c5bab71455929f96202a4bde5bc4f79f888fe81f832c4130fd351f6eb0	none	0
work/T13-G3-r1/g3_reply_meta.json	397	62dfea136599b5122485b8094bcae1cc8737cd99de4aac4bd80bb578c4db605a	e46c70be04960a8556a96eaf77737e2e1668614c5e15150e047141deff431c6b	redact	1
work/T13-G3-r1/generator.log	0	e3b0c44298fc1c149afbf4c8996fb92427ae41e4649b934ca495991b7852b855	e3b0c44298fc1c149afbf4c8996fb92427ae41e4649b934ca495991b7852b855	none	0
work/T13-G3-r1/io.json	8568	47ff355e0d845fa878538df136eb66aa06a0e8211926ef270dd940ee43e7ed0c	47ff355e0d845fa878538df136eb66aa06a0e8211926ef270dd940ee43e7ed0c	none	0
work/T13-G3-r1/out/blank.json	12075	ed0fbd1a618c38f185dc43da6fd417c7ae7454cd5442fcbb76a8e60db30e8ac4	ed0fbd1a618c38f185dc43da6fd417c7ae7454cd5442fcbb76a8e60db30e8ac4	none	0
work/T13-G3-r1/prompt-0.txt	139	f574f91dda2c5a6030fada50a200a5a9edff9fa307cdd629489e73cb51af700e	f574f91dda2c5a6030fada50a200a5a9edff9fa307cdd629489e73cb51af700e	none	0
work/T13-G3-r1/spec/TR-04_사양서_셀B_v1.md	50152	348d3d8394c4af4237bb45f7acb77e5de981828221b393d771c2db83641653d4	348d3d8394c4af4237bb45f7acb77e5de981828221b393d771c2db83641653d4	none	0
work/T13-G3-r1/unit.json	502	254f3027d445a0ea4d37a2deb825cf33de70db165f22b25ebd3c36dfdfebd8f9	9a46ece3600d6fe001b50a27891b8660b926842b430f0cb9a5839ee64c58d19e	redact	2
work/T14-G1-r1/TASK.md	1665	f824931faf92af02434610da589ce0913c039e1a7a08efb03429fc45c68bc904	f824931faf92af02434610da589ce0913c039e1a7a08efb03429fc45c68bc904	none	0
work/T14-G1-r1/assemble-1790810380865.json	146	9e38b6ae4f15e839cfd155190a30dbb2ee124d568494b5574d65f693761558af	9e38b6ae4f15e839cfd155190a30dbb2ee124d568494b5574d65f693761558af	none	0
work/T14-G1-r1/base.ldprog.json	345140	2515e1d71533069bc943aaab4b5bd43d8910b9cf9e07d3945fe0b5acdfce2aa0	2515e1d71533069bc943aaab4b5bd43d8910b9cf9e07d3945fe0b5acdfce2aa0	none	0
work/T14-G1-r1/compile.json	278	3a7013a37a3378efa486f41dc46c26e9424217e2fd4792406a1d8d5378935a96	79cd99e63b655d4f95c8df15a9cc740bcc7893d2c125c7927516c35d9570fc56	redact	2
work/T14-G1-r1/generator.log	4418	4842db962fc14bcfd16f791b67c74a144cb73fdcb818a6c0bd7aeadc24a5482c	4842db962fc14bcfd16f791b67c74a144cb73fdcb818a6c0bd7aeadc24a5482c	none	0
work/T14-G1-r1/io.json	8568	47ff355e0d845fa878538df136eb66aa06a0e8211926ef270dd940ee43e7ed0c	47ff355e0d845fa878538df136eb66aa06a0e8211926ef270dd940ee43e7ed0c	none	0
work/T14-G1-r1/out/blank.json	5011	9c4356514f7dae6491417da5009efd633861a792198516850fd181e3aa19c443	9c4356514f7dae6491417da5009efd633861a792198516850fd181e3aa19c443	none	0
work/T14-G1-r1/prompt-0.txt	139	f574f91dda2c5a6030fada50a200a5a9edff9fa307cdd629489e73cb51af700e	f574f91dda2c5a6030fada50a200a5a9edff9fa307cdd629489e73cb51af700e	none	0
work/T14-G1-r1/spec/TR-04_사양서_셀B_v1.md	50152	348d3d8394c4af4237bb45f7acb77e5de981828221b393d771c2db83641653d4	348d3d8394c4af4237bb45f7acb77e5de981828221b393d771c2db83641653d4	none	0
work/T14-G1-r1/unit.json	475	1872f3950c8c6ac834e17407e85b1d2e40d553e97299224799e2ee189d64d148	1872f3950c8c6ac834e17407e85b1d2e40d553e97299224799e2ee189d64d148	none	0
work/T14-G1-r2/TASK.md	1665	f824931faf92af02434610da589ce0913c039e1a7a08efb03429fc45c68bc904	f824931faf92af02434610da589ce0913c039e1a7a08efb03429fc45c68bc904	none	0
work/T14-G1-r2/assemble-1790830761304.json	146	7ae6ae4f237b97e5bed5ef180384dd8d57bc035b2a870599aa74acc56f0af743	7ae6ae4f237b97e5bed5ef180384dd8d57bc035b2a870599aa74acc56f0af743	none	0
work/T14-G1-r2/base.ldprog.json	345140	2515e1d71533069bc943aaab4b5bd43d8910b9cf9e07d3945fe0b5acdfce2aa0	2515e1d71533069bc943aaab4b5bd43d8910b9cf9e07d3945fe0b5acdfce2aa0	none	0
work/T14-G1-r2/compile.json	278	d74d37618bdfb5e22956fd950715e5792de820078d2942c08488ed55bd6d4245	c184a262295214191599a7181870f15ffec67d3cdbddd63726736039c8eb20bf	redact	2
work/T14-G1-r2/generator.log	4238	64fc1d0377bbec843118cd6ce9c047f6c94edf4f506c7137b1e3736cbf6b92b6	64fc1d0377bbec843118cd6ce9c047f6c94edf4f506c7137b1e3736cbf6b92b6	none	0
work/T14-G1-r2/io.json	8568	47ff355e0d845fa878538df136eb66aa06a0e8211926ef270dd940ee43e7ed0c	47ff355e0d845fa878538df136eb66aa06a0e8211926ef270dd940ee43e7ed0c	none	0
work/T14-G1-r2/out/blank.json	4816	5f91eabf2823e4b6dcf470a9bf636c620c6b2539e828aaef8da73f756f271fa9	5f91eabf2823e4b6dcf470a9bf636c620c6b2539e828aaef8da73f756f271fa9	none	0
work/T14-G1-r2/prompt-0.txt	139	f574f91dda2c5a6030fada50a200a5a9edff9fa307cdd629489e73cb51af700e	f574f91dda2c5a6030fada50a200a5a9edff9fa307cdd629489e73cb51af700e	none	0
work/T14-G1-r2/spec/TR-04_사양서_셀B_v1.md	50152	348d3d8394c4af4237bb45f7acb77e5de981828221b393d771c2db83641653d4	348d3d8394c4af4237bb45f7acb77e5de981828221b393d771c2db83641653d4	none	0
work/T14-G1-r2/unit.json	475	96ff63f55ee2d8ca79c20008db05d3cef06f63f0c9404ee86ffb224ff7ed7db3	96ff63f55ee2d8ca79c20008db05d3cef06f63f0c9404ee86ffb224ff7ed7db3	none	0
work/T14-G1-r3/TASK.md	1665	f824931faf92af02434610da589ce0913c039e1a7a08efb03429fc45c68bc904	f824931faf92af02434610da589ce0913c039e1a7a08efb03429fc45c68bc904	none	0
work/T14-G1-r3/assemble-1790837280777.json	146	1a4aac1fa3ef93ad46e485dc9b18062078f0b837a9492ec462897467bb0548fd	1a4aac1fa3ef93ad46e485dc9b18062078f0b837a9492ec462897467bb0548fd	none	0
work/T14-G1-r3/base.ldprog.json	345140	2515e1d71533069bc943aaab4b5bd43d8910b9cf9e07d3945fe0b5acdfce2aa0	2515e1d71533069bc943aaab4b5bd43d8910b9cf9e07d3945fe0b5acdfce2aa0	none	0
work/T14-G1-r3/compile.json	278	029bba53be29ba3bf323874ae63ed81beca4fc47f028af28228ec92f09667f9b	f3eed7bac40430db48a8842b26da8c591c3cea404add263326887698e3db316f	redact	2
work/T14-G1-r3/generator.log	4488	25e6454b949895d4acce37e7e15527f1eed6c18df7f1486b96b2cd736667c4ba	25e6454b949895d4acce37e7e15527f1eed6c18df7f1486b96b2cd736667c4ba	none	0
work/T14-G1-r3/io.json	8568	47ff355e0d845fa878538df136eb66aa06a0e8211926ef270dd940ee43e7ed0c	47ff355e0d845fa878538df136eb66aa06a0e8211926ef270dd940ee43e7ed0c	none	0
work/T14-G1-r3/out/blank.json	4767	4f0fe20cc6fd1709da14b04bd1ea7169eabe7ef9847be9a97ac2a70f04bb3b48	4f0fe20cc6fd1709da14b04bd1ea7169eabe7ef9847be9a97ac2a70f04bb3b48	none	0
work/T14-G1-r3/prompt-0.txt	139	f574f91dda2c5a6030fada50a200a5a9edff9fa307cdd629489e73cb51af700e	f574f91dda2c5a6030fada50a200a5a9edff9fa307cdd629489e73cb51af700e	none	0
work/T14-G1-r3/spec/TR-04_사양서_셀B_v1.md	50152	348d3d8394c4af4237bb45f7acb77e5de981828221b393d771c2db83641653d4	348d3d8394c4af4237bb45f7acb77e5de981828221b393d771c2db83641653d4	none	0
work/T14-G1-r3/unit.json	475	e83b994f26d69f26b6c9175ce38e5a73a5ff280d651484f49238d9fc84e33c73	e83b994f26d69f26b6c9175ce38e5a73a5ff280d651484f49238d9fc84e33c73	none	0
work/T14-G2-r1/TASK.md	1665	f824931faf92af02434610da589ce0913c039e1a7a08efb03429fc45c68bc904	f824931faf92af02434610da589ce0913c039e1a7a08efb03429fc45c68bc904	none	0
work/T14-G2-r1/assemble-1790840832011.json	146	7ae6ae4f237b97e5bed5ef180384dd8d57bc035b2a870599aa74acc56f0af743	7ae6ae4f237b97e5bed5ef180384dd8d57bc035b2a870599aa74acc56f0af743	none	0
work/T14-G2-r1/base.ldprog.json	345140	2515e1d71533069bc943aaab4b5bd43d8910b9cf9e07d3945fe0b5acdfce2aa0	2515e1d71533069bc943aaab4b5bd43d8910b9cf9e07d3945fe0b5acdfce2aa0	none	0
work/T14-G2-r1/compile.json	278	f542353b96b94549aa445a456774d4cf9f1b2c1d09e15d767de3bcc2c2786fa8	d494dbec28ab5bbdcad7490796b68bb776c7d1cfd91ab4c919f354358154dd89	redact	2
work/T14-G2-r1/io.json	8568	47ff355e0d845fa878538df136eb66aa06a0e8211926ef270dd940ee43e7ed0c	47ff355e0d845fa878538df136eb66aa06a0e8211926ef270dd940ee43e7ed0c	none	0
work/T14-G2-r1/out/blank.json	6175	c08946b199a04194766d4e7aeaa8b7b2015a82b71e189ee9123656b6b031c3ab	c08946b199a04194766d4e7aeaa8b7b2015a82b71e189ee9123656b6b031c3ab	none	0
work/T14-G2-r1/prompt-0.txt	139	f574f91dda2c5a6030fada50a200a5a9edff9fa307cdd629489e73cb51af700e	f574f91dda2c5a6030fada50a200a5a9edff9fa307cdd629489e73cb51af700e	none	0
work/T14-G2-r1/spec/TR-04_사양서_셀B_v1.md	50152	348d3d8394c4af4237bb45f7acb77e5de981828221b393d771c2db83641653d4	348d3d8394c4af4237bb45f7acb77e5de981828221b393d771c2db83641653d4	none	0
work/T14-G2-r1/unit.json	475	3b9eb48ef26e8291925caf19ec9be43c5df2dc83490ca071916cfe70ff800747	3b9eb48ef26e8291925caf19ec9be43c5df2dc83490ca071916cfe70ff800747	none	0
work/T14-G2-r2/TASK.md	1665	f824931faf92af02434610da589ce0913c039e1a7a08efb03429fc45c68bc904	f824931faf92af02434610da589ce0913c039e1a7a08efb03429fc45c68bc904	none	0
work/T14-G2-r2/assemble-1790842477968.json	146	7ae6ae4f237b97e5bed5ef180384dd8d57bc035b2a870599aa74acc56f0af743	7ae6ae4f237b97e5bed5ef180384dd8d57bc035b2a870599aa74acc56f0af743	none	0
work/T14-G2-r2/base.ldprog.json	345140	2515e1d71533069bc943aaab4b5bd43d8910b9cf9e07d3945fe0b5acdfce2aa0	2515e1d71533069bc943aaab4b5bd43d8910b9cf9e07d3945fe0b5acdfce2aa0	none	0
work/T14-G2-r2/compile.json	278	9118952ce66a94a8b3bc0a2ddf71a90d29e820f3c303e9f81141d77dba0fbe76	f9da5467713fd82db108411108cd00970663f699b1e9f63265aecb7432d9c5a0	redact	2
work/T14-G2-r2/io.json	8568	47ff355e0d845fa878538df136eb66aa06a0e8211926ef270dd940ee43e7ed0c	47ff355e0d845fa878538df136eb66aa06a0e8211926ef270dd940ee43e7ed0c	none	0
work/T14-G2-r2/out/blank.json	5777	56b420500d24a8ba453edf2460db8c1f351e98b46a7877ceeac8aa44bb0bce5c	56b420500d24a8ba453edf2460db8c1f351e98b46a7877ceeac8aa44bb0bce5c	none	0
work/T14-G2-r2/prompt-0.txt	139	f574f91dda2c5a6030fada50a200a5a9edff9fa307cdd629489e73cb51af700e	f574f91dda2c5a6030fada50a200a5a9edff9fa307cdd629489e73cb51af700e	none	0
work/T14-G2-r2/spec/TR-04_사양서_셀B_v1.md	50152	348d3d8394c4af4237bb45f7acb77e5de981828221b393d771c2db83641653d4	348d3d8394c4af4237bb45f7acb77e5de981828221b393d771c2db83641653d4	none	0
work/T14-G2-r2/unit.json	475	6cea73724d2e4f6c96e208c2ce1dab0c22770bb710496d6006d341c9f440da27	6cea73724d2e4f6c96e208c2ce1dab0c22770bb710496d6006d341c9f440da27	none	0
work/T14-G2-r3/TASK.md	1665	f824931faf92af02434610da589ce0913c039e1a7a08efb03429fc45c68bc904	f824931faf92af02434610da589ce0913c039e1a7a08efb03429fc45c68bc904	none	0
work/T14-G2-r3/assemble-1790844171854.json	146	7ae6ae4f237b97e5bed5ef180384dd8d57bc035b2a870599aa74acc56f0af743	7ae6ae4f237b97e5bed5ef180384dd8d57bc035b2a870599aa74acc56f0af743	none	0
work/T14-G2-r3/base.ldprog.json	345140	2515e1d71533069bc943aaab4b5bd43d8910b9cf9e07d3945fe0b5acdfce2aa0	2515e1d71533069bc943aaab4b5bd43d8910b9cf9e07d3945fe0b5acdfce2aa0	none	0
work/T14-G2-r3/compile.json	278	599bd7964bdacb81ea6bcb083fe22002902518f1a4c91cc31a9a3daad22ee459	0879b071f49b74704f0eaf29ca5dab63f2f69e85186824815a8d4ceca53b9d33	redact	2
work/T14-G2-r3/io.json	8568	47ff355e0d845fa878538df136eb66aa06a0e8211926ef270dd940ee43e7ed0c	47ff355e0d845fa878538df136eb66aa06a0e8211926ef270dd940ee43e7ed0c	none	0
work/T14-G2-r3/out/blank.json	5953	53c474b5269695ea4fd9249d55b4ffddce557e1db7c35878038a4309b9ea3ccf	53c474b5269695ea4fd9249d55b4ffddce557e1db7c35878038a4309b9ea3ccf	none	0
work/T14-G2-r3/prompt-0.txt	139	f574f91dda2c5a6030fada50a200a5a9edff9fa307cdd629489e73cb51af700e	f574f91dda2c5a6030fada50a200a5a9edff9fa307cdd629489e73cb51af700e	none	0
work/T14-G2-r3/spec/TR-04_사양서_셀B_v1.md	50152	348d3d8394c4af4237bb45f7acb77e5de981828221b393d771c2db83641653d4	348d3d8394c4af4237bb45f7acb77e5de981828221b393d771c2db83641653d4	none	0
work/T14-G2-r3/unit.json	475	0e85829237eda310b335e126d76a1f1d426106147ccb472c1789b99e7f52b5e0	0e85829237eda310b335e126d76a1f1d426106147ccb472c1789b99e7f52b5e0	none	0
work/T14-G3-r1/TASK.md	1665	f824931faf92af02434610da589ce0913c039e1a7a08efb03429fc45c68bc904	f824931faf92af02434610da589ce0913c039e1a7a08efb03429fc45c68bc904	none	0
work/T14-G3-r1/assemble-1790865758845.json	126	605c1a37b3579c5a901c873191fa91f3a5e8f1a1989e2cc6c5c951e75aaef93c	25c57e7d04260ef585e0a08e755fef88e535033014160d2367b668e7cdec7913	redact	2
work/T14-G3-r1/base.ldprog.json	345140	2515e1d71533069bc943aaab4b5bd43d8910b9cf9e07d3945fe0b5acdfce2aa0	2515e1d71533069bc943aaab4b5bd43d8910b9cf9e07d3945fe0b5acdfce2aa0	none	0
work/T14-G3-r1/g3_reply_meta.json	397	47059d50acd4c56f3806b05c49c3fbdbf13e8dc2c7cee0049d70051770b43715	2aee8de129e6e4b54c4f4952761dc4eacfcc530d0df4adfecb910c080614dd5f	redact	1
work/T14-G3-r1/generator.log	0	e3b0c44298fc1c149afbf4c8996fb92427ae41e4649b934ca495991b7852b855	e3b0c44298fc1c149afbf4c8996fb92427ae41e4649b934ca495991b7852b855	none	0
work/T14-G3-r1/io.json	8568	47ff355e0d845fa878538df136eb66aa06a0e8211926ef270dd940ee43e7ed0c	47ff355e0d845fa878538df136eb66aa06a0e8211926ef270dd940ee43e7ed0c	none	0
work/T14-G3-r1/out/blank.json	7024	37abf3bbbef4bedc4e6e28da06de260b54a88b5f3deae8ab6c51ea78413a76f0	37abf3bbbef4bedc4e6e28da06de260b54a88b5f3deae8ab6c51ea78413a76f0	none	0
work/T14-G3-r1/prompt-0.txt	139	f574f91dda2c5a6030fada50a200a5a9edff9fa307cdd629489e73cb51af700e	f574f91dda2c5a6030fada50a200a5a9edff9fa307cdd629489e73cb51af700e	none	0
work/T14-G3-r1/spec/TR-04_사양서_셀B_v1.md	50152	348d3d8394c4af4237bb45f7acb77e5de981828221b393d771c2db83641653d4	348d3d8394c4af4237bb45f7acb77e5de981828221b393d771c2db83641653d4	none	0
work/T14-G3-r1/unit.json	502	94b0055534679911bd2711f2c150e056afda0ced78325ef3d329f6e4964cc514	e41a6bbf20acdace35b698bd2fb20987c062d88603134f365f66e129bfbf3355	redact	2
work/T15-G1-r1/TASK.md	2567	c718a5f3c7caae38bc193eb2603b3453760ada531a6240d131b3c81bc63f518e	c718a5f3c7caae38bc193eb2603b3453760ada531a6240d131b3c81bc63f518e	none	0
work/T15-G1-r1/assemble-1790810542569.json	147	4a5efa12244a2ffbf59f93c6594ab65ac408ac6b62a2478698e6e2e58c37f9c5	4a5efa12244a2ffbf59f93c6594ab65ac408ac6b62a2478698e6e2e58c37f9c5	none	0
work/T15-G1-r1/base.ldprog.json	332494	2c608e9d8751ff7854f9683537a2efa859172f073b0c9fb5c048aee4dd6f5e6a	2c608e9d8751ff7854f9683537a2efa859172f073b0c9fb5c048aee4dd6f5e6a	none	0
work/T15-G1-r1/compile.json	278	3fa7d4167c4633348a922eedbe2e41dcc05db30a85199073a5a73a6c453eeb1b	e11da405dd8e37fd9723324f6c0c7e5ebb086b26c8ffde35e8c8dbbab1b33eeb	redact	2
work/T15-G1-r1/generator.log	4991	ef4ed492ca76243e7e310ec6534f5088539f2e293a622aebbe364b480c67e574	ef4ed492ca76243e7e310ec6534f5088539f2e293a622aebbe364b480c67e574	none	0
work/T15-G1-r1/io.json	8568	47ff355e0d845fa878538df136eb66aa06a0e8211926ef270dd940ee43e7ed0c	47ff355e0d845fa878538df136eb66aa06a0e8211926ef270dd940ee43e7ed0c	none	0
work/T15-G1-r1/out/blank.json	12573	574da9c439a50ff06de495cfb895efb339b5fc07daaee98f9eafe8ffa5a43682	574da9c439a50ff06de495cfb895efb339b5fc07daaee98f9eafe8ffa5a43682	none	0
work/T15-G1-r1/prompt-0.txt	139	f574f91dda2c5a6030fada50a200a5a9edff9fa307cdd629489e73cb51af700e	f574f91dda2c5a6030fada50a200a5a9edff9fa307cdd629489e73cb51af700e	none	0
work/T15-G1-r1/spec/TR-04_사양서_셀B_v1.md	50152	348d3d8394c4af4237bb45f7acb77e5de981828221b393d771c2db83641653d4	348d3d8394c4af4237bb45f7acb77e5de981828221b393d771c2db83641653d4	none	0
work/T15-G1-r1/unit.json	476	7d6702f40ea8e5cbf9dd8393ceb6e86bd3c32ed18e82d7b79c4e76235ab9947b	7d6702f40ea8e5cbf9dd8393ceb6e86bd3c32ed18e82d7b79c4e76235ab9947b	none	0
work/T15-G1-r2/TASK.md	2567	c718a5f3c7caae38bc193eb2603b3453760ada531a6240d131b3c81bc63f518e	c718a5f3c7caae38bc193eb2603b3453760ada531a6240d131b3c81bc63f518e	none	0
work/T15-G1-r2/assemble-1790830977774.json	148	9254701978c0c8566b487a756011d836bd6e7ecdc830bfee3f19e8ed5b173476	9254701978c0c8566b487a756011d836bd6e7ecdc830bfee3f19e8ed5b173476	none	0
work/T15-G1-r2/base.ldprog.json	332494	2c608e9d8751ff7854f9683537a2efa859172f073b0c9fb5c048aee4dd6f5e6a	2c608e9d8751ff7854f9683537a2efa859172f073b0c9fb5c048aee4dd6f5e6a	none	0
work/T15-G1-r2/compile.json	278	aa34fd9165c503aaba9d4b3196f6874e641511b052ab747a6e4649fb9c407b4a	c034aefcfe7512af62c17c7c1374f2002b6bfd9d44fabfcc5e87f67e14eb6ecd	redact	2
work/T15-G1-r2/generator.log	4293	cf13cb3c50be84f6f4a4ec648d5e480c38cd133b25553302a5e639765ed069f4	cf13cb3c50be84f6f4a4ec648d5e480c38cd133b25553302a5e639765ed069f4	none	0
work/T15-G1-r2/io.json	8568	47ff355e0d845fa878538df136eb66aa06a0e8211926ef270dd940ee43e7ed0c	47ff355e0d845fa878538df136eb66aa06a0e8211926ef270dd940ee43e7ed0c	none	0
work/T15-G1-r2/out/blank.json	14485	be78ec116c4dfa1114b6e405e3f33a034b1f48e35c329ebbf9a2b65627db3e48	be78ec116c4dfa1114b6e405e3f33a034b1f48e35c329ebbf9a2b65627db3e48	none	0
work/T15-G1-r2/prompt-0.txt	139	f574f91dda2c5a6030fada50a200a5a9edff9fa307cdd629489e73cb51af700e	f574f91dda2c5a6030fada50a200a5a9edff9fa307cdd629489e73cb51af700e	none	0
work/T15-G1-r2/spec/TR-04_사양서_셀B_v1.md	50152	348d3d8394c4af4237bb45f7acb77e5de981828221b393d771c2db83641653d4	348d3d8394c4af4237bb45f7acb77e5de981828221b393d771c2db83641653d4	none	0
work/T15-G1-r2/unit.json	476	30cf27e14988fdb1bb84598db42a488f85678ab5200f0c2107e8fecf6188ba1f	30cf27e14988fdb1bb84598db42a488f85678ab5200f0c2107e8fecf6188ba1f	none	0
work/T15-G1-r3/TASK.md	2567	c718a5f3c7caae38bc193eb2603b3453760ada531a6240d131b3c81bc63f518e	c718a5f3c7caae38bc193eb2603b3453760ada531a6240d131b3c81bc63f518e	none	0
work/T15-G1-r3/assemble-1790837455581.json	148	9580aa6eed997cc86c5301f2ac9f99401e49a7ddaf598e3e959623a117689f42	9580aa6eed997cc86c5301f2ac9f99401e49a7ddaf598e3e959623a117689f42	none	0
work/T15-G1-r3/base.ldprog.json	332494	2c608e9d8751ff7854f9683537a2efa859172f073b0c9fb5c048aee4dd6f5e6a	2c608e9d8751ff7854f9683537a2efa859172f073b0c9fb5c048aee4dd6f5e6a	none	0
work/T15-G1-r3/compile.json	278	0669871594357ee2fd702bf452b0a7fa4e6d25bba3b36f6a7ef928512aaaca2e	34d64900373a496881c8bf18774f850f9d9a6d57d359c6ae6d7c8238970f8035	redact	2
work/T15-G1-r3/generator.log	4038	f54a7e17c5bd2bfd77e5847e998493250bad2c6468d9b45c0ca39583bcd2fe6a	f54a7e17c5bd2bfd77e5847e998493250bad2c6468d9b45c0ca39583bcd2fe6a	none	0
work/T15-G1-r3/io.json	8568	47ff355e0d845fa878538df136eb66aa06a0e8211926ef270dd940ee43e7ed0c	47ff355e0d845fa878538df136eb66aa06a0e8211926ef270dd940ee43e7ed0c	none	0
work/T15-G1-r3/out/blank.json	13644	119de6846177a945188a7b25f5b8b108a513a4307147de1120e902a1ab0e0089	119de6846177a945188a7b25f5b8b108a513a4307147de1120e902a1ab0e0089	none	0
work/T15-G1-r3/prompt-0.txt	139	f574f91dda2c5a6030fada50a200a5a9edff9fa307cdd629489e73cb51af700e	f574f91dda2c5a6030fada50a200a5a9edff9fa307cdd629489e73cb51af700e	none	0
work/T15-G1-r3/spec/TR-04_사양서_셀B_v1.md	50152	348d3d8394c4af4237bb45f7acb77e5de981828221b393d771c2db83641653d4	348d3d8394c4af4237bb45f7acb77e5de981828221b393d771c2db83641653d4	none	0
work/T15-G1-r3/unit.json	476	e0db20b5db2faade9ca8aa8cd926507a5976c73d0d3d0c19c1611e0790f39d1d	e0db20b5db2faade9ca8aa8cd926507a5976c73d0d3d0c19c1611e0790f39d1d	none	0
work/T15-G2-r1/TASK.md	2567	c718a5f3c7caae38bc193eb2603b3453760ada531a6240d131b3c81bc63f518e	c718a5f3c7caae38bc193eb2603b3453760ada531a6240d131b3c81bc63f518e	none	0
work/T15-G2-r1/assemble-1790840908492.json	148	799c1271af3de405e6dc68d15f18a3815a157365f7ac90135442ded6ff7d3b51	799c1271af3de405e6dc68d15f18a3815a157365f7ac90135442ded6ff7d3b51	none	0
work/T15-G2-r1/base.ldprog.json	332494	2c608e9d8751ff7854f9683537a2efa859172f073b0c9fb5c048aee4dd6f5e6a	2c608e9d8751ff7854f9683537a2efa859172f073b0c9fb5c048aee4dd6f5e6a	none	0
work/T15-G2-r1/compile.json	278	d26257f18c8aa98c9b5f59ac8de95123f3393a8eddecb7a59cdf7a9e601ed468	049def27d248e729db8f72112439eb407ebf7c0fc537fa8db16939319fe77436	redact	2
work/T15-G2-r1/io.json	8568	47ff355e0d845fa878538df136eb66aa06a0e8211926ef270dd940ee43e7ed0c	47ff355e0d845fa878538df136eb66aa06a0e8211926ef270dd940ee43e7ed0c	none	0
work/T15-G2-r1/out/blank.json	23806	c6bbe3439388013c6b386b6a8910d87c6fa5aea17227a38abfaf022bb75fb35f	c6bbe3439388013c6b386b6a8910d87c6fa5aea17227a38abfaf022bb75fb35f	none	0
work/T15-G2-r1/prompt-0.txt	139	f574f91dda2c5a6030fada50a200a5a9edff9fa307cdd629489e73cb51af700e	f574f91dda2c5a6030fada50a200a5a9edff9fa307cdd629489e73cb51af700e	none	0
work/T15-G2-r1/spec/TR-04_사양서_셀B_v1.md	50152	348d3d8394c4af4237bb45f7acb77e5de981828221b393d771c2db83641653d4	348d3d8394c4af4237bb45f7acb77e5de981828221b393d771c2db83641653d4	none	0
work/T15-G2-r1/unit.json	475	75ee89ad3ff359e0945da7db7bf12143f30d0b8e6bed166ce92f709c64453f6e	75ee89ad3ff359e0945da7db7bf12143f30d0b8e6bed166ce92f709c64453f6e	none	0
work/T15-G2-r2/TASK.md	2567	c718a5f3c7caae38bc193eb2603b3453760ada531a6240d131b3c81bc63f518e	c718a5f3c7caae38bc193eb2603b3453760ada531a6240d131b3c81bc63f518e	none	0
work/T15-G2-r2/assemble-1790842581085.json	147	f34af6f34fb79e8211d4170c6e82c65a3782e5f18014e4b1cb7e2800f9c34b4d	f34af6f34fb79e8211d4170c6e82c65a3782e5f18014e4b1cb7e2800f9c34b4d	none	0
work/T15-G2-r2/base.ldprog.json	332494	2c608e9d8751ff7854f9683537a2efa859172f073b0c9fb5c048aee4dd6f5e6a	2c608e9d8751ff7854f9683537a2efa859172f073b0c9fb5c048aee4dd6f5e6a	none	0
work/T15-G2-r2/compile.json	278	329cf7cfbbff1a54469838c2cc2db3551db6365139ed096c9e4213f078b8c2a9	796898a72d6bacca2a9b6785378aca1c079cdcf40cb9595213d13fea48152831	redact	2
work/T15-G2-r2/io.json	8568	47ff355e0d845fa878538df136eb66aa06a0e8211926ef270dd940ee43e7ed0c	47ff355e0d845fa878538df136eb66aa06a0e8211926ef270dd940ee43e7ed0c	none	0
work/T15-G2-r2/out/blank.json	23073	7d21264dadeb4ab456e265ac9469b29cc5fe71bd72d15e416aebe2df1f32c7cf	7d21264dadeb4ab456e265ac9469b29cc5fe71bd72d15e416aebe2df1f32c7cf	none	0
work/T15-G2-r2/prompt-0.txt	139	f574f91dda2c5a6030fada50a200a5a9edff9fa307cdd629489e73cb51af700e	f574f91dda2c5a6030fada50a200a5a9edff9fa307cdd629489e73cb51af700e	none	0
work/T15-G2-r2/spec/TR-04_사양서_셀B_v1.md	50152	348d3d8394c4af4237bb45f7acb77e5de981828221b393d771c2db83641653d4	348d3d8394c4af4237bb45f7acb77e5de981828221b393d771c2db83641653d4	none	0
work/T15-G2-r2/unit.json	476	3346ffe7c53a81b36cb4f90103be04014f225840ee6a5d79b9be73477f2c780d	3346ffe7c53a81b36cb4f90103be04014f225840ee6a5d79b9be73477f2c780d	none	0
work/T15-G2-r3/TASK.md	2567	c718a5f3c7caae38bc193eb2603b3453760ada531a6240d131b3c81bc63f518e	c718a5f3c7caae38bc193eb2603b3453760ada531a6240d131b3c81bc63f518e	none	0
work/T15-G2-r3/assemble-1790844240941.json	148	9580aa6eed997cc86c5301f2ac9f99401e49a7ddaf598e3e959623a117689f42	9580aa6eed997cc86c5301f2ac9f99401e49a7ddaf598e3e959623a117689f42	none	0
work/T15-G2-r3/base.ldprog.json	332494	2c608e9d8751ff7854f9683537a2efa859172f073b0c9fb5c048aee4dd6f5e6a	2c608e9d8751ff7854f9683537a2efa859172f073b0c9fb5c048aee4dd6f5e6a	none	0
work/T15-G2-r3/compile.json	278	eb2eaa6416f0296fd1f45f5d7f4368882435edce6b9f9dd5e324563351f6b1c5	82cf3dd851da5561b49c004f2b95ed7340bbaee05f4266ad2eb1df6471ecf16e	redact	2
work/T15-G2-r3/io.json	8568	47ff355e0d845fa878538df136eb66aa06a0e8211926ef270dd940ee43e7ed0c	47ff355e0d845fa878538df136eb66aa06a0e8211926ef270dd940ee43e7ed0c	none	0
work/T15-G2-r3/out/blank.json	23525	f18a30e3af4a26684787dce70b688d1e205ee84538c2b85116ed0e54955bead9	f18a30e3af4a26684787dce70b688d1e205ee84538c2b85116ed0e54955bead9	none	0
work/T15-G2-r3/prompt-0.txt	139	f574f91dda2c5a6030fada50a200a5a9edff9fa307cdd629489e73cb51af700e	f574f91dda2c5a6030fada50a200a5a9edff9fa307cdd629489e73cb51af700e	none	0
work/T15-G2-r3/spec/TR-04_사양서_셀B_v1.md	50152	348d3d8394c4af4237bb45f7acb77e5de981828221b393d771c2db83641653d4	348d3d8394c4af4237bb45f7acb77e5de981828221b393d771c2db83641653d4	none	0
work/T15-G2-r3/unit.json	475	c547b8ed81454fe26b3089aecbfc13cba6320d3035704c17c8588935dfdf166e	c547b8ed81454fe26b3089aecbfc13cba6320d3035704c17c8588935dfdf166e	none	0
work/T15-G3-r1/TASK.md	2567	c718a5f3c7caae38bc193eb2603b3453760ada531a6240d131b3c81bc63f518e	c718a5f3c7caae38bc193eb2603b3453760ada531a6240d131b3c81bc63f518e	none	0
work/T15-G3-r1/assemble-1790868158959.json	126	03436e5a6f7e4fbaa01065919da5f622478095fa91d62de30175f4479734ead2	f07d1eb7fd40c29e71ee40c84a534981173a7797f1ff84dd67f43af8927bc8e3	redact	2
work/T15-G3-r1/base.ldprog.json	332494	2c608e9d8751ff7854f9683537a2efa859172f073b0c9fb5c048aee4dd6f5e6a	2c608e9d8751ff7854f9683537a2efa859172f073b0c9fb5c048aee4dd6f5e6a	none	0
work/T15-G3-r1/g3_reply_meta.json	397	967bdb184ba96a8a1557b1944b367b444a6fc9a3538d8deaa8aebeb2d8e3a2dd	5b862f389f4834c1daf4d7e153a52b7565e91066989df01c58abb6691f9bacbb	redact	1
work/T15-G3-r1/generator.log	0	e3b0c44298fc1c149afbf4c8996fb92427ae41e4649b934ca495991b7852b855	e3b0c44298fc1c149afbf4c8996fb92427ae41e4649b934ca495991b7852b855	none	0
work/T15-G3-r1/io.json	8568	47ff355e0d845fa878538df136eb66aa06a0e8211926ef270dd940ee43e7ed0c	47ff355e0d845fa878538df136eb66aa06a0e8211926ef270dd940ee43e7ed0c	none	0
work/T15-G3-r1/out/blank.json	26745	e34044208455ffd491a17c6187b1623f8a2e0bcb3944cf498592e1fcb1f62f3f	e34044208455ffd491a17c6187b1623f8a2e0bcb3944cf498592e1fcb1f62f3f	none	0
work/T15-G3-r1/prompt-0.txt	139	f574f91dda2c5a6030fada50a200a5a9edff9fa307cdd629489e73cb51af700e	f574f91dda2c5a6030fada50a200a5a9edff9fa307cdd629489e73cb51af700e	none	0
work/T15-G3-r1/spec/TR-04_사양서_셀B_v1.md	50152	348d3d8394c4af4237bb45f7acb77e5de981828221b393d771c2db83641653d4	348d3d8394c4af4237bb45f7acb77e5de981828221b393d771c2db83641653d4	none	0
work/T15-G3-r1/unit.json	502	9204dfbb09e4ea77ed498417930fb37f89bc8284c5e8112ac747fb3e1c8fecc8	7b0d066899041f316c863d756620102a6c88e33dbea4cd0930bd84a8db4e8478	redact	2
work/T16-G1-r1/TASK.md	2181	8065a84f2bfcc58efabc7528da1132911b7fe3ea3028e8d72ed8dd555d719736	8065a84f2bfcc58efabc7528da1132911b7fe3ea3028e8d72ed8dd555d719736	none	0
work/T16-G1-r1/assemble-1790810731480.json	147	9d64ca350ba088cbe508953ef574e71cfdee4276356975b5d3515549fef0c189	9d64ca350ba088cbe508953ef574e71cfdee4276356975b5d3515549fef0c189	none	0
work/T16-G1-r1/base.ldprog.json	332457	80ba64735f8fc24eaafd8da86bb062adc69d9ce51e6f7ca7f3d5acdda3617404	80ba64735f8fc24eaafd8da86bb062adc69d9ce51e6f7ca7f3d5acdda3617404	none	0
work/T16-G1-r1/compile.json	278	d72e41f633e20825970aa38677432fbea4f6af9983c298a39a6e9179769580ba	a90543d28022dc0e9b907799f4bc8d74ec249173c0f1be6544553adfaa3882e0	redact	2
work/T16-G1-r1/generator.log	4706	12aeacdcc77e5e46653e38a3fb772bf7acabed5862e8164b76f4d406f5fbb711	12aeacdcc77e5e46653e38a3fb772bf7acabed5862e8164b76f4d406f5fbb711	none	0
work/T16-G1-r1/io.json	8568	47ff355e0d845fa878538df136eb66aa06a0e8211926ef270dd940ee43e7ed0c	47ff355e0d845fa878538df136eb66aa06a0e8211926ef270dd940ee43e7ed0c	none	0
work/T16-G1-r1/out/blank.json	10952	565a3947c77c869918c8225bce82e254c340d3c793d05b25725938b56bc36eb1	565a3947c77c869918c8225bce82e254c340d3c793d05b25725938b56bc36eb1	none	0
work/T16-G1-r1/prompt-0.txt	139	f574f91dda2c5a6030fada50a200a5a9edff9fa307cdd629489e73cb51af700e	f574f91dda2c5a6030fada50a200a5a9edff9fa307cdd629489e73cb51af700e	none	0
work/T16-G1-r1/spec/TR-04_사양서_셀B_v1.md	50152	348d3d8394c4af4237bb45f7acb77e5de981828221b393d771c2db83641653d4	348d3d8394c4af4237bb45f7acb77e5de981828221b393d771c2db83641653d4	none	0
work/T16-G1-r1/unit.json	476	c0e9df11aa9e6ad25e06488f1ce701f155c1016cac3de93077f22b2440fab222	c0e9df11aa9e6ad25e06488f1ce701f155c1016cac3de93077f22b2440fab222	none	0
work/T16-G1-r2/TASK.md	2181	8065a84f2bfcc58efabc7528da1132911b7fe3ea3028e8d72ed8dd555d719736	8065a84f2bfcc58efabc7528da1132911b7fe3ea3028e8d72ed8dd555d719736	none	0
work/T16-G1-r2/assemble-1790831099982.json	147	3140543681b6940640ca972d7506b2a2fd8de09af56d7084bedd1b23b2e1760f	3140543681b6940640ca972d7506b2a2fd8de09af56d7084bedd1b23b2e1760f	none	0
work/T16-G1-r2/base.ldprog.json	332457	80ba64735f8fc24eaafd8da86bb062adc69d9ce51e6f7ca7f3d5acdda3617404	80ba64735f8fc24eaafd8da86bb062adc69d9ce51e6f7ca7f3d5acdda3617404	none	0
work/T16-G1-r2/compile.json	278	fc389fd5c5f7a7ec927d22d97dfb6c5ccbe0b212cddb53eb6b4f9f5f998f6780	8cd74c1a6a8985603a91a413da71426172322effc801585f4f598655d7704303	redact	2
work/T16-G1-r2/generator.log	4285	4b03287ee672dd4b7f81ac4f301ac5a58ccded55fd83d2b7ce95a245858e8bd0	4b03287ee672dd4b7f81ac4f301ac5a58ccded55fd83d2b7ce95a245858e8bd0	none	0
work/T16-G1-r2/io.json	8568	47ff355e0d845fa878538df136eb66aa06a0e8211926ef270dd940ee43e7ed0c	47ff355e0d845fa878538df136eb66aa06a0e8211926ef270dd940ee43e7ed0c	none	0
work/T16-G1-r2/out/blank.json	12337	0996122813a1b51838b0593088927400b3806baab87c38f0808e38cf1befe86a	0996122813a1b51838b0593088927400b3806baab87c38f0808e38cf1befe86a	none	0
work/T16-G1-r2/prompt-0.txt	139	f574f91dda2c5a6030fada50a200a5a9edff9fa307cdd629489e73cb51af700e	f574f91dda2c5a6030fada50a200a5a9edff9fa307cdd629489e73cb51af700e	none	0
work/T16-G1-r2/spec/TR-04_사양서_셀B_v1.md	50152	348d3d8394c4af4237bb45f7acb77e5de981828221b393d771c2db83641653d4	348d3d8394c4af4237bb45f7acb77e5de981828221b393d771c2db83641653d4	none	0
work/T16-G1-r2/unit.json	476	dfda657ab73110e2e04c15abb8703f660e3e69373ff0756cd059c2f8cd912409	dfda657ab73110e2e04c15abb8703f660e3e69373ff0756cd059c2f8cd912409	none	0
work/T16-G1-r3/TASK.md	2181	8065a84f2bfcc58efabc7528da1132911b7fe3ea3028e8d72ed8dd555d719736	8065a84f2bfcc58efabc7528da1132911b7fe3ea3028e8d72ed8dd555d719736	none	0
work/T16-G1-r3/assemble-1790837576180.json	147	8e25cae58197475827c483718381773ffa8db8bb1639b62b2867bb046877613b	8e25cae58197475827c483718381773ffa8db8bb1639b62b2867bb046877613b	none	0
work/T16-G1-r3/base.ldprog.json	332457	80ba64735f8fc24eaafd8da86bb062adc69d9ce51e6f7ca7f3d5acdda3617404	80ba64735f8fc24eaafd8da86bb062adc69d9ce51e6f7ca7f3d5acdda3617404	none	0
work/T16-G1-r3/compile.json	278	402774d2b0bb963dfd68e6197f4feb9d7140e113baa3be27274b40f58a62caa6	142ec664f7187b373c9caa897b61bbcfab03b5fa39d36ed79ae65b8939ad66e5	redact	2
work/T16-G1-r3/generator.log	4097	00a4418050bb6fddd93ee644d33e8eba4518dc5d4e3b21b8f9a0d0db9957d623	00a4418050bb6fddd93ee644d33e8eba4518dc5d4e3b21b8f9a0d0db9957d623	none	0
work/T16-G1-r3/io.json	8568	47ff355e0d845fa878538df136eb66aa06a0e8211926ef270dd940ee43e7ed0c	47ff355e0d845fa878538df136eb66aa06a0e8211926ef270dd940ee43e7ed0c	none	0
work/T16-G1-r3/out/blank.json	14997	8c5552e3210a8c00b95d97650f5d289236fd448c31385ddf1aebb6a16e693865	8c5552e3210a8c00b95d97650f5d289236fd448c31385ddf1aebb6a16e693865	none	0
work/T16-G1-r3/prompt-0.txt	139	f574f91dda2c5a6030fada50a200a5a9edff9fa307cdd629489e73cb51af700e	f574f91dda2c5a6030fada50a200a5a9edff9fa307cdd629489e73cb51af700e	none	0
work/T16-G1-r3/spec/TR-04_사양서_셀B_v1.md	50152	348d3d8394c4af4237bb45f7acb77e5de981828221b393d771c2db83641653d4	348d3d8394c4af4237bb45f7acb77e5de981828221b393d771c2db83641653d4	none	0
work/T16-G1-r3/unit.json	476	d5cb7c9f66bf12317f4e4dee7e5de7bbeb3743a871a53b3b14cbf3b9b52ce6ac	d5cb7c9f66bf12317f4e4dee7e5de7bbeb3743a871a53b3b14cbf3b9b52ce6ac	none	0
work/T16-G2-r1/TASK.md	2181	8065a84f2bfcc58efabc7528da1132911b7fe3ea3028e8d72ed8dd555d719736	8065a84f2bfcc58efabc7528da1132911b7fe3ea3028e8d72ed8dd555d719736	none	0
work/T16-G2-r1/assemble-1790840964075.json	147	3140543681b6940640ca972d7506b2a2fd8de09af56d7084bedd1b23b2e1760f	3140543681b6940640ca972d7506b2a2fd8de09af56d7084bedd1b23b2e1760f	none	0
work/T16-G2-r1/base.ldprog.json	332457	80ba64735f8fc24eaafd8da86bb062adc69d9ce51e6f7ca7f3d5acdda3617404	80ba64735f8fc24eaafd8da86bb062adc69d9ce51e6f7ca7f3d5acdda3617404	none	0
work/T16-G2-r1/compile.json	278	5e9f9fe6cd4d74c572e28b39ef7354dfdd1cbf642b8028f7489ac5ba30195ddd	57a5d622411d1ef04e81d5657205b9f1e08e06732d9338c1f272ead5d0594daa	redact	2
work/T16-G2-r1/io.json	8568	47ff355e0d845fa878538df136eb66aa06a0e8211926ef270dd940ee43e7ed0c	47ff355e0d845fa878538df136eb66aa06a0e8211926ef270dd940ee43e7ed0c	none	0
work/T16-G2-r1/out/blank.json	22587	3699337bfb45c2dbc63fdb102fe61cf28cc9419a50a99a79d977bc6b41803148	3699337bfb45c2dbc63fdb102fe61cf28cc9419a50a99a79d977bc6b41803148	none	0
work/T16-G2-r1/prompt-0.txt	139	f574f91dda2c5a6030fada50a200a5a9edff9fa307cdd629489e73cb51af700e	f574f91dda2c5a6030fada50a200a5a9edff9fa307cdd629489e73cb51af700e	none	0
work/T16-G2-r1/spec/TR-04_사양서_셀B_v1.md	50152	348d3d8394c4af4237bb45f7acb77e5de981828221b393d771c2db83641653d4	348d3d8394c4af4237bb45f7acb77e5de981828221b393d771c2db83641653d4	none	0
work/T16-G2-r1/unit.json	475	b1f88e0ff3b9135458dee8276e3d1bb4b6d0b661bfd7099fd92bd2a4dc558057	b1f88e0ff3b9135458dee8276e3d1bb4b6d0b661bfd7099fd92bd2a4dc558057	none	0
work/T16-G2-r2/TASK.md	2181	8065a84f2bfcc58efabc7528da1132911b7fe3ea3028e8d72ed8dd555d719736	8065a84f2bfcc58efabc7528da1132911b7fe3ea3028e8d72ed8dd555d719736	none	0
work/T16-G2-r2/assemble-1790842639570.json	147	3140543681b6940640ca972d7506b2a2fd8de09af56d7084bedd1b23b2e1760f	3140543681b6940640ca972d7506b2a2fd8de09af56d7084bedd1b23b2e1760f	none	0
work/T16-G2-r2/base.ldprog.json	332457	80ba64735f8fc24eaafd8da86bb062adc69d9ce51e6f7ca7f3d5acdda3617404	80ba64735f8fc24eaafd8da86bb062adc69d9ce51e6f7ca7f3d5acdda3617404	none	0
work/T16-G2-r2/compile.json	278	4766f5e632abc62af74640dc3e9294bc282ebeab507e5c6f33926e1f79f9a3c4	4072f1242b2e5343f35d703fabe4d3bbf574608b88d4ad115a2dcaa5f9abd0d3	redact	2
work/T16-G2-r2/io.json	8568	47ff355e0d845fa878538df136eb66aa06a0e8211926ef270dd940ee43e7ed0c	47ff355e0d845fa878538df136eb66aa06a0e8211926ef270dd940ee43e7ed0c	none	0
work/T16-G2-r2/out/blank.json	20903	26a1cf505fad136a30034cbd42790631f5b6044283e3e7f2f55f903745f7b9ff	26a1cf505fad136a30034cbd42790631f5b6044283e3e7f2f55f903745f7b9ff	none	0
work/T16-G2-r2/prompt-0.txt	139	f574f91dda2c5a6030fada50a200a5a9edff9fa307cdd629489e73cb51af700e	f574f91dda2c5a6030fada50a200a5a9edff9fa307cdd629489e73cb51af700e	none	0
work/T16-G2-r2/spec/TR-04_사양서_셀B_v1.md	50152	348d3d8394c4af4237bb45f7acb77e5de981828221b393d771c2db83641653d4	348d3d8394c4af4237bb45f7acb77e5de981828221b393d771c2db83641653d4	none	0
work/T16-G2-r2/unit.json	475	921bd8dbb476d0c4308f510696e9caf2f508e7bb6022c62bb89d93e1514cdac0	921bd8dbb476d0c4308f510696e9caf2f508e7bb6022c62bb89d93e1514cdac0	none	0
work/T16-G2-r3/TASK.md	2181	8065a84f2bfcc58efabc7528da1132911b7fe3ea3028e8d72ed8dd555d719736	8065a84f2bfcc58efabc7528da1132911b7fe3ea3028e8d72ed8dd555d719736	none	0
work/T16-G2-r3/assemble-1790844304619.json	147	3140543681b6940640ca972d7506b2a2fd8de09af56d7084bedd1b23b2e1760f	3140543681b6940640ca972d7506b2a2fd8de09af56d7084bedd1b23b2e1760f	none	0
work/T16-G2-r3/base.ldprog.json	332457	80ba64735f8fc24eaafd8da86bb062adc69d9ce51e6f7ca7f3d5acdda3617404	80ba64735f8fc24eaafd8da86bb062adc69d9ce51e6f7ca7f3d5acdda3617404	none	0
work/T16-G2-r3/compile.json	278	59da2bbc8d4f20686e1688754b1565b0e1a4e8997e493c6feed89b35afd8721b	f8e8e7933dc89c9ca9b79083fc5931401ac603d2d322892ff1631f8657df9720	redact	2
work/T16-G2-r3/io.json	8568	47ff355e0d845fa878538df136eb66aa06a0e8211926ef270dd940ee43e7ed0c	47ff355e0d845fa878538df136eb66aa06a0e8211926ef270dd940ee43e7ed0c	none	0
work/T16-G2-r3/out/blank.json	22340	c6a428b52a14f2dfd36163c19b10eef3649f5c538e33ed1119761feaa0f17dcc	c6a428b52a14f2dfd36163c19b10eef3649f5c538e33ed1119761feaa0f17dcc	none	0
work/T16-G2-r3/prompt-0.txt	139	f574f91dda2c5a6030fada50a200a5a9edff9fa307cdd629489e73cb51af700e	f574f91dda2c5a6030fada50a200a5a9edff9fa307cdd629489e73cb51af700e	none	0
work/T16-G2-r3/spec/TR-04_사양서_셀B_v1.md	50152	348d3d8394c4af4237bb45f7acb77e5de981828221b393d771c2db83641653d4	348d3d8394c4af4237bb45f7acb77e5de981828221b393d771c2db83641653d4	none	0
work/T16-G2-r3/unit.json	475	c56082fd5da0cc5b6541c6dc56329eaf41a998be03e733ef9fa881b0ac62b9c1	c56082fd5da0cc5b6541c6dc56329eaf41a998be03e733ef9fa881b0ac62b9c1	none	0
work/T16-G3-r1/TASK.md	2181	8065a84f2bfcc58efabc7528da1132911b7fe3ea3028e8d72ed8dd555d719736	8065a84f2bfcc58efabc7528da1132911b7fe3ea3028e8d72ed8dd555d719736	none	0
work/T16-G3-r1/assemble-1790870559075.json	126	bbfb69fb2c24900ccea25d00ddb71f274d092396734dc42043dd7ddaf40658b9	d6010bf9eba109a3ba347d7dd24b15270e22ff23796ba57f0cbbb05d3b144360	redact	2
work/T16-G3-r1/base.ldprog.json	332457	80ba64735f8fc24eaafd8da86bb062adc69d9ce51e6f7ca7f3d5acdda3617404	80ba64735f8fc24eaafd8da86bb062adc69d9ce51e6f7ca7f3d5acdda3617404	none	0
work/T16-G3-r1/g3_reply_meta.json	397	762e7493a9b376a2527d6db2fcf277059b336971a0e77d1e181cdaf3384e0743	ba41485a9ffaf57a82cc3e87091a87a9a2d185225e4d6521cc714f6c857e426c	redact	1
work/T16-G3-r1/generator.log	0	e3b0c44298fc1c149afbf4c8996fb92427ae41e4649b934ca495991b7852b855	e3b0c44298fc1c149afbf4c8996fb92427ae41e4649b934ca495991b7852b855	none	0
work/T16-G3-r1/io.json	8568	47ff355e0d845fa878538df136eb66aa06a0e8211926ef270dd940ee43e7ed0c	47ff355e0d845fa878538df136eb66aa06a0e8211926ef270dd940ee43e7ed0c	none	0
work/T16-G3-r1/out/blank.json	12685	cd417d4389cbafe09d77f0f3311ed9599fdfe047051c832493c0b13d4b583984	cd417d4389cbafe09d77f0f3311ed9599fdfe047051c832493c0b13d4b583984	none	0
work/T16-G3-r1/prompt-0.txt	139	f574f91dda2c5a6030fada50a200a5a9edff9fa307cdd629489e73cb51af700e	f574f91dda2c5a6030fada50a200a5a9edff9fa307cdd629489e73cb51af700e	none	0
work/T16-G3-r1/spec/TR-04_사양서_셀B_v1.md	50152	348d3d8394c4af4237bb45f7acb77e5de981828221b393d771c2db83641653d4	348d3d8394c4af4237bb45f7acb77e5de981828221b393d771c2db83641653d4	none	0
work/T16-G3-r1/unit.json	502	0316f417b6460bd6e52e723d18a711ae075340c6dd21362edaa8d68c1f524ed4	4092260bad1d7df320722c7e7c9c2d963a76b82c5852b9741023845e90dd0a7b	redact	2
work/T17-G1-r1/TASK.md	1017	f5b03b33a4dda4dda67e3ad4697316134725f4ab60615a42ad8afefeb08158a3	f5b03b33a4dda4dda67e3ad4697316134725f4ab60615a42ad8afefeb08158a3	none	0
work/T17-G1-r1/assemble-1790812706100.json	108	646aba86c678f8a5e979dea7e8ebba00d08cefce0149b47bc06acd52ad3f4e46	646aba86c678f8a5e979dea7e8ebba00d08cefce0149b47bc06acd52ad3f4e46	none	0
work/T17-G1-r1/compile.json	427	005dfb56a4de4dc63f43af74186865e6a5caba5685d4fb05794d46c0a1b2fd3b	59d1bd5c17421cb8e05d4fa20b831f14ee0cb9c14c067be6dc0c830d0c24fc81	redact	2
work/T17-G1-r1/generator.log	4470	bb7635b3f401f442ff051324a8c9f5e264a1c3e96bdb0b6c46932c1cb4c488f9	bb7635b3f401f442ff051324a8c9f5e264a1c3e96bdb0b6c46932c1cb4c488f9	none	0
work/T17-G1-r1/io.json	21363	47263ce034c791dd5edb16f48f83c4037c61d39b31196727723ced8292ecb772	47263ce034c791dd5edb16f48f83c4037c61d39b31196727723ced8292ecb772	none	0
work/T17-G1-r1/out/program.ldprog.json	172172	fac8128790a787d7bf97439c7eca97d82cc35ad3d8ebc5403f8bcb9bbdd44903	fac8128790a787d7bf97439c7eca97d82cc35ad3d8ebc5403f8bcb9bbdd44903	none	0
work/T17-G1-r1/prompt-0.txt	139	f574f91dda2c5a6030fada50a200a5a9edff9fa307cdd629489e73cb51af700e	f574f91dda2c5a6030fada50a200a5a9edff9fa307cdd629489e73cb51af700e	none	0
work/T17-G1-r1/spec/TR-04_사양서_셀B_v1.md	50152	348d3d8394c4af4237bb45f7acb77e5de981828221b393d771c2db83641653d4	348d3d8394c4af4237bb45f7acb77e5de981828221b393d771c2db83641653d4	none	0
work/T17-G1-r1/spec/TR-04_사양서_포장셀_v1.md	32047	b4fced2cdb79c32686700230ff8619893445ae1ae3246f1769dff600731509bf	b4fced2cdb79c32686700230ff8619893445ae1ae3246f1769dff600731509bf	none	0
work/T17-G1-r1/unit.json	477	1b0c701386e538895bb7ccb391ec95b179ead54d98761497710001fc28297879	1b0c701386e538895bb7ccb391ec95b179ead54d98761497710001fc28297879	none	0
work/T17-G1-r2/TASK.md	1017	f5b03b33a4dda4dda67e3ad4697316134725f4ab60615a42ad8afefeb08158a3	f5b03b33a4dda4dda67e3ad4697316134725f4ab60615a42ad8afefeb08158a3	none	0
work/T17-G1-r2/assemble-1790833282180.json	108	646aba86c678f8a5e979dea7e8ebba00d08cefce0149b47bc06acd52ad3f4e46	646aba86c678f8a5e979dea7e8ebba00d08cefce0149b47bc06acd52ad3f4e46	none	0
work/T17-G1-r2/compile.json	354	d773ec3063b117931c8f4f9185fe919ca0e78b44718e590301fc4ba4cb729b22	c41ab0663c607746358ce8436180751305bc4eabc1efad61d77f15c1cd38153e	redact	2
work/T17-G1-r2/generator.log	4722	f72fa911877c6213a1d32205b4838589463221726b23bba534dacc23cd930696	f72fa911877c6213a1d32205b4838589463221726b23bba534dacc23cd930696	none	0
work/T17-G1-r2/io.json	21363	47263ce034c791dd5edb16f48f83c4037c61d39b31196727723ced8292ecb772	47263ce034c791dd5edb16f48f83c4037c61d39b31196727723ced8292ecb772	none	0
work/T17-G1-r2/out/program.ldprog.json	178349	04706a1b7ab7fd88cdb26e8f85f045682ec31e4437b9226da6be376fd61cbed3	04706a1b7ab7fd88cdb26e8f85f045682ec31e4437b9226da6be376fd61cbed3	none	0
work/T17-G1-r2/prompt-0.txt	139	f574f91dda2c5a6030fada50a200a5a9edff9fa307cdd629489e73cb51af700e	f574f91dda2c5a6030fada50a200a5a9edff9fa307cdd629489e73cb51af700e	none	0
work/T17-G1-r2/spec/TR-04_사양서_셀B_v1.md	50152	348d3d8394c4af4237bb45f7acb77e5de981828221b393d771c2db83641653d4	348d3d8394c4af4237bb45f7acb77e5de981828221b393d771c2db83641653d4	none	0
work/T17-G1-r2/spec/TR-04_사양서_포장셀_v1.md	32047	b4fced2cdb79c32686700230ff8619893445ae1ae3246f1769dff600731509bf	b4fced2cdb79c32686700230ff8619893445ae1ae3246f1769dff600731509bf	none	0
work/T17-G1-r2/unit.json	477	78fd3f3d03e95362403e98f1e1066dbe389314b30b4522a6c3705730050ee7ab	78fd3f3d03e95362403e98f1e1066dbe389314b30b4522a6c3705730050ee7ab	none	0
work/T17-G1-r3/TASK.md	1017	f5b03b33a4dda4dda67e3ad4697316134725f4ab60615a42ad8afefeb08158a3	f5b03b33a4dda4dda67e3ad4697316134725f4ab60615a42ad8afefeb08158a3	none	0
work/T17-G1-r3/assemble-1790838828862.json	108	646aba86c678f8a5e979dea7e8ebba00d08cefce0149b47bc06acd52ad3f4e46	646aba86c678f8a5e979dea7e8ebba00d08cefce0149b47bc06acd52ad3f4e46	none	0
work/T17-G1-r3/compile.json	707	0c50da83d785422697c9e14fb0f35e4c6310719b2d33b119f3ef70bd48764788	cc53e0d7509d84a66907eb425324075082fdcfb7d17496ba1e2057e84ae7db18	redact	2
work/T17-G1-r3/generator.log	4720	b380672cb3d08407d4077acc835abba916ffc008f5f5369ac4e579cda5c50fbc	b380672cb3d08407d4077acc835abba916ffc008f5f5369ac4e579cda5c50fbc	none	0
work/T17-G1-r3/io.json	21363	47263ce034c791dd5edb16f48f83c4037c61d39b31196727723ced8292ecb772	47263ce034c791dd5edb16f48f83c4037c61d39b31196727723ced8292ecb772	none	0
work/T17-G1-r3/out/program.ldprog.json	170177	324cff0c9f24137c2c27fc515452b250b3263fe0d21c1656508d32755674bb5e	324cff0c9f24137c2c27fc515452b250b3263fe0d21c1656508d32755674bb5e	none	0
work/T17-G1-r3/prompt-0.txt	139	f574f91dda2c5a6030fada50a200a5a9edff9fa307cdd629489e73cb51af700e	f574f91dda2c5a6030fada50a200a5a9edff9fa307cdd629489e73cb51af700e	none	0
work/T17-G1-r3/spec/TR-04_사양서_셀B_v1.md	50152	348d3d8394c4af4237bb45f7acb77e5de981828221b393d771c2db83641653d4	348d3d8394c4af4237bb45f7acb77e5de981828221b393d771c2db83641653d4	none	0
work/T17-G1-r3/spec/TR-04_사양서_포장셀_v1.md	32047	b4fced2cdb79c32686700230ff8619893445ae1ae3246f1769dff600731509bf	b4fced2cdb79c32686700230ff8619893445ae1ae3246f1769dff600731509bf	none	0
work/T17-G1-r3/unit.json	477	5d9be5b411fa301c52733e05a165888ee8e553a36599006c1bbcf2e26cf7ac58	5d9be5b411fa301c52733e05a165888ee8e553a36599006c1bbcf2e26cf7ac58	none	0
work/T17-G2-r1/TASK.md	1017	f5b03b33a4dda4dda67e3ad4697316134725f4ab60615a42ad8afefeb08158a3	f5b03b33a4dda4dda67e3ad4697316134725f4ab60615a42ad8afefeb08158a3	none	0
work/T17-G2-r1/assemble-1790841151081.json	108	646aba86c678f8a5e979dea7e8ebba00d08cefce0149b47bc06acd52ad3f4e46	646aba86c678f8a5e979dea7e8ebba00d08cefce0149b47bc06acd52ad3f4e46	none	0
work/T17-G2-r1/assemble-1790841276819.json	108	646aba86c678f8a5e979dea7e8ebba00d08cefce0149b47bc06acd52ad3f4e46	646aba86c678f8a5e979dea7e8ebba00d08cefce0149b47bc06acd52ad3f4e46	none	0
work/T17-G2-r1/compile.json	278	6c916f0ccfce829150a3401fb9a49643747c2e9a49250af989dffdf8b07e547e	80bdf5de1b7dfe08345e5604e00c1aa17b7dae07a936ac1def9b70ba4ddd6b64	redact	2
work/T17-G2-r1/io.json	21363	47263ce034c791dd5edb16f48f83c4037c61d39b31196727723ced8292ecb772	47263ce034c791dd5edb16f48f83c4037c61d39b31196727723ced8292ecb772	none	0
work/T17-G2-r1/out/program.ldprog.json	475917	cf04bfe54176c5d1b3af0ed94b8c38ef0707972174c03eaf96f3dc19fa67f00f	cf04bfe54176c5d1b3af0ed94b8c38ef0707972174c03eaf96f3dc19fa67f00f	none	0
work/T17-G2-r1/prompt-0.txt	139	f574f91dda2c5a6030fada50a200a5a9edff9fa307cdd629489e73cb51af700e	f574f91dda2c5a6030fada50a200a5a9edff9fa307cdd629489e73cb51af700e	none	0
work/T17-G2-r1/prompt-1.txt	540	120a4d93f382c6d4c64942ab4ce68f24990623c7f336230eb9d1b2935f8b5ae5	9b931dbab1bbf0893a6768bb4e92aa96588b2252541cb853aa6dd7887289c461	redact	2
work/T17-G2-r1/spec/TR-04_사양서_셀B_v1.md	50152	348d3d8394c4af4237bb45f7acb77e5de981828221b393d771c2db83641653d4	348d3d8394c4af4237bb45f7acb77e5de981828221b393d771c2db83641653d4	none	0
work/T17-G2-r1/spec/TR-04_사양서_포장셀_v1.md	32047	b4fced2cdb79c32686700230ff8619893445ae1ae3246f1769dff600731509bf	b4fced2cdb79c32686700230ff8619893445ae1ae3246f1769dff600731509bf	none	0
work/T17-G2-r1/unit.json	1038	8e4f1f1a509f3dd11df352987e0728886194167b0bc7afd11d4aee4d972d6719	69aff0f2055ab289d97466da712cea74fa39114535e8709f746557552242b1a4	redact	2
work/T17-G2-r2/TASK.md	1017	f5b03b33a4dda4dda67e3ad4697316134725f4ab60615a42ad8afefeb08158a3	f5b03b33a4dda4dda67e3ad4697316134725f4ab60615a42ad8afefeb08158a3	none	0
work/T17-G2-r2/assemble-1790842860466.json	108	646aba86c678f8a5e979dea7e8ebba00d08cefce0149b47bc06acd52ad3f4e46	646aba86c678f8a5e979dea7e8ebba00d08cefce0149b47bc06acd52ad3f4e46	none	0
work/T17-G2-r2/compile.json	476	a8a7d8d0411dc261883002b69f71bc39cfc3b3865bb6c5f19a2e4178a577a507	6861539b151cc42b46eac8c3547cb62c0814429ac45cd9d22c5a95f3d2a76ace	redact	2
work/T17-G2-r2/io.json	21363	47263ce034c791dd5edb16f48f83c4037c61d39b31196727723ced8292ecb772	47263ce034c791dd5edb16f48f83c4037c61d39b31196727723ced8292ecb772	none	0
work/T17-G2-r2/out/program.ldprog.json	443868	7f9b1f2761de538117a2c19ada6ba2c9e3587faeabaeb301f2051145a05329ca	7f9b1f2761de538117a2c19ada6ba2c9e3587faeabaeb301f2051145a05329ca	none	0
work/T17-G2-r2/prompt-0.txt	139	f574f91dda2c5a6030fada50a200a5a9edff9fa307cdd629489e73cb51af700e	f574f91dda2c5a6030fada50a200a5a9edff9fa307cdd629489e73cb51af700e	none	0
work/T17-G2-r2/spec/TR-04_사양서_셀B_v1.md	50152	348d3d8394c4af4237bb45f7acb77e5de981828221b393d771c2db83641653d4	348d3d8394c4af4237bb45f7acb77e5de981828221b393d771c2db83641653d4	none	0
work/T17-G2-r2/spec/TR-04_사양서_포장셀_v1.md	32047	b4fced2cdb79c32686700230ff8619893445ae1ae3246f1769dff600731509bf	b4fced2cdb79c32686700230ff8619893445ae1ae3246f1769dff600731509bf	none	0
work/T17-G2-r2/unit.json	476	6461c8af73d1c5418af5ef979a1c99f843ded18d02940edf5fe5c3ccf79a611b	6461c8af73d1c5418af5ef979a1c99f843ded18d02940edf5fe5c3ccf79a611b	none	0
work/T17-G2-r3/TASK.md	1017	f5b03b33a4dda4dda67e3ad4697316134725f4ab60615a42ad8afefeb08158a3	f5b03b33a4dda4dda67e3ad4697316134725f4ab60615a42ad8afefeb08158a3	none	0
work/T17-G2-r3/assemble-1790844480781.json	108	646aba86c678f8a5e979dea7e8ebba00d08cefce0149b47bc06acd52ad3f4e46	646aba86c678f8a5e979dea7e8ebba00d08cefce0149b47bc06acd52ad3f4e46	none	0
work/T17-G2-r3/compile.json	423	783756cb11222ad04b93004075c8905d2c0528df984aafa1b5303c5d099baa4c	b25442ded8c808de64af201c11ee36bc3ff6913b60dd43167f6b8a031a55143f	redact	2
work/T17-G2-r3/io.json	21363	47263ce034c791dd5edb16f48f83c4037c61d39b31196727723ced8292ecb772	47263ce034c791dd5edb16f48f83c4037c61d39b31196727723ced8292ecb772	none	0
work/T17-G2-r3/out/program.ldprog.json	560529	f4bda62b696e844716b85ff14edde632d7d2780b6b69e79a674f6b773f06a18c	f4bda62b696e844716b85ff14edde632d7d2780b6b69e79a674f6b773f06a18c	none	0
work/T17-G2-r3/prompt-0.txt	139	f574f91dda2c5a6030fada50a200a5a9edff9fa307cdd629489e73cb51af700e	f574f91dda2c5a6030fada50a200a5a9edff9fa307cdd629489e73cb51af700e	none	0
work/T17-G2-r3/spec/TR-04_사양서_셀B_v1.md	50152	348d3d8394c4af4237bb45f7acb77e5de981828221b393d771c2db83641653d4	348d3d8394c4af4237bb45f7acb77e5de981828221b393d771c2db83641653d4	none	0
work/T17-G2-r3/spec/TR-04_사양서_포장셀_v1.md	32047	b4fced2cdb79c32686700230ff8619893445ae1ae3246f1769dff600731509bf	b4fced2cdb79c32686700230ff8619893445ae1ae3246f1769dff600731509bf	none	0
work/T17-G2-r3/unit.json	476	4e5327be8bf4edbe5bad540056dae74e135f81e12c3ab3749974d3c54970ab53	4e5327be8bf4edbe5bad540056dae74e135f81e12c3ab3749974d3c54970ab53	none	0
work/T17-G3-r1/TASK.md	1017	f5b03b33a4dda4dda67e3ad4697316134725f4ab60615a42ad8afefeb08158a3	f5b03b33a4dda4dda67e3ad4697316134725f4ab60615a42ad8afefeb08158a3	none	0
work/T17-G3-r1/assemble-1790872959189.json	135	2ecf13f9c325ff010baf3f91de3daa66dae4b8454624fff9fff91cbf9582366b	5a191a7bfda44386bc202e10c796594a5917ba329064333e15727700948e2263	redact	2
work/T17-G3-r1/generator.log	2498	cdd1068174aaea8d21c0630a39f7918e68ef11055981051946755d44adfdd72b	0de3607ac8a3de545bb71b546fb979d832696f0c3f3e6c6ac3739ee1d0857b3a	redact	2
work/T17-G3-r1/io.json	21363	47263ce034c791dd5edb16f48f83c4037c61d39b31196727723ced8292ecb772	47263ce034c791dd5edb16f48f83c4037c61d39b31196727723ced8292ecb772	none	0
work/T17-G3-r1/prompt-0.txt	139	f574f91dda2c5a6030fada50a200a5a9edff9fa307cdd629489e73cb51af700e	f574f91dda2c5a6030fada50a200a5a9edff9fa307cdd629489e73cb51af700e	none	0
work/T17-G3-r1/spec/TR-04_사양서_셀B_v1.md	50152	348d3d8394c4af4237bb45f7acb77e5de981828221b393d771c2db83641653d4	348d3d8394c4af4237bb45f7acb77e5de981828221b393d771c2db83641653d4	none	0
work/T17-G3-r1/spec/TR-04_사양서_포장셀_v1.md	32047	b4fced2cdb79c32686700230ff8619893445ae1ae3246f1769dff600731509bf	b4fced2cdb79c32686700230ff8619893445ae1ae3246f1769dff600731509bf	none	0
work/T17-G3-r1/unit.json	511	2edc2394a2945decd6f51834e6be6d37225a463875541e84df029dedc1696f8b	142c97763e63db36f3033a14fdaff27f95dc932ce8079e0c307df65c93b6ee1f	redact	2
work/T18-G1-r1/TASK.md	3415	131235160ad77f1ef45c8e3b9e8b25a080fbea1a5e7e8a545865f87d268bef93	131235160ad77f1ef45c8e3b9e8b25a080fbea1a5e7e8a545865f87d268bef93	none	0
work/T18-G1-r1/assemble-1790813154559.json	149	5c895bad9db8a185f2aedc9ebbfd0c5ccf2012adb75966008941a1f16a6d33ef	5c895bad9db8a185f2aedc9ebbfd0c5ccf2012adb75966008941a1f16a6d33ef	none	0
work/T18-G1-r1/base.ldprog.json	450036	3e7c5da069b843fcaa90cc169237ce21d9ca6e941c8b0a1845086f9418938c5d	3e7c5da069b843fcaa90cc169237ce21d9ca6e941c8b0a1845086f9418938c5d	none	0
work/T18-G1-r1/compile.json	278	1817f9d9d3dac9569e7368c992f9e5336708510ba5de76dc809eea2c0f2fb623	0c75ec19598bed570b29d017a495c76feb113a8e7863348ca599e8914171e9ed	redact	2
work/T18-G1-r1/generator.log	5126	cab44fe945d04d1238a785e9831eca526d7605b2702351f1a233c7481a7a78d5	cab44fe945d04d1238a785e9831eca526d7605b2702351f1a233c7481a7a78d5	none	0
work/T18-G1-r1/io.json	21363	47263ce034c791dd5edb16f48f83c4037c61d39b31196727723ced8292ecb772	47263ce034c791dd5edb16f48f83c4037c61d39b31196727723ced8292ecb772	none	0
work/T18-G1-r1/out/blank.json	61657	34a7aa33db4042b394c3e1768473cd2e862bdec61b48169512f596eda76b3fec	34a7aa33db4042b394c3e1768473cd2e862bdec61b48169512f596eda76b3fec	none	0
work/T18-G1-r1/prompt-0.txt	139	f574f91dda2c5a6030fada50a200a5a9edff9fa307cdd629489e73cb51af700e	f574f91dda2c5a6030fada50a200a5a9edff9fa307cdd629489e73cb51af700e	none	0
work/T18-G1-r1/spec/TR-04_사양서_셀B_v1.md	50152	348d3d8394c4af4237bb45f7acb77e5de981828221b393d771c2db83641653d4	348d3d8394c4af4237bb45f7acb77e5de981828221b393d771c2db83641653d4	none	0
work/T18-G1-r1/spec/TR-04_사양서_포장셀_v1.md	32047	b4fced2cdb79c32686700230ff8619893445ae1ae3246f1769dff600731509bf	b4fced2cdb79c32686700230ff8619893445ae1ae3246f1769dff600731509bf	none	0
work/T18-G1-r1/unit.json	476	8bb9fdc0585167d4c04958067b382e245545cf0fcc61973345883f7e9d0f520b	8bb9fdc0585167d4c04958067b382e245545cf0fcc61973345883f7e9d0f520b	none	0
work/T18-G1-r2/TASK.md	3415	131235160ad77f1ef45c8e3b9e8b25a080fbea1a5e7e8a545865f87d268bef93	131235160ad77f1ef45c8e3b9e8b25a080fbea1a5e7e8a545865f87d268bef93	none	0
work/T18-G1-r2/assemble-1790833723983.json	149	98a021b6eac89ede3f1ae2d7ed79592ac6b12924f00e74724e606a4bdafd5009	98a021b6eac89ede3f1ae2d7ed79592ac6b12924f00e74724e606a4bdafd5009	none	0
work/T18-G1-r2/base.ldprog.json	450036	3e7c5da069b843fcaa90cc169237ce21d9ca6e941c8b0a1845086f9418938c5d	3e7c5da069b843fcaa90cc169237ce21d9ca6e941c8b0a1845086f9418938c5d	none	0
work/T18-G1-r2/compile.json	278	b6cf736a61f269b5e91097d8c40de8da98ae3e769ecc0171decfd55b8965de96	21ecc2febaa5480b0f2f7d3efe96323ab137d538b764116139bca49e5c7790ab	redact	2
work/T18-G1-r2/generator.log	4348	6dbb749e9a85a00d521d1b28e5295ccf4dc1a59952e88fefe9b662991919a4df	6dbb749e9a85a00d521d1b28e5295ccf4dc1a59952e88fefe9b662991919a4df	none	0
work/T18-G1-r2/io.json	21363	47263ce034c791dd5edb16f48f83c4037c61d39b31196727723ced8292ecb772	47263ce034c791dd5edb16f48f83c4037c61d39b31196727723ced8292ecb772	none	0
work/T18-G1-r2/out/blank.json	60499	905db0a0313dec4592282ac67167c3822d38e56374c335e352afd1b854d10105	905db0a0313dec4592282ac67167c3822d38e56374c335e352afd1b854d10105	none	0
work/T18-G1-r2/prompt-0.txt	139	f574f91dda2c5a6030fada50a200a5a9edff9fa307cdd629489e73cb51af700e	f574f91dda2c5a6030fada50a200a5a9edff9fa307cdd629489e73cb51af700e	none	0
work/T18-G1-r2/spec/TR-04_사양서_셀B_v1.md	50152	348d3d8394c4af4237bb45f7acb77e5de981828221b393d771c2db83641653d4	348d3d8394c4af4237bb45f7acb77e5de981828221b393d771c2db83641653d4	none	0
work/T18-G1-r2/spec/TR-04_사양서_포장셀_v1.md	32047	b4fced2cdb79c32686700230ff8619893445ae1ae3246f1769dff600731509bf	b4fced2cdb79c32686700230ff8619893445ae1ae3246f1769dff600731509bf	none	0
work/T18-G1-r2/unit.json	476	0da3d834438c8988adea454ba1a13fe764c381372096e7cc7898efdbbb61a7c5	0da3d834438c8988adea454ba1a13fe764c381372096e7cc7898efdbbb61a7c5	none	0
work/T18-G1-r3/TASK.md	3415	131235160ad77f1ef45c8e3b9e8b25a080fbea1a5e7e8a545865f87d268bef93	131235160ad77f1ef45c8e3b9e8b25a080fbea1a5e7e8a545865f87d268bef93	none	0
work/T18-G1-r3/assemble-1790839275643.json	149	4d232a8b7718a053ef84f3a9975d35754e22f310d97d5a80f2745c12c1509ee8	4d232a8b7718a053ef84f3a9975d35754e22f310d97d5a80f2745c12c1509ee8	none	0
work/T18-G1-r3/base.ldprog.json	450036	3e7c5da069b843fcaa90cc169237ce21d9ca6e941c8b0a1845086f9418938c5d	3e7c5da069b843fcaa90cc169237ce21d9ca6e941c8b0a1845086f9418938c5d	none	0
work/T18-G1-r3/compile.json	278	9961dcf780ec0b38096684d66764bd7c4a20898dce2c31d21c54e25bc1f436a5	f65f42e37b3c95a5a75fae89ec3eac968f7e7ea271defaccde95ef2eb2ca804b	redact	2
work/T18-G1-r3/generator.log	4279	b96f8f2a839a777cf24706d85ed5e027ff8ed8142ee4fcfba7eeb69cae52586e	b96f8f2a839a777cf24706d85ed5e027ff8ed8142ee4fcfba7eeb69cae52586e	none	0
work/T18-G1-r3/io.json	21363	47263ce034c791dd5edb16f48f83c4037c61d39b31196727723ced8292ecb772	47263ce034c791dd5edb16f48f83c4037c61d39b31196727723ced8292ecb772	none	0
work/T18-G1-r3/out/blank.json	60081	c0e6cf375c000b5709fbc663532239095e0af972ae1b50158f31be32f52b53f6	c0e6cf375c000b5709fbc663532239095e0af972ae1b50158f31be32f52b53f6	none	0
work/T18-G1-r3/prompt-0.txt	139	f574f91dda2c5a6030fada50a200a5a9edff9fa307cdd629489e73cb51af700e	f574f91dda2c5a6030fada50a200a5a9edff9fa307cdd629489e73cb51af700e	none	0
work/T18-G1-r3/spec/TR-04_사양서_셀B_v1.md	50152	348d3d8394c4af4237bb45f7acb77e5de981828221b393d771c2db83641653d4	348d3d8394c4af4237bb45f7acb77e5de981828221b393d771c2db83641653d4	none	0
work/T18-G1-r3/spec/TR-04_사양서_포장셀_v1.md	32047	b4fced2cdb79c32686700230ff8619893445ae1ae3246f1769dff600731509bf	b4fced2cdb79c32686700230ff8619893445ae1ae3246f1769dff600731509bf	none	0
work/T18-G1-r3/unit.json	476	8f2f8fd55bbea9e480f9695d87c5cb99ba984113e14cd8dbdd62e0074b2dc5dc	8f2f8fd55bbea9e480f9695d87c5cb99ba984113e14cd8dbdd62e0074b2dc5dc	none	0
work/T18-G2-r1/TASK.md	3415	131235160ad77f1ef45c8e3b9e8b25a080fbea1a5e7e8a545865f87d268bef93	131235160ad77f1ef45c8e3b9e8b25a080fbea1a5e7e8a545865f87d268bef93	none	0
work/T18-G2-r1/assemble-1790841394195.json	149	d084f2045ae4c611388cb7c4b189e63a78552ab56ca1acd695fbc1dcfcb17a16	d084f2045ae4c611388cb7c4b189e63a78552ab56ca1acd695fbc1dcfcb17a16	none	0
work/T18-G2-r1/base.ldprog.json	450036	3e7c5da069b843fcaa90cc169237ce21d9ca6e941c8b0a1845086f9418938c5d	3e7c5da069b843fcaa90cc169237ce21d9ca6e941c8b0a1845086f9418938c5d	none	0
work/T18-G2-r1/compile.json	278	63ac67c4638a6b0ea141ab1ed6a4c9cb7e409a2d77d59c245f2c779ce3f387ca	663a06f595e3421632719499f0c312a0d3029537bc869ffa09d389e0b5398e78	redact	2
work/T18-G2-r1/io.json	21363	47263ce034c791dd5edb16f48f83c4037c61d39b31196727723ced8292ecb772	47263ce034c791dd5edb16f48f83c4037c61d39b31196727723ced8292ecb772	none	0
work/T18-G2-r1/out/blank.json	120674	57f971cd5e640cfd77b7c7d7449d33d143c2d1c1053b2d3b132f689109c446b8	57f971cd5e640cfd77b7c7d7449d33d143c2d1c1053b2d3b132f689109c446b8	none	0
work/T18-G2-r1/prompt-0.txt	139	f574f91dda2c5a6030fada50a200a5a9edff9fa307cdd629489e73cb51af700e	f574f91dda2c5a6030fada50a200a5a9edff9fa307cdd629489e73cb51af700e	none	0
work/T18-G2-r1/spec/TR-04_사양서_셀B_v1.md	50152	348d3d8394c4af4237bb45f7acb77e5de981828221b393d771c2db83641653d4	348d3d8394c4af4237bb45f7acb77e5de981828221b393d771c2db83641653d4	none	0
work/T18-G2-r1/spec/TR-04_사양서_포장셀_v1.md	32047	b4fced2cdb79c32686700230ff8619893445ae1ae3246f1769dff600731509bf	b4fced2cdb79c32686700230ff8619893445ae1ae3246f1769dff600731509bf	none	0
work/T18-G2-r1/unit.json	476	058f160e061edf5580952c39d48d00cd151b5b533bd4659ae97c2df105de9544	058f160e061edf5580952c39d48d00cd151b5b533bd4659ae97c2df105de9544	none	0
work/T18-G2-r2/TASK.md	3415	131235160ad77f1ef45c8e3b9e8b25a080fbea1a5e7e8a545865f87d268bef93	131235160ad77f1ef45c8e3b9e8b25a080fbea1a5e7e8a545865f87d268bef93	none	0
work/T18-G2-r2/assemble-1790842974057.json	149	aecf57bafffd1bd17807c42d4adacd6154f25f44441e55c6deda77392778670f	aecf57bafffd1bd17807c42d4adacd6154f25f44441e55c6deda77392778670f	none	0
work/T18-G2-r2/base.ldprog.json	450036	3e7c5da069b843fcaa90cc169237ce21d9ca6e941c8b0a1845086f9418938c5d	3e7c5da069b843fcaa90cc169237ce21d9ca6e941c8b0a1845086f9418938c5d	none	0
work/T18-G2-r2/compile.json	278	f8026b1ebe3064c0b139090ab3a7b1a6ede16d6fe62257591786e43fa3e05d3e	00289aca052d287c8b348a32800050cfafdf51e93d72aea32cc4976205e3a4a8	redact	2
work/T18-G2-r2/io.json	21363	47263ce034c791dd5edb16f48f83c4037c61d39b31196727723ced8292ecb772	47263ce034c791dd5edb16f48f83c4037c61d39b31196727723ced8292ecb772	none	0
work/T18-G2-r2/out/blank.json	127103	9423b05e3c091b8e61b65121c945bc24db76cffed0de1edf762156287b899592	9423b05e3c091b8e61b65121c945bc24db76cffed0de1edf762156287b899592	none	0
work/T18-G2-r2/prompt-0.txt	139	f574f91dda2c5a6030fada50a200a5a9edff9fa307cdd629489e73cb51af700e	f574f91dda2c5a6030fada50a200a5a9edff9fa307cdd629489e73cb51af700e	none	0
work/T18-G2-r2/spec/TR-04_사양서_셀B_v1.md	50152	348d3d8394c4af4237bb45f7acb77e5de981828221b393d771c2db83641653d4	348d3d8394c4af4237bb45f7acb77e5de981828221b393d771c2db83641653d4	none	0
work/T18-G2-r2/spec/TR-04_사양서_포장셀_v1.md	32047	b4fced2cdb79c32686700230ff8619893445ae1ae3246f1769dff600731509bf	b4fced2cdb79c32686700230ff8619893445ae1ae3246f1769dff600731509bf	none	0
work/T18-G2-r2/unit.json	476	982efeffe5ec3b765de0fd7e7a5c0f94132a461f4c370d557056021a3edc0ca1	982efeffe5ec3b765de0fd7e7a5c0f94132a461f4c370d557056021a3edc0ca1	none	0
work/T18-G2-r3/TASK.md	3415	131235160ad77f1ef45c8e3b9e8b25a080fbea1a5e7e8a545865f87d268bef93	131235160ad77f1ef45c8e3b9e8b25a080fbea1a5e7e8a545865f87d268bef93	none	0
work/T18-G2-r3/assemble-1790844627517.json	149	7744e37c0d6258ed13122053f74fb0772066bfc14c68ca8db090c5c1eeed86c8	7744e37c0d6258ed13122053f74fb0772066bfc14c68ca8db090c5c1eeed86c8	none	0
work/T18-G2-r3/base.ldprog.json	450036	3e7c5da069b843fcaa90cc169237ce21d9ca6e941c8b0a1845086f9418938c5d	3e7c5da069b843fcaa90cc169237ce21d9ca6e941c8b0a1845086f9418938c5d	none	0
work/T18-G2-r3/compile.json	278	1bc11c5efffa3309c4e912d741a0fa8f86900ca33b2abe733388052142189160	e67c57bc308b9e1a7823c5229d2b4f8970423f9af6eda2d90379055f911e269f	redact	2
work/T18-G2-r3/io.json	21363	47263ce034c791dd5edb16f48f83c4037c61d39b31196727723ced8292ecb772	47263ce034c791dd5edb16f48f83c4037c61d39b31196727723ced8292ecb772	none	0
work/T18-G2-r3/out/blank.json	123708	255832932764bc5c8ba06091e2d9f9436e91fbeb4e64bc183162fa26023f3348	255832932764bc5c8ba06091e2d9f9436e91fbeb4e64bc183162fa26023f3348	none	0
work/T18-G2-r3/prompt-0.txt	139	f574f91dda2c5a6030fada50a200a5a9edff9fa307cdd629489e73cb51af700e	f574f91dda2c5a6030fada50a200a5a9edff9fa307cdd629489e73cb51af700e	none	0
work/T18-G2-r3/spec/TR-04_사양서_셀B_v1.md	50152	348d3d8394c4af4237bb45f7acb77e5de981828221b393d771c2db83641653d4	348d3d8394c4af4237bb45f7acb77e5de981828221b393d771c2db83641653d4	none	0
work/T18-G2-r3/spec/TR-04_사양서_포장셀_v1.md	32047	b4fced2cdb79c32686700230ff8619893445ae1ae3246f1769dff600731509bf	b4fced2cdb79c32686700230ff8619893445ae1ae3246f1769dff600731509bf	none	0
work/T18-G2-r3/unit.json	476	69e1e15b903a4e14f4e9c332834e5c67cba1dbf580e65580222edcd38ec811c9	69e1e15b903a4e14f4e9c332834e5c67cba1dbf580e65580222edcd38ec811c9	none	0
work/T18-G3-r1/TASK.md	3415	131235160ad77f1ef45c8e3b9e8b25a080fbea1a5e7e8a545865f87d268bef93	131235160ad77f1ef45c8e3b9e8b25a080fbea1a5e7e8a545865f87d268bef93	none	0
work/T18-G3-r1/assemble-1790875359294.json	126	f0e4fdee183de5047e623ccb405d9aa428db4d5a3f77e95439c268d4f4ec6ac1	8999e988a832c0baa4223b71b1703dc41eac619851bf3a0edbd2b7f103d531aa	redact	2
work/T18-G3-r1/base.ldprog.json	450036	3e7c5da069b843fcaa90cc169237ce21d9ca6e941c8b0a1845086f9418938c5d	3e7c5da069b843fcaa90cc169237ce21d9ca6e941c8b0a1845086f9418938c5d	none	0
work/T18-G3-r1/generator.log	2498	cdd1068174aaea8d21c0630a39f7918e68ef11055981051946755d44adfdd72b	0de3607ac8a3de545bb71b546fb979d832696f0c3f3e6c6ac3739ee1d0857b3a	redact	2
work/T18-G3-r1/io.json	21363	47263ce034c791dd5edb16f48f83c4037c61d39b31196727723ced8292ecb772	47263ce034c791dd5edb16f48f83c4037c61d39b31196727723ced8292ecb772	none	0
work/T18-G3-r1/prompt-0.txt	139	f574f91dda2c5a6030fada50a200a5a9edff9fa307cdd629489e73cb51af700e	f574f91dda2c5a6030fada50a200a5a9edff9fa307cdd629489e73cb51af700e	none	0
work/T18-G3-r1/spec/TR-04_사양서_셀B_v1.md	50152	348d3d8394c4af4237bb45f7acb77e5de981828221b393d771c2db83641653d4	348d3d8394c4af4237bb45f7acb77e5de981828221b393d771c2db83641653d4	none	0
work/T18-G3-r1/spec/TR-04_사양서_포장셀_v1.md	32047	b4fced2cdb79c32686700230ff8619893445ae1ae3246f1769dff600731509bf	b4fced2cdb79c32686700230ff8619893445ae1ae3246f1769dff600731509bf	none	0
work/T18-G3-r1/unit.json	502	d9f57635b7762db9c90e83014337a835964295cd6a77a6a802ddeb5e9c0e4f74	c5beec66241aba52c5bca97947c294c1fd659449560e64bc3ed7cadd873d0394	redact	2
work/T19-G1-r1/TASK.md	2594	7f59be802c5487399059fe68b35e2326a3256ead0333657f7d6baca0fc4a49fa	7f59be802c5487399059fe68b35e2326a3256ead0333657f7d6baca0fc4a49fa	none	0
work/T19-G1-r1/assemble-1790813540833.json	149	2974929d4bf14f66d0151ebf00fd10c5b228f4c5014318579ea09559304aeccb	2974929d4bf14f66d0151ebf00fd10c5b228f4c5014318579ea09559304aeccb	none	0
work/T19-G1-r1/base.ldprog.json	391176	1f7c2f3800f22e618c6028b445a6eff9df77e2360b81d4ddce04393f4ee66b94	1f7c2f3800f22e618c6028b445a6eff9df77e2360b81d4ddce04393f4ee66b94	none	0
work/T19-G1-r1/compile.json	278	4d28b2a285bb1ea4769a285f704b545169048233e006440f83510a2df8785673	2832e8f4d4950d29ce1c3ac57889b792af716c8573f546dc2a4deab734c673db	redact	2
work/T19-G1-r1/generator.log	5176	a3353f01d95694aa62948b7a6ef8a5fb3a9680ec2e19d2069c8f398ff469c83b	a3353f01d95694aa62948b7a6ef8a5fb3a9680ec2e19d2069c8f398ff469c83b	none	0
work/T19-G1-r1/io.json	21363	47263ce034c791dd5edb16f48f83c4037c61d39b31196727723ced8292ecb772	47263ce034c791dd5edb16f48f83c4037c61d39b31196727723ced8292ecb772	none	0
work/T19-G1-r1/out/blank.json	59099	f7d4a9a73719f4951aacaf97966f5139213f4949aafc0de0f87ca73a25914d69	f7d4a9a73719f4951aacaf97966f5139213f4949aafc0de0f87ca73a25914d69	none	0
work/T19-G1-r1/prompt-0.txt	139	f574f91dda2c5a6030fada50a200a5a9edff9fa307cdd629489e73cb51af700e	f574f91dda2c5a6030fada50a200a5a9edff9fa307cdd629489e73cb51af700e	none	0
work/T19-G1-r1/spec/TR-04_사양서_셀B_v1.md	50152	348d3d8394c4af4237bb45f7acb77e5de981828221b393d771c2db83641653d4	348d3d8394c4af4237bb45f7acb77e5de981828221b393d771c2db83641653d4	none	0
work/T19-G1-r1/spec/TR-04_사양서_포장셀_v1.md	32047	b4fced2cdb79c32686700230ff8619893445ae1ae3246f1769dff600731509bf	b4fced2cdb79c32686700230ff8619893445ae1ae3246f1769dff600731509bf	none	0
work/T19-G1-r1/unit.json	476	23989f16eb8b699870a5aff2697953e04ee1334583018ac9fff2fb99f4e8300b	23989f16eb8b699870a5aff2697953e04ee1334583018ac9fff2fb99f4e8300b	none	0
work/T19-G1-r2/TASK.md	2594	7f59be802c5487399059fe68b35e2326a3256ead0333657f7d6baca0fc4a49fa	7f59be802c5487399059fe68b35e2326a3256ead0333657f7d6baca0fc4a49fa	none	0
work/T19-G1-r2/assemble-1790834182130.json	149	9e88a8da4a23a8aa5774f6308be31ee422f1350cf033908d443314c7ec8106d8	9e88a8da4a23a8aa5774f6308be31ee422f1350cf033908d443314c7ec8106d8	none	0
work/T19-G1-r2/base.ldprog.json	391176	1f7c2f3800f22e618c6028b445a6eff9df77e2360b81d4ddce04393f4ee66b94	1f7c2f3800f22e618c6028b445a6eff9df77e2360b81d4ddce04393f4ee66b94	none	0
work/T19-G1-r2/compile.json	278	a34fced1d279dfbd6e5cc8c406e186289ad42813040e71240502fa0bb1e86db6	98c123a14d9406f5e39fcc96a1003776f2f32b4ff4b472e4d52bdb179470877c	redact	2
work/T19-G1-r2/generator.log	4695	c57d6bbcbb054abad07f2958651cf1c47c5c40369de873462f46fe739e6439de	c57d6bbcbb054abad07f2958651cf1c47c5c40369de873462f46fe739e6439de	none	0
work/T19-G1-r2/io.json	21363	47263ce034c791dd5edb16f48f83c4037c61d39b31196727723ced8292ecb772	47263ce034c791dd5edb16f48f83c4037c61d39b31196727723ced8292ecb772	none	0
work/T19-G1-r2/out/blank.json	69986	6e8f1ef5df6da172a2fed4ac0edff3af4f72d4b84aaf5ca14992085133362560	6e8f1ef5df6da172a2fed4ac0edff3af4f72d4b84aaf5ca14992085133362560	none	0
work/T19-G1-r2/prompt-0.txt	139	f574f91dda2c5a6030fada50a200a5a9edff9fa307cdd629489e73cb51af700e	f574f91dda2c5a6030fada50a200a5a9edff9fa307cdd629489e73cb51af700e	none	0
work/T19-G1-r2/spec/TR-04_사양서_셀B_v1.md	50152	348d3d8394c4af4237bb45f7acb77e5de981828221b393d771c2db83641653d4	348d3d8394c4af4237bb45f7acb77e5de981828221b393d771c2db83641653d4	none	0
work/T19-G1-r2/spec/TR-04_사양서_포장셀_v1.md	32047	b4fced2cdb79c32686700230ff8619893445ae1ae3246f1769dff600731509bf	b4fced2cdb79c32686700230ff8619893445ae1ae3246f1769dff600731509bf	none	0
work/T19-G1-r2/unit.json	476	7d614344188d8b37562e40cc80d0d5320c0d607ab1ca1c30e32fb4c2ed290a00	7d614344188d8b37562e40cc80d0d5320c0d607ab1ca1c30e32fb4c2ed290a00	none	0
work/T19-G1-r3/TASK.md	2594	7f59be802c5487399059fe68b35e2326a3256ead0333657f7d6baca0fc4a49fa	7f59be802c5487399059fe68b35e2326a3256ead0333657f7d6baca0fc4a49fa	none	0
work/T19-G1-r3/assemble-1790839735624.json	149	a03fa79e06f188c8bc247e984ba878dae05cc0e98e35f93cba382d0b67a82195	a03fa79e06f188c8bc247e984ba878dae05cc0e98e35f93cba382d0b67a82195	none	0
work/T19-G1-r3/base.ldprog.json	391176	1f7c2f3800f22e618c6028b445a6eff9df77e2360b81d4ddce04393f4ee66b94	1f7c2f3800f22e618c6028b445a6eff9df77e2360b81d4ddce04393f4ee66b94	none	0
work/T19-G1-r3/compile.json	379	ecab9f340d929acd92da044883a02b8a174dbd03c1d73623309db93c9d275063	cef2412975fde4c62bf46ebd4951babe68a7467ffa1c1cac24052adf49f6278b	redact	2
work/T19-G1-r3/generator.log	4694	668aa415a4cb972ec387a16dc255e2328da0c3219654108a572dd56caf230b67	668aa415a4cb972ec387a16dc255e2328da0c3219654108a572dd56caf230b67	none	0
work/T19-G1-r3/io.json	21363	47263ce034c791dd5edb16f48f83c4037c61d39b31196727723ced8292ecb772	47263ce034c791dd5edb16f48f83c4037c61d39b31196727723ced8292ecb772	none	0
work/T19-G1-r3/out/blank.json	67884	f7baa0acd9dc67d9a9c39268276c41d725a51d50a791f98aea0e4b49cf7debba	f7baa0acd9dc67d9a9c39268276c41d725a51d50a791f98aea0e4b49cf7debba	none	0
work/T19-G1-r3/prompt-0.txt	139	f574f91dda2c5a6030fada50a200a5a9edff9fa307cdd629489e73cb51af700e	f574f91dda2c5a6030fada50a200a5a9edff9fa307cdd629489e73cb51af700e	none	0
work/T19-G1-r3/spec/TR-04_사양서_셀B_v1.md	50152	348d3d8394c4af4237bb45f7acb77e5de981828221b393d771c2db83641653d4	348d3d8394c4af4237bb45f7acb77e5de981828221b393d771c2db83641653d4	none	0
work/T19-G1-r3/spec/TR-04_사양서_포장셀_v1.md	32047	b4fced2cdb79c32686700230ff8619893445ae1ae3246f1769dff600731509bf	b4fced2cdb79c32686700230ff8619893445ae1ae3246f1769dff600731509bf	none	0
work/T19-G1-r3/unit.json	476	2ba025824ce1e56ffe742146d613e8014fbcdec71b0901fb32828763e73a6971	2ba025824ce1e56ffe742146d613e8014fbcdec71b0901fb32828763e73a6971	none	0
work/T19-G2-r1/TASK.md	2594	7f59be802c5487399059fe68b35e2326a3256ead0333657f7d6baca0fc4a49fa	7f59be802c5487399059fe68b35e2326a3256ead0333657f7d6baca0fc4a49fa	none	0
work/T19-G2-r1/assemble-1790841491948.json	150	779c911e0598b77f3e90e829e4e39cb5218725cce3699b2c36b2c59e2ed31d1a	779c911e0598b77f3e90e829e4e39cb5218725cce3699b2c36b2c59e2ed31d1a	none	0
work/T19-G2-r1/base.ldprog.json	391176	1f7c2f3800f22e618c6028b445a6eff9df77e2360b81d4ddce04393f4ee66b94	1f7c2f3800f22e618c6028b445a6eff9df77e2360b81d4ddce04393f4ee66b94	none	0
work/T19-G2-r1/compile.json	278	04c93663345c1278d45c82145be5d3f2f9c01ae00dbb77db0f2ff669a5cb7b69	dbddecd75fb927f7c3febd20fdfedba02e83859e2f003b7e9030d5c1a99479db	redact	2
work/T19-G2-r1/io.json	21363	47263ce034c791dd5edb16f48f83c4037c61d39b31196727723ced8292ecb772	47263ce034c791dd5edb16f48f83c4037c61d39b31196727723ced8292ecb772	none	0
work/T19-G2-r1/out/blank.json	162912	9bb6514e14bb22a98c8a7c2c0d621114c3db0ee1115ff2156b208713eb51bb79	9bb6514e14bb22a98c8a7c2c0d621114c3db0ee1115ff2156b208713eb51bb79	none	0
work/T19-G2-r1/prompt-0.txt	139	f574f91dda2c5a6030fada50a200a5a9edff9fa307cdd629489e73cb51af700e	f574f91dda2c5a6030fada50a200a5a9edff9fa307cdd629489e73cb51af700e	none	0
work/T19-G2-r1/spec/TR-04_사양서_셀B_v1.md	50152	348d3d8394c4af4237bb45f7acb77e5de981828221b393d771c2db83641653d4	348d3d8394c4af4237bb45f7acb77e5de981828221b393d771c2db83641653d4	none	0
work/T19-G2-r1/spec/TR-04_사양서_포장셀_v1.md	32047	b4fced2cdb79c32686700230ff8619893445ae1ae3246f1769dff600731509bf	b4fced2cdb79c32686700230ff8619893445ae1ae3246f1769dff600731509bf	none	0
work/T19-G2-r1/unit.json	475	34ee56d3a838a8a4cee27b8d63d16f710c137a189c30a52d9aa2fc15c63781ba	34ee56d3a838a8a4cee27b8d63d16f710c137a189c30a52d9aa2fc15c63781ba	none	0
work/T19-G2-r2/TASK.md	2594	7f59be802c5487399059fe68b35e2326a3256ead0333657f7d6baca0fc4a49fa	7f59be802c5487399059fe68b35e2326a3256ead0333657f7d6baca0fc4a49fa	none	0
work/T19-G2-r2/assemble-1790843078972.json	150	779c911e0598b77f3e90e829e4e39cb5218725cce3699b2c36b2c59e2ed31d1a	779c911e0598b77f3e90e829e4e39cb5218725cce3699b2c36b2c59e2ed31d1a	none	0
work/T19-G2-r2/base.ldprog.json	391176	1f7c2f3800f22e618c6028b445a6eff9df77e2360b81d4ddce04393f4ee66b94	1f7c2f3800f22e618c6028b445a6eff9df77e2360b81d4ddce04393f4ee66b94	none	0
work/T19-G2-r2/compile.json	278	68c7b3eda980a401bcd8c7e0ef590cec6dabdb1845ebb2010ccbfa768262799f	08499ef355080f2710ba57b53c03005d8faa683dee81647884610bdfc65bfcbd	redact	2
work/T19-G2-r2/io.json	21363	47263ce034c791dd5edb16f48f83c4037c61d39b31196727723ced8292ecb772	47263ce034c791dd5edb16f48f83c4037c61d39b31196727723ced8292ecb772	none	0
work/T19-G2-r2/out/blank.json	169906	5fc1a3b4f424f25ce138096f8814085a0019b2f80131e0e8d834f9047cf626b9	5fc1a3b4f424f25ce138096f8814085a0019b2f80131e0e8d834f9047cf626b9	none	0
work/T19-G2-r2/prompt-0.txt	139	f574f91dda2c5a6030fada50a200a5a9edff9fa307cdd629489e73cb51af700e	f574f91dda2c5a6030fada50a200a5a9edff9fa307cdd629489e73cb51af700e	none	0
work/T19-G2-r2/spec/TR-04_사양서_셀B_v1.md	50152	348d3d8394c4af4237bb45f7acb77e5de981828221b393d771c2db83641653d4	348d3d8394c4af4237bb45f7acb77e5de981828221b393d771c2db83641653d4	none	0
work/T19-G2-r2/spec/TR-04_사양서_포장셀_v1.md	32047	b4fced2cdb79c32686700230ff8619893445ae1ae3246f1769dff600731509bf	b4fced2cdb79c32686700230ff8619893445ae1ae3246f1769dff600731509bf	none	0
work/T19-G2-r2/unit.json	476	b5ac1225f3fbc0997f0f270e4f5b9c0e9fc16ad310c3b063bb0988c08de5a674	b5ac1225f3fbc0997f0f270e4f5b9c0e9fc16ad310c3b063bb0988c08de5a674	none	0
work/T19-G2-r3/TASK.md	2594	7f59be802c5487399059fe68b35e2326a3256ead0333657f7d6baca0fc4a49fa	7f59be802c5487399059fe68b35e2326a3256ead0333657f7d6baca0fc4a49fa	none	0
work/T19-G2-r3/assemble-1790844715577.json	149	93c4addd3c220bd1fbfb59c8a4559c378379ace172ad3c5004b94535b494c2d2	93c4addd3c220bd1fbfb59c8a4559c378379ace172ad3c5004b94535b494c2d2	none	0
work/T19-G2-r3/base.ldprog.json	391176	1f7c2f3800f22e618c6028b445a6eff9df77e2360b81d4ddce04393f4ee66b94	1f7c2f3800f22e618c6028b445a6eff9df77e2360b81d4ddce04393f4ee66b94	none	0
work/T19-G2-r3/compile.json	278	ba4b8042ea2df1ea5579a67ac17ed0f707f2592fcc183a000261349e5dae412a	7291490cc0124738280eccd29533740ff14380f07193bedf622fe9e992cd871e	redact	2
work/T19-G2-r3/io.json	21363	47263ce034c791dd5edb16f48f83c4037c61d39b31196727723ced8292ecb772	47263ce034c791dd5edb16f48f83c4037c61d39b31196727723ced8292ecb772	none	0
work/T19-G2-r3/out/blank.json	151062	3987c60b42ed2361fd41d28b02caa241b1521779e88fe9bd1c9727be6d5587d7	3987c60b42ed2361fd41d28b02caa241b1521779e88fe9bd1c9727be6d5587d7	none	0
work/T19-G2-r3/prompt-0.txt	139	f574f91dda2c5a6030fada50a200a5a9edff9fa307cdd629489e73cb51af700e	f574f91dda2c5a6030fada50a200a5a9edff9fa307cdd629489e73cb51af700e	none	0
work/T19-G2-r3/spec/TR-04_사양서_셀B_v1.md	50152	348d3d8394c4af4237bb45f7acb77e5de981828221b393d771c2db83641653d4	348d3d8394c4af4237bb45f7acb77e5de981828221b393d771c2db83641653d4	none	0
work/T19-G2-r3/spec/TR-04_사양서_포장셀_v1.md	32047	b4fced2cdb79c32686700230ff8619893445ae1ae3246f1769dff600731509bf	b4fced2cdb79c32686700230ff8619893445ae1ae3246f1769dff600731509bf	none	0
work/T19-G2-r3/unit.json	475	867d898b5d38a265c9f4a0fa0e0d0584e25838125d692a2af5eb1541ba1709eb	867d898b5d38a265c9f4a0fa0e0d0584e25838125d692a2af5eb1541ba1709eb	none	0
work/T19-G3-r1/TASK.md	2594	7f59be802c5487399059fe68b35e2326a3256ead0333657f7d6baca0fc4a49fa	7f59be802c5487399059fe68b35e2326a3256ead0333657f7d6baca0fc4a49fa	none	0
work/T19-G3-r1/assemble-1790877759416.json	126	6ca136fca992a0a3b8ab924c9faf7213fe908589aa0b948d4823bb060e5bbeca	f253e1fb23841ee7c73f42ed302d1faf63b118915cc5cf186dad4df2a4a103e5	redact	2
work/T19-G3-r1/base.ldprog.json	391176	1f7c2f3800f22e618c6028b445a6eff9df77e2360b81d4ddce04393f4ee66b94	1f7c2f3800f22e618c6028b445a6eff9df77e2360b81d4ddce04393f4ee66b94	none	0
work/T19-G3-r1/generator.log	2498	cdd1068174aaea8d21c0630a39f7918e68ef11055981051946755d44adfdd72b	0de3607ac8a3de545bb71b546fb979d832696f0c3f3e6c6ac3739ee1d0857b3a	redact	2
work/T19-G3-r1/io.json	21363	47263ce034c791dd5edb16f48f83c4037c61d39b31196727723ced8292ecb772	47263ce034c791dd5edb16f48f83c4037c61d39b31196727723ced8292ecb772	none	0
work/T19-G3-r1/prompt-0.txt	139	f574f91dda2c5a6030fada50a200a5a9edff9fa307cdd629489e73cb51af700e	f574f91dda2c5a6030fada50a200a5a9edff9fa307cdd629489e73cb51af700e	none	0
work/T19-G3-r1/spec/TR-04_사양서_셀B_v1.md	50152	348d3d8394c4af4237bb45f7acb77e5de981828221b393d771c2db83641653d4	348d3d8394c4af4237bb45f7acb77e5de981828221b393d771c2db83641653d4	none	0
work/T19-G3-r1/spec/TR-04_사양서_포장셀_v1.md	32047	b4fced2cdb79c32686700230ff8619893445ae1ae3246f1769dff600731509bf	b4fced2cdb79c32686700230ff8619893445ae1ae3246f1769dff600731509bf	none	0
work/T19-G3-r1/unit.json	502	82fe0671c191a63f6b0af405e5a73e999e8d54fe1d456dff4810cff4724610da	8e04deb5bf4ecc9aac6a3de1e4bb7ea99fe932236f239f0a0a5490781bde74f8	redact	2
work/T20-G1-r1/TASK.md	2492	39cd14b87ec7436abad6de09e2d41227d5f15909c52aeee07301548ccf50017d	39cd14b87ec7436abad6de09e2d41227d5f15909c52aeee07301548ccf50017d	none	0
work/T20-G1-r1/assemble-1790827834961.json	147	cd438221bbbd8517dc7dfa8747da591b1dd6403b0fee8aed68e9e904ad420f1b	cd438221bbbd8517dc7dfa8747da591b1dd6403b0fee8aed68e9e904ad420f1b	none	0
work/T20-G1-r1/base.ldprog.json	529003	61081be465bc6da6910cad8274e4859a58f6de57f7c65d1b03b759b166de310d	61081be465bc6da6910cad8274e4859a58f6de57f7c65d1b03b759b166de310d	none	0
work/T20-G1-r1/compile.json	278	85b0392572a04ea9ab3aff573d34a521e8d6b92d7a85de405142b835532a1175	261be11033fbe194430fe253585f332914db95ca542c9bf04fc48c1fa479077c	redact	2
work/T20-G1-r1/generator.log	4532	4db3bde63a889c2c683e109057b118076611d65c9d7b04437beb941819d01af1	4db3bde63a889c2c683e109057b118076611d65c9d7b04437beb941819d01af1	none	0
work/T20-G1-r1/io.json	21363	47263ce034c791dd5edb16f48f83c4037c61d39b31196727723ced8292ecb772	47263ce034c791dd5edb16f48f83c4037c61d39b31196727723ced8292ecb772	none	0
work/T20-G1-r1/out/blank.json	15214	65a6ee07d343a267714ee60196edbcd5232b2c0f9f5cf9c36f281b910d2ea37e	65a6ee07d343a267714ee60196edbcd5232b2c0f9f5cf9c36f281b910d2ea37e	none	0
work/T20-G1-r1/prompt-0.txt	139	f574f91dda2c5a6030fada50a200a5a9edff9fa307cdd629489e73cb51af700e	f574f91dda2c5a6030fada50a200a5a9edff9fa307cdd629489e73cb51af700e	none	0
work/T20-G1-r1/spec/TR-04_사양서_셀B_v1.md	50152	348d3d8394c4af4237bb45f7acb77e5de981828221b393d771c2db83641653d4	348d3d8394c4af4237bb45f7acb77e5de981828221b393d771c2db83641653d4	none	0
work/T20-G1-r1/spec/TR-04_사양서_포장셀_v1.md	32047	b4fced2cdb79c32686700230ff8619893445ae1ae3246f1769dff600731509bf	b4fced2cdb79c32686700230ff8619893445ae1ae3246f1769dff600731509bf	none	0
work/T20-G1-r1/unit.json	476	09b593d7e976e332feed8fae4a7580b188f0612004f9a0df335fb83869d85c1c	09b593d7e976e332feed8fae4a7580b188f0612004f9a0df335fb83869d85c1c	none	0
work/T20-G1-r2/TASK.md	2492	39cd14b87ec7436abad6de09e2d41227d5f15909c52aeee07301548ccf50017d	39cd14b87ec7436abad6de09e2d41227d5f15909c52aeee07301548ccf50017d	none	0
work/T20-G1-r2/assemble-1790834344587.json	147	b6829997f2524028729a29751791f4b5956b43b395861b2a3024ff622e3849b5	b6829997f2524028729a29751791f4b5956b43b395861b2a3024ff622e3849b5	none	0
work/T20-G1-r2/base.ldprog.json	529003	61081be465bc6da6910cad8274e4859a58f6de57f7c65d1b03b759b166de310d	61081be465bc6da6910cad8274e4859a58f6de57f7c65d1b03b759b166de310d	none	0
work/T20-G1-r2/compile.json	278	fff6721bac74cec56a86a1f4960018107d8daf277b922d7f2e0ee12df7804ebf	0bea105a4f168b02ded91ba7591086952fc85aaf77e324cc090165aef0f8957a	redact	2
work/T20-G1-r2/generator.log	4334	f0f7a35a56141dab0c760ce4e22c7429c46f53a438537642d92e201172ef1f92	f0f7a35a56141dab0c760ce4e22c7429c46f53a438537642d92e201172ef1f92	none	0
work/T20-G1-r2/io.json	21363	47263ce034c791dd5edb16f48f83c4037c61d39b31196727723ced8292ecb772	47263ce034c791dd5edb16f48f83c4037c61d39b31196727723ced8292ecb772	none	0
work/T20-G1-r2/out/blank.json	17907	da02e2c68f77ca742d7d1c829b03ddf4acfd2dddafd78e9c1e25df8dfb86ae9b	da02e2c68f77ca742d7d1c829b03ddf4acfd2dddafd78e9c1e25df8dfb86ae9b	none	0
work/T20-G1-r2/prompt-0.txt	139	f574f91dda2c5a6030fada50a200a5a9edff9fa307cdd629489e73cb51af700e	f574f91dda2c5a6030fada50a200a5a9edff9fa307cdd629489e73cb51af700e	none	0
work/T20-G1-r2/spec/TR-04_사양서_셀B_v1.md	50152	348d3d8394c4af4237bb45f7acb77e5de981828221b393d771c2db83641653d4	348d3d8394c4af4237bb45f7acb77e5de981828221b393d771c2db83641653d4	none	0
work/T20-G1-r2/spec/TR-04_사양서_포장셀_v1.md	32047	b4fced2cdb79c32686700230ff8619893445ae1ae3246f1769dff600731509bf	b4fced2cdb79c32686700230ff8619893445ae1ae3246f1769dff600731509bf	none	0
work/T20-G1-r2/unit.json	476	ff9828296fa39bd56798b78289037340a979862e015f86dc76de750112e98318	ff9828296fa39bd56798b78289037340a979862e015f86dc76de750112e98318	none	0
work/T20-G1-r3/TASK.md	2492	39cd14b87ec7436abad6de09e2d41227d5f15909c52aeee07301548ccf50017d	39cd14b87ec7436abad6de09e2d41227d5f15909c52aeee07301548ccf50017d	none	0
work/T20-G1-r3/assemble-1790839875823.json	147	b6829997f2524028729a29751791f4b5956b43b395861b2a3024ff622e3849b5	b6829997f2524028729a29751791f4b5956b43b395861b2a3024ff622e3849b5	none	0
work/T20-G1-r3/base.ldprog.json	529003	61081be465bc6da6910cad8274e4859a58f6de57f7c65d1b03b759b166de310d	61081be465bc6da6910cad8274e4859a58f6de57f7c65d1b03b759b166de310d	none	0
work/T20-G1-r3/compile.json	278	30df2c437ad966b73ca2dad02535dbc5eab736500c22e741ad04ca05859b1b40	12a4d81182314b315b1aa2109d4a972c78b1764e2fca1beeffc91add9b3e5f9e	redact	2
work/T20-G1-r3/generator.log	4216	f75e679a13ebe8398eb2760de76c0dde470c43ef9953c55f6b8865897c5cffbf	f75e679a13ebe8398eb2760de76c0dde470c43ef9953c55f6b8865897c5cffbf	none	0
work/T20-G1-r3/io.json	21363	47263ce034c791dd5edb16f48f83c4037c61d39b31196727723ced8292ecb772	47263ce034c791dd5edb16f48f83c4037c61d39b31196727723ced8292ecb772	none	0
work/T20-G1-r3/out/blank.json	17741	c6713dc791611078decbb7d0aeba2d88bcaa290759d2561821fd6185c2fa8d59	c6713dc791611078decbb7d0aeba2d88bcaa290759d2561821fd6185c2fa8d59	none	0
work/T20-G1-r3/prompt-0.txt	139	f574f91dda2c5a6030fada50a200a5a9edff9fa307cdd629489e73cb51af700e	f574f91dda2c5a6030fada50a200a5a9edff9fa307cdd629489e73cb51af700e	none	0
work/T20-G1-r3/spec/TR-04_사양서_셀B_v1.md	50152	348d3d8394c4af4237bb45f7acb77e5de981828221b393d771c2db83641653d4	348d3d8394c4af4237bb45f7acb77e5de981828221b393d771c2db83641653d4	none	0
work/T20-G1-r3/spec/TR-04_사양서_포장셀_v1.md	32047	b4fced2cdb79c32686700230ff8619893445ae1ae3246f1769dff600731509bf	b4fced2cdb79c32686700230ff8619893445ae1ae3246f1769dff600731509bf	none	0
work/T20-G1-r3/unit.json	476	606255b9af4ec5449e69c16a6b83c883ee680d0b16f1ad40f322fe2f05b79ff3	606255b9af4ec5449e69c16a6b83c883ee680d0b16f1ad40f322fe2f05b79ff3	none	0
work/T20-G2-r1/TASK.md	2492	39cd14b87ec7436abad6de09e2d41227d5f15909c52aeee07301548ccf50017d	39cd14b87ec7436abad6de09e2d41227d5f15909c52aeee07301548ccf50017d	none	0
work/T20-G2-r1/assemble-1790841548436.json	147	b6829997f2524028729a29751791f4b5956b43b395861b2a3024ff622e3849b5	b6829997f2524028729a29751791f4b5956b43b395861b2a3024ff622e3849b5	none	0
work/T20-G2-r1/base.ldprog.json	529003	61081be465bc6da6910cad8274e4859a58f6de57f7c65d1b03b759b166de310d	61081be465bc6da6910cad8274e4859a58f6de57f7c65d1b03b759b166de310d	none	0
work/T20-G2-r1/compile.json	278	35c0e9e5a748a080984d077783b1c7cf3b9fc4bb6d7bec7bf533060142c45d1e	9bc0be7695de24a93c88519733bd7b41b3d72783f6c931b20850db4553af92cc	redact	2
work/T20-G2-r1/io.json	21363	47263ce034c791dd5edb16f48f83c4037c61d39b31196727723ced8292ecb772	47263ce034c791dd5edb16f48f83c4037c61d39b31196727723ced8292ecb772	none	0
work/T20-G2-r1/out/blank.json	31598	5a4a3e7208f3da69d8057cef91d62d8e5eb9afdd17c72e1b3d62fde6409517e2	5a4a3e7208f3da69d8057cef91d62d8e5eb9afdd17c72e1b3d62fde6409517e2	none	0
work/T20-G2-r1/prompt-0.txt	139	f574f91dda2c5a6030fada50a200a5a9edff9fa307cdd629489e73cb51af700e	f574f91dda2c5a6030fada50a200a5a9edff9fa307cdd629489e73cb51af700e	none	0
work/T20-G2-r1/spec/TR-04_사양서_셀B_v1.md	50152	348d3d8394c4af4237bb45f7acb77e5de981828221b393d771c2db83641653d4	348d3d8394c4af4237bb45f7acb77e5de981828221b393d771c2db83641653d4	none	0
work/T20-G2-r1/spec/TR-04_사양서_포장셀_v1.md	32047	b4fced2cdb79c32686700230ff8619893445ae1ae3246f1769dff600731509bf	b4fced2cdb79c32686700230ff8619893445ae1ae3246f1769dff600731509bf	none	0
work/T20-G2-r1/unit.json	475	4f77f8e539840944428685abadc84055228bab64f3e1fe24820e9f7361382ba5	4f77f8e539840944428685abadc84055228bab64f3e1fe24820e9f7361382ba5	none	0
work/T20-G2-r2/TASK.md	2492	39cd14b87ec7436abad6de09e2d41227d5f15909c52aeee07301548ccf50017d	39cd14b87ec7436abad6de09e2d41227d5f15909c52aeee07301548ccf50017d	none	0
work/T20-G2-r2/assemble-1790843134809.json	147	b6829997f2524028729a29751791f4b5956b43b395861b2a3024ff622e3849b5	b6829997f2524028729a29751791f4b5956b43b395861b2a3024ff622e3849b5	none	0
work/T20-G2-r2/base.ldprog.json	529003	61081be465bc6da6910cad8274e4859a58f6de57f7c65d1b03b759b166de310d	61081be465bc6da6910cad8274e4859a58f6de57f7c65d1b03b759b166de310d	none	0
work/T20-G2-r2/compile.json	278	ef72842c1c6cbccb7dfa07da89015fa7fe3aa2349b45bab463943fb6b5e7ff2b	7db118be5b26284b3210ca1c1426a1d30aaedcaa567b197660845ce81a412ae3	redact	2
work/T20-G2-r2/io.json	21363	47263ce034c791dd5edb16f48f83c4037c61d39b31196727723ced8292ecb772	47263ce034c791dd5edb16f48f83c4037c61d39b31196727723ced8292ecb772	none	0
work/T20-G2-r2/out/blank.json	32380	95b1a81e9825c4e35ab4129735684937047b4fdf0aa6657ec8a88e98afdb50fd	95b1a81e9825c4e35ab4129735684937047b4fdf0aa6657ec8a88e98afdb50fd	none	0
work/T20-G2-r2/prompt-0.txt	139	f574f91dda2c5a6030fada50a200a5a9edff9fa307cdd629489e73cb51af700e	f574f91dda2c5a6030fada50a200a5a9edff9fa307cdd629489e73cb51af700e	none	0
work/T20-G2-r2/spec/TR-04_사양서_셀B_v1.md	50152	348d3d8394c4af4237bb45f7acb77e5de981828221b393d771c2db83641653d4	348d3d8394c4af4237bb45f7acb77e5de981828221b393d771c2db83641653d4	none	0
work/T20-G2-r2/spec/TR-04_사양서_포장셀_v1.md	32047	b4fced2cdb79c32686700230ff8619893445ae1ae3246f1769dff600731509bf	b4fced2cdb79c32686700230ff8619893445ae1ae3246f1769dff600731509bf	none	0
work/T20-G2-r2/unit.json	475	f7f0bf746197bb4d5da2b3b324c5af4bed37c497444d9ee33b59f713c3bd8a14	f7f0bf746197bb4d5da2b3b324c5af4bed37c497444d9ee33b59f713c3bd8a14	none	0
work/T20-G2-r3/TASK.md	2492	39cd14b87ec7436abad6de09e2d41227d5f15909c52aeee07301548ccf50017d	39cd14b87ec7436abad6de09e2d41227d5f15909c52aeee07301548ccf50017d	none	0
work/T20-G2-r3/assemble-1790844774762.json	147	b6829997f2524028729a29751791f4b5956b43b395861b2a3024ff622e3849b5	b6829997f2524028729a29751791f4b5956b43b395861b2a3024ff622e3849b5	none	0
work/T20-G2-r3/base.ldprog.json	529003	61081be465bc6da6910cad8274e4859a58f6de57f7c65d1b03b759b166de310d	61081be465bc6da6910cad8274e4859a58f6de57f7c65d1b03b759b166de310d	none	0
work/T20-G2-r3/compile.json	278	621f84afc0fc0774f9da5622e3efc6811e6ad3c1a8ac77ab52e1c8bcbecf5764	37f500fbe369ad0d5bdf2f938668e3e45de9e046bd9e81265fd60c8ccc66aa44	redact	2
work/T20-G2-r3/io.json	21363	47263ce034c791dd5edb16f48f83c4037c61d39b31196727723ced8292ecb772	47263ce034c791dd5edb16f48f83c4037c61d39b31196727723ced8292ecb772	none	0
work/T20-G2-r3/out/blank.json	32826	9fc82cc90111d7fa8c1445556e9e1986b148bb36083a613e03d740a87026b27e	9fc82cc90111d7fa8c1445556e9e1986b148bb36083a613e03d740a87026b27e	none	0
work/T20-G2-r3/prompt-0.txt	139	f574f91dda2c5a6030fada50a200a5a9edff9fa307cdd629489e73cb51af700e	f574f91dda2c5a6030fada50a200a5a9edff9fa307cdd629489e73cb51af700e	none	0
work/T20-G2-r3/spec/TR-04_사양서_셀B_v1.md	50152	348d3d8394c4af4237bb45f7acb77e5de981828221b393d771c2db83641653d4	348d3d8394c4af4237bb45f7acb77e5de981828221b393d771c2db83641653d4	none	0
work/T20-G2-r3/spec/TR-04_사양서_포장셀_v1.md	32047	b4fced2cdb79c32686700230ff8619893445ae1ae3246f1769dff600731509bf	b4fced2cdb79c32686700230ff8619893445ae1ae3246f1769dff600731509bf	none	0
work/T20-G2-r3/unit.json	475	f934c01912f13fc0fa67718619d75e72445a6f386827700b6aae219b5d9823f8	f934c01912f13fc0fa67718619d75e72445a6f386827700b6aae219b5d9823f8	none	0
work/T20-G3-r1/TASK.md	2492	39cd14b87ec7436abad6de09e2d41227d5f15909c52aeee07301548ccf50017d	39cd14b87ec7436abad6de09e2d41227d5f15909c52aeee07301548ccf50017d	none	0
work/T20-G3-r1/assemble-1790880159536.json	126	982169b59bb1a214cc8780852e32e3f0711572c171d0c80e68c036668c8f3b1f	413b71f2ef1aa883b15260ed9be71c8a910523b8475a42d982f36287e2667820	redact	2
work/T20-G3-r1/base.ldprog.json	529003	61081be465bc6da6910cad8274e4859a58f6de57f7c65d1b03b759b166de310d	61081be465bc6da6910cad8274e4859a58f6de57f7c65d1b03b759b166de310d	none	0
work/T20-G3-r1/generator.log	2498	cdd1068174aaea8d21c0630a39f7918e68ef11055981051946755d44adfdd72b	0de3607ac8a3de545bb71b546fb979d832696f0c3f3e6c6ac3739ee1d0857b3a	redact	2
work/T20-G3-r1/io.json	21363	47263ce034c791dd5edb16f48f83c4037c61d39b31196727723ced8292ecb772	47263ce034c791dd5edb16f48f83c4037c61d39b31196727723ced8292ecb772	none	0
work/T20-G3-r1/prompt-0.txt	139	f574f91dda2c5a6030fada50a200a5a9edff9fa307cdd629489e73cb51af700e	f574f91dda2c5a6030fada50a200a5a9edff9fa307cdd629489e73cb51af700e	none	0
work/T20-G3-r1/spec/TR-04_사양서_셀B_v1.md	50152	348d3d8394c4af4237bb45f7acb77e5de981828221b393d771c2db83641653d4	348d3d8394c4af4237bb45f7acb77e5de981828221b393d771c2db83641653d4	none	0
work/T20-G3-r1/spec/TR-04_사양서_포장셀_v1.md	32047	b4fced2cdb79c32686700230ff8619893445ae1ae3246f1769dff600731509bf	b4fced2cdb79c32686700230ff8619893445ae1ae3246f1769dff600731509bf	none	0
work/T20-G3-r1/unit.json	502	690d6391a0efddebf290053bf7baac18337b6e1ea1ddb6586fa23dda4eb27da4	9b3722e5343eef369016118f7244946d20d8a430b80e3f28e8cdd3a87c7880c3	redact	2
work/T21-G1-r1/TASK.md	1708	0feeab165dde46bc22888c4ca2ba00ea5b221fffd6c10183994ba2a59645a393	0feeab165dde46bc22888c4ca2ba00ea5b221fffd6c10183994ba2a59645a393	none	0
work/T21-G1-r1/assemble-1790827902582.json	147	7e37f5e4a4c661b35c116a133ceb02ba69d264195c8806ac72c01313f8206433	7e37f5e4a4c661b35c116a133ceb02ba69d264195c8806ac72c01313f8206433	none	0
work/T21-G1-r1/base.ldprog.json	547351	2b5b3c6b8c745b3d876a1725e8e56e7c15d9a1f87fac40f720f14d3445c67393	2b5b3c6b8c745b3d876a1725e8e56e7c15d9a1f87fac40f720f14d3445c67393	none	0
work/T21-G1-r1/compile.json	278	3f6b6dd4049073f1d2131f2f9e0b829e76c40b051ed07c3b33ecbdf2cb61ea55	5528a0c40312972ddc14b39117d83f121084b173413863bbe81b5355a9fc978f	redact	2
work/T21-G1-r1/generator.log	3362	023561ca2401c8d4e952324004cb0a4d00f919f0dcf77f3a55ba13525b3ba786	023561ca2401c8d4e952324004cb0a4d00f919f0dcf77f3a55ba13525b3ba786	none	0
work/T21-G1-r1/io.json	21363	47263ce034c791dd5edb16f48f83c4037c61d39b31196727723ced8292ecb772	47263ce034c791dd5edb16f48f83c4037c61d39b31196727723ced8292ecb772	none	0
work/T21-G1-r1/out/blank.json	5536	60dcce79060df00a940f4f6218e8f422e71c7e03f212b564af51773df9eac848	60dcce79060df00a940f4f6218e8f422e71c7e03f212b564af51773df9eac848	none	0
work/T21-G1-r1/prompt-0.txt	139	f574f91dda2c5a6030fada50a200a5a9edff9fa307cdd629489e73cb51af700e	f574f91dda2c5a6030fada50a200a5a9edff9fa307cdd629489e73cb51af700e	none	0
work/T21-G1-r1/spec/TR-04_사양서_셀B_v1.md	50152	348d3d8394c4af4237bb45f7acb77e5de981828221b393d771c2db83641653d4	348d3d8394c4af4237bb45f7acb77e5de981828221b393d771c2db83641653d4	none	0
work/T21-G1-r1/spec/TR-04_사양서_포장셀_v1.md	32047	b4fced2cdb79c32686700230ff8619893445ae1ae3246f1769dff600731509bf	b4fced2cdb79c32686700230ff8619893445ae1ae3246f1769dff600731509bf	none	0
work/T21-G1-r1/unit.json	475	ca097a69beaf7d59cb554575af3bb4738804ea4e49f424ae9ade3fa0287062fd	ca097a69beaf7d59cb554575af3bb4738804ea4e49f424ae9ade3fa0287062fd	none	0
work/T21-G1-r2/TASK.md	1708	0feeab165dde46bc22888c4ca2ba00ea5b221fffd6c10183994ba2a59645a393	0feeab165dde46bc22888c4ca2ba00ea5b221fffd6c10183994ba2a59645a393	none	0
work/T21-G1-r2/assemble-1790834405788.json	147	07ecd771adca7eb8585b1cb32a6dcc08c6c1d1a9063adf184bac38d58adb19af	07ecd771adca7eb8585b1cb32a6dcc08c6c1d1a9063adf184bac38d58adb19af	none	0
work/T21-G1-r2/base.ldprog.json	547351	2b5b3c6b8c745b3d876a1725e8e56e7c15d9a1f87fac40f720f14d3445c67393	2b5b3c6b8c745b3d876a1725e8e56e7c15d9a1f87fac40f720f14d3445c67393	none	0
work/T21-G1-r2/compile.json	278	e5ea41ac86548a2c59a02b20273350859ddf968d0b3870a0514ef9fd94842ca2	a1c66f86e2e08485e5de861fa18a1a21b33eb078173a4c427128bb77bfd920df	redact	2
work/T21-G1-r2/generator.log	3527	44d6b4b08a0449652a583f2335195f1c5b2db642e962299d6a444617d7299c42	44d6b4b08a0449652a583f2335195f1c5b2db642e962299d6a444617d7299c42	none	0
work/T21-G1-r2/io.json	21363	47263ce034c791dd5edb16f48f83c4037c61d39b31196727723ced8292ecb772	47263ce034c791dd5edb16f48f83c4037c61d39b31196727723ced8292ecb772	none	0
work/T21-G1-r2/out/blank.json	5121	c38a50157afae36a4a3ef59f3d0a42c36286f9eec2cb00f5bc39dbc8139d013f	c38a50157afae36a4a3ef59f3d0a42c36286f9eec2cb00f5bc39dbc8139d013f	none	0
work/T21-G1-r2/prompt-0.txt	139	f574f91dda2c5a6030fada50a200a5a9edff9fa307cdd629489e73cb51af700e	f574f91dda2c5a6030fada50a200a5a9edff9fa307cdd629489e73cb51af700e	none	0
work/T21-G1-r2/spec/TR-04_사양서_셀B_v1.md	50152	348d3d8394c4af4237bb45f7acb77e5de981828221b393d771c2db83641653d4	348d3d8394c4af4237bb45f7acb77e5de981828221b393d771c2db83641653d4	none	0
work/T21-G1-r2/spec/TR-04_사양서_포장셀_v1.md	32047	b4fced2cdb79c32686700230ff8619893445ae1ae3246f1769dff600731509bf	b4fced2cdb79c32686700230ff8619893445ae1ae3246f1769dff600731509bf	none	0
work/T21-G1-r2/unit.json	475	2cb7d7ecf5cf3e8e9c69354d67abd4383bdbd1616a18de58f7515c052e14f3fb	2cb7d7ecf5cf3e8e9c69354d67abd4383bdbd1616a18de58f7515c052e14f3fb	none	0
work/T21-G1-r3/TASK.md	1708	0feeab165dde46bc22888c4ca2ba00ea5b221fffd6c10183994ba2a59645a393	0feeab165dde46bc22888c4ca2ba00ea5b221fffd6c10183994ba2a59645a393	none	0
work/T21-G1-r3/assemble-1790839934072.json	147	7e37f5e4a4c661b35c116a133ceb02ba69d264195c8806ac72c01313f8206433	7e37f5e4a4c661b35c116a133ceb02ba69d264195c8806ac72c01313f8206433	none	0
work/T21-G1-r3/base.ldprog.json	547351	2b5b3c6b8c745b3d876a1725e8e56e7c15d9a1f87fac40f720f14d3445c67393	2b5b3c6b8c745b3d876a1725e8e56e7c15d9a1f87fac40f720f14d3445c67393	none	0
work/T21-G1-r3/compile.json	278	336e558462d9ccedf59904b805765d52a320bf8cf94eb049dcc2cd6c7ce2f0ab	8cebde018b2636a123ae789ccc026aaa5e522aa80c294f4e4e65647e33a8717a	redact	2
work/T21-G1-r3/generator.log	3790	b5cec9f1ba7b6f3b9da2482d3bbb8a800b3d9d5c66b2d967b0f3cfcdba7f3415	b5cec9f1ba7b6f3b9da2482d3bbb8a800b3d9d5c66b2d967b0f3cfcdba7f3415	none	0
work/T21-G1-r3/io.json	21363	47263ce034c791dd5edb16f48f83c4037c61d39b31196727723ced8292ecb772	47263ce034c791dd5edb16f48f83c4037c61d39b31196727723ced8292ecb772	none	0
work/T21-G1-r3/out/blank.json	5392	785678dc6b7f921a99b869e6f81430c4cdd998c91c226f78658db8bc8a9dbbd5	785678dc6b7f921a99b869e6f81430c4cdd998c91c226f78658db8bc8a9dbbd5	none	0
work/T21-G1-r3/prompt-0.txt	139	f574f91dda2c5a6030fada50a200a5a9edff9fa307cdd629489e73cb51af700e	f574f91dda2c5a6030fada50a200a5a9edff9fa307cdd629489e73cb51af700e	none	0
work/T21-G1-r3/spec/TR-04_사양서_셀B_v1.md	50152	348d3d8394c4af4237bb45f7acb77e5de981828221b393d771c2db83641653d4	348d3d8394c4af4237bb45f7acb77e5de981828221b393d771c2db83641653d4	none	0
work/T21-G1-r3/spec/TR-04_사양서_포장셀_v1.md	32047	b4fced2cdb79c32686700230ff8619893445ae1ae3246f1769dff600731509bf	b4fced2cdb79c32686700230ff8619893445ae1ae3246f1769dff600731509bf	none	0
work/T21-G1-r3/unit.json	475	83f532a2dffabd8505cf0a7b6c96b9cfa9a469fde4324625b5c7a13b3c6cd5a1	83f532a2dffabd8505cf0a7b6c96b9cfa9a469fde4324625b5c7a13b3c6cd5a1	none	0
work/T21-G2-r1/TASK.md	1708	0feeab165dde46bc22888c4ca2ba00ea5b221fffd6c10183994ba2a59645a393	0feeab165dde46bc22888c4ca2ba00ea5b221fffd6c10183994ba2a59645a393	none	0
work/T21-G2-r1/assemble-1790841584561.json	147	7e37f5e4a4c661b35c116a133ceb02ba69d264195c8806ac72c01313f8206433	7e37f5e4a4c661b35c116a133ceb02ba69d264195c8806ac72c01313f8206433	none	0
work/T21-G2-r1/base.ldprog.json	547351	2b5b3c6b8c745b3d876a1725e8e56e7c15d9a1f87fac40f720f14d3445c67393	2b5b3c6b8c745b3d876a1725e8e56e7c15d9a1f87fac40f720f14d3445c67393	none	0
work/T21-G2-r1/compile.json	278	4955d3b51b126d0177cb880803c10cc501e8824014329a0df010c7c864168ffb	c5c3f87bba285fdc38c250a95e186cf9cddbc795ea62c49182b01013802c3fd1	redact	2
work/T21-G2-r1/io.json	21363	47263ce034c791dd5edb16f48f83c4037c61d39b31196727723ced8292ecb772	47263ce034c791dd5edb16f48f83c4037c61d39b31196727723ced8292ecb772	none	0
work/T21-G2-r1/out/blank.json	6967	ae0dd06cf93daa83de14de8edf19ab9a57bb7ea5fe6fc630539890567941dd89	ae0dd06cf93daa83de14de8edf19ab9a57bb7ea5fe6fc630539890567941dd89	none	0
work/T21-G2-r1/prompt-0.txt	139	f574f91dda2c5a6030fada50a200a5a9edff9fa307cdd629489e73cb51af700e	f574f91dda2c5a6030fada50a200a5a9edff9fa307cdd629489e73cb51af700e	none	0
work/T21-G2-r1/spec/TR-04_사양서_셀B_v1.md	50152	348d3d8394c4af4237bb45f7acb77e5de981828221b393d771c2db83641653d4	348d3d8394c4af4237bb45f7acb77e5de981828221b393d771c2db83641653d4	none	0
work/T21-G2-r1/spec/TR-04_사양서_포장셀_v1.md	32047	b4fced2cdb79c32686700230ff8619893445ae1ae3246f1769dff600731509bf	b4fced2cdb79c32686700230ff8619893445ae1ae3246f1769dff600731509bf	none	0
work/T21-G2-r1/unit.json	475	1a5ef8b5014cd4eef321e4a8e566cf6868d40dd9d1deb75aed0832c305c1b4c0	1a5ef8b5014cd4eef321e4a8e566cf6868d40dd9d1deb75aed0832c305c1b4c0	none	0
work/T21-G2-r2/TASK.md	1708	0feeab165dde46bc22888c4ca2ba00ea5b221fffd6c10183994ba2a59645a393	0feeab165dde46bc22888c4ca2ba00ea5b221fffd6c10183994ba2a59645a393	none	0
work/T21-G2-r2/assemble-1790843177263.json	147	7e37f5e4a4c661b35c116a133ceb02ba69d264195c8806ac72c01313f8206433	7e37f5e4a4c661b35c116a133ceb02ba69d264195c8806ac72c01313f8206433	none	0
work/T21-G2-r2/base.ldprog.json	547351	2b5b3c6b8c745b3d876a1725e8e56e7c15d9a1f87fac40f720f14d3445c67393	2b5b3c6b8c745b3d876a1725e8e56e7c15d9a1f87fac40f720f14d3445c67393	none	0
work/T21-G2-r2/compile.json	278	fd9a76e1e3a5fdd9167e071c2277fc762be1c4bb97a1c047b08ec1067e45bc74	abb9457c87fe3a00045ab4968bdcc73393af2962dd9964ba441fdef7d7aae6f5	redact	2
work/T21-G2-r2/io.json	21363	47263ce034c791dd5edb16f48f83c4037c61d39b31196727723ced8292ecb772	47263ce034c791dd5edb16f48f83c4037c61d39b31196727723ced8292ecb772	none	0
work/T21-G2-r2/out/blank.json	6662	008d28a7db9692afd54e38b09e8a4f42a2a2b30d3019ae7526a6f7308e69aa2f	008d28a7db9692afd54e38b09e8a4f42a2a2b30d3019ae7526a6f7308e69aa2f	none	0
work/T21-G2-r2/prompt-0.txt	139	f574f91dda2c5a6030fada50a200a5a9edff9fa307cdd629489e73cb51af700e	f574f91dda2c5a6030fada50a200a5a9edff9fa307cdd629489e73cb51af700e	none	0
work/T21-G2-r2/spec/TR-04_사양서_셀B_v1.md	50152	348d3d8394c4af4237bb45f7acb77e5de981828221b393d771c2db83641653d4	348d3d8394c4af4237bb45f7acb77e5de981828221b393d771c2db83641653d4	none	0
work/T21-G2-r2/spec/TR-04_사양서_포장셀_v1.md	32047	b4fced2cdb79c32686700230ff8619893445ae1ae3246f1769dff600731509bf	b4fced2cdb79c32686700230ff8619893445ae1ae3246f1769dff600731509bf	none	0
work/T21-G2-r2/unit.json	475	5c10f087d991cab07dcf6458b161d2ca38c1a648fd106fcdc9d4139cd2268466	5c10f087d991cab07dcf6458b161d2ca38c1a648fd106fcdc9d4139cd2268466	none	0
work/T21-G2-r3/TASK.md	1708	0feeab165dde46bc22888c4ca2ba00ea5b221fffd6c10183994ba2a59645a393	0feeab165dde46bc22888c4ca2ba00ea5b221fffd6c10183994ba2a59645a393	none	0
work/T21-G2-r3/assemble-1790844822907.json	147	7e37f5e4a4c661b35c116a133ceb02ba69d264195c8806ac72c01313f8206433	7e37f5e4a4c661b35c116a133ceb02ba69d264195c8806ac72c01313f8206433	none	0
work/T21-G2-r3/base.ldprog.json	547351	2b5b3c6b8c745b3d876a1725e8e56e7c15d9a1f87fac40f720f14d3445c67393	2b5b3c6b8c745b3d876a1725e8e56e7c15d9a1f87fac40f720f14d3445c67393	none	0
work/T21-G2-r3/compile.json	278	b0296918a9913c7e22799beedd3c1433ee977e6f13c026cfbb1dcf8478fcfa51	f4c7f2f999210a904404f1ae38b69ad651341536e936f7dbbe94517bad8a6f0d	redact	2
work/T21-G2-r3/io.json	21363	47263ce034c791dd5edb16f48f83c4037c61d39b31196727723ced8292ecb772	47263ce034c791dd5edb16f48f83c4037c61d39b31196727723ced8292ecb772	none	0
work/T21-G2-r3/out/blank.json	7019	ef7b2185b63760cd6549b9ce8ba8d29a482c818c267c059b7274f5a8b251282b	ef7b2185b63760cd6549b9ce8ba8d29a482c818c267c059b7274f5a8b251282b	none	0
work/T21-G2-r3/prompt-0.txt	139	f574f91dda2c5a6030fada50a200a5a9edff9fa307cdd629489e73cb51af700e	f574f91dda2c5a6030fada50a200a5a9edff9fa307cdd629489e73cb51af700e	none	0
work/T21-G2-r3/spec/TR-04_사양서_셀B_v1.md	50152	348d3d8394c4af4237bb45f7acb77e5de981828221b393d771c2db83641653d4	348d3d8394c4af4237bb45f7acb77e5de981828221b393d771c2db83641653d4	none	0
work/T21-G2-r3/spec/TR-04_사양서_포장셀_v1.md	32047	b4fced2cdb79c32686700230ff8619893445ae1ae3246f1769dff600731509bf	b4fced2cdb79c32686700230ff8619893445ae1ae3246f1769dff600731509bf	none	0
work/T21-G2-r3/unit.json	475	b774d2b0f28f2bf05acfa6d18438d8d40acdedd344c5547c692648c27b37a8ed	b774d2b0f28f2bf05acfa6d18438d8d40acdedd344c5547c692648c27b37a8ed	none	0
work/T21-G3-r1/TASK.md	1708	0feeab165dde46bc22888c4ca2ba00ea5b221fffd6c10183994ba2a59645a393	0feeab165dde46bc22888c4ca2ba00ea5b221fffd6c10183994ba2a59645a393	none	0
work/T21-G3-r1/assemble-1790882559649.json	126	f44a6d285822663d3385fb52777bcdea5d61211717386ce64d163a186fb30cfa	608411df0d0005011f480db42a7f0f3b64903025dc64e8469db81473d5f85b2f	redact	2
work/T21-G3-r1/base.ldprog.json	547351	2b5b3c6b8c745b3d876a1725e8e56e7c15d9a1f87fac40f720f14d3445c67393	2b5b3c6b8c745b3d876a1725e8e56e7c15d9a1f87fac40f720f14d3445c67393	none	0
work/T21-G3-r1/generator.log	2498	cdd1068174aaea8d21c0630a39f7918e68ef11055981051946755d44adfdd72b	0de3607ac8a3de545bb71b546fb979d832696f0c3f3e6c6ac3739ee1d0857b3a	redact	2
work/T21-G3-r1/io.json	21363	47263ce034c791dd5edb16f48f83c4037c61d39b31196727723ced8292ecb772	47263ce034c791dd5edb16f48f83c4037c61d39b31196727723ced8292ecb772	none	0
work/T21-G3-r1/prompt-0.txt	139	f574f91dda2c5a6030fada50a200a5a9edff9fa307cdd629489e73cb51af700e	f574f91dda2c5a6030fada50a200a5a9edff9fa307cdd629489e73cb51af700e	none	0
work/T21-G3-r1/spec/TR-04_사양서_셀B_v1.md	50152	348d3d8394c4af4237bb45f7acb77e5de981828221b393d771c2db83641653d4	348d3d8394c4af4237bb45f7acb77e5de981828221b393d771c2db83641653d4	none	0
work/T21-G3-r1/spec/TR-04_사양서_포장셀_v1.md	32047	b4fced2cdb79c32686700230ff8619893445ae1ae3246f1769dff600731509bf	b4fced2cdb79c32686700230ff8619893445ae1ae3246f1769dff600731509bf	none	0
work/T21-G3-r1/unit.json	502	09fca47cbb231bff710f052dc6510dd53e85620296f7f37ad876f40806ec3562	e8fe2a36325da5836d0a6fbeb2cc07165e85a0c6301be7113d883b7407ae22d3	redact	2
