path	bytes_public	sha256_public	sha256_original	transform	replaced_prefixes
tr04-official-1/BASE-cell-b/force.json	2214	b4210ce4d36c5f8f9b1916d8e39c382ba3e3bc29615ce1406231dc468fc4ec21	d4a88712fc0456bd3178e0e8b20a33349224cf6642db36b06bb0d85cfb3d1f9d	redact	1
tr04-official-1/BASE-cell-b/s3-curtain-seed1/io_verdict.json	442	0d6016793d1093d7cc3322114b100f8661cdb354b1029bf0169ef2df01d2bed5	0d6016793d1093d7cc3322114b100f8661cdb354b1029bf0169ef2df01d2bed5	none	0
tr04-official-1/BASE-cell-b/s3-curtain-seed1/metadata.json	5307	8ce29bea6dccaffb53c3e23873f45340e4be42ee939696f4eb1e6350468967f8	444ba06e349e4b4d3e64e38b2919eeda41969cf2ce6ebe0377e6d4e3c8697150	redact	10
tr04-official-1/BASE-cell-b/s3-curtain-seed1/plc-stderr.log	0	e3b0c44298fc1c149afbf4c8996fb92427ae41e4649b934ca495991b7852b855	e3b0c44298fc1c149afbf4c8996fb92427ae41e4649b934ca495991b7852b855	none	0
tr04-official-1/BASE-cell-b/s3-curtain-seed1/processes.json	133	2d682689e80bda8c5620f25653426df526d1fbc1117dd5af83750c779d3b7848	2d682689e80bda8c5620f25653426df526d1fbc1117dd5af83750c779d3b7848	none	0
tr04-official-1/BASE-cell-b/s3-curtain-seed1/reference-10ms-differences.json	3	37517e5f3dc66819f61f5a7bb8ace1921282415f10551d2defa5c3eb0985b570	37517e5f3dc66819f61f5a7bb8ace1921282415f10551d2defa5c3eb0985b570	none	0
tr04-official-1/BASE-cell-b/s3-curtain-seed1/static.json	12189	4fff4f024a6a8e7ff8d6cac23a689480b4426dc042fe868452dd041be83b64c3	4fff4f024a6a8e7ff8d6cac23a689480b4426dc042fe868452dd041be83b64c3	none	0
tr04-official-1/BASE-cell-b/s3-curtain-seed1/summary.json	4067	c47073618825a11374dc580acba42475db5cdabb9ab6d86a18f0b4ceb4a04d6a	713f9f8abd664b233558cf2627554802dad5d650336385ba16730003fdc5ce8a	drop_tick_hashes	0
tr04-official-1/BASE-cell-b/s3-curtain-seed1/vision-stderr.log	26	f6259e2742222db4cedc0f46e1f9d79c113803494192992ee22d2e0ff6d9cc6e	f6259e2742222db4cedc0f46e1f9d79c113803494192992ee22d2e0ff6d9cc6e	none	0
tr04-official-1/BASE-cell-b/s3-normal-seed1/io_verdict.json	383	5764c90719e5a826eba5810eea1a7ffe0fd700369ade52d68ab4498083a4b600	5764c90719e5a826eba5810eea1a7ffe0fd700369ade52d68ab4498083a4b600	none	0
tr04-official-1/BASE-cell-b/s3-normal-seed1/metadata.json	5306	c6cec100bf71c3e103934810b7deee333c953756bd963a42fbf8c3023b9acdbd	86403927aa327c0968e2c614d106a090c55b8d9aa994b3a8a3d74408f923eec1	redact	10
tr04-official-1/BASE-cell-b/s3-normal-seed1/plc-stderr.log	0	e3b0c44298fc1c149afbf4c8996fb92427ae41e4649b934ca495991b7852b855	e3b0c44298fc1c149afbf4c8996fb92427ae41e4649b934ca495991b7852b855	none	0
tr04-official-1/BASE-cell-b/s3-normal-seed1/processes.json	133	2d682689e80bda8c5620f25653426df526d1fbc1117dd5af83750c779d3b7848	2d682689e80bda8c5620f25653426df526d1fbc1117dd5af83750c779d3b7848	none	0
tr04-official-1/BASE-cell-b/s3-normal-seed1/reference-10ms-differences.json	3	37517e5f3dc66819f61f5a7bb8ace1921282415f10551d2defa5c3eb0985b570	37517e5f3dc66819f61f5a7bb8ace1921282415f10551d2defa5c3eb0985b570	none	0
tr04-official-1/BASE-cell-b/s3-normal-seed1/static.json	12189	4fff4f024a6a8e7ff8d6cac23a689480b4426dc042fe868452dd041be83b64c3	4fff4f024a6a8e7ff8d6cac23a689480b4426dc042fe868452dd041be83b64c3	none	0
tr04-official-1/BASE-cell-b/s3-normal-seed1/summary.json	4186	790301a4b0ad2287acf7861ebb6635dda2a0c66d0f02da6b2484796d711c77b2	d67cc7d5705324eb56135a5a03c7f71608647d284d1b8c345ae5df3f53443b43	drop_tick_hashes	0
tr04-official-1/BASE-cell-b/s3-normal-seed1/vision-stderr.log	26	f6259e2742222db4cedc0f46e1f9d79c113803494192992ee22d2e0ff6d9cc6e	f6259e2742222db4cedc0f46e1f9d79c113803494192992ee22d2e0ff6d9cc6e	none	0
tr04-official-1/BASE-cell-b/s3-normal-seed2/io_verdict.json	383	83da5e3273ff972c39964988f706e20a4642491265ba03a1382068d67c4f5ff7	83da5e3273ff972c39964988f706e20a4642491265ba03a1382068d67c4f5ff7	none	0
tr04-official-1/BASE-cell-b/s3-normal-seed2/metadata.json	5306	c2a074b4df76d4df7eeea8c9f9d578451518e8c98eaff4b6ad660ea79f343e67	a9161d441ca040f6c134dba39a07f50d786b8f8dab40ba91093c2f17f7d33a13	redact	10
tr04-official-1/BASE-cell-b/s3-normal-seed2/plc-stderr.log	0	e3b0c44298fc1c149afbf4c8996fb92427ae41e4649b934ca495991b7852b855	e3b0c44298fc1c149afbf4c8996fb92427ae41e4649b934ca495991b7852b855	none	0
tr04-official-1/BASE-cell-b/s3-normal-seed2/processes.json	133	2d682689e80bda8c5620f25653426df526d1fbc1117dd5af83750c779d3b7848	2d682689e80bda8c5620f25653426df526d1fbc1117dd5af83750c779d3b7848	none	0
tr04-official-1/BASE-cell-b/s3-normal-seed2/reference-10ms-differences.json	3	37517e5f3dc66819f61f5a7bb8ace1921282415f10551d2defa5c3eb0985b570	37517e5f3dc66819f61f5a7bb8ace1921282415f10551d2defa5c3eb0985b570	none	0
tr04-official-1/BASE-cell-b/s3-normal-seed2/static.json	12189	4fff4f024a6a8e7ff8d6cac23a689480b4426dc042fe868452dd041be83b64c3	4fff4f024a6a8e7ff8d6cac23a689480b4426dc042fe868452dd041be83b64c3	none	0
tr04-official-1/BASE-cell-b/s3-normal-seed2/summary.json	4190	02d5bb3c7a7f2a4f50785d35278b03bf89c4f7ac28f9458a9e29d297061fe201	3f46d435da2307d3bebe606593a27a7680584680b60a99de394ad456ea6c353e	drop_tick_hashes	0
tr04-official-1/BASE-cell-b/s3-normal-seed2/vision-stderr.log	26	f6259e2742222db4cedc0f46e1f9d79c113803494192992ee22d2e0ff6d9cc6e	f6259e2742222db4cedc0f46e1f9d79c113803494192992ee22d2e0ff6d9cc6e	none	0
tr04-official-1/BASE-cell-b/s3-normal-seed3/io_verdict.json	383	0007070d2e319ecd363bdfafce6d41c38238c32859c88c342266c82bfdf40462	0007070d2e319ecd363bdfafce6d41c38238c32859c88c342266c82bfdf40462	none	0
tr04-official-1/BASE-cell-b/s3-normal-seed3/metadata.json	5306	58c590d39836af66996e35e515c911b385c45b9b23fcd38895da42a4e82020c7	3dad0189469f7d0a36e561a129036d5414155f7ba75d2421667cd1721d289459	redact	10
tr04-official-1/BASE-cell-b/s3-normal-seed3/plc-stderr.log	0	e3b0c44298fc1c149afbf4c8996fb92427ae41e4649b934ca495991b7852b855	e3b0c44298fc1c149afbf4c8996fb92427ae41e4649b934ca495991b7852b855	none	0
tr04-official-1/BASE-cell-b/s3-normal-seed3/processes.json	133	2d682689e80bda8c5620f25653426df526d1fbc1117dd5af83750c779d3b7848	2d682689e80bda8c5620f25653426df526d1fbc1117dd5af83750c779d3b7848	none	0
tr04-official-1/BASE-cell-b/s3-normal-seed3/reference-10ms-differences.json	3	37517e5f3dc66819f61f5a7bb8ace1921282415f10551d2defa5c3eb0985b570	37517e5f3dc66819f61f5a7bb8ace1921282415f10551d2defa5c3eb0985b570	none	0
tr04-official-1/BASE-cell-b/s3-normal-seed3/static.json	12189	4fff4f024a6a8e7ff8d6cac23a689480b4426dc042fe868452dd041be83b64c3	4fff4f024a6a8e7ff8d6cac23a689480b4426dc042fe868452dd041be83b64c3	none	0
tr04-official-1/BASE-cell-b/s3-normal-seed3/summary.json	4191	e1705ab94eeac3836b22b661a0aefd8ad687994c4b333709923b1e6f36c14ebb	f952e8be71dc71316a58180a203247e6ac561a8803fa8ad8569356882f28ba19	drop_tick_hashes	0
tr04-official-1/BASE-cell-b/s3-normal-seed3/vision-stderr.log	26	f6259e2742222db4cedc0f46e1f9d79c113803494192992ee22d2e0ff6d9cc6e	f6259e2742222db4cedc0f46e1f9d79c113803494192992ee22d2e0ff6d9cc6e	none	0
tr04-official-1/BASE-cell-b/s3-recovery-retract-seed1/failure.json	75	0c6032cd07861e1f85d433c4777029e5b595339c22f506d8d7369fa926454217	0c6032cd07861e1f85d433c4777029e5b595339c22f506d8d7369fa926454217	none	0
tr04-official-1/BASE-cell-b/s3-recovery-retract-seed1/io_verdict.json	451	052be0d43fa3e754cebfb1cf553a1e9e0bdaf80eaaf9f7f5d4ace5924952ae26	052be0d43fa3e754cebfb1cf553a1e9e0bdaf80eaaf9f7f5d4ace5924952ae26	none	0
tr04-official-1/BASE-cell-b/s3-recovery-retract-seed1/metadata.json	5316	24ac4ad7d2ed69bdbf5e877b7389c2a51bf25a2f23588cfbd3144d2812046375	87024a55f37c8c8658cebe7e2fe5916659b650a448c206dc5acdf12d4c688175	redact	10
tr04-official-1/BASE-cell-b/s3-recovery-retract-seed1/plc-stderr.log	0	e3b0c44298fc1c149afbf4c8996fb92427ae41e4649b934ca495991b7852b855	e3b0c44298fc1c149afbf4c8996fb92427ae41e4649b934ca495991b7852b855	none	0
tr04-official-1/BASE-cell-b/s3-recovery-retract-seed1/processes.json	134	a359ee4aa54de89e8b8af12b57c7568e03924a7769f3cee1d8825d2cd30c000f	a359ee4aa54de89e8b8af12b57c7568e03924a7769f3cee1d8825d2cd30c000f	none	0
tr04-official-1/BASE-cell-b/s3-recovery-retract-seed1/static.json	12189	4fff4f024a6a8e7ff8d6cac23a689480b4426dc042fe868452dd041be83b64c3	4fff4f024a6a8e7ff8d6cac23a689480b4426dc042fe868452dd041be83b64c3	none	0
tr04-official-1/BASE-cell-b/s3-recovery-retract-seed1/vision-stderr.log	26	f6259e2742222db4cedc0f46e1f9d79c113803494192992ee22d2e0ff6d9cc6e	f6259e2742222db4cedc0f46e1f9d79c113803494192992ee22d2e0ff6d9cc6e	none	0
tr04-official-1/BASE-cell-b/s3-recovery-seed1/failure.json	75	0c6032cd07861e1f85d433c4777029e5b595339c22f506d8d7369fa926454217	0c6032cd07861e1f85d433c4777029e5b595339c22f506d8d7369fa926454217	none	0
tr04-official-1/BASE-cell-b/s3-recovery-seed1/io_verdict.json	443	c3b2feb77af86b08121ea46e6d92b8dd2defd43618446f6270768933cdbfd57d	c3b2feb77af86b08121ea46e6d92b8dd2defd43618446f6270768933cdbfd57d	none	0
tr04-official-1/BASE-cell-b/s3-recovery-seed1/metadata.json	5308	bc9cb9a4d7cfd3ef3d7c4c97af2645bfdd4e4a9c59c3507bd913dfe630834e18	e0ca99f1e2b7e53607b85eb2dc4228dc976b306bb656c6e5bd31a9ac943c1775	redact	10
tr04-official-1/BASE-cell-b/s3-recovery-seed1/plc-stderr.log	0	e3b0c44298fc1c149afbf4c8996fb92427ae41e4649b934ca495991b7852b855	e3b0c44298fc1c149afbf4c8996fb92427ae41e4649b934ca495991b7852b855	none	0
tr04-official-1/BASE-cell-b/s3-recovery-seed1/processes.json	134	a359ee4aa54de89e8b8af12b57c7568e03924a7769f3cee1d8825d2cd30c000f	a359ee4aa54de89e8b8af12b57c7568e03924a7769f3cee1d8825d2cd30c000f	none	0
tr04-official-1/BASE-cell-b/s3-recovery-seed1/static.json	12189	4fff4f024a6a8e7ff8d6cac23a689480b4426dc042fe868452dd041be83b64c3	4fff4f024a6a8e7ff8d6cac23a689480b4426dc042fe868452dd041be83b64c3	none	0
tr04-official-1/BASE-cell-b/s3-recovery-seed1/vision-stderr.log	26	f6259e2742222db4cedc0f46e1f9d79c113803494192992ee22d2e0ff6d9cc6e	f6259e2742222db4cedc0f46e1f9d79c113803494192992ee22d2e0ff6d9cc6e	none	0
tr04-official-1/BASE-cell-b/static.json	328	7b6513da0f8a8b19b12c73032c5397fb911b623c68ac93d2265d4ba4affced82	50032266f7a30803706bea42ef166806fe011df592bc88059313b1be659fc550	redact	1
tr04-official-1/BASE-cell-b/verdict.json	1158	3c9fe5cfba9b59b0b9e1562d6419bb635bf14257a23b4ff465638417e5f6732b	3c9fe5cfba9b59b0b9e1562d6419bb635bf14257a23b4ff465638417e5f6732b	none	0
tr04-official-1/T06-G1-r1/force.json	2212	e3c36ae34736efe8e9d1e11578a0e6bec3972a4dab7841b1d77b7bd5af5668dc	eb0d34b1633304b741ad6d8cff4aae9df87c49b80cb06a9f7e694f855fde6453	redact	1
tr04-official-1/T06-G1-r1/static.json	634	415f614e09ef857ceec2af8e51478a3602e7d918e807360760aa88d69420d004	d012cd17e8b5a173172bbeab64fc2f7939ca039ef031779f6462c71a28ba63b3	redact	1
tr04-official-1/T06-G1-r1/verdict.json	137	2d9f3d6a02f0031a31cade5a7db1b119042e6ba1abebe194939a025b6a0b1677	2d9f3d6a02f0031a31cade5a7db1b119042e6ba1abebe194939a025b6a0b1677	none	0
tr04-official-1/T06-G1-r2/force.json	2212	3624af5f0f9e4cedd6a3ca0f8a3eb6c710f69019986631f57704d7b237f94fa4	0997aabafce2ae2e8d16c6fd1fbeec960365da2c24b0c80b0c459c7c3fcf547a	redact	1
tr04-official-1/T06-G1-r2/static.json	561	a6858e279138cb4113cfec6aaa71bc4376124ebeab9589b09a6cd8f86b88c645	a8003001e50934b8070045d80c887c0c8a157d06262b1b807503b65e5fab40f5	redact	1
tr04-official-1/T06-G1-r2/verdict.json	137	ad1c471e12c0dddb8e85dc9cdbc0e1bfc3ca778725c8152e8f40ee6bae871502	ad1c471e12c0dddb8e85dc9cdbc0e1bfc3ca778725c8152e8f40ee6bae871502	none	0
tr04-official-1/T06-G1-r3/force.json	2212	c7876e21f254c3cd3bac867842b94965a5c898036a6d3f2ba77f88e2e3a1c112	0a767ab7f12965c85ec39604a4b6c72d561888fb2a389451a556728adeffad35	redact	1
tr04-official-1/T06-G1-r3/static.json	406	632df3c05d346d2c1ede5a9bcbcb05aa03a3423d579319328d6ad6135f78672f	bef67c112edec4cd4274f1e174e1e08b1b04d2648696e331c8c29781f533882f	redact	1
tr04-official-1/T06-G1-r3/verdict.json	137	98173c99f4ba095ca5e0f7a06031f0566f6b0af6e53b5eafbebe0c612749aeb9	98173c99f4ba095ca5e0f7a06031f0566f6b0af6e53b5eafbebe0c612749aeb9	none	0
tr04-official-1/T06-G2-r1/force.json	2212	985e8f1780d81483d576e9bab039c3e2bd09737d50c78bb833a8d73391f31f99	cf2f289be409679ce4eae3788fc5127cd2bf362a8b5edd8b717cbe5f2e485795	redact	1
tr04-official-1/T06-G2-r1/static.json	420	bcfd175a5f5f01fc0567f55a951d52286644039348f7818e48f192e97ff083f7	a0a61164030c0f45303f55960bed18d00b95d2e86cfbc14c1a94707e48b10174	redact	1
tr04-official-1/T06-G2-r1/verdict.json	137	5690a680c387935bde6a6603aca5a36d6163dbf43bfab0e34339664423440bc5	5690a680c387935bde6a6603aca5a36d6163dbf43bfab0e34339664423440bc5	none	0
tr04-official-1/T06-G2-r2/force.json	2212	b55780b9400cc487643d470debdb8f20e51c71673cfcc0907b6df5c76a66da58	36bbded0a7c5113e55c9685a85a9c8aa197db29e585881fb607446f373e4ff18	redact	1
tr04-official-1/T06-G2-r2/static.json	478	b5520fa149ee38d9d4f5afb9baee72eac61855d653dbc685e53ca475b340982d	f83ca2e7ba672ac901c9bf28927f1882147de9ecf76021a560632f6363310e6b	redact	1
tr04-official-1/T06-G2-r2/verdict.json	137	c489065c788e6090529d98d056b26a72c57b2e165527f75af7f15f06f5ba074d	c489065c788e6090529d98d056b26a72c57b2e165527f75af7f15f06f5ba074d	none	0
tr04-official-1/T06-G2-r3/force.json	2212	531f36d984b82a88639e57660ca6071126412d2ad8269b136ec2978242cf69f5	d618958ab9b685e1fe503ad21825533e136233499484409436418c6ed12ddd98	redact	1
tr04-official-1/T06-G2-r3/s3-curtain-seed1/io_verdict.json	442	0d6016793d1093d7cc3322114b100f8661cdb354b1029bf0169ef2df01d2bed5	0d6016793d1093d7cc3322114b100f8661cdb354b1029bf0169ef2df01d2bed5	none	0
tr04-official-1/T06-G2-r3/s3-curtain-seed1/metadata.json	5305	6265fa15d93180567b914ca83cd5165dadb735c44c8393ae982b6d9fdb866c80	43ebd13fea4df6f57021f666b35e1d3f864249c91687d423db139c50f808b549	redact	10
tr04-official-1/T06-G2-r3/s3-curtain-seed1/plc-stderr.log	0	e3b0c44298fc1c149afbf4c8996fb92427ae41e4649b934ca495991b7852b855	e3b0c44298fc1c149afbf4c8996fb92427ae41e4649b934ca495991b7852b855	none	0
tr04-official-1/T06-G2-r3/s3-curtain-seed1/processes.json	133	2d682689e80bda8c5620f25653426df526d1fbc1117dd5af83750c779d3b7848	2d682689e80bda8c5620f25653426df526d1fbc1117dd5af83750c779d3b7848	none	0
tr04-official-1/T06-G2-r3/s3-curtain-seed1/reference-10ms-differences.json	3	37517e5f3dc66819f61f5a7bb8ace1921282415f10551d2defa5c3eb0985b570	37517e5f3dc66819f61f5a7bb8ace1921282415f10551d2defa5c3eb0985b570	none	0
tr04-official-1/T06-G2-r3/s3-curtain-seed1/static.json	562	e485fb2cf0ffdfe9e295d63545502bec94fd31dbb6da2af703b8c51697aec97f	e485fb2cf0ffdfe9e295d63545502bec94fd31dbb6da2af703b8c51697aec97f	none	0
tr04-official-1/T06-G2-r3/s3-curtain-seed1/summary.json	4067	fa9a74fc3aca64a5fc0c5b3ea205b9990e0d2d2cfa9d7575bf4ff0bd50e395e6	484f25c87eacee56cda1947c537e93d0453f490112f4f49e4c7fba6a11fc78d1	drop_tick_hashes	0
tr04-official-1/T06-G2-r3/s3-curtain-seed1/vision-stderr.log	26	f6259e2742222db4cedc0f46e1f9d79c113803494192992ee22d2e0ff6d9cc6e	f6259e2742222db4cedc0f46e1f9d79c113803494192992ee22d2e0ff6d9cc6e	none	0
tr04-official-1/T06-G2-r3/s3-normal-seed1/io_verdict.json	383	5764c90719e5a826eba5810eea1a7ffe0fd700369ade52d68ab4498083a4b600	5764c90719e5a826eba5810eea1a7ffe0fd700369ade52d68ab4498083a4b600	none	0
tr04-official-1/T06-G2-r3/s3-normal-seed1/metadata.json	5304	d2e06a9f104bc4fcf1f6f9ec899feb9ea68364820f90ee6cc47a2ab389647b1a	5db1e7f324faf997bba8c822261c9b39604d3e64038e3b5f2344b8c66d35605c	redact	10
tr04-official-1/T06-G2-r3/s3-normal-seed1/plc-stderr.log	0	e3b0c44298fc1c149afbf4c8996fb92427ae41e4649b934ca495991b7852b855	e3b0c44298fc1c149afbf4c8996fb92427ae41e4649b934ca495991b7852b855	none	0
tr04-official-1/T06-G2-r3/s3-normal-seed1/processes.json	133	2d682689e80bda8c5620f25653426df526d1fbc1117dd5af83750c779d3b7848	2d682689e80bda8c5620f25653426df526d1fbc1117dd5af83750c779d3b7848	none	0
tr04-official-1/T06-G2-r3/s3-normal-seed1/reference-10ms-differences.json	3	37517e5f3dc66819f61f5a7bb8ace1921282415f10551d2defa5c3eb0985b570	37517e5f3dc66819f61f5a7bb8ace1921282415f10551d2defa5c3eb0985b570	none	0
tr04-official-1/T06-G2-r3/s3-normal-seed1/static.json	562	e485fb2cf0ffdfe9e295d63545502bec94fd31dbb6da2af703b8c51697aec97f	e485fb2cf0ffdfe9e295d63545502bec94fd31dbb6da2af703b8c51697aec97f	none	0
tr04-official-1/T06-G2-r3/s3-normal-seed1/summary.json	4186	6560f1b5e50573eec0f2f7125cc24ec835f70cbf4b5892ca68d7e1397cd5a39f	a0a57bd90f13690993f11ee1b6d13a88d56dea3a42a592f868f76f2d073858d2	drop_tick_hashes	0
tr04-official-1/T06-G2-r3/s3-normal-seed1/vision-stderr.log	26	f6259e2742222db4cedc0f46e1f9d79c113803494192992ee22d2e0ff6d9cc6e	f6259e2742222db4cedc0f46e1f9d79c113803494192992ee22d2e0ff6d9cc6e	none	0
tr04-official-1/T06-G2-r3/s3-normal-seed2/io_verdict.json	383	83da5e3273ff972c39964988f706e20a4642491265ba03a1382068d67c4f5ff7	83da5e3273ff972c39964988f706e20a4642491265ba03a1382068d67c4f5ff7	none	0
tr04-official-1/T06-G2-r3/s3-normal-seed2/metadata.json	5304	eb4c485d0e9e43ad502d414499cc46b3df386a923ad7b4a32188ec5a112309e8	9fc5d21e957030e271e92f7ded3fba3c44ddf26633c350424c760ad003d54fdf	redact	10
tr04-official-1/T06-G2-r3/s3-normal-seed2/plc-stderr.log	0	e3b0c44298fc1c149afbf4c8996fb92427ae41e4649b934ca495991b7852b855	e3b0c44298fc1c149afbf4c8996fb92427ae41e4649b934ca495991b7852b855	none	0
tr04-official-1/T06-G2-r3/s3-normal-seed2/processes.json	133	2d682689e80bda8c5620f25653426df526d1fbc1117dd5af83750c779d3b7848	2d682689e80bda8c5620f25653426df526d1fbc1117dd5af83750c779d3b7848	none	0
tr04-official-1/T06-G2-r3/s3-normal-seed2/reference-10ms-differences.json	3	37517e5f3dc66819f61f5a7bb8ace1921282415f10551d2defa5c3eb0985b570	37517e5f3dc66819f61f5a7bb8ace1921282415f10551d2defa5c3eb0985b570	none	0
tr04-official-1/T06-G2-r3/s3-normal-seed2/static.json	562	e485fb2cf0ffdfe9e295d63545502bec94fd31dbb6da2af703b8c51697aec97f	e485fb2cf0ffdfe9e295d63545502bec94fd31dbb6da2af703b8c51697aec97f	none	0
tr04-official-1/T06-G2-r3/s3-normal-seed2/summary.json	4190	c1b1d0528a7a231ca9c75146ed6b24194a8fcaaa29af052de1527e927fd0f2ef	f1e6fa7677dd1ee93e56c24166ff786dc3e2775e3c37de854eb750b3c48e0032	drop_tick_hashes	0
tr04-official-1/T06-G2-r3/s3-normal-seed2/vision-stderr.log	26	f6259e2742222db4cedc0f46e1f9d79c113803494192992ee22d2e0ff6d9cc6e	f6259e2742222db4cedc0f46e1f9d79c113803494192992ee22d2e0ff6d9cc6e	none	0
tr04-official-1/T06-G2-r3/s3-normal-seed3/io_verdict.json	383	0007070d2e319ecd363bdfafce6d41c38238c32859c88c342266c82bfdf40462	0007070d2e319ecd363bdfafce6d41c38238c32859c88c342266c82bfdf40462	none	0
tr04-official-1/T06-G2-r3/s3-normal-seed3/metadata.json	5304	a1bbfb8a7eb5924518ed13d950df6cebf3f75ac6e96f61d8e7981fc7bc26a672	db1f65dc6d36f41a83f4a3d94fea30db94dc545b457fd54ca8af7c46aa6ca1df	redact	10
tr04-official-1/T06-G2-r3/s3-normal-seed3/plc-stderr.log	0	e3b0c44298fc1c149afbf4c8996fb92427ae41e4649b934ca495991b7852b855	e3b0c44298fc1c149afbf4c8996fb92427ae41e4649b934ca495991b7852b855	none	0
tr04-official-1/T06-G2-r3/s3-normal-seed3/processes.json	133	2d682689e80bda8c5620f25653426df526d1fbc1117dd5af83750c779d3b7848	2d682689e80bda8c5620f25653426df526d1fbc1117dd5af83750c779d3b7848	none	0
tr04-official-1/T06-G2-r3/s3-normal-seed3/reference-10ms-differences.json	3	37517e5f3dc66819f61f5a7bb8ace1921282415f10551d2defa5c3eb0985b570	37517e5f3dc66819f61f5a7bb8ace1921282415f10551d2defa5c3eb0985b570	none	0
tr04-official-1/T06-G2-r3/s3-normal-seed3/static.json	562	e485fb2cf0ffdfe9e295d63545502bec94fd31dbb6da2af703b8c51697aec97f	e485fb2cf0ffdfe9e295d63545502bec94fd31dbb6da2af703b8c51697aec97f	none	0
tr04-official-1/T06-G2-r3/s3-normal-seed3/summary.json	4191	5461672518010e68ad4bee77bbd55e9333682b1b27cf3be71ca546ec45128c5d	2ef0f463758430c9510c89a2818385386cdf3f03febd29962cd0f97d64152001	drop_tick_hashes	0
tr04-official-1/T06-G2-r3/s3-normal-seed3/vision-stderr.log	26	f6259e2742222db4cedc0f46e1f9d79c113803494192992ee22d2e0ff6d9cc6e	f6259e2742222db4cedc0f46e1f9d79c113803494192992ee22d2e0ff6d9cc6e	none	0
tr04-official-1/T06-G2-r3/s3-recovery-retract-seed1/failure.json	75	0c6032cd07861e1f85d433c4777029e5b595339c22f506d8d7369fa926454217	0c6032cd07861e1f85d433c4777029e5b595339c22f506d8d7369fa926454217	none	0
tr04-official-1/T06-G2-r3/s3-recovery-retract-seed1/io_verdict.json	451	052be0d43fa3e754cebfb1cf553a1e9e0bdaf80eaaf9f7f5d4ace5924952ae26	052be0d43fa3e754cebfb1cf553a1e9e0bdaf80eaaf9f7f5d4ace5924952ae26	none	0
tr04-official-1/T06-G2-r3/s3-recovery-retract-seed1/metadata.json	5314	b00ea1817c15996ff534f5c47f628131c656f80b26d0a0659c059dab86747828	f0652e8b2169c8a312aeaeefce7a143db0eac006d21963136f4136edaf15e0f4	redact	10
tr04-official-1/T06-G2-r3/s3-recovery-retract-seed1/plc-stderr.log	0	e3b0c44298fc1c149afbf4c8996fb92427ae41e4649b934ca495991b7852b855	e3b0c44298fc1c149afbf4c8996fb92427ae41e4649b934ca495991b7852b855	none	0
tr04-official-1/T06-G2-r3/s3-recovery-retract-seed1/processes.json	134	a359ee4aa54de89e8b8af12b57c7568e03924a7769f3cee1d8825d2cd30c000f	a359ee4aa54de89e8b8af12b57c7568e03924a7769f3cee1d8825d2cd30c000f	none	0
tr04-official-1/T06-G2-r3/s3-recovery-retract-seed1/static.json	562	e485fb2cf0ffdfe9e295d63545502bec94fd31dbb6da2af703b8c51697aec97f	e485fb2cf0ffdfe9e295d63545502bec94fd31dbb6da2af703b8c51697aec97f	none	0
tr04-official-1/T06-G2-r3/s3-recovery-retract-seed1/vision-stderr.log	26	f6259e2742222db4cedc0f46e1f9d79c113803494192992ee22d2e0ff6d9cc6e	f6259e2742222db4cedc0f46e1f9d79c113803494192992ee22d2e0ff6d9cc6e	none	0
tr04-official-1/T06-G2-r3/s3-recovery-seed1/failure.json	75	0c6032cd07861e1f85d433c4777029e5b595339c22f506d8d7369fa926454217	0c6032cd07861e1f85d433c4777029e5b595339c22f506d8d7369fa926454217	none	0
tr04-official-1/T06-G2-r3/s3-recovery-seed1/io_verdict.json	443	c3b2feb77af86b08121ea46e6d92b8dd2defd43618446f6270768933cdbfd57d	c3b2feb77af86b08121ea46e6d92b8dd2defd43618446f6270768933cdbfd57d	none	0
tr04-official-1/T06-G2-r3/s3-recovery-seed1/metadata.json	5306	5a818fe4db0f516600fab086252f1b0d3723cf3d326a3b7b9041f658bcc82e99	0150ee08b48bfa0cebdb2c399876e6a82eda0e5128b19c898ec47f4f48e4a639	redact	10
tr04-official-1/T06-G2-r3/s3-recovery-seed1/plc-stderr.log	0	e3b0c44298fc1c149afbf4c8996fb92427ae41e4649b934ca495991b7852b855	e3b0c44298fc1c149afbf4c8996fb92427ae41e4649b934ca495991b7852b855	none	0
tr04-official-1/T06-G2-r3/s3-recovery-seed1/processes.json	134	a359ee4aa54de89e8b8af12b57c7568e03924a7769f3cee1d8825d2cd30c000f	a359ee4aa54de89e8b8af12b57c7568e03924a7769f3cee1d8825d2cd30c000f	none	0
tr04-official-1/T06-G2-r3/s3-recovery-seed1/static.json	562	e485fb2cf0ffdfe9e295d63545502bec94fd31dbb6da2af703b8c51697aec97f	e485fb2cf0ffdfe9e295d63545502bec94fd31dbb6da2af703b8c51697aec97f	none	0
tr04-official-1/T06-G2-r3/s3-recovery-seed1/vision-stderr.log	26	f6259e2742222db4cedc0f46e1f9d79c113803494192992ee22d2e0ff6d9cc6e	f6259e2742222db4cedc0f46e1f9d79c113803494192992ee22d2e0ff6d9cc6e	none	0
tr04-official-1/T06-G2-r3/static.json	326	46e757fd702f76d00950a2973f1b75b785d0a241cb9a154d3a5899e33ff9d116	168b9d268b34e97489fcefc12cefd3dcebed5e2b3568c9c122f808c0124e8195	redact	1
tr04-official-1/T06-G2-r3/verdict.json	1156	c80b76d8d2734568e8f1c9f8cd19348bbb523164c55df3b06bb9b11d9706cf3b	c80b76d8d2734568e8f1c9f8cd19348bbb523164c55df3b06bb9b11d9706cf3b	none	0
tr04-official-1/T07-G1-r1/force.json	2212	babce1e3d90337aeae05bf8496fd98a24077109c7015eb171c1b86127455db5a	619fe58e6d14261e6ed944395774c5f698f8ba533d03781a11dcfb0a6e12a45f	redact	1
tr04-official-1/T07-G1-r1/s3-curtain-seed1/io_verdict.json	442	0d6016793d1093d7cc3322114b100f8661cdb354b1029bf0169ef2df01d2bed5	0d6016793d1093d7cc3322114b100f8661cdb354b1029bf0169ef2df01d2bed5	none	0
tr04-official-1/T07-G1-r1/s3-curtain-seed1/metadata.json	5305	88239716fa5b3ac3541831c41c01c5bcb559f4edb309071a572205bdc6680ede	0c712bdd1ed0dc05c7a67edd111508080380c15a8d71e9d2d71eea56c70cfe6e	redact	10
tr04-official-1/T07-G1-r1/s3-curtain-seed1/plc-stderr.log	0	e3b0c44298fc1c149afbf4c8996fb92427ae41e4649b934ca495991b7852b855	e3b0c44298fc1c149afbf4c8996fb92427ae41e4649b934ca495991b7852b855	none	0
tr04-official-1/T07-G1-r1/s3-curtain-seed1/processes.json	133	2d682689e80bda8c5620f25653426df526d1fbc1117dd5af83750c779d3b7848	2d682689e80bda8c5620f25653426df526d1fbc1117dd5af83750c779d3b7848	none	0
tr04-official-1/T07-G1-r1/s3-curtain-seed1/reference-10ms-differences.json	3	37517e5f3dc66819f61f5a7bb8ace1921282415f10551d2defa5c3eb0985b570	37517e5f3dc66819f61f5a7bb8ace1921282415f10551d2defa5c3eb0985b570	none	0
tr04-official-1/T07-G1-r1/s3-curtain-seed1/static.json	12188	ac1e2466f51b5dc7abb37af012f7be644b70844d3678db094099685c17cafbf9	ac1e2466f51b5dc7abb37af012f7be644b70844d3678db094099685c17cafbf9	none	0
tr04-official-1/T07-G1-r1/s3-curtain-seed1/summary.json	4067	c670a02644da15958c1a3196c11842a2bb70be11c8ff908a2940a311b8588a2c	57b9b26d7d40e84f3e167311b5db5f53100c5c65a51b20c343e1bce7e622cdcf	drop_tick_hashes	0
tr04-official-1/T07-G1-r1/s3-curtain-seed1/vision-stderr.log	26	f6259e2742222db4cedc0f46e1f9d79c113803494192992ee22d2e0ff6d9cc6e	f6259e2742222db4cedc0f46e1f9d79c113803494192992ee22d2e0ff6d9cc6e	none	0
tr04-official-1/T07-G1-r1/s3-normal-seed1/io_verdict.json	383	5764c90719e5a826eba5810eea1a7ffe0fd700369ade52d68ab4498083a4b600	5764c90719e5a826eba5810eea1a7ffe0fd700369ade52d68ab4498083a4b600	none	0
tr04-official-1/T07-G1-r1/s3-normal-seed1/metadata.json	5304	897f7b0d2260d33d8e0d52aaa8d6897bf32ab94e5dac716878af3f637d376d2a	fb0dc21d809ae23597c2bfa039952109d4f12a13701798b5bc00db154f18fb5a	redact	10
tr04-official-1/T07-G1-r1/s3-normal-seed1/plc-stderr.log	0	e3b0c44298fc1c149afbf4c8996fb92427ae41e4649b934ca495991b7852b855	e3b0c44298fc1c149afbf4c8996fb92427ae41e4649b934ca495991b7852b855	none	0
tr04-official-1/T07-G1-r1/s3-normal-seed1/processes.json	133	2d682689e80bda8c5620f25653426df526d1fbc1117dd5af83750c779d3b7848	2d682689e80bda8c5620f25653426df526d1fbc1117dd5af83750c779d3b7848	none	0
tr04-official-1/T07-G1-r1/s3-normal-seed1/reference-10ms-differences.json	3	37517e5f3dc66819f61f5a7bb8ace1921282415f10551d2defa5c3eb0985b570	37517e5f3dc66819f61f5a7bb8ace1921282415f10551d2defa5c3eb0985b570	none	0
tr04-official-1/T07-G1-r1/s3-normal-seed1/static.json	12188	ac1e2466f51b5dc7abb37af012f7be644b70844d3678db094099685c17cafbf9	ac1e2466f51b5dc7abb37af012f7be644b70844d3678db094099685c17cafbf9	none	0
tr04-official-1/T07-G1-r1/s3-normal-seed1/summary.json	4186	2f6a20574ec18defe1ca2e351b47bb22badefcdb4001a27c5970c5fb77145148	2565d8562494e7d8c8de6a756c36792fafb9b65e6010b48552821052ceb87a9d	drop_tick_hashes	0
tr04-official-1/T07-G1-r1/s3-normal-seed1/vision-stderr.log	26	f6259e2742222db4cedc0f46e1f9d79c113803494192992ee22d2e0ff6d9cc6e	f6259e2742222db4cedc0f46e1f9d79c113803494192992ee22d2e0ff6d9cc6e	none	0
tr04-official-1/T07-G1-r1/s3-normal-seed2/io_verdict.json	383	83da5e3273ff972c39964988f706e20a4642491265ba03a1382068d67c4f5ff7	83da5e3273ff972c39964988f706e20a4642491265ba03a1382068d67c4f5ff7	none	0
tr04-official-1/T07-G1-r1/s3-normal-seed2/metadata.json	5304	ccb90dddf2b95de27ffb000fe274805ab1931e6e452da989ac0352c19b36c41b	0108d7e46cb4c18d91749d12ab2d9bc6fd5ed74c49e2a61f2a1733a31edfabc5	redact	10
tr04-official-1/T07-G1-r1/s3-normal-seed2/plc-stderr.log	0	e3b0c44298fc1c149afbf4c8996fb92427ae41e4649b934ca495991b7852b855	e3b0c44298fc1c149afbf4c8996fb92427ae41e4649b934ca495991b7852b855	none	0
tr04-official-1/T07-G1-r1/s3-normal-seed2/processes.json	133	2d682689e80bda8c5620f25653426df526d1fbc1117dd5af83750c779d3b7848	2d682689e80bda8c5620f25653426df526d1fbc1117dd5af83750c779d3b7848	none	0
tr04-official-1/T07-G1-r1/s3-normal-seed2/reference-10ms-differences.json	3	37517e5f3dc66819f61f5a7bb8ace1921282415f10551d2defa5c3eb0985b570	37517e5f3dc66819f61f5a7bb8ace1921282415f10551d2defa5c3eb0985b570	none	0
tr04-official-1/T07-G1-r1/s3-normal-seed2/static.json	12188	ac1e2466f51b5dc7abb37af012f7be644b70844d3678db094099685c17cafbf9	ac1e2466f51b5dc7abb37af012f7be644b70844d3678db094099685c17cafbf9	none	0
tr04-official-1/T07-G1-r1/s3-normal-seed2/summary.json	4190	3f1290cda25591eea30ea5eaeadf383c4e6f3880fab8df148669bb127046a83c	cc1c9a566623b80ff20c3dc658d95097203550a03fa0c39ac5865f3eae62fcbb	drop_tick_hashes	0
tr04-official-1/T07-G1-r1/s3-normal-seed2/vision-stderr.log	26	f6259e2742222db4cedc0f46e1f9d79c113803494192992ee22d2e0ff6d9cc6e	f6259e2742222db4cedc0f46e1f9d79c113803494192992ee22d2e0ff6d9cc6e	none	0
tr04-official-1/T07-G1-r1/s3-normal-seed3/io_verdict.json	383	0007070d2e319ecd363bdfafce6d41c38238c32859c88c342266c82bfdf40462	0007070d2e319ecd363bdfafce6d41c38238c32859c88c342266c82bfdf40462	none	0
tr04-official-1/T07-G1-r1/s3-normal-seed3/metadata.json	5304	6dc81754e95189567c3cb993691b1c7e8f6b64fa5dc047cf11efa92305a67f51	7f93d761a69694ea4d4f9ebf6ee9c10af12c0d8535166a70ed28991d5391700f	redact	10
tr04-official-1/T07-G1-r1/s3-normal-seed3/plc-stderr.log	0	e3b0c44298fc1c149afbf4c8996fb92427ae41e4649b934ca495991b7852b855	e3b0c44298fc1c149afbf4c8996fb92427ae41e4649b934ca495991b7852b855	none	0
tr04-official-1/T07-G1-r1/s3-normal-seed3/processes.json	133	2d682689e80bda8c5620f25653426df526d1fbc1117dd5af83750c779d3b7848	2d682689e80bda8c5620f25653426df526d1fbc1117dd5af83750c779d3b7848	none	0
tr04-official-1/T07-G1-r1/s3-normal-seed3/reference-10ms-differences.json	3	37517e5f3dc66819f61f5a7bb8ace1921282415f10551d2defa5c3eb0985b570	37517e5f3dc66819f61f5a7bb8ace1921282415f10551d2defa5c3eb0985b570	none	0
tr04-official-1/T07-G1-r1/s3-normal-seed3/static.json	12188	ac1e2466f51b5dc7abb37af012f7be644b70844d3678db094099685c17cafbf9	ac1e2466f51b5dc7abb37af012f7be644b70844d3678db094099685c17cafbf9	none	0
tr04-official-1/T07-G1-r1/s3-normal-seed3/summary.json	4191	3dac46c03f699fc2e30aedeb4c419ff9105e22dc07b213bb22fdbab06a4e66f4	36e898567664b50f77a30b27fd00af5e8610b61e37f8b3183328ad79701a83fb	drop_tick_hashes	0
tr04-official-1/T07-G1-r1/s3-normal-seed3/vision-stderr.log	26	f6259e2742222db4cedc0f46e1f9d79c113803494192992ee22d2e0ff6d9cc6e	f6259e2742222db4cedc0f46e1f9d79c113803494192992ee22d2e0ff6d9cc6e	none	0
tr04-official-1/T07-G1-r1/s3-recovery-retract-seed1/failure.json	75	0c6032cd07861e1f85d433c4777029e5b595339c22f506d8d7369fa926454217	0c6032cd07861e1f85d433c4777029e5b595339c22f506d8d7369fa926454217	none	0
tr04-official-1/T07-G1-r1/s3-recovery-retract-seed1/io_verdict.json	451	052be0d43fa3e754cebfb1cf553a1e9e0bdaf80eaaf9f7f5d4ace5924952ae26	052be0d43fa3e754cebfb1cf553a1e9e0bdaf80eaaf9f7f5d4ace5924952ae26	none	0
tr04-official-1/T07-G1-r1/s3-recovery-retract-seed1/metadata.json	5314	2246b4536bf89f4a8f18265641d13453882b34dde97752224e81a8943bfb02d4	bc15d33db8530789128bbdaad252f6bf0dec7e91c20919914bd05d1b9e460c93	redact	10
tr04-official-1/T07-G1-r1/s3-recovery-retract-seed1/plc-stderr.log	0	e3b0c44298fc1c149afbf4c8996fb92427ae41e4649b934ca495991b7852b855	e3b0c44298fc1c149afbf4c8996fb92427ae41e4649b934ca495991b7852b855	none	0
tr04-official-1/T07-G1-r1/s3-recovery-retract-seed1/processes.json	134	a359ee4aa54de89e8b8af12b57c7568e03924a7769f3cee1d8825d2cd30c000f	a359ee4aa54de89e8b8af12b57c7568e03924a7769f3cee1d8825d2cd30c000f	none	0
tr04-official-1/T07-G1-r1/s3-recovery-retract-seed1/static.json	12188	ac1e2466f51b5dc7abb37af012f7be644b70844d3678db094099685c17cafbf9	ac1e2466f51b5dc7abb37af012f7be644b70844d3678db094099685c17cafbf9	none	0
tr04-official-1/T07-G1-r1/s3-recovery-retract-seed1/vision-stderr.log	26	f6259e2742222db4cedc0f46e1f9d79c113803494192992ee22d2e0ff6d9cc6e	f6259e2742222db4cedc0f46e1f9d79c113803494192992ee22d2e0ff6d9cc6e	none	0
tr04-official-1/T07-G1-r1/s3-recovery-seed1/failure.json	75	0c6032cd07861e1f85d433c4777029e5b595339c22f506d8d7369fa926454217	0c6032cd07861e1f85d433c4777029e5b595339c22f506d8d7369fa926454217	none	0
tr04-official-1/T07-G1-r1/s3-recovery-seed1/io_verdict.json	443	c3b2feb77af86b08121ea46e6d92b8dd2defd43618446f6270768933cdbfd57d	c3b2feb77af86b08121ea46e6d92b8dd2defd43618446f6270768933cdbfd57d	none	0
tr04-official-1/T07-G1-r1/s3-recovery-seed1/metadata.json	5306	94a5be7f8667d9164db6dfb872e51f8a9b4e73f4b216398088e24aca0c1b3f18	5a1dfee30dcbac1bbdb97819064e8007042dd155e8adae11bc5b5c4e7b46b013	redact	10
tr04-official-1/T07-G1-r1/s3-recovery-seed1/plc-stderr.log	0	e3b0c44298fc1c149afbf4c8996fb92427ae41e4649b934ca495991b7852b855	e3b0c44298fc1c149afbf4c8996fb92427ae41e4649b934ca495991b7852b855	none	0
tr04-official-1/T07-G1-r1/s3-recovery-seed1/processes.json	134	a359ee4aa54de89e8b8af12b57c7568e03924a7769f3cee1d8825d2cd30c000f	a359ee4aa54de89e8b8af12b57c7568e03924a7769f3cee1d8825d2cd30c000f	none	0
tr04-official-1/T07-G1-r1/s3-recovery-seed1/static.json	12188	ac1e2466f51b5dc7abb37af012f7be644b70844d3678db094099685c17cafbf9	ac1e2466f51b5dc7abb37af012f7be644b70844d3678db094099685c17cafbf9	none	0
tr04-official-1/T07-G1-r1/s3-recovery-seed1/vision-stderr.log	26	f6259e2742222db4cedc0f46e1f9d79c113803494192992ee22d2e0ff6d9cc6e	f6259e2742222db4cedc0f46e1f9d79c113803494192992ee22d2e0ff6d9cc6e	none	0
tr04-official-1/T07-G1-r1/static.json	326	c92a2e63e908aa7f49924cfb746781321c49cff08453cf9b37f174b92f23fd57	810e817f5ba3d43693deb9faad83f7a603d5917b6e78a2ead9a234379796c000	redact	1
tr04-official-1/T07-G1-r1/verdict.json	1156	a1aac1476cd0d0226dfac177cb38d91d455c58a61e5933b9f9fca3bfb483e92d	a1aac1476cd0d0226dfac177cb38d91d455c58a61e5933b9f9fca3bfb483e92d	none	0
tr04-official-1/T07-G1-r2/force.json	2212	fc5927f271a1e2710b8c4b9637aedf81c23aed8b93bc563755cc7f5d0d44237c	b0e0c3c2ea9bb0871007e1e5def12660fed0c6ca652adf816c64bc06cf1e16f8	redact	1
tr04-official-1/T07-G1-r2/s3-curtain-seed1/io_verdict.json	442	0d6016793d1093d7cc3322114b100f8661cdb354b1029bf0169ef2df01d2bed5	0d6016793d1093d7cc3322114b100f8661cdb354b1029bf0169ef2df01d2bed5	none	0
tr04-official-1/T07-G1-r2/s3-curtain-seed1/metadata.json	5305	6b5532aa11512aebfa39d25a59ed7ff2ee0e3bb23514047205a9a380f2f253fd	24bb3cfdca28ff5dadaa1a78fb05d97b0e9c7daccedb99aa02ed28c324c25923	redact	10
tr04-official-1/T07-G1-r2/s3-curtain-seed1/plc-stderr.log	0	e3b0c44298fc1c149afbf4c8996fb92427ae41e4649b934ca495991b7852b855	e3b0c44298fc1c149afbf4c8996fb92427ae41e4649b934ca495991b7852b855	none	0
tr04-official-1/T07-G1-r2/s3-curtain-seed1/processes.json	133	2d682689e80bda8c5620f25653426df526d1fbc1117dd5af83750c779d3b7848	2d682689e80bda8c5620f25653426df526d1fbc1117dd5af83750c779d3b7848	none	0
tr04-official-1/T07-G1-r2/s3-curtain-seed1/reference-10ms-differences.json	3	37517e5f3dc66819f61f5a7bb8ace1921282415f10551d2defa5c3eb0985b570	37517e5f3dc66819f61f5a7bb8ace1921282415f10551d2defa5c3eb0985b570	none	0
tr04-official-1/T07-G1-r2/s3-curtain-seed1/static.json	12189	4fff4f024a6a8e7ff8d6cac23a689480b4426dc042fe868452dd041be83b64c3	4fff4f024a6a8e7ff8d6cac23a689480b4426dc042fe868452dd041be83b64c3	none	0
tr04-official-1/T07-G1-r2/s3-curtain-seed1/summary.json	4067	a22ef71e443da55437ec4a137449079f138af74b05d0c199d4a86c1308272309	63639f26860503dfdedf19cd1f11d790980ac89dcc8ada41101835f050b3969d	drop_tick_hashes	0
tr04-official-1/T07-G1-r2/s3-curtain-seed1/vision-stderr.log	26	f6259e2742222db4cedc0f46e1f9d79c113803494192992ee22d2e0ff6d9cc6e	f6259e2742222db4cedc0f46e1f9d79c113803494192992ee22d2e0ff6d9cc6e	none	0
tr04-official-1/T07-G1-r2/s3-normal-seed1/io_verdict.json	383	5764c90719e5a826eba5810eea1a7ffe0fd700369ade52d68ab4498083a4b600	5764c90719e5a826eba5810eea1a7ffe0fd700369ade52d68ab4498083a4b600	none	0
tr04-official-1/T07-G1-r2/s3-normal-seed1/metadata.json	5304	caae69444a969f109ace620e50cc519e52b4e9fa5194cb370ea49b3629a43810	a503e86c0e647f6c920d7b83ae6cb5e191bd4df00de07d856c0d765a6f9a4de5	redact	10
tr04-official-1/T07-G1-r2/s3-normal-seed1/plc-stderr.log	0	e3b0c44298fc1c149afbf4c8996fb92427ae41e4649b934ca495991b7852b855	e3b0c44298fc1c149afbf4c8996fb92427ae41e4649b934ca495991b7852b855	none	0
tr04-official-1/T07-G1-r2/s3-normal-seed1/processes.json	133	2d682689e80bda8c5620f25653426df526d1fbc1117dd5af83750c779d3b7848	2d682689e80bda8c5620f25653426df526d1fbc1117dd5af83750c779d3b7848	none	0
tr04-official-1/T07-G1-r2/s3-normal-seed1/reference-10ms-differences.json	3	37517e5f3dc66819f61f5a7bb8ace1921282415f10551d2defa5c3eb0985b570	37517e5f3dc66819f61f5a7bb8ace1921282415f10551d2defa5c3eb0985b570	none	0
tr04-official-1/T07-G1-r2/s3-normal-seed1/static.json	12189	4fff4f024a6a8e7ff8d6cac23a689480b4426dc042fe868452dd041be83b64c3	4fff4f024a6a8e7ff8d6cac23a689480b4426dc042fe868452dd041be83b64c3	none	0
tr04-official-1/T07-G1-r2/s3-normal-seed1/summary.json	4186	3dd696245e6efa1fb9a651dae19c4e2d0348258d05e40ef7b32bcbb92802419e	9a8b01e108448707192ca854e47f36354c1cb6a0aadc50abb31bc3e9e290afc1	drop_tick_hashes	0
tr04-official-1/T07-G1-r2/s3-normal-seed1/vision-stderr.log	26	f6259e2742222db4cedc0f46e1f9d79c113803494192992ee22d2e0ff6d9cc6e	f6259e2742222db4cedc0f46e1f9d79c113803494192992ee22d2e0ff6d9cc6e	none	0
tr04-official-1/T07-G1-r2/s3-normal-seed2/io_verdict.json	383	83da5e3273ff972c39964988f706e20a4642491265ba03a1382068d67c4f5ff7	83da5e3273ff972c39964988f706e20a4642491265ba03a1382068d67c4f5ff7	none	0
tr04-official-1/T07-G1-r2/s3-normal-seed2/metadata.json	5304	74aa90cefb940c2d2a9ea8a134d5fa1efe5f6a8e756a658203b4eea683859889	7e0f513fe3493116a86fe77783648817dad97ffe9ff83177aaf5f4fd77a325ed	redact	10
tr04-official-1/T07-G1-r2/s3-normal-seed2/plc-stderr.log	0	e3b0c44298fc1c149afbf4c8996fb92427ae41e4649b934ca495991b7852b855	e3b0c44298fc1c149afbf4c8996fb92427ae41e4649b934ca495991b7852b855	none	0
tr04-official-1/T07-G1-r2/s3-normal-seed2/processes.json	133	2d682689e80bda8c5620f25653426df526d1fbc1117dd5af83750c779d3b7848	2d682689e80bda8c5620f25653426df526d1fbc1117dd5af83750c779d3b7848	none	0
tr04-official-1/T07-G1-r2/s3-normal-seed2/reference-10ms-differences.json	3	37517e5f3dc66819f61f5a7bb8ace1921282415f10551d2defa5c3eb0985b570	37517e5f3dc66819f61f5a7bb8ace1921282415f10551d2defa5c3eb0985b570	none	0
tr04-official-1/T07-G1-r2/s3-normal-seed2/static.json	12189	4fff4f024a6a8e7ff8d6cac23a689480b4426dc042fe868452dd041be83b64c3	4fff4f024a6a8e7ff8d6cac23a689480b4426dc042fe868452dd041be83b64c3	none	0
tr04-official-1/T07-G1-r2/s3-normal-seed2/summary.json	4190	a6d2affe65037b34a079721ace11f1b4f8dc43b2a4ca592e9dd05c8d14405217	da275445d60c3df13f6a07254fddb5fb1ef37bd22bd260fcfdd0ff51f313bbc5	drop_tick_hashes	0
tr04-official-1/T07-G1-r2/s3-normal-seed2/vision-stderr.log	26	f6259e2742222db4cedc0f46e1f9d79c113803494192992ee22d2e0ff6d9cc6e	f6259e2742222db4cedc0f46e1f9d79c113803494192992ee22d2e0ff6d9cc6e	none	0
tr04-official-1/T07-G1-r2/s3-normal-seed3/io_verdict.json	383	0007070d2e319ecd363bdfafce6d41c38238c32859c88c342266c82bfdf40462	0007070d2e319ecd363bdfafce6d41c38238c32859c88c342266c82bfdf40462	none	0
tr04-official-1/T07-G1-r2/s3-normal-seed3/metadata.json	5304	3e89dbb419452e1fb4693fcfda4d95f9e5e4f8d14ae66c0f183ad180af9b80f8	ea79fb14a9dd2f9858d184d6cf0db0833c95eba975311f844e4c754719bdde67	redact	10
tr04-official-1/T07-G1-r2/s3-normal-seed3/plc-stderr.log	0	e3b0c44298fc1c149afbf4c8996fb92427ae41e4649b934ca495991b7852b855	e3b0c44298fc1c149afbf4c8996fb92427ae41e4649b934ca495991b7852b855	none	0
tr04-official-1/T07-G1-r2/s3-normal-seed3/processes.json	133	2d682689e80bda8c5620f25653426df526d1fbc1117dd5af83750c779d3b7848	2d682689e80bda8c5620f25653426df526d1fbc1117dd5af83750c779d3b7848	none	0
tr04-official-1/T07-G1-r2/s3-normal-seed3/reference-10ms-differences.json	3	37517e5f3dc66819f61f5a7bb8ace1921282415f10551d2defa5c3eb0985b570	37517e5f3dc66819f61f5a7bb8ace1921282415f10551d2defa5c3eb0985b570	none	0
tr04-official-1/T07-G1-r2/s3-normal-seed3/static.json	12189	4fff4f024a6a8e7ff8d6cac23a689480b4426dc042fe868452dd041be83b64c3	4fff4f024a6a8e7ff8d6cac23a689480b4426dc042fe868452dd041be83b64c3	none	0
tr04-official-1/T07-G1-r2/s3-normal-seed3/summary.json	4191	74435f01e17361a463ac94dafdd72565f6e69b4349414414eb9c6091563be75a	aa82a7c65c8334c4e9ebad8376aca704fd09d47b9ec620ae9a464447748dfabb	drop_tick_hashes	0
tr04-official-1/T07-G1-r2/s3-normal-seed3/vision-stderr.log	26	f6259e2742222db4cedc0f46e1f9d79c113803494192992ee22d2e0ff6d9cc6e	f6259e2742222db4cedc0f46e1f9d79c113803494192992ee22d2e0ff6d9cc6e	none	0
tr04-official-1/T07-G1-r2/s3-recovery-retract-seed1/failure.json	75	0c6032cd07861e1f85d433c4777029e5b595339c22f506d8d7369fa926454217	0c6032cd07861e1f85d433c4777029e5b595339c22f506d8d7369fa926454217	none	0
tr04-official-1/T07-G1-r2/s3-recovery-retract-seed1/io_verdict.json	451	052be0d43fa3e754cebfb1cf553a1e9e0bdaf80eaaf9f7f5d4ace5924952ae26	052be0d43fa3e754cebfb1cf553a1e9e0bdaf80eaaf9f7f5d4ace5924952ae26	none	0
tr04-official-1/T07-G1-r2/s3-recovery-retract-seed1/metadata.json	5314	137e53e89fbe77a08fa3777f50505450c1bfb579ff9d28f4c82ed92e7945a228	19f80f811570ddc958b7253b6d9c40cb835f506e51f2526d9b88138063741d28	redact	10
tr04-official-1/T07-G1-r2/s3-recovery-retract-seed1/plc-stderr.log	0	e3b0c44298fc1c149afbf4c8996fb92427ae41e4649b934ca495991b7852b855	e3b0c44298fc1c149afbf4c8996fb92427ae41e4649b934ca495991b7852b855	none	0
tr04-official-1/T07-G1-r2/s3-recovery-retract-seed1/processes.json	134	a359ee4aa54de89e8b8af12b57c7568e03924a7769f3cee1d8825d2cd30c000f	a359ee4aa54de89e8b8af12b57c7568e03924a7769f3cee1d8825d2cd30c000f	none	0
tr04-official-1/T07-G1-r2/s3-recovery-retract-seed1/static.json	12189	4fff4f024a6a8e7ff8d6cac23a689480b4426dc042fe868452dd041be83b64c3	4fff4f024a6a8e7ff8d6cac23a689480b4426dc042fe868452dd041be83b64c3	none	0
tr04-official-1/T07-G1-r2/s3-recovery-retract-seed1/vision-stderr.log	26	f6259e2742222db4cedc0f46e1f9d79c113803494192992ee22d2e0ff6d9cc6e	f6259e2742222db4cedc0f46e1f9d79c113803494192992ee22d2e0ff6d9cc6e	none	0
tr04-official-1/T07-G1-r2/s3-recovery-seed1/failure.json	75	0c6032cd07861e1f85d433c4777029e5b595339c22f506d8d7369fa926454217	0c6032cd07861e1f85d433c4777029e5b595339c22f506d8d7369fa926454217	none	0
tr04-official-1/T07-G1-r2/s3-recovery-seed1/io_verdict.json	443	c3b2feb77af86b08121ea46e6d92b8dd2defd43618446f6270768933cdbfd57d	c3b2feb77af86b08121ea46e6d92b8dd2defd43618446f6270768933cdbfd57d	none	0
tr04-official-1/T07-G1-r2/s3-recovery-seed1/metadata.json	5306	cba3bd6b1d153e80a2ccf1af8481eada62d5160d5cef5748af343db280962b6d	e7e9312484cc79ac386b60bcafc2c07af25d82ea128a87a24c8e7c72f3beefe8	redact	10
tr04-official-1/T07-G1-r2/s3-recovery-seed1/plc-stderr.log	0	e3b0c44298fc1c149afbf4c8996fb92427ae41e4649b934ca495991b7852b855	e3b0c44298fc1c149afbf4c8996fb92427ae41e4649b934ca495991b7852b855	none	0
tr04-official-1/T07-G1-r2/s3-recovery-seed1/processes.json	134	a359ee4aa54de89e8b8af12b57c7568e03924a7769f3cee1d8825d2cd30c000f	a359ee4aa54de89e8b8af12b57c7568e03924a7769f3cee1d8825d2cd30c000f	none	0
tr04-official-1/T07-G1-r2/s3-recovery-seed1/static.json	12189	4fff4f024a6a8e7ff8d6cac23a689480b4426dc042fe868452dd041be83b64c3	4fff4f024a6a8e7ff8d6cac23a689480b4426dc042fe868452dd041be83b64c3	none	0
tr04-official-1/T07-G1-r2/s3-recovery-seed1/vision-stderr.log	26	f6259e2742222db4cedc0f46e1f9d79c113803494192992ee22d2e0ff6d9cc6e	f6259e2742222db4cedc0f46e1f9d79c113803494192992ee22d2e0ff6d9cc6e	none	0
tr04-official-1/T07-G1-r2/static.json	326	d453e8c7918bef404a97879e601e7e141b7b652e8ea916d36c90fde1a74def54	4da6962b9ee50a6664f57048bc1a13eeefec78d33f57c2cdbdcde8a2b1a5eb0b	redact	1
tr04-official-1/T07-G1-r2/verdict.json	1156	3707a6aef1d41f7340c4168ac4f77ba86c401125d754013fc13e8355bca174e8	3707a6aef1d41f7340c4168ac4f77ba86c401125d754013fc13e8355bca174e8	none	0
tr04-official-1/T07-G1-r3/force.json	2212	cedfe884da41d055d92126b00a990485fd714c00dca145283873b2f82e2e80d2	d0b64f1125d70ad18292fd05411dde8f9d3a170714a26f2195d91f3fe53387d3	redact	1
tr04-official-1/T07-G1-r3/s3-curtain-seed1/io_verdict.json	442	0d6016793d1093d7cc3322114b100f8661cdb354b1029bf0169ef2df01d2bed5	0d6016793d1093d7cc3322114b100f8661cdb354b1029bf0169ef2df01d2bed5	none	0
tr04-official-1/T07-G1-r3/s3-curtain-seed1/metadata.json	5305	18a408aa88872ec56c3040ffb3d4a888661c9491566bd8102b431b9a78b9c273	6a64a06a07cf26c507c31498009d3118aed855fcb1d3c3e83c4120168af9f3bc	redact	10
tr04-official-1/T07-G1-r3/s3-curtain-seed1/plc-stderr.log	0	e3b0c44298fc1c149afbf4c8996fb92427ae41e4649b934ca495991b7852b855	e3b0c44298fc1c149afbf4c8996fb92427ae41e4649b934ca495991b7852b855	none	0
tr04-official-1/T07-G1-r3/s3-curtain-seed1/processes.json	133	2d682689e80bda8c5620f25653426df526d1fbc1117dd5af83750c779d3b7848	2d682689e80bda8c5620f25653426df526d1fbc1117dd5af83750c779d3b7848	none	0
tr04-official-1/T07-G1-r3/s3-curtain-seed1/reference-10ms-differences.json	3	37517e5f3dc66819f61f5a7bb8ace1921282415f10551d2defa5c3eb0985b570	37517e5f3dc66819f61f5a7bb8ace1921282415f10551d2defa5c3eb0985b570	none	0
tr04-official-1/T07-G1-r3/s3-curtain-seed1/static.json	12189	4fff4f024a6a8e7ff8d6cac23a689480b4426dc042fe868452dd041be83b64c3	4fff4f024a6a8e7ff8d6cac23a689480b4426dc042fe868452dd041be83b64c3	none	0
tr04-official-1/T07-G1-r3/s3-curtain-seed1/summary.json	4067	563ddf8f8a93240380db6ed69d143dc834cb2db3734e06155593020e6a1baac7	7157006e7a973eb3ddb8791aca2870fd51af4f5c9a2d98c12f356885bc5b9b7b	drop_tick_hashes	0
tr04-official-1/T07-G1-r3/s3-curtain-seed1/vision-stderr.log	26	f6259e2742222db4cedc0f46e1f9d79c113803494192992ee22d2e0ff6d9cc6e	f6259e2742222db4cedc0f46e1f9d79c113803494192992ee22d2e0ff6d9cc6e	none	0
tr04-official-1/T07-G1-r3/s3-normal-seed1/io_verdict.json	383	5764c90719e5a826eba5810eea1a7ffe0fd700369ade52d68ab4498083a4b600	5764c90719e5a826eba5810eea1a7ffe0fd700369ade52d68ab4498083a4b600	none	0
tr04-official-1/T07-G1-r3/s3-normal-seed1/metadata.json	5304	fec1c3f14fe7204edf18d6db5215a5182979dce7dacb295e59490c43cfbc7b96	50d16f4d39eb29200634851034f41bcdc8ba8f3a04befe38d90e3e5419d468f6	redact	10
tr04-official-1/T07-G1-r3/s3-normal-seed1/plc-stderr.log	0	e3b0c44298fc1c149afbf4c8996fb92427ae41e4649b934ca495991b7852b855	e3b0c44298fc1c149afbf4c8996fb92427ae41e4649b934ca495991b7852b855	none	0
tr04-official-1/T07-G1-r3/s3-normal-seed1/processes.json	133	2d682689e80bda8c5620f25653426df526d1fbc1117dd5af83750c779d3b7848	2d682689e80bda8c5620f25653426df526d1fbc1117dd5af83750c779d3b7848	none	0
tr04-official-1/T07-G1-r3/s3-normal-seed1/reference-10ms-differences.json	3	37517e5f3dc66819f61f5a7bb8ace1921282415f10551d2defa5c3eb0985b570	37517e5f3dc66819f61f5a7bb8ace1921282415f10551d2defa5c3eb0985b570	none	0
tr04-official-1/T07-G1-r3/s3-normal-seed1/static.json	12189	4fff4f024a6a8e7ff8d6cac23a689480b4426dc042fe868452dd041be83b64c3	4fff4f024a6a8e7ff8d6cac23a689480b4426dc042fe868452dd041be83b64c3	none	0
tr04-official-1/T07-G1-r3/s3-normal-seed1/summary.json	4186	126bd4f7e2faf03cbdd10a15ad2dfda105858b8d9f80ef9640570a5ec0f72f72	696f9515e2d59f5de40041ba1952e8d5ac618c722ad4b51121d1adefe7fa2698	drop_tick_hashes	0
tr04-official-1/T07-G1-r3/s3-normal-seed1/vision-stderr.log	26	f6259e2742222db4cedc0f46e1f9d79c113803494192992ee22d2e0ff6d9cc6e	f6259e2742222db4cedc0f46e1f9d79c113803494192992ee22d2e0ff6d9cc6e	none	0
tr04-official-1/T07-G1-r3/s3-normal-seed2/io_verdict.json	383	83da5e3273ff972c39964988f706e20a4642491265ba03a1382068d67c4f5ff7	83da5e3273ff972c39964988f706e20a4642491265ba03a1382068d67c4f5ff7	none	0
tr04-official-1/T07-G1-r3/s3-normal-seed2/metadata.json	5304	5a866ead15cdbd34e17fb115341033bc12b09d225fdce637b2577b30b645d739	be941457b4fc9d83833d7d98fdeb4c2c8806d315e6ee16f5bfc6c5369c692183	redact	10
tr04-official-1/T07-G1-r3/s3-normal-seed2/plc-stderr.log	0	e3b0c44298fc1c149afbf4c8996fb92427ae41e4649b934ca495991b7852b855	e3b0c44298fc1c149afbf4c8996fb92427ae41e4649b934ca495991b7852b855	none	0
tr04-official-1/T07-G1-r3/s3-normal-seed2/processes.json	133	2d682689e80bda8c5620f25653426df526d1fbc1117dd5af83750c779d3b7848	2d682689e80bda8c5620f25653426df526d1fbc1117dd5af83750c779d3b7848	none	0
tr04-official-1/T07-G1-r3/s3-normal-seed2/reference-10ms-differences.json	3	37517e5f3dc66819f61f5a7bb8ace1921282415f10551d2defa5c3eb0985b570	37517e5f3dc66819f61f5a7bb8ace1921282415f10551d2defa5c3eb0985b570	none	0
tr04-official-1/T07-G1-r3/s3-normal-seed2/static.json	12189	4fff4f024a6a8e7ff8d6cac23a689480b4426dc042fe868452dd041be83b64c3	4fff4f024a6a8e7ff8d6cac23a689480b4426dc042fe868452dd041be83b64c3	none	0
tr04-official-1/T07-G1-r3/s3-normal-seed2/summary.json	4190	c66bf3a86d0b9b71f990a53545f765680840e7c5aacd5d9bf0f9edab2b4f25e4	03a923bf66c27d134d1b3e98bcf27cacda70e95b29cf5ca5fe14fad6d076645f	drop_tick_hashes	0
tr04-official-1/T07-G1-r3/s3-normal-seed2/vision-stderr.log	26	f6259e2742222db4cedc0f46e1f9d79c113803494192992ee22d2e0ff6d9cc6e	f6259e2742222db4cedc0f46e1f9d79c113803494192992ee22d2e0ff6d9cc6e	none	0
tr04-official-1/T07-G1-r3/s3-normal-seed3/io_verdict.json	383	0007070d2e319ecd363bdfafce6d41c38238c32859c88c342266c82bfdf40462	0007070d2e319ecd363bdfafce6d41c38238c32859c88c342266c82bfdf40462	none	0
tr04-official-1/T07-G1-r3/s3-normal-seed3/metadata.json	5304	37e60ec868babdc9d8d56e76c62873d64390ea443178015411f08c97abf90f16	b61d5c27eb7e435a3d225aa98c6bf19230c3812d18aa86cf423972b50e79f1c8	redact	10
tr04-official-1/T07-G1-r3/s3-normal-seed3/plc-stderr.log	0	e3b0c44298fc1c149afbf4c8996fb92427ae41e4649b934ca495991b7852b855	e3b0c44298fc1c149afbf4c8996fb92427ae41e4649b934ca495991b7852b855	none	0
tr04-official-1/T07-G1-r3/s3-normal-seed3/processes.json	133	2d682689e80bda8c5620f25653426df526d1fbc1117dd5af83750c779d3b7848	2d682689e80bda8c5620f25653426df526d1fbc1117dd5af83750c779d3b7848	none	0
tr04-official-1/T07-G1-r3/s3-normal-seed3/reference-10ms-differences.json	3	37517e5f3dc66819f61f5a7bb8ace1921282415f10551d2defa5c3eb0985b570	37517e5f3dc66819f61f5a7bb8ace1921282415f10551d2defa5c3eb0985b570	none	0
tr04-official-1/T07-G1-r3/s3-normal-seed3/static.json	12189	4fff4f024a6a8e7ff8d6cac23a689480b4426dc042fe868452dd041be83b64c3	4fff4f024a6a8e7ff8d6cac23a689480b4426dc042fe868452dd041be83b64c3	none	0
tr04-official-1/T07-G1-r3/s3-normal-seed3/summary.json	4191	0d98084439b4d5ddf9c89e010134fdae3f5cbb5121c5fa8da6cd224255cb6b9f	82722b64d1c654257e092b99f625e615791dddf3f0ad7c1e87af74e1e7382791	drop_tick_hashes	0
tr04-official-1/T07-G1-r3/s3-normal-seed3/vision-stderr.log	26	f6259e2742222db4cedc0f46e1f9d79c113803494192992ee22d2e0ff6d9cc6e	f6259e2742222db4cedc0f46e1f9d79c113803494192992ee22d2e0ff6d9cc6e	none	0
tr04-official-1/T07-G1-r3/s3-recovery-retract-seed1/failure.json	75	0c6032cd07861e1f85d433c4777029e5b595339c22f506d8d7369fa926454217	0c6032cd07861e1f85d433c4777029e5b595339c22f506d8d7369fa926454217	none	0
tr04-official-1/T07-G1-r3/s3-recovery-retract-seed1/io_verdict.json	451	052be0d43fa3e754cebfb1cf553a1e9e0bdaf80eaaf9f7f5d4ace5924952ae26	052be0d43fa3e754cebfb1cf553a1e9e0bdaf80eaaf9f7f5d4ace5924952ae26	none	0
tr04-official-1/T07-G1-r3/s3-recovery-retract-seed1/metadata.json	5314	c3c521651864dc4ac940f9e7ac0397efa09ad159b4be1b03c23caff839c80589	6acf58c87f258dbfc395d486b2cda662682d232964501f1f6d7ada8d812ad81f	redact	10
tr04-official-1/T07-G1-r3/s3-recovery-retract-seed1/plc-stderr.log	0	e3b0c44298fc1c149afbf4c8996fb92427ae41e4649b934ca495991b7852b855	e3b0c44298fc1c149afbf4c8996fb92427ae41e4649b934ca495991b7852b855	none	0
tr04-official-1/T07-G1-r3/s3-recovery-retract-seed1/processes.json	134	a359ee4aa54de89e8b8af12b57c7568e03924a7769f3cee1d8825d2cd30c000f	a359ee4aa54de89e8b8af12b57c7568e03924a7769f3cee1d8825d2cd30c000f	none	0
tr04-official-1/T07-G1-r3/s3-recovery-retract-seed1/static.json	12189	4fff4f024a6a8e7ff8d6cac23a689480b4426dc042fe868452dd041be83b64c3	4fff4f024a6a8e7ff8d6cac23a689480b4426dc042fe868452dd041be83b64c3	none	0
tr04-official-1/T07-G1-r3/s3-recovery-retract-seed1/vision-stderr.log	26	f6259e2742222db4cedc0f46e1f9d79c113803494192992ee22d2e0ff6d9cc6e	f6259e2742222db4cedc0f46e1f9d79c113803494192992ee22d2e0ff6d9cc6e	none	0
tr04-official-1/T07-G1-r3/s3-recovery-seed1/failure.json	75	0c6032cd07861e1f85d433c4777029e5b595339c22f506d8d7369fa926454217	0c6032cd07861e1f85d433c4777029e5b595339c22f506d8d7369fa926454217	none	0
tr04-official-1/T07-G1-r3/s3-recovery-seed1/io_verdict.json	443	c3b2feb77af86b08121ea46e6d92b8dd2defd43618446f6270768933cdbfd57d	c3b2feb77af86b08121ea46e6d92b8dd2defd43618446f6270768933cdbfd57d	none	0
tr04-official-1/T07-G1-r3/s3-recovery-seed1/metadata.json	5306	34f0848554ab636d8d40b3e3d2d57e99bda4f9a6dbfeab5ec2cede0f7bc9d539	eb3a696ed63f4434a5e326c00d1527addc8d9955e587fccfadd6353657f60163	redact	10
tr04-official-1/T07-G1-r3/s3-recovery-seed1/plc-stderr.log	0	e3b0c44298fc1c149afbf4c8996fb92427ae41e4649b934ca495991b7852b855	e3b0c44298fc1c149afbf4c8996fb92427ae41e4649b934ca495991b7852b855	none	0
tr04-official-1/T07-G1-r3/s3-recovery-seed1/processes.json	134	a359ee4aa54de89e8b8af12b57c7568e03924a7769f3cee1d8825d2cd30c000f	a359ee4aa54de89e8b8af12b57c7568e03924a7769f3cee1d8825d2cd30c000f	none	0
tr04-official-1/T07-G1-r3/s3-recovery-seed1/static.json	12189	4fff4f024a6a8e7ff8d6cac23a689480b4426dc042fe868452dd041be83b64c3	4fff4f024a6a8e7ff8d6cac23a689480b4426dc042fe868452dd041be83b64c3	none	0
tr04-official-1/T07-G1-r3/s3-recovery-seed1/vision-stderr.log	26	f6259e2742222db4cedc0f46e1f9d79c113803494192992ee22d2e0ff6d9cc6e	f6259e2742222db4cedc0f46e1f9d79c113803494192992ee22d2e0ff6d9cc6e	none	0
tr04-official-1/T07-G1-r3/static.json	326	606aa27478b6f7e266a672cb33e5db9e34fbc5892b8dd57b7b897e6f2b1a65cb	5a257679a5b22d56a0f5fe0dba90400e4ed9f9337e0a42fd9d63496aac95ba7b	redact	1
tr04-official-1/T07-G1-r3/verdict.json	1156	221e3f0d4adc0d2a2a1f0a781f6ec1d7b7638326440805e1ae50156894122731	221e3f0d4adc0d2a2a1f0a781f6ec1d7b7638326440805e1ae50156894122731	none	0
tr04-official-1/T07-G2-r1/force.json	2212	baaebc35a0cb840ccc129ef64507a1eee9b3f5c92b45693ac3fc76ade675b70f	dde74384838056f525f954a3fe8089a0809b0d13a4e3f315c1f8afe84543e0ef	redact	1
tr04-official-1/T07-G2-r1/s3-curtain-seed1/io_verdict.json	442	0d6016793d1093d7cc3322114b100f8661cdb354b1029bf0169ef2df01d2bed5	0d6016793d1093d7cc3322114b100f8661cdb354b1029bf0169ef2df01d2bed5	none	0
tr04-official-1/T07-G2-r1/s3-curtain-seed1/metadata.json	5305	58385e05b114c2bea33dc86f653c98d40383473b2eabdfeefc34aaa6feaaf662	b803074c7a131cde4a4d70206c78c316b6999297d8baabd39635be4e825a9f5e	redact	10
tr04-official-1/T07-G2-r1/s3-curtain-seed1/plc-stderr.log	0	e3b0c44298fc1c149afbf4c8996fb92427ae41e4649b934ca495991b7852b855	e3b0c44298fc1c149afbf4c8996fb92427ae41e4649b934ca495991b7852b855	none	0
tr04-official-1/T07-G2-r1/s3-curtain-seed1/processes.json	133	2d682689e80bda8c5620f25653426df526d1fbc1117dd5af83750c779d3b7848	2d682689e80bda8c5620f25653426df526d1fbc1117dd5af83750c779d3b7848	none	0
tr04-official-1/T07-G2-r1/s3-curtain-seed1/reference-10ms-differences.json	3	37517e5f3dc66819f61f5a7bb8ace1921282415f10551d2defa5c3eb0985b570	37517e5f3dc66819f61f5a7bb8ace1921282415f10551d2defa5c3eb0985b570	none	0
tr04-official-1/T07-G2-r1/s3-curtain-seed1/static.json	12189	4fff4f024a6a8e7ff8d6cac23a689480b4426dc042fe868452dd041be83b64c3	4fff4f024a6a8e7ff8d6cac23a689480b4426dc042fe868452dd041be83b64c3	none	0
tr04-official-1/T07-G2-r1/s3-curtain-seed1/summary.json	4067	29c4c9b59d79edb548d6033d1429ceaa2cbd5d63fb2cbad925ee9ac2cb5f6809	078d20ec3d2d5fbd23dc96f9767d7ed171f7c1438707e6c02a3b858b835b80ea	drop_tick_hashes	0
tr04-official-1/T07-G2-r1/s3-curtain-seed1/vision-stderr.log	26	f6259e2742222db4cedc0f46e1f9d79c113803494192992ee22d2e0ff6d9cc6e	f6259e2742222db4cedc0f46e1f9d79c113803494192992ee22d2e0ff6d9cc6e	none	0
tr04-official-1/T07-G2-r1/s3-normal-seed1/io_verdict.json	383	5764c90719e5a826eba5810eea1a7ffe0fd700369ade52d68ab4498083a4b600	5764c90719e5a826eba5810eea1a7ffe0fd700369ade52d68ab4498083a4b600	none	0
tr04-official-1/T07-G2-r1/s3-normal-seed1/metadata.json	5304	2ca14e863e101a0d10a937cb187e7728c4ee9f68c71e94e4ce99bf84e6dadd93	5a9f40e29fb1271ffa22414e5e0aa60b4ceaff7659e4c92e2c60bbe2ec125869	redact	10
tr04-official-1/T07-G2-r1/s3-normal-seed1/plc-stderr.log	0	e3b0c44298fc1c149afbf4c8996fb92427ae41e4649b934ca495991b7852b855	e3b0c44298fc1c149afbf4c8996fb92427ae41e4649b934ca495991b7852b855	none	0
tr04-official-1/T07-G2-r1/s3-normal-seed1/processes.json	133	2d682689e80bda8c5620f25653426df526d1fbc1117dd5af83750c779d3b7848	2d682689e80bda8c5620f25653426df526d1fbc1117dd5af83750c779d3b7848	none	0
tr04-official-1/T07-G2-r1/s3-normal-seed1/reference-10ms-differences.json	3	37517e5f3dc66819f61f5a7bb8ace1921282415f10551d2defa5c3eb0985b570	37517e5f3dc66819f61f5a7bb8ace1921282415f10551d2defa5c3eb0985b570	none	0
tr04-official-1/T07-G2-r1/s3-normal-seed1/static.json	12189	4fff4f024a6a8e7ff8d6cac23a689480b4426dc042fe868452dd041be83b64c3	4fff4f024a6a8e7ff8d6cac23a689480b4426dc042fe868452dd041be83b64c3	none	0
tr04-official-1/T07-G2-r1/s3-normal-seed1/summary.json	4186	f0aafaaf481b9dc4086e93d8d26e7d4035d12e5808adde128b9a1db2e4af8f07	f3d5106fc7d85f0b477e57f8d3019221bce58626405b07bbfd44180e648c18ab	drop_tick_hashes	0
tr04-official-1/T07-G2-r1/s3-normal-seed1/vision-stderr.log	26	f6259e2742222db4cedc0f46e1f9d79c113803494192992ee22d2e0ff6d9cc6e	f6259e2742222db4cedc0f46e1f9d79c113803494192992ee22d2e0ff6d9cc6e	none	0
tr04-official-1/T07-G2-r1/s3-normal-seed2/io_verdict.json	383	83da5e3273ff972c39964988f706e20a4642491265ba03a1382068d67c4f5ff7	83da5e3273ff972c39964988f706e20a4642491265ba03a1382068d67c4f5ff7	none	0
tr04-official-1/T07-G2-r1/s3-normal-seed2/metadata.json	5304	13a92089aa6b98e61fd6d00b56b3350b3edc75e7c2b8bd0ece6b90b6fb191107	26f9e9c3dbe470f8e50e450a744a98880bc6588c2223df1669b9fcc1d2f8d95e	redact	10
tr04-official-1/T07-G2-r1/s3-normal-seed2/plc-stderr.log	0	e3b0c44298fc1c149afbf4c8996fb92427ae41e4649b934ca495991b7852b855	e3b0c44298fc1c149afbf4c8996fb92427ae41e4649b934ca495991b7852b855	none	0
tr04-official-1/T07-G2-r1/s3-normal-seed2/processes.json	133	2d682689e80bda8c5620f25653426df526d1fbc1117dd5af83750c779d3b7848	2d682689e80bda8c5620f25653426df526d1fbc1117dd5af83750c779d3b7848	none	0
tr04-official-1/T07-G2-r1/s3-normal-seed2/reference-10ms-differences.json	3	37517e5f3dc66819f61f5a7bb8ace1921282415f10551d2defa5c3eb0985b570	37517e5f3dc66819f61f5a7bb8ace1921282415f10551d2defa5c3eb0985b570	none	0
tr04-official-1/T07-G2-r1/s3-normal-seed2/static.json	12189	4fff4f024a6a8e7ff8d6cac23a689480b4426dc042fe868452dd041be83b64c3	4fff4f024a6a8e7ff8d6cac23a689480b4426dc042fe868452dd041be83b64c3	none	0
tr04-official-1/T07-G2-r1/s3-normal-seed2/summary.json	4190	2287c7721aa777d0d65c94a195c251e63a615ba9e1cb1d5dc9815c76999f11d0	1816d5f0d678cdf16fb04331c83f030a52bb443b1e9bf2549406167c58d488a0	drop_tick_hashes	0
tr04-official-1/T07-G2-r1/s3-normal-seed2/vision-stderr.log	26	f6259e2742222db4cedc0f46e1f9d79c113803494192992ee22d2e0ff6d9cc6e	f6259e2742222db4cedc0f46e1f9d79c113803494192992ee22d2e0ff6d9cc6e	none	0
tr04-official-1/T07-G2-r1/s3-normal-seed3/io_verdict.json	383	0007070d2e319ecd363bdfafce6d41c38238c32859c88c342266c82bfdf40462	0007070d2e319ecd363bdfafce6d41c38238c32859c88c342266c82bfdf40462	none	0
tr04-official-1/T07-G2-r1/s3-normal-seed3/metadata.json	5304	25b525d99b6a748239861b0cf63c7588d57bee0d946349981e256d77073233c2	d5bddd349b4ab82cd0dee62c078f50c555348088979b5de437b100392449bdc2	redact	10
tr04-official-1/T07-G2-r1/s3-normal-seed3/plc-stderr.log	0	e3b0c44298fc1c149afbf4c8996fb92427ae41e4649b934ca495991b7852b855	e3b0c44298fc1c149afbf4c8996fb92427ae41e4649b934ca495991b7852b855	none	0
tr04-official-1/T07-G2-r1/s3-normal-seed3/processes.json	133	2d682689e80bda8c5620f25653426df526d1fbc1117dd5af83750c779d3b7848	2d682689e80bda8c5620f25653426df526d1fbc1117dd5af83750c779d3b7848	none	0
tr04-official-1/T07-G2-r1/s3-normal-seed3/reference-10ms-differences.json	3	37517e5f3dc66819f61f5a7bb8ace1921282415f10551d2defa5c3eb0985b570	37517e5f3dc66819f61f5a7bb8ace1921282415f10551d2defa5c3eb0985b570	none	0
tr04-official-1/T07-G2-r1/s3-normal-seed3/static.json	12189	4fff4f024a6a8e7ff8d6cac23a689480b4426dc042fe868452dd041be83b64c3	4fff4f024a6a8e7ff8d6cac23a689480b4426dc042fe868452dd041be83b64c3	none	0
tr04-official-1/T07-G2-r1/s3-normal-seed3/summary.json	4191	51e41dc505ac1ae17b308fa7a70b6ae9bb88bef2bf8792f75567b5366e0b2741	ddd444c7ef0bd9a43f5b01343533881d1a293e249adcae30953181216df51503	drop_tick_hashes	0
tr04-official-1/T07-G2-r1/s3-normal-seed3/vision-stderr.log	26	f6259e2742222db4cedc0f46e1f9d79c113803494192992ee22d2e0ff6d9cc6e	f6259e2742222db4cedc0f46e1f9d79c113803494192992ee22d2e0ff6d9cc6e	none	0
tr04-official-1/T07-G2-r1/s3-recovery-retract-seed1/failure.json	75	0c6032cd07861e1f85d433c4777029e5b595339c22f506d8d7369fa926454217	0c6032cd07861e1f85d433c4777029e5b595339c22f506d8d7369fa926454217	none	0
tr04-official-1/T07-G2-r1/s3-recovery-retract-seed1/io_verdict.json	451	052be0d43fa3e754cebfb1cf553a1e9e0bdaf80eaaf9f7f5d4ace5924952ae26	052be0d43fa3e754cebfb1cf553a1e9e0bdaf80eaaf9f7f5d4ace5924952ae26	none	0
tr04-official-1/T07-G2-r1/s3-recovery-retract-seed1/metadata.json	5314	532d81dd5719786824d47808c59e72345e4f1e7c9fb5de6542308b6d7083ada2	f9ac6f974f27b5c0b34575c82463a5f7361307ba4e888bd9c0a829d0fb251d62	redact	10
tr04-official-1/T07-G2-r1/s3-recovery-retract-seed1/plc-stderr.log	0	e3b0c44298fc1c149afbf4c8996fb92427ae41e4649b934ca495991b7852b855	e3b0c44298fc1c149afbf4c8996fb92427ae41e4649b934ca495991b7852b855	none	0
tr04-official-1/T07-G2-r1/s3-recovery-retract-seed1/processes.json	134	a359ee4aa54de89e8b8af12b57c7568e03924a7769f3cee1d8825d2cd30c000f	a359ee4aa54de89e8b8af12b57c7568e03924a7769f3cee1d8825d2cd30c000f	none	0
tr04-official-1/T07-G2-r1/s3-recovery-retract-seed1/static.json	12189	4fff4f024a6a8e7ff8d6cac23a689480b4426dc042fe868452dd041be83b64c3	4fff4f024a6a8e7ff8d6cac23a689480b4426dc042fe868452dd041be83b64c3	none	0
tr04-official-1/T07-G2-r1/s3-recovery-retract-seed1/vision-stderr.log	26	f6259e2742222db4cedc0f46e1f9d79c113803494192992ee22d2e0ff6d9cc6e	f6259e2742222db4cedc0f46e1f9d79c113803494192992ee22d2e0ff6d9cc6e	none	0
tr04-official-1/T07-G2-r1/s3-recovery-seed1/failure.json	75	0c6032cd07861e1f85d433c4777029e5b595339c22f506d8d7369fa926454217	0c6032cd07861e1f85d433c4777029e5b595339c22f506d8d7369fa926454217	none	0
tr04-official-1/T07-G2-r1/s3-recovery-seed1/io_verdict.json	443	c3b2feb77af86b08121ea46e6d92b8dd2defd43618446f6270768933cdbfd57d	c3b2feb77af86b08121ea46e6d92b8dd2defd43618446f6270768933cdbfd57d	none	0
tr04-official-1/T07-G2-r1/s3-recovery-seed1/metadata.json	5306	3ca43c2f8800515f9b95201274ed9fae8788f6ab50d3d39d1d0fa76be79f2e7e	c680d3f2acf8216068df4f06e0a626004b09b531411b1e555a8a184fd9ea3155	redact	10
tr04-official-1/T07-G2-r1/s3-recovery-seed1/plc-stderr.log	0	e3b0c44298fc1c149afbf4c8996fb92427ae41e4649b934ca495991b7852b855	e3b0c44298fc1c149afbf4c8996fb92427ae41e4649b934ca495991b7852b855	none	0
tr04-official-1/T07-G2-r1/s3-recovery-seed1/processes.json	134	a359ee4aa54de89e8b8af12b57c7568e03924a7769f3cee1d8825d2cd30c000f	a359ee4aa54de89e8b8af12b57c7568e03924a7769f3cee1d8825d2cd30c000f	none	0
tr04-official-1/T07-G2-r1/s3-recovery-seed1/static.json	12189	4fff4f024a6a8e7ff8d6cac23a689480b4426dc042fe868452dd041be83b64c3	4fff4f024a6a8e7ff8d6cac23a689480b4426dc042fe868452dd041be83b64c3	none	0
tr04-official-1/T07-G2-r1/s3-recovery-seed1/vision-stderr.log	26	f6259e2742222db4cedc0f46e1f9d79c113803494192992ee22d2e0ff6d9cc6e	f6259e2742222db4cedc0f46e1f9d79c113803494192992ee22d2e0ff6d9cc6e	none	0
tr04-official-1/T07-G2-r1/static.json	326	3107b0f5b19966955f8690dfdeeda77ad7f09baa219f3952d3b7d97ee55c1543	df5b73e2be6e0b470093616a5a73c8e685dcefc47536fb3f0d3be2f0c83f4af5	redact	1
tr04-official-1/T07-G2-r1/verdict.json	1156	088683c7d61f2d591a46713c58cf7d89cf886b583bdc5f9010d72fda6f60e671	088683c7d61f2d591a46713c58cf7d89cf886b583bdc5f9010d72fda6f60e671	none	0
tr04-official-1/T07-G2-r2/force.json	2212	2418b280b08a77755529784293cbf0660c49a913c41353c33981b6e4a5435534	e9e78fd042d5402de8b1ed1e5e9428df04343f34fd74e8e9663f2a9f4fd43464	redact	1
tr04-official-1/T07-G2-r2/static.json	398	619361a6bff9a9077d76e16137714bba9a8f6f9c36734fa1cb73c8c87ff31fe7	ca0ee2aa4aea4d92818488ae5c62a769f3f49da0cd35ebc6f627d76183fc9377	redact	1
tr04-official-1/T07-G2-r2/verdict.json	137	4200cc880d2cf933845353ddf0b478ce18937cb1fa92f5b95bd70bca586148cb	4200cc880d2cf933845353ddf0b478ce18937cb1fa92f5b95bd70bca586148cb	none	0
tr04-official-1/T07-G2-r3/force.json	2212	46be07001226a2d52f70cde6c3ca99e66ecbeb5b7c6901d469cd03b9c2006361	03ed927650ab68eac550ab8952cb64974d45229ba09eab834776e5d9b78a53f9	redact	1
tr04-official-1/T07-G2-r3/s3-curtain-seed1/io_verdict.json	442	0d6016793d1093d7cc3322114b100f8661cdb354b1029bf0169ef2df01d2bed5	0d6016793d1093d7cc3322114b100f8661cdb354b1029bf0169ef2df01d2bed5	none	0
tr04-official-1/T07-G2-r3/s3-curtain-seed1/metadata.json	5305	6fbdad501a4e9c4b9662d9d4b09323ed2355edae66cce1126484aa4afb4952e0	85e4d4ff3036a85db7b4d47a5fe617c9441a287e82cb3ccf585e39948e638229	redact	10
tr04-official-1/T07-G2-r3/s3-curtain-seed1/plc-stderr.log	0	e3b0c44298fc1c149afbf4c8996fb92427ae41e4649b934ca495991b7852b855	e3b0c44298fc1c149afbf4c8996fb92427ae41e4649b934ca495991b7852b855	none	0
tr04-official-1/T07-G2-r3/s3-curtain-seed1/processes.json	133	2d682689e80bda8c5620f25653426df526d1fbc1117dd5af83750c779d3b7848	2d682689e80bda8c5620f25653426df526d1fbc1117dd5af83750c779d3b7848	none	0
tr04-official-1/T07-G2-r3/s3-curtain-seed1/reference-10ms-differences.json	3	37517e5f3dc66819f61f5a7bb8ace1921282415f10551d2defa5c3eb0985b570	37517e5f3dc66819f61f5a7bb8ace1921282415f10551d2defa5c3eb0985b570	none	0
tr04-official-1/T07-G2-r3/s3-curtain-seed1/static.json	12189	4fff4f024a6a8e7ff8d6cac23a689480b4426dc042fe868452dd041be83b64c3	4fff4f024a6a8e7ff8d6cac23a689480b4426dc042fe868452dd041be83b64c3	none	0
tr04-official-1/T07-G2-r3/s3-curtain-seed1/summary.json	4067	f977e4c389f2269014ff0b26a2394cad119d2ac87761b55a5977b6a36c655f49	1fd74f9e9d7b7e3a097078e02cc90a89d3e12ed0d2796b24472165bd9a27dbcf	drop_tick_hashes	0
tr04-official-1/T07-G2-r3/s3-curtain-seed1/vision-stderr.log	26	f6259e2742222db4cedc0f46e1f9d79c113803494192992ee22d2e0ff6d9cc6e	f6259e2742222db4cedc0f46e1f9d79c113803494192992ee22d2e0ff6d9cc6e	none	0
tr04-official-1/T07-G2-r3/s3-normal-seed1/io_verdict.json	383	5764c90719e5a826eba5810eea1a7ffe0fd700369ade52d68ab4498083a4b600	5764c90719e5a826eba5810eea1a7ffe0fd700369ade52d68ab4498083a4b600	none	0
tr04-official-1/T07-G2-r3/s3-normal-seed1/metadata.json	5304	5b079e23d7faa64c7cc1eba8d0690f0790618c3a450f926fb123dc95af66100e	ba31d2bc059853546d8cc217ef13910948f85e599983f7aff8619051755fa0ed	redact	10
tr04-official-1/T07-G2-r3/s3-normal-seed1/plc-stderr.log	0	e3b0c44298fc1c149afbf4c8996fb92427ae41e4649b934ca495991b7852b855	e3b0c44298fc1c149afbf4c8996fb92427ae41e4649b934ca495991b7852b855	none	0
tr04-official-1/T07-G2-r3/s3-normal-seed1/processes.json	133	2d682689e80bda8c5620f25653426df526d1fbc1117dd5af83750c779d3b7848	2d682689e80bda8c5620f25653426df526d1fbc1117dd5af83750c779d3b7848	none	0
tr04-official-1/T07-G2-r3/s3-normal-seed1/reference-10ms-differences.json	3	37517e5f3dc66819f61f5a7bb8ace1921282415f10551d2defa5c3eb0985b570	37517e5f3dc66819f61f5a7bb8ace1921282415f10551d2defa5c3eb0985b570	none	0
tr04-official-1/T07-G2-r3/s3-normal-seed1/static.json	12189	4fff4f024a6a8e7ff8d6cac23a689480b4426dc042fe868452dd041be83b64c3	4fff4f024a6a8e7ff8d6cac23a689480b4426dc042fe868452dd041be83b64c3	none	0
tr04-official-1/T07-G2-r3/s3-normal-seed1/summary.json	4186	dcccabbff1ad9c915e2e9383b330a3bb54ef8d74458198916782935e9a3a9842	017379c6d1513608ff76a550225b3922edf98cb34581218d3f77deb66d02caf9	drop_tick_hashes	0
tr04-official-1/T07-G2-r3/s3-normal-seed1/vision-stderr.log	26	f6259e2742222db4cedc0f46e1f9d79c113803494192992ee22d2e0ff6d9cc6e	f6259e2742222db4cedc0f46e1f9d79c113803494192992ee22d2e0ff6d9cc6e	none	0
tr04-official-1/T07-G2-r3/s3-normal-seed2/io_verdict.json	383	83da5e3273ff972c39964988f706e20a4642491265ba03a1382068d67c4f5ff7	83da5e3273ff972c39964988f706e20a4642491265ba03a1382068d67c4f5ff7	none	0
tr04-official-1/T07-G2-r3/s3-normal-seed2/metadata.json	5304	0f565701f7c461312c479eb6fc48a6bc62e2db506d132934fba48342660e07d0	f50ca2120683866a4708abce0621c39611c4f617198e2e37412bd06d7b5499a7	redact	10
tr04-official-1/T07-G2-r3/s3-normal-seed2/plc-stderr.log	0	e3b0c44298fc1c149afbf4c8996fb92427ae41e4649b934ca495991b7852b855	e3b0c44298fc1c149afbf4c8996fb92427ae41e4649b934ca495991b7852b855	none	0
tr04-official-1/T07-G2-r3/s3-normal-seed2/processes.json	133	2d682689e80bda8c5620f25653426df526d1fbc1117dd5af83750c779d3b7848	2d682689e80bda8c5620f25653426df526d1fbc1117dd5af83750c779d3b7848	none	0
tr04-official-1/T07-G2-r3/s3-normal-seed2/reference-10ms-differences.json	3	37517e5f3dc66819f61f5a7bb8ace1921282415f10551d2defa5c3eb0985b570	37517e5f3dc66819f61f5a7bb8ace1921282415f10551d2defa5c3eb0985b570	none	0
tr04-official-1/T07-G2-r3/s3-normal-seed2/static.json	12189	4fff4f024a6a8e7ff8d6cac23a689480b4426dc042fe868452dd041be83b64c3	4fff4f024a6a8e7ff8d6cac23a689480b4426dc042fe868452dd041be83b64c3	none	0
tr04-official-1/T07-G2-r3/s3-normal-seed2/summary.json	4190	783eaa6591b295a4399d486bb78940d250e167e4dcd7e551f480ec9b2b44b1db	c83c5af6dbf1b5fdaa903cbe7096937ebfd77a1048c623934b96778f158d9060	drop_tick_hashes	0
tr04-official-1/T07-G2-r3/s3-normal-seed2/vision-stderr.log	26	f6259e2742222db4cedc0f46e1f9d79c113803494192992ee22d2e0ff6d9cc6e	f6259e2742222db4cedc0f46e1f9d79c113803494192992ee22d2e0ff6d9cc6e	none	0
tr04-official-1/T07-G2-r3/s3-normal-seed3/io_verdict.json	383	0007070d2e319ecd363bdfafce6d41c38238c32859c88c342266c82bfdf40462	0007070d2e319ecd363bdfafce6d41c38238c32859c88c342266c82bfdf40462	none	0
tr04-official-1/T07-G2-r3/s3-normal-seed3/metadata.json	5304	7e4ea3be2d375abe340809166e766a13ab2fcd3f73ee297f6fcbb43efd6b895c	e6cb36d089e2652aee5da57a20d5a18c7aff993ef293935078ff9815b1c5c37c	redact	10
tr04-official-1/T07-G2-r3/s3-normal-seed3/plc-stderr.log	0	e3b0c44298fc1c149afbf4c8996fb92427ae41e4649b934ca495991b7852b855	e3b0c44298fc1c149afbf4c8996fb92427ae41e4649b934ca495991b7852b855	none	0
tr04-official-1/T07-G2-r3/s3-normal-seed3/processes.json	133	2d682689e80bda8c5620f25653426df526d1fbc1117dd5af83750c779d3b7848	2d682689e80bda8c5620f25653426df526d1fbc1117dd5af83750c779d3b7848	none	0
tr04-official-1/T07-G2-r3/s3-normal-seed3/reference-10ms-differences.json	3	37517e5f3dc66819f61f5a7bb8ace1921282415f10551d2defa5c3eb0985b570	37517e5f3dc66819f61f5a7bb8ace1921282415f10551d2defa5c3eb0985b570	none	0
tr04-official-1/T07-G2-r3/s3-normal-seed3/static.json	12189	4fff4f024a6a8e7ff8d6cac23a689480b4426dc042fe868452dd041be83b64c3	4fff4f024a6a8e7ff8d6cac23a689480b4426dc042fe868452dd041be83b64c3	none	0
tr04-official-1/T07-G2-r3/s3-normal-seed3/summary.json	4191	ef8f6bbc249ab2cfb266ff9ad1a11bcf1a735835f239ee11c8634961dbe94e19	7b4f7012c6c56bfa36ba13cff29db723ab260b1821ea867f24795524b2864033	drop_tick_hashes	0
tr04-official-1/T07-G2-r3/s3-normal-seed3/vision-stderr.log	26	f6259e2742222db4cedc0f46e1f9d79c113803494192992ee22d2e0ff6d9cc6e	f6259e2742222db4cedc0f46e1f9d79c113803494192992ee22d2e0ff6d9cc6e	none	0
tr04-official-1/T07-G2-r3/s3-recovery-retract-seed1/failure.json	75	0c6032cd07861e1f85d433c4777029e5b595339c22f506d8d7369fa926454217	0c6032cd07861e1f85d433c4777029e5b595339c22f506d8d7369fa926454217	none	0
tr04-official-1/T07-G2-r3/s3-recovery-retract-seed1/io_verdict.json	451	052be0d43fa3e754cebfb1cf553a1e9e0bdaf80eaaf9f7f5d4ace5924952ae26	052be0d43fa3e754cebfb1cf553a1e9e0bdaf80eaaf9f7f5d4ace5924952ae26	none	0
tr04-official-1/T07-G2-r3/s3-recovery-retract-seed1/metadata.json	5314	81e9f15b54ca4f7f9917b7765d920774042e4dd2a032355d997699d66e04ff0b	d48b793bb686426ac0f197d13f13245b61f6ca9032e6b40cee66b09fc8fc4fd9	redact	10
tr04-official-1/T07-G2-r3/s3-recovery-retract-seed1/plc-stderr.log	0	e3b0c44298fc1c149afbf4c8996fb92427ae41e4649b934ca495991b7852b855	e3b0c44298fc1c149afbf4c8996fb92427ae41e4649b934ca495991b7852b855	none	0
tr04-official-1/T07-G2-r3/s3-recovery-retract-seed1/processes.json	134	a359ee4aa54de89e8b8af12b57c7568e03924a7769f3cee1d8825d2cd30c000f	a359ee4aa54de89e8b8af12b57c7568e03924a7769f3cee1d8825d2cd30c000f	none	0
tr04-official-1/T07-G2-r3/s3-recovery-retract-seed1/static.json	12189	4fff4f024a6a8e7ff8d6cac23a689480b4426dc042fe868452dd041be83b64c3	4fff4f024a6a8e7ff8d6cac23a689480b4426dc042fe868452dd041be83b64c3	none	0
tr04-official-1/T07-G2-r3/s3-recovery-retract-seed1/vision-stderr.log	26	f6259e2742222db4cedc0f46e1f9d79c113803494192992ee22d2e0ff6d9cc6e	f6259e2742222db4cedc0f46e1f9d79c113803494192992ee22d2e0ff6d9cc6e	none	0
tr04-official-1/T07-G2-r3/s3-recovery-seed1/failure.json	75	0c6032cd07861e1f85d433c4777029e5b595339c22f506d8d7369fa926454217	0c6032cd07861e1f85d433c4777029e5b595339c22f506d8d7369fa926454217	none	0
tr04-official-1/T07-G2-r3/s3-recovery-seed1/io_verdict.json	443	c3b2feb77af86b08121ea46e6d92b8dd2defd43618446f6270768933cdbfd57d	c3b2feb77af86b08121ea46e6d92b8dd2defd43618446f6270768933cdbfd57d	none	0
tr04-official-1/T07-G2-r3/s3-recovery-seed1/metadata.json	5306	9d00c8e53f55fd4c66d91afb7693057619da7dae1ba942421450dc386c12dc8a	dacdf53a1311d4686d34f859520f30d8b44a8b7d5bddd694967bf1602d003900	redact	10
tr04-official-1/T07-G2-r3/s3-recovery-seed1/plc-stderr.log	0	e3b0c44298fc1c149afbf4c8996fb92427ae41e4649b934ca495991b7852b855	e3b0c44298fc1c149afbf4c8996fb92427ae41e4649b934ca495991b7852b855	none	0
tr04-official-1/T07-G2-r3/s3-recovery-seed1/processes.json	134	a359ee4aa54de89e8b8af12b57c7568e03924a7769f3cee1d8825d2cd30c000f	a359ee4aa54de89e8b8af12b57c7568e03924a7769f3cee1d8825d2cd30c000f	none	0
tr04-official-1/T07-G2-r3/s3-recovery-seed1/static.json	12189	4fff4f024a6a8e7ff8d6cac23a689480b4426dc042fe868452dd041be83b64c3	4fff4f024a6a8e7ff8d6cac23a689480b4426dc042fe868452dd041be83b64c3	none	0
tr04-official-1/T07-G2-r3/s3-recovery-seed1/vision-stderr.log	26	f6259e2742222db4cedc0f46e1f9d79c113803494192992ee22d2e0ff6d9cc6e	f6259e2742222db4cedc0f46e1f9d79c113803494192992ee22d2e0ff6d9cc6e	none	0
tr04-official-1/T07-G2-r3/static.json	326	0f1bd735c2400a6b222ef8ed878bfdd36c6fda8b0c9f7cfada4047099aaf87ba	a768660e3f41e60fbb4d315aca569db07df7cbe4fed75a42115a7c4c971ab2e0	redact	1
tr04-official-1/T07-G2-r3/verdict.json	1156	43ec74639ead56b6e3ed5f510f4abdfdce6c3885aac1ba80dfbf0a9a172565a8	43ec74639ead56b6e3ed5f510f4abdfdce6c3885aac1ba80dfbf0a9a172565a8	none	0
tr04-official-1/T07-G3-r1/verdict.json	142	3f80befdacbd4bf4088383505f9df44d8f983ab4942622901041e1dda19b7831	3f80befdacbd4bf4088383505f9df44d8f983ab4942622901041e1dda19b7831	none	0
tr04-official-1/T08-G1-r1/force.json	2212	6010fa00c7227c844d986a5344dc447878750f221b4856dbcf5d50a607551f05	840c01f753a75cf49da925705f5f8cb9823674f4c64e953720b44f82816870da	redact	1
tr04-official-1/T08-G1-r1/s3-curtain-seed1/io_verdict.json	442	0d6016793d1093d7cc3322114b100f8661cdb354b1029bf0169ef2df01d2bed5	0d6016793d1093d7cc3322114b100f8661cdb354b1029bf0169ef2df01d2bed5	none	0
tr04-official-1/T08-G1-r1/s3-curtain-seed1/metadata.json	5305	627bf8cce20ac2ad521ceb46bc11625468364f20c5ff52e5572dd983eed53aba	a123e7e884816f85521a95a4f582789567c78103a8993715a113d0814c5d43da	redact	10
tr04-official-1/T08-G1-r1/s3-curtain-seed1/plc-stderr.log	0	e3b0c44298fc1c149afbf4c8996fb92427ae41e4649b934ca495991b7852b855	e3b0c44298fc1c149afbf4c8996fb92427ae41e4649b934ca495991b7852b855	none	0
tr04-official-1/T08-G1-r1/s3-curtain-seed1/processes.json	133	2d682689e80bda8c5620f25653426df526d1fbc1117dd5af83750c779d3b7848	2d682689e80bda8c5620f25653426df526d1fbc1117dd5af83750c779d3b7848	none	0
tr04-official-1/T08-G1-r1/s3-curtain-seed1/reference-10ms-differences.json	3	37517e5f3dc66819f61f5a7bb8ace1921282415f10551d2defa5c3eb0985b570	37517e5f3dc66819f61f5a7bb8ace1921282415f10551d2defa5c3eb0985b570	none	0
tr04-official-1/T08-G1-r1/s3-curtain-seed1/static.json	12189	edb429de8b29112bbc35838786e938847926a9d0b8af1186642415e2500536ca	edb429de8b29112bbc35838786e938847926a9d0b8af1186642415e2500536ca	none	0
tr04-official-1/T08-G1-r1/s3-curtain-seed1/summary.json	4067	72a57f520c0d898c6428a78ab5f246e06832f83f8e5abe03d7e8a0a9cbf12dca	510f63989905b8b30053572d68d3252f2902bf72e67c2952aaf67fd647b6240d	drop_tick_hashes	0
tr04-official-1/T08-G1-r1/s3-curtain-seed1/vision-stderr.log	26	f6259e2742222db4cedc0f46e1f9d79c113803494192992ee22d2e0ff6d9cc6e	f6259e2742222db4cedc0f46e1f9d79c113803494192992ee22d2e0ff6d9cc6e	none	0
tr04-official-1/T08-G1-r1/s3-normal-seed1/io_verdict.json	383	5764c90719e5a826eba5810eea1a7ffe0fd700369ade52d68ab4498083a4b600	5764c90719e5a826eba5810eea1a7ffe0fd700369ade52d68ab4498083a4b600	none	0
tr04-official-1/T08-G1-r1/s3-normal-seed1/metadata.json	5304	bf35f5588da8d6c04311dcf93a43893beeacb8a27f830f5cd5c20b2712d1f880	a9a247ca536e22c2117625bdf88f1ee8838b5c00b85f76f1c62205792289781b	redact	10
tr04-official-1/T08-G1-r1/s3-normal-seed1/plc-stderr.log	0	e3b0c44298fc1c149afbf4c8996fb92427ae41e4649b934ca495991b7852b855	e3b0c44298fc1c149afbf4c8996fb92427ae41e4649b934ca495991b7852b855	none	0
tr04-official-1/T08-G1-r1/s3-normal-seed1/processes.json	133	2d682689e80bda8c5620f25653426df526d1fbc1117dd5af83750c779d3b7848	2d682689e80bda8c5620f25653426df526d1fbc1117dd5af83750c779d3b7848	none	0
tr04-official-1/T08-G1-r1/s3-normal-seed1/reference-10ms-differences.json	3	37517e5f3dc66819f61f5a7bb8ace1921282415f10551d2defa5c3eb0985b570	37517e5f3dc66819f61f5a7bb8ace1921282415f10551d2defa5c3eb0985b570	none	0
tr04-official-1/T08-G1-r1/s3-normal-seed1/static.json	12189	edb429de8b29112bbc35838786e938847926a9d0b8af1186642415e2500536ca	edb429de8b29112bbc35838786e938847926a9d0b8af1186642415e2500536ca	none	0
tr04-official-1/T08-G1-r1/s3-normal-seed1/summary.json	4186	034d9559efc1d671598254596efbf3d250baaea9426314129941a604e168cb52	aab734f1005ece5b2168addf97c97e1972ac80b657ebccac206f8ba151e34843	drop_tick_hashes	0
tr04-official-1/T08-G1-r1/s3-normal-seed1/vision-stderr.log	26	f6259e2742222db4cedc0f46e1f9d79c113803494192992ee22d2e0ff6d9cc6e	f6259e2742222db4cedc0f46e1f9d79c113803494192992ee22d2e0ff6d9cc6e	none	0
tr04-official-1/T08-G1-r1/s3-normal-seed2/io_verdict.json	383	83da5e3273ff972c39964988f706e20a4642491265ba03a1382068d67c4f5ff7	83da5e3273ff972c39964988f706e20a4642491265ba03a1382068d67c4f5ff7	none	0
tr04-official-1/T08-G1-r1/s3-normal-seed2/metadata.json	5304	9b84a12d616537344693cf08624436622849eccd038cb618b06970f1f50f70d0	9727706321f96c11f7a457a300a6e69eea5e62ba09f6c3a41076c0fdc758b147	redact	10
tr04-official-1/T08-G1-r1/s3-normal-seed2/plc-stderr.log	0	e3b0c44298fc1c149afbf4c8996fb92427ae41e4649b934ca495991b7852b855	e3b0c44298fc1c149afbf4c8996fb92427ae41e4649b934ca495991b7852b855	none	0
tr04-official-1/T08-G1-r1/s3-normal-seed2/processes.json	133	2d682689e80bda8c5620f25653426df526d1fbc1117dd5af83750c779d3b7848	2d682689e80bda8c5620f25653426df526d1fbc1117dd5af83750c779d3b7848	none	0
tr04-official-1/T08-G1-r1/s3-normal-seed2/reference-10ms-differences.json	3	37517e5f3dc66819f61f5a7bb8ace1921282415f10551d2defa5c3eb0985b570	37517e5f3dc66819f61f5a7bb8ace1921282415f10551d2defa5c3eb0985b570	none	0
tr04-official-1/T08-G1-r1/s3-normal-seed2/static.json	12189	edb429de8b29112bbc35838786e938847926a9d0b8af1186642415e2500536ca	edb429de8b29112bbc35838786e938847926a9d0b8af1186642415e2500536ca	none	0
tr04-official-1/T08-G1-r1/s3-normal-seed2/summary.json	4190	9c3b7937d23852bf8d27829fd02274307140e14f62c4e0eaf094b9305c411bd6	f1df8af3b892955dd440a5deee7a1bf939cc7bc7e54faec564d56c5f1aeabc14	drop_tick_hashes	0
tr04-official-1/T08-G1-r1/s3-normal-seed2/vision-stderr.log	26	f6259e2742222db4cedc0f46e1f9d79c113803494192992ee22d2e0ff6d9cc6e	f6259e2742222db4cedc0f46e1f9d79c113803494192992ee22d2e0ff6d9cc6e	none	0
tr04-official-1/T08-G1-r1/s3-normal-seed3/io_verdict.json	383	0007070d2e319ecd363bdfafce6d41c38238c32859c88c342266c82bfdf40462	0007070d2e319ecd363bdfafce6d41c38238c32859c88c342266c82bfdf40462	none	0
tr04-official-1/T08-G1-r1/s3-normal-seed3/metadata.json	5304	8b564d6e1f92dade95c175f1a916d4cf296d3cf62f5e0604b40126e7e3ef36cf	ae054196fe6c0f4e501c818dd52a66b2f4dfdda4fbb86c8e660ebe4b59e34251	redact	10
tr04-official-1/T08-G1-r1/s3-normal-seed3/plc-stderr.log	0	e3b0c44298fc1c149afbf4c8996fb92427ae41e4649b934ca495991b7852b855	e3b0c44298fc1c149afbf4c8996fb92427ae41e4649b934ca495991b7852b855	none	0
tr04-official-1/T08-G1-r1/s3-normal-seed3/processes.json	133	2d682689e80bda8c5620f25653426df526d1fbc1117dd5af83750c779d3b7848	2d682689e80bda8c5620f25653426df526d1fbc1117dd5af83750c779d3b7848	none	0
tr04-official-1/T08-G1-r1/s3-normal-seed3/reference-10ms-differences.json	3	37517e5f3dc66819f61f5a7bb8ace1921282415f10551d2defa5c3eb0985b570	37517e5f3dc66819f61f5a7bb8ace1921282415f10551d2defa5c3eb0985b570	none	0
tr04-official-1/T08-G1-r1/s3-normal-seed3/static.json	12189	edb429de8b29112bbc35838786e938847926a9d0b8af1186642415e2500536ca	edb429de8b29112bbc35838786e938847926a9d0b8af1186642415e2500536ca	none	0
tr04-official-1/T08-G1-r1/s3-normal-seed3/summary.json	4191	8428148a9bc23264c6324304acf870db52c850a441b5d0ee26f9f9a0adad7a9a	2bca368e41f55db0d6c905a45b41b622b5e40cc3674882a6845cc06b94cee43f	drop_tick_hashes	0
tr04-official-1/T08-G1-r1/s3-normal-seed3/vision-stderr.log	26	f6259e2742222db4cedc0f46e1f9d79c113803494192992ee22d2e0ff6d9cc6e	f6259e2742222db4cedc0f46e1f9d79c113803494192992ee22d2e0ff6d9cc6e	none	0
tr04-official-1/T08-G1-r1/s3-recovery-retract-seed1/failure.json	75	0c6032cd07861e1f85d433c4777029e5b595339c22f506d8d7369fa926454217	0c6032cd07861e1f85d433c4777029e5b595339c22f506d8d7369fa926454217	none	0
tr04-official-1/T08-G1-r1/s3-recovery-retract-seed1/io_verdict.json	451	052be0d43fa3e754cebfb1cf553a1e9e0bdaf80eaaf9f7f5d4ace5924952ae26	052be0d43fa3e754cebfb1cf553a1e9e0bdaf80eaaf9f7f5d4ace5924952ae26	none	0
tr04-official-1/T08-G1-r1/s3-recovery-retract-seed1/metadata.json	5314	640fd14d694f5167bcc756c149f64282e629a27f2be3ad93ff87aed135bd8483	ea93c3a9f40db046c4ff1a7b3b71c9a6aa23f44bd1e2fbe4948357882d97d9e0	redact	10
tr04-official-1/T08-G1-r1/s3-recovery-retract-seed1/plc-stderr.log	0	e3b0c44298fc1c149afbf4c8996fb92427ae41e4649b934ca495991b7852b855	e3b0c44298fc1c149afbf4c8996fb92427ae41e4649b934ca495991b7852b855	none	0
tr04-official-1/T08-G1-r1/s3-recovery-retract-seed1/processes.json	134	a359ee4aa54de89e8b8af12b57c7568e03924a7769f3cee1d8825d2cd30c000f	a359ee4aa54de89e8b8af12b57c7568e03924a7769f3cee1d8825d2cd30c000f	none	0
tr04-official-1/T08-G1-r1/s3-recovery-retract-seed1/static.json	12189	edb429de8b29112bbc35838786e938847926a9d0b8af1186642415e2500536ca	edb429de8b29112bbc35838786e938847926a9d0b8af1186642415e2500536ca	none	0
tr04-official-1/T08-G1-r1/s3-recovery-retract-seed1/vision-stderr.log	26	f6259e2742222db4cedc0f46e1f9d79c113803494192992ee22d2e0ff6d9cc6e	f6259e2742222db4cedc0f46e1f9d79c113803494192992ee22d2e0ff6d9cc6e	none	0
tr04-official-1/T08-G1-r1/s3-recovery-seed1/failure.json	75	0c6032cd07861e1f85d433c4777029e5b595339c22f506d8d7369fa926454217	0c6032cd07861e1f85d433c4777029e5b595339c22f506d8d7369fa926454217	none	0
tr04-official-1/T08-G1-r1/s3-recovery-seed1/io_verdict.json	443	c3b2feb77af86b08121ea46e6d92b8dd2defd43618446f6270768933cdbfd57d	c3b2feb77af86b08121ea46e6d92b8dd2defd43618446f6270768933cdbfd57d	none	0
tr04-official-1/T08-G1-r1/s3-recovery-seed1/metadata.json	5306	18639c3fee45b1e247dd6944fa71e4be9e28c1ec978b9ca9c65462458d38099d	49a780375453db36569029e4b88577811dacae5f70d3291c307af316fbcd9360	redact	10
tr04-official-1/T08-G1-r1/s3-recovery-seed1/plc-stderr.log	0	e3b0c44298fc1c149afbf4c8996fb92427ae41e4649b934ca495991b7852b855	e3b0c44298fc1c149afbf4c8996fb92427ae41e4649b934ca495991b7852b855	none	0
tr04-official-1/T08-G1-r1/s3-recovery-seed1/processes.json	134	a359ee4aa54de89e8b8af12b57c7568e03924a7769f3cee1d8825d2cd30c000f	a359ee4aa54de89e8b8af12b57c7568e03924a7769f3cee1d8825d2cd30c000f	none	0
tr04-official-1/T08-G1-r1/s3-recovery-seed1/static.json	12189	edb429de8b29112bbc35838786e938847926a9d0b8af1186642415e2500536ca	edb429de8b29112bbc35838786e938847926a9d0b8af1186642415e2500536ca	none	0
tr04-official-1/T08-G1-r1/s3-recovery-seed1/vision-stderr.log	26	f6259e2742222db4cedc0f46e1f9d79c113803494192992ee22d2e0ff6d9cc6e	f6259e2742222db4cedc0f46e1f9d79c113803494192992ee22d2e0ff6d9cc6e	none	0
tr04-official-1/T08-G1-r1/static.json	326	8b8cc55a94b31a714d414d3f87540eab901a648ffe602a87ccc26187bf833371	d24217feecc93b3da6b606b918f17444bb2b4763287b78b5f0c07137e3d93dfb	redact	1
tr04-official-1/T08-G1-r1/verdict.json	1156	4c58b4c55db23eed31b49ca25e55cc1f71cba6c11e1869f05b7021e424a7950a	4c58b4c55db23eed31b49ca25e55cc1f71cba6c11e1869f05b7021e424a7950a	none	0
tr04-official-1/T08-G1-r2/force.json	2212	8926b4b4328b78c6a1a653e86e97cce454b55bf62ca8c415072d6ff01e33011c	aed1eeca823b11d55a2088c3a48dad1e203546b4577d6a17ed3d1d24fca945a6	redact	1
tr04-official-1/T08-G1-r2/s3-curtain-seed1/io_verdict.json	442	0d6016793d1093d7cc3322114b100f8661cdb354b1029bf0169ef2df01d2bed5	0d6016793d1093d7cc3322114b100f8661cdb354b1029bf0169ef2df01d2bed5	none	0
tr04-official-1/T08-G1-r2/s3-curtain-seed1/metadata.json	5305	902e2c65a1695593d728184f0155f8cd54fe7128bf2e31d53ac7405ba659caec	4bf6a2f44864e17c087e3f2680e12ec3ce3feba2ae116c530486a0945259ad87	redact	10
tr04-official-1/T08-G1-r2/s3-curtain-seed1/plc-stderr.log	0	e3b0c44298fc1c149afbf4c8996fb92427ae41e4649b934ca495991b7852b855	e3b0c44298fc1c149afbf4c8996fb92427ae41e4649b934ca495991b7852b855	none	0
tr04-official-1/T08-G1-r2/s3-curtain-seed1/processes.json	133	2d682689e80bda8c5620f25653426df526d1fbc1117dd5af83750c779d3b7848	2d682689e80bda8c5620f25653426df526d1fbc1117dd5af83750c779d3b7848	none	0
tr04-official-1/T08-G1-r2/s3-curtain-seed1/reference-10ms-differences.json	3	37517e5f3dc66819f61f5a7bb8ace1921282415f10551d2defa5c3eb0985b570	37517e5f3dc66819f61f5a7bb8ace1921282415f10551d2defa5c3eb0985b570	none	0
tr04-official-1/T08-G1-r2/s3-curtain-seed1/static.json	12191	4db121c62710af8c66a0ce368df5d3b590294b6b25db88a5ca4f3d5b81a6648b	4db121c62710af8c66a0ce368df5d3b590294b6b25db88a5ca4f3d5b81a6648b	none	0
tr04-official-1/T08-G1-r2/s3-curtain-seed1/summary.json	4067	1abdef145e2b03a4c11e69361629a271142107c1ad064b59a91e8bc9c6e9b391	acbd4061909462ef79f2f7987043d8857ee34dc21e1e879f6efd9e692470ee85	drop_tick_hashes	0
tr04-official-1/T08-G1-r2/s3-curtain-seed1/vision-stderr.log	26	f6259e2742222db4cedc0f46e1f9d79c113803494192992ee22d2e0ff6d9cc6e	f6259e2742222db4cedc0f46e1f9d79c113803494192992ee22d2e0ff6d9cc6e	none	0
tr04-official-1/T08-G1-r2/s3-normal-seed1/io_verdict.json	383	5764c90719e5a826eba5810eea1a7ffe0fd700369ade52d68ab4498083a4b600	5764c90719e5a826eba5810eea1a7ffe0fd700369ade52d68ab4498083a4b600	none	0
tr04-official-1/T08-G1-r2/s3-normal-seed1/metadata.json	5304	4ff2edb2a09724bee9f6666a16fd4b1dae59b513aa0950aaeabc502a4fd5e364	a9c909a88723767bdd48a55f259827e0f2aa8ae58093ccb5c6c7c9decd906fdf	redact	10
tr04-official-1/T08-G1-r2/s3-normal-seed1/plc-stderr.log	0	e3b0c44298fc1c149afbf4c8996fb92427ae41e4649b934ca495991b7852b855	e3b0c44298fc1c149afbf4c8996fb92427ae41e4649b934ca495991b7852b855	none	0
tr04-official-1/T08-G1-r2/s3-normal-seed1/processes.json	133	2d682689e80bda8c5620f25653426df526d1fbc1117dd5af83750c779d3b7848	2d682689e80bda8c5620f25653426df526d1fbc1117dd5af83750c779d3b7848	none	0
tr04-official-1/T08-G1-r2/s3-normal-seed1/reference-10ms-differences.json	3	37517e5f3dc66819f61f5a7bb8ace1921282415f10551d2defa5c3eb0985b570	37517e5f3dc66819f61f5a7bb8ace1921282415f10551d2defa5c3eb0985b570	none	0
tr04-official-1/T08-G1-r2/s3-normal-seed1/static.json	12191	4db121c62710af8c66a0ce368df5d3b590294b6b25db88a5ca4f3d5b81a6648b	4db121c62710af8c66a0ce368df5d3b590294b6b25db88a5ca4f3d5b81a6648b	none	0
tr04-official-1/T08-G1-r2/s3-normal-seed1/summary.json	4186	7c64bbe2868f7034294cda2332af7f0add0e0b6a9f2c7adbf0ead30a1a499143	d706cf1138bcc8e7d43c4f7e579793ee7f9871db06de00479549dddb7e3d6c1f	drop_tick_hashes	0
tr04-official-1/T08-G1-r2/s3-normal-seed1/vision-stderr.log	26	f6259e2742222db4cedc0f46e1f9d79c113803494192992ee22d2e0ff6d9cc6e	f6259e2742222db4cedc0f46e1f9d79c113803494192992ee22d2e0ff6d9cc6e	none	0
tr04-official-1/T08-G1-r2/s3-normal-seed2/io_verdict.json	383	83da5e3273ff972c39964988f706e20a4642491265ba03a1382068d67c4f5ff7	83da5e3273ff972c39964988f706e20a4642491265ba03a1382068d67c4f5ff7	none	0
tr04-official-1/T08-G1-r2/s3-normal-seed2/metadata.json	5304	1998c87a3489364361d84a6997ee4f5a31a6228c96f569623bf319551a425324	125a4b6fe81ebb3155803660263df42f9d40fb8fc1f25578accc89b3a158bb64	redact	10
tr04-official-1/T08-G1-r2/s3-normal-seed2/plc-stderr.log	0	e3b0c44298fc1c149afbf4c8996fb92427ae41e4649b934ca495991b7852b855	e3b0c44298fc1c149afbf4c8996fb92427ae41e4649b934ca495991b7852b855	none	0
tr04-official-1/T08-G1-r2/s3-normal-seed2/processes.json	133	2d682689e80bda8c5620f25653426df526d1fbc1117dd5af83750c779d3b7848	2d682689e80bda8c5620f25653426df526d1fbc1117dd5af83750c779d3b7848	none	0
tr04-official-1/T08-G1-r2/s3-normal-seed2/reference-10ms-differences.json	3	37517e5f3dc66819f61f5a7bb8ace1921282415f10551d2defa5c3eb0985b570	37517e5f3dc66819f61f5a7bb8ace1921282415f10551d2defa5c3eb0985b570	none	0
tr04-official-1/T08-G1-r2/s3-normal-seed2/static.json	12191	4db121c62710af8c66a0ce368df5d3b590294b6b25db88a5ca4f3d5b81a6648b	4db121c62710af8c66a0ce368df5d3b590294b6b25db88a5ca4f3d5b81a6648b	none	0
tr04-official-1/T08-G1-r2/s3-normal-seed2/summary.json	4190	c71c68b5dd7c76b0163a84bd9d88685573d958f06a289e5bc8289e58a8f0b96e	e6d940ca1daaceba77cba51a89d984e160112bfdc309ace44399d2526732705e	drop_tick_hashes	0
tr04-official-1/T08-G1-r2/s3-normal-seed2/vision-stderr.log	26	f6259e2742222db4cedc0f46e1f9d79c113803494192992ee22d2e0ff6d9cc6e	f6259e2742222db4cedc0f46e1f9d79c113803494192992ee22d2e0ff6d9cc6e	none	0
tr04-official-1/T08-G1-r2/s3-normal-seed3/io_verdict.json	383	0007070d2e319ecd363bdfafce6d41c38238c32859c88c342266c82bfdf40462	0007070d2e319ecd363bdfafce6d41c38238c32859c88c342266c82bfdf40462	none	0
tr04-official-1/T08-G1-r2/s3-normal-seed3/metadata.json	5304	20f4ccc4611911e241f326bb96cc4377e44063f059f85a0d08c056819679821a	c5e1bd707e62398046a6f5f557c3e5e5f05af9858a87fdcc73718e0fecd39163	redact	10
tr04-official-1/T08-G1-r2/s3-normal-seed3/plc-stderr.log	0	e3b0c44298fc1c149afbf4c8996fb92427ae41e4649b934ca495991b7852b855	e3b0c44298fc1c149afbf4c8996fb92427ae41e4649b934ca495991b7852b855	none	0
tr04-official-1/T08-G1-r2/s3-normal-seed3/processes.json	133	2d682689e80bda8c5620f25653426df526d1fbc1117dd5af83750c779d3b7848	2d682689e80bda8c5620f25653426df526d1fbc1117dd5af83750c779d3b7848	none	0
tr04-official-1/T08-G1-r2/s3-normal-seed3/reference-10ms-differences.json	3	37517e5f3dc66819f61f5a7bb8ace1921282415f10551d2defa5c3eb0985b570	37517e5f3dc66819f61f5a7bb8ace1921282415f10551d2defa5c3eb0985b570	none	0
tr04-official-1/T08-G1-r2/s3-normal-seed3/static.json	12191	4db121c62710af8c66a0ce368df5d3b590294b6b25db88a5ca4f3d5b81a6648b	4db121c62710af8c66a0ce368df5d3b590294b6b25db88a5ca4f3d5b81a6648b	none	0
tr04-official-1/T08-G1-r2/s3-normal-seed3/summary.json	4191	367619c692154c24e69a341f0c77f4e98a32a1ee3ca0d5d2bf42bfec13fe044a	84f8f24911bd616162e692f5eee79140a2e3d04f88d8b6aa67fff3460e3d3bb8	drop_tick_hashes	0
tr04-official-1/T08-G1-r2/s3-normal-seed3/vision-stderr.log	26	f6259e2742222db4cedc0f46e1f9d79c113803494192992ee22d2e0ff6d9cc6e	f6259e2742222db4cedc0f46e1f9d79c113803494192992ee22d2e0ff6d9cc6e	none	0
tr04-official-1/T08-G1-r2/s3-recovery-retract-seed1/failure.json	75	0c6032cd07861e1f85d433c4777029e5b595339c22f506d8d7369fa926454217	0c6032cd07861e1f85d433c4777029e5b595339c22f506d8d7369fa926454217	none	0
tr04-official-1/T08-G1-r2/s3-recovery-retract-seed1/io_verdict.json	451	052be0d43fa3e754cebfb1cf553a1e9e0bdaf80eaaf9f7f5d4ace5924952ae26	052be0d43fa3e754cebfb1cf553a1e9e0bdaf80eaaf9f7f5d4ace5924952ae26	none	0
tr04-official-1/T08-G1-r2/s3-recovery-retract-seed1/metadata.json	5314	8bd66f60db9ef396ba2cac5dc63a6651249ef7f4c0a7020a82ddbf91b31496b1	b021e36e4c106c8caf70fcb017e72fbeb19b452b8fe843ef3d809465ea2f952e	redact	10
tr04-official-1/T08-G1-r2/s3-recovery-retract-seed1/plc-stderr.log	0	e3b0c44298fc1c149afbf4c8996fb92427ae41e4649b934ca495991b7852b855	e3b0c44298fc1c149afbf4c8996fb92427ae41e4649b934ca495991b7852b855	none	0
tr04-official-1/T08-G1-r2/s3-recovery-retract-seed1/processes.json	134	a359ee4aa54de89e8b8af12b57c7568e03924a7769f3cee1d8825d2cd30c000f	a359ee4aa54de89e8b8af12b57c7568e03924a7769f3cee1d8825d2cd30c000f	none	0
tr04-official-1/T08-G1-r2/s3-recovery-retract-seed1/static.json	12191	4db121c62710af8c66a0ce368df5d3b590294b6b25db88a5ca4f3d5b81a6648b	4db121c62710af8c66a0ce368df5d3b590294b6b25db88a5ca4f3d5b81a6648b	none	0
tr04-official-1/T08-G1-r2/s3-recovery-retract-seed1/vision-stderr.log	26	f6259e2742222db4cedc0f46e1f9d79c113803494192992ee22d2e0ff6d9cc6e	f6259e2742222db4cedc0f46e1f9d79c113803494192992ee22d2e0ff6d9cc6e	none	0
tr04-official-1/T08-G1-r2/s3-recovery-seed1/failure.json	75	0c6032cd07861e1f85d433c4777029e5b595339c22f506d8d7369fa926454217	0c6032cd07861e1f85d433c4777029e5b595339c22f506d8d7369fa926454217	none	0
tr04-official-1/T08-G1-r2/s3-recovery-seed1/io_verdict.json	443	c3b2feb77af86b08121ea46e6d92b8dd2defd43618446f6270768933cdbfd57d	c3b2feb77af86b08121ea46e6d92b8dd2defd43618446f6270768933cdbfd57d	none	0
tr04-official-1/T08-G1-r2/s3-recovery-seed1/metadata.json	5306	b9f4fe761c14902eb3e7ac551e79ab9b263fb41272ff7e1997054a40236321cc	999863d6702035a279c4bb77c80d406a60d592a8ff0b4c883f8bc827ce790d82	redact	10
tr04-official-1/T08-G1-r2/s3-recovery-seed1/plc-stderr.log	0	e3b0c44298fc1c149afbf4c8996fb92427ae41e4649b934ca495991b7852b855	e3b0c44298fc1c149afbf4c8996fb92427ae41e4649b934ca495991b7852b855	none	0
tr04-official-1/T08-G1-r2/s3-recovery-seed1/processes.json	134	a359ee4aa54de89e8b8af12b57c7568e03924a7769f3cee1d8825d2cd30c000f	a359ee4aa54de89e8b8af12b57c7568e03924a7769f3cee1d8825d2cd30c000f	none	0
tr04-official-1/T08-G1-r2/s3-recovery-seed1/static.json	12191	4db121c62710af8c66a0ce368df5d3b590294b6b25db88a5ca4f3d5b81a6648b	4db121c62710af8c66a0ce368df5d3b590294b6b25db88a5ca4f3d5b81a6648b	none	0
tr04-official-1/T08-G1-r2/s3-recovery-seed1/vision-stderr.log	26	f6259e2742222db4cedc0f46e1f9d79c113803494192992ee22d2e0ff6d9cc6e	f6259e2742222db4cedc0f46e1f9d79c113803494192992ee22d2e0ff6d9cc6e	none	0
tr04-official-1/T08-G1-r2/static.json	326	c462cc91f583bc9f1637fde97d224d15d8a265677b656fe21bf05622f5febd91	a852298d941134b373bb077a9d5efbe055e291b6a8a6a8e992918ac44ffc07cf	redact	1
tr04-official-1/T08-G1-r2/verdict.json	1156	cba8636b5a4396456373adefef2b38bf854cde4cbd86a0ec259a28dca79cae1d	cba8636b5a4396456373adefef2b38bf854cde4cbd86a0ec259a28dca79cae1d	none	0
tr04-official-1/T08-G1-r3/force.json	2212	a4359c979348feddd5ca214324bf8be0ec11756f87c5d98b4c5766c3184550b9	7d62d7caa82bf7fc6ea066f9ef10abc2b9184962100dfde8717fff42f04f4321	redact	1
tr04-official-1/T08-G1-r3/s3-curtain-seed1/io_verdict.json	442	0d6016793d1093d7cc3322114b100f8661cdb354b1029bf0169ef2df01d2bed5	0d6016793d1093d7cc3322114b100f8661cdb354b1029bf0169ef2df01d2bed5	none	0
tr04-official-1/T08-G1-r3/s3-curtain-seed1/metadata.json	5305	aa53330889a58b9cf467c7b4f30b50721773c3739791402d852e907ce3a33c99	87021c24c053c23715659c0d4e505cf9c4b95209b2c65a15b6b5571ec418e6a6	redact	10
tr04-official-1/T08-G1-r3/s3-curtain-seed1/plc-stderr.log	0	e3b0c44298fc1c149afbf4c8996fb92427ae41e4649b934ca495991b7852b855	e3b0c44298fc1c149afbf4c8996fb92427ae41e4649b934ca495991b7852b855	none	0
tr04-official-1/T08-G1-r3/s3-curtain-seed1/processes.json	133	2d682689e80bda8c5620f25653426df526d1fbc1117dd5af83750c779d3b7848	2d682689e80bda8c5620f25653426df526d1fbc1117dd5af83750c779d3b7848	none	0
tr04-official-1/T08-G1-r3/s3-curtain-seed1/reference-10ms-differences.json	3	37517e5f3dc66819f61f5a7bb8ace1921282415f10551d2defa5c3eb0985b570	37517e5f3dc66819f61f5a7bb8ace1921282415f10551d2defa5c3eb0985b570	none	0
tr04-official-1/T08-G1-r3/s3-curtain-seed1/static.json	12191	379172f32ceb248f7bb2abfe75151acf8170d7f5781448a9630a9efcb41adb23	379172f32ceb248f7bb2abfe75151acf8170d7f5781448a9630a9efcb41adb23	none	0
tr04-official-1/T08-G1-r3/s3-curtain-seed1/summary.json	4067	7125ba3ee1226326a80786630a42938c7cce1879681a48703f9f9bfc9f9b2922	4fe4929e74241659635dfe0b5cc49ddd8ce3d4e3b2b00ae63015009227d5314e	drop_tick_hashes	0
tr04-official-1/T08-G1-r3/s3-curtain-seed1/vision-stderr.log	26	f6259e2742222db4cedc0f46e1f9d79c113803494192992ee22d2e0ff6d9cc6e	f6259e2742222db4cedc0f46e1f9d79c113803494192992ee22d2e0ff6d9cc6e	none	0
tr04-official-1/T08-G1-r3/s3-normal-seed1/io_verdict.json	383	5764c90719e5a826eba5810eea1a7ffe0fd700369ade52d68ab4498083a4b600	5764c90719e5a826eba5810eea1a7ffe0fd700369ade52d68ab4498083a4b600	none	0
tr04-official-1/T08-G1-r3/s3-normal-seed1/metadata.json	5304	2545fdf1ed498bb93f0d96223fa214304da494022008d82bca3b481adeb7c4c4	baa4b3bde768f47af3404a8443f2219b2f430162d6115298c55efb109450ad5e	redact	10
tr04-official-1/T08-G1-r3/s3-normal-seed1/plc-stderr.log	0	e3b0c44298fc1c149afbf4c8996fb92427ae41e4649b934ca495991b7852b855	e3b0c44298fc1c149afbf4c8996fb92427ae41e4649b934ca495991b7852b855	none	0
tr04-official-1/T08-G1-r3/s3-normal-seed1/processes.json	133	2d682689e80bda8c5620f25653426df526d1fbc1117dd5af83750c779d3b7848	2d682689e80bda8c5620f25653426df526d1fbc1117dd5af83750c779d3b7848	none	0
tr04-official-1/T08-G1-r3/s3-normal-seed1/reference-10ms-differences.json	3	37517e5f3dc66819f61f5a7bb8ace1921282415f10551d2defa5c3eb0985b570	37517e5f3dc66819f61f5a7bb8ace1921282415f10551d2defa5c3eb0985b570	none	0
tr04-official-1/T08-G1-r3/s3-normal-seed1/static.json	12191	379172f32ceb248f7bb2abfe75151acf8170d7f5781448a9630a9efcb41adb23	379172f32ceb248f7bb2abfe75151acf8170d7f5781448a9630a9efcb41adb23	none	0
tr04-official-1/T08-G1-r3/s3-normal-seed1/summary.json	4186	539ffb1929e2171419cc1ac212c39f1da83c6c9952322ca35716ecf7626ea07c	875ed8311d14f65083e53bb496e1b2bacd08eb2bc6ff93b2e44d6b3d9b03335c	drop_tick_hashes	0
tr04-official-1/T08-G1-r3/s3-normal-seed1/vision-stderr.log	26	f6259e2742222db4cedc0f46e1f9d79c113803494192992ee22d2e0ff6d9cc6e	f6259e2742222db4cedc0f46e1f9d79c113803494192992ee22d2e0ff6d9cc6e	none	0
tr04-official-1/T08-G1-r3/s3-normal-seed2/io_verdict.json	383	83da5e3273ff972c39964988f706e20a4642491265ba03a1382068d67c4f5ff7	83da5e3273ff972c39964988f706e20a4642491265ba03a1382068d67c4f5ff7	none	0
tr04-official-1/T08-G1-r3/s3-normal-seed2/metadata.json	5304	66865f1173f17371a9f9972e6254478501372115130a0dd991d3d0a2042efb2a	2550960ae5b91bfe6504aca18f3983cd4ad30495920e0451869b54cff681a80c	redact	10
tr04-official-1/T08-G1-r3/s3-normal-seed2/plc-stderr.log	0	e3b0c44298fc1c149afbf4c8996fb92427ae41e4649b934ca495991b7852b855	e3b0c44298fc1c149afbf4c8996fb92427ae41e4649b934ca495991b7852b855	none	0
tr04-official-1/T08-G1-r3/s3-normal-seed2/processes.json	133	2d682689e80bda8c5620f25653426df526d1fbc1117dd5af83750c779d3b7848	2d682689e80bda8c5620f25653426df526d1fbc1117dd5af83750c779d3b7848	none	0
tr04-official-1/T08-G1-r3/s3-normal-seed2/reference-10ms-differences.json	3	37517e5f3dc66819f61f5a7bb8ace1921282415f10551d2defa5c3eb0985b570	37517e5f3dc66819f61f5a7bb8ace1921282415f10551d2defa5c3eb0985b570	none	0
tr04-official-1/T08-G1-r3/s3-normal-seed2/static.json	12191	379172f32ceb248f7bb2abfe75151acf8170d7f5781448a9630a9efcb41adb23	379172f32ceb248f7bb2abfe75151acf8170d7f5781448a9630a9efcb41adb23	none	0
tr04-official-1/T08-G1-r3/s3-normal-seed2/summary.json	4190	7d6d92068ddc0024940f63b94985f9af56641d0f7e1821968c1fcbe1adef83a6	9d5c869dd8220491e01cf8f99c84a38138e03ee3ce5e025932658dc4323d89d6	drop_tick_hashes	0
tr04-official-1/T08-G1-r3/s3-normal-seed2/vision-stderr.log	26	f6259e2742222db4cedc0f46e1f9d79c113803494192992ee22d2e0ff6d9cc6e	f6259e2742222db4cedc0f46e1f9d79c113803494192992ee22d2e0ff6d9cc6e	none	0
tr04-official-1/T08-G1-r3/s3-normal-seed3/io_verdict.json	383	0007070d2e319ecd363bdfafce6d41c38238c32859c88c342266c82bfdf40462	0007070d2e319ecd363bdfafce6d41c38238c32859c88c342266c82bfdf40462	none	0
tr04-official-1/T08-G1-r3/s3-normal-seed3/metadata.json	5304	fbacb9406f103de280b9cc676cfb034ddd592650716477935597a1968c223392	dd449ea4e952e4bec24c7b70175e50db8ec51e2fd432b20f69e9a66789754501	redact	10
tr04-official-1/T08-G1-r3/s3-normal-seed3/plc-stderr.log	0	e3b0c44298fc1c149afbf4c8996fb92427ae41e4649b934ca495991b7852b855	e3b0c44298fc1c149afbf4c8996fb92427ae41e4649b934ca495991b7852b855	none	0
tr04-official-1/T08-G1-r3/s3-normal-seed3/processes.json	133	2d682689e80bda8c5620f25653426df526d1fbc1117dd5af83750c779d3b7848	2d682689e80bda8c5620f25653426df526d1fbc1117dd5af83750c779d3b7848	none	0
tr04-official-1/T08-G1-r3/s3-normal-seed3/reference-10ms-differences.json	3	37517e5f3dc66819f61f5a7bb8ace1921282415f10551d2defa5c3eb0985b570	37517e5f3dc66819f61f5a7bb8ace1921282415f10551d2defa5c3eb0985b570	none	0
tr04-official-1/T08-G1-r3/s3-normal-seed3/static.json	12191	379172f32ceb248f7bb2abfe75151acf8170d7f5781448a9630a9efcb41adb23	379172f32ceb248f7bb2abfe75151acf8170d7f5781448a9630a9efcb41adb23	none	0
tr04-official-1/T08-G1-r3/s3-normal-seed3/summary.json	4191	6a4890dfc095fd129821da9c7e1d5f3fc0d27f2cb44ce77b2191134f73996587	1b0517b15bca8699d95e80c6b53743e4fcfda2da7ec83820bd6f5df01b390083	drop_tick_hashes	0
tr04-official-1/T08-G1-r3/s3-normal-seed3/vision-stderr.log	26	f6259e2742222db4cedc0f46e1f9d79c113803494192992ee22d2e0ff6d9cc6e	f6259e2742222db4cedc0f46e1f9d79c113803494192992ee22d2e0ff6d9cc6e	none	0
tr04-official-1/T08-G1-r3/s3-recovery-retract-seed1/failure.json	75	0c6032cd07861e1f85d433c4777029e5b595339c22f506d8d7369fa926454217	0c6032cd07861e1f85d433c4777029e5b595339c22f506d8d7369fa926454217	none	0
tr04-official-1/T08-G1-r3/s3-recovery-retract-seed1/io_verdict.json	451	052be0d43fa3e754cebfb1cf553a1e9e0bdaf80eaaf9f7f5d4ace5924952ae26	052be0d43fa3e754cebfb1cf553a1e9e0bdaf80eaaf9f7f5d4ace5924952ae26	none	0
tr04-official-1/T08-G1-r3/s3-recovery-retract-seed1/metadata.json	5314	3046469db45567395e9b0c13b57daec840a3f9c8a643edf5196d7613f319a5d5	a5aa0adb4e1c8a7593059b9c9dd8f95c730f0783e35247150f1d34fcabebae31	redact	10
tr04-official-1/T08-G1-r3/s3-recovery-retract-seed1/plc-stderr.log	0	e3b0c44298fc1c149afbf4c8996fb92427ae41e4649b934ca495991b7852b855	e3b0c44298fc1c149afbf4c8996fb92427ae41e4649b934ca495991b7852b855	none	0
tr04-official-1/T08-G1-r3/s3-recovery-retract-seed1/processes.json	134	a359ee4aa54de89e8b8af12b57c7568e03924a7769f3cee1d8825d2cd30c000f	a359ee4aa54de89e8b8af12b57c7568e03924a7769f3cee1d8825d2cd30c000f	none	0
tr04-official-1/T08-G1-r3/s3-recovery-retract-seed1/static.json	12191	379172f32ceb248f7bb2abfe75151acf8170d7f5781448a9630a9efcb41adb23	379172f32ceb248f7bb2abfe75151acf8170d7f5781448a9630a9efcb41adb23	none	0
tr04-official-1/T08-G1-r3/s3-recovery-retract-seed1/vision-stderr.log	26	f6259e2742222db4cedc0f46e1f9d79c113803494192992ee22d2e0ff6d9cc6e	f6259e2742222db4cedc0f46e1f9d79c113803494192992ee22d2e0ff6d9cc6e	none	0
tr04-official-1/T08-G1-r3/s3-recovery-seed1/failure.json	75	0c6032cd07861e1f85d433c4777029e5b595339c22f506d8d7369fa926454217	0c6032cd07861e1f85d433c4777029e5b595339c22f506d8d7369fa926454217	none	0
tr04-official-1/T08-G1-r3/s3-recovery-seed1/io_verdict.json	443	c3b2feb77af86b08121ea46e6d92b8dd2defd43618446f6270768933cdbfd57d	c3b2feb77af86b08121ea46e6d92b8dd2defd43618446f6270768933cdbfd57d	none	0
tr04-official-1/T08-G1-r3/s3-recovery-seed1/metadata.json	5306	615d8ce642204d6b83cc7af9284c2dc05385efe9f4b3a453d0204f1125ca13dd	8ce1832c82fc7abc2ce7f572d4a41167121e0475de69e08863ff8ff81443d029	redact	10
tr04-official-1/T08-G1-r3/s3-recovery-seed1/plc-stderr.log	0	e3b0c44298fc1c149afbf4c8996fb92427ae41e4649b934ca495991b7852b855	e3b0c44298fc1c149afbf4c8996fb92427ae41e4649b934ca495991b7852b855	none	0
tr04-official-1/T08-G1-r3/s3-recovery-seed1/processes.json	134	a359ee4aa54de89e8b8af12b57c7568e03924a7769f3cee1d8825d2cd30c000f	a359ee4aa54de89e8b8af12b57c7568e03924a7769f3cee1d8825d2cd30c000f	none	0
tr04-official-1/T08-G1-r3/s3-recovery-seed1/static.json	12191	379172f32ceb248f7bb2abfe75151acf8170d7f5781448a9630a9efcb41adb23	379172f32ceb248f7bb2abfe75151acf8170d7f5781448a9630a9efcb41adb23	none	0
tr04-official-1/T08-G1-r3/s3-recovery-seed1/vision-stderr.log	26	f6259e2742222db4cedc0f46e1f9d79c113803494192992ee22d2e0ff6d9cc6e	f6259e2742222db4cedc0f46e1f9d79c113803494192992ee22d2e0ff6d9cc6e	none	0
tr04-official-1/T08-G1-r3/static.json	326	10bca77875fa486e6add24c995ccba88e306eb2af7a4feeffdc86c07df50a831	15f86b9de3c2346c2d950e5313a7f40c87206129c7682a98c61d114ef878bdb3	redact	1
tr04-official-1/T08-G1-r3/verdict.json	1156	eda72494497f8d2e4eb5fb11ed9e2b767d962e47124862808c543820cb824f7f	eda72494497f8d2e4eb5fb11ed9e2b767d962e47124862808c543820cb824f7f	none	0
tr04-official-1/T08-G2-r1/force.json	2212	b0acf3db22385cadacc80a2cca062bafab7403ae15a51b7879f49d9146ca289e	3bea9cdf14ec4625589c30d5e0d894e1344bd425884820ddbfe83d7332cf7ce6	redact	1
tr04-official-1/T08-G2-r1/s3-curtain-seed1/io_verdict.json	442	0d6016793d1093d7cc3322114b100f8661cdb354b1029bf0169ef2df01d2bed5	0d6016793d1093d7cc3322114b100f8661cdb354b1029bf0169ef2df01d2bed5	none	0
tr04-official-1/T08-G2-r1/s3-curtain-seed1/metadata.json	5305	d79ba5adf07685ed6c6034ee56924499fbf77611d50ace8f901eef7e403137b0	0e1103948b03fc0e37c3ac50b9db155d082b5451b3d62eabea78276b92f752bb	redact	10
tr04-official-1/T08-G2-r1/s3-curtain-seed1/plc-stderr.log	0	e3b0c44298fc1c149afbf4c8996fb92427ae41e4649b934ca495991b7852b855	e3b0c44298fc1c149afbf4c8996fb92427ae41e4649b934ca495991b7852b855	none	0
tr04-official-1/T08-G2-r1/s3-curtain-seed1/processes.json	133	2d682689e80bda8c5620f25653426df526d1fbc1117dd5af83750c779d3b7848	2d682689e80bda8c5620f25653426df526d1fbc1117dd5af83750c779d3b7848	none	0
tr04-official-1/T08-G2-r1/s3-curtain-seed1/reference-10ms-differences.json	3	37517e5f3dc66819f61f5a7bb8ace1921282415f10551d2defa5c3eb0985b570	37517e5f3dc66819f61f5a7bb8ace1921282415f10551d2defa5c3eb0985b570	none	0
tr04-official-1/T08-G2-r1/s3-curtain-seed1/static.json	12189	4230ffe967dfdc496eb70c5688779c3da3025cef54704cb0df3469840aa47681	4230ffe967dfdc496eb70c5688779c3da3025cef54704cb0df3469840aa47681	none	0
tr04-official-1/T08-G2-r1/s3-curtain-seed1/summary.json	4067	40bcf436caebd2636cc355938abf8be244d96873c2a306a6c7b2364467fe38d0	7ac4754192e7e3bcd46574aada9a5e1149243cb26b234fb8b5d72f7a899c9fd5	drop_tick_hashes	0
tr04-official-1/T08-G2-r1/s3-curtain-seed1/vision-stderr.log	26	f6259e2742222db4cedc0f46e1f9d79c113803494192992ee22d2e0ff6d9cc6e	f6259e2742222db4cedc0f46e1f9d79c113803494192992ee22d2e0ff6d9cc6e	none	0
tr04-official-1/T08-G2-r1/s3-normal-seed1/io_verdict.json	383	5764c90719e5a826eba5810eea1a7ffe0fd700369ade52d68ab4498083a4b600	5764c90719e5a826eba5810eea1a7ffe0fd700369ade52d68ab4498083a4b600	none	0
tr04-official-1/T08-G2-r1/s3-normal-seed1/metadata.json	5304	753f6e604ce2179162a6069bbcc962316a7c320a00db152313c8a44856b4db02	7c883225e1a33b9bed5eab462951435860e612d46e2b8e47d57cb753f8369c0b	redact	10
tr04-official-1/T08-G2-r1/s3-normal-seed1/plc-stderr.log	0	e3b0c44298fc1c149afbf4c8996fb92427ae41e4649b934ca495991b7852b855	e3b0c44298fc1c149afbf4c8996fb92427ae41e4649b934ca495991b7852b855	none	0
tr04-official-1/T08-G2-r1/s3-normal-seed1/processes.json	133	2d682689e80bda8c5620f25653426df526d1fbc1117dd5af83750c779d3b7848	2d682689e80bda8c5620f25653426df526d1fbc1117dd5af83750c779d3b7848	none	0
tr04-official-1/T08-G2-r1/s3-normal-seed1/reference-10ms-differences.json	3	37517e5f3dc66819f61f5a7bb8ace1921282415f10551d2defa5c3eb0985b570	37517e5f3dc66819f61f5a7bb8ace1921282415f10551d2defa5c3eb0985b570	none	0
tr04-official-1/T08-G2-r1/s3-normal-seed1/static.json	12189	4230ffe967dfdc496eb70c5688779c3da3025cef54704cb0df3469840aa47681	4230ffe967dfdc496eb70c5688779c3da3025cef54704cb0df3469840aa47681	none	0
tr04-official-1/T08-G2-r1/s3-normal-seed1/summary.json	4186	b087121c37eb8e95844f5af7a5da907c991eb0f2db9e4910f4ea21d9dfc387e1	b47454c55780e38b1021716532a552d20089a7c7e0d35706cdf4adf734d00a4f	drop_tick_hashes	0
tr04-official-1/T08-G2-r1/s3-normal-seed1/vision-stderr.log	26	f6259e2742222db4cedc0f46e1f9d79c113803494192992ee22d2e0ff6d9cc6e	f6259e2742222db4cedc0f46e1f9d79c113803494192992ee22d2e0ff6d9cc6e	none	0
tr04-official-1/T08-G2-r1/s3-normal-seed2/io_verdict.json	383	83da5e3273ff972c39964988f706e20a4642491265ba03a1382068d67c4f5ff7	83da5e3273ff972c39964988f706e20a4642491265ba03a1382068d67c4f5ff7	none	0
tr04-official-1/T08-G2-r1/s3-normal-seed2/metadata.json	5304	8c4e1e7845f3d3c3e29c6dfb6b8d24a6f70dc218a5e35e83febc1de0201e6fd8	06d9d307533445f7a043852624e592ae5cdd5ace9610ad1504572f49eca072bb	redact	10
tr04-official-1/T08-G2-r1/s3-normal-seed2/plc-stderr.log	0	e3b0c44298fc1c149afbf4c8996fb92427ae41e4649b934ca495991b7852b855	e3b0c44298fc1c149afbf4c8996fb92427ae41e4649b934ca495991b7852b855	none	0
tr04-official-1/T08-G2-r1/s3-normal-seed2/processes.json	133	2d682689e80bda8c5620f25653426df526d1fbc1117dd5af83750c779d3b7848	2d682689e80bda8c5620f25653426df526d1fbc1117dd5af83750c779d3b7848	none	0
tr04-official-1/T08-G2-r1/s3-normal-seed2/reference-10ms-differences.json	3	37517e5f3dc66819f61f5a7bb8ace1921282415f10551d2defa5c3eb0985b570	37517e5f3dc66819f61f5a7bb8ace1921282415f10551d2defa5c3eb0985b570	none	0
tr04-official-1/T08-G2-r1/s3-normal-seed2/static.json	12189	4230ffe967dfdc496eb70c5688779c3da3025cef54704cb0df3469840aa47681	4230ffe967dfdc496eb70c5688779c3da3025cef54704cb0df3469840aa47681	none	0
tr04-official-1/T08-G2-r1/s3-normal-seed2/summary.json	4190	732b93ad4f8648e32a71d297e9a0b5e1ec3d368317fdb05dc04851dc6a4e279e	ce23393bf3c312c636a2b8a146b4a05b0f1ae5dac5e6baac144eb64461b1e758	drop_tick_hashes	0
tr04-official-1/T08-G2-r1/s3-normal-seed2/vision-stderr.log	26	f6259e2742222db4cedc0f46e1f9d79c113803494192992ee22d2e0ff6d9cc6e	f6259e2742222db4cedc0f46e1f9d79c113803494192992ee22d2e0ff6d9cc6e	none	0
tr04-official-1/T08-G2-r1/s3-normal-seed3/io_verdict.json	383	0007070d2e319ecd363bdfafce6d41c38238c32859c88c342266c82bfdf40462	0007070d2e319ecd363bdfafce6d41c38238c32859c88c342266c82bfdf40462	none	0
tr04-official-1/T08-G2-r1/s3-normal-seed3/metadata.json	5304	bc019fa7852168b321f5a93a19c144bf0b7a3fc2a4d87453cfbb4c86fb29a7d5	a981a992a2329003eb2dfa10150f4cbf722bc76d8dd32fea599946ee20e656e6	redact	10
tr04-official-1/T08-G2-r1/s3-normal-seed3/plc-stderr.log	0	e3b0c44298fc1c149afbf4c8996fb92427ae41e4649b934ca495991b7852b855	e3b0c44298fc1c149afbf4c8996fb92427ae41e4649b934ca495991b7852b855	none	0
tr04-official-1/T08-G2-r1/s3-normal-seed3/processes.json	133	2d682689e80bda8c5620f25653426df526d1fbc1117dd5af83750c779d3b7848	2d682689e80bda8c5620f25653426df526d1fbc1117dd5af83750c779d3b7848	none	0
tr04-official-1/T08-G2-r1/s3-normal-seed3/reference-10ms-differences.json	3	37517e5f3dc66819f61f5a7bb8ace1921282415f10551d2defa5c3eb0985b570	37517e5f3dc66819f61f5a7bb8ace1921282415f10551d2defa5c3eb0985b570	none	0
tr04-official-1/T08-G2-r1/s3-normal-seed3/static.json	12189	4230ffe967dfdc496eb70c5688779c3da3025cef54704cb0df3469840aa47681	4230ffe967dfdc496eb70c5688779c3da3025cef54704cb0df3469840aa47681	none	0
tr04-official-1/T08-G2-r1/s3-normal-seed3/summary.json	4191	494488f895e3f549a168e216456e3ff0324ca320bc37ecb124c62e7668f774de	49742171ffd69140ce78770619962634d5c33b1934d94c1d0d9941b78404e3f3	drop_tick_hashes	0
tr04-official-1/T08-G2-r1/s3-normal-seed3/vision-stderr.log	26	f6259e2742222db4cedc0f46e1f9d79c113803494192992ee22d2e0ff6d9cc6e	f6259e2742222db4cedc0f46e1f9d79c113803494192992ee22d2e0ff6d9cc6e	none	0
tr04-official-1/T08-G2-r1/s3-recovery-retract-seed1/failure.json	75	0c6032cd07861e1f85d433c4777029e5b595339c22f506d8d7369fa926454217	0c6032cd07861e1f85d433c4777029e5b595339c22f506d8d7369fa926454217	none	0
tr04-official-1/T08-G2-r1/s3-recovery-retract-seed1/io_verdict.json	451	052be0d43fa3e754cebfb1cf553a1e9e0bdaf80eaaf9f7f5d4ace5924952ae26	052be0d43fa3e754cebfb1cf553a1e9e0bdaf80eaaf9f7f5d4ace5924952ae26	none	0
tr04-official-1/T08-G2-r1/s3-recovery-retract-seed1/metadata.json	5314	3e1403630f5e6088dcf9ba71aad6de95dda087f62490c54ac56b6f30912301dc	2c77092ec0ee36ad4d2901af9258a131b8a01759fedbacd6908a59333440a462	redact	10
tr04-official-1/T08-G2-r1/s3-recovery-retract-seed1/plc-stderr.log	0	e3b0c44298fc1c149afbf4c8996fb92427ae41e4649b934ca495991b7852b855	e3b0c44298fc1c149afbf4c8996fb92427ae41e4649b934ca495991b7852b855	none	0
tr04-official-1/T08-G2-r1/s3-recovery-retract-seed1/processes.json	134	a359ee4aa54de89e8b8af12b57c7568e03924a7769f3cee1d8825d2cd30c000f	a359ee4aa54de89e8b8af12b57c7568e03924a7769f3cee1d8825d2cd30c000f	none	0
tr04-official-1/T08-G2-r1/s3-recovery-retract-seed1/static.json	12189	4230ffe967dfdc496eb70c5688779c3da3025cef54704cb0df3469840aa47681	4230ffe967dfdc496eb70c5688779c3da3025cef54704cb0df3469840aa47681	none	0
tr04-official-1/T08-G2-r1/s3-recovery-retract-seed1/vision-stderr.log	26	f6259e2742222db4cedc0f46e1f9d79c113803494192992ee22d2e0ff6d9cc6e	f6259e2742222db4cedc0f46e1f9d79c113803494192992ee22d2e0ff6d9cc6e	none	0
tr04-official-1/T08-G2-r1/s3-recovery-seed1/failure.json	75	0c6032cd07861e1f85d433c4777029e5b595339c22f506d8d7369fa926454217	0c6032cd07861e1f85d433c4777029e5b595339c22f506d8d7369fa926454217	none	0
tr04-official-1/T08-G2-r1/s3-recovery-seed1/io_verdict.json	443	c3b2feb77af86b08121ea46e6d92b8dd2defd43618446f6270768933cdbfd57d	c3b2feb77af86b08121ea46e6d92b8dd2defd43618446f6270768933cdbfd57d	none	0
tr04-official-1/T08-G2-r1/s3-recovery-seed1/metadata.json	5306	dcb5f6cff699d559e431e46ed4617565695f5b0aea39c0c6b7b8d18a3ea3e858	3f56c025136fdee601070eed24289e3aebac3adc73c9635529409e3cac6b45dd	redact	10
tr04-official-1/T08-G2-r1/s3-recovery-seed1/plc-stderr.log	0	e3b0c44298fc1c149afbf4c8996fb92427ae41e4649b934ca495991b7852b855	e3b0c44298fc1c149afbf4c8996fb92427ae41e4649b934ca495991b7852b855	none	0
tr04-official-1/T08-G2-r1/s3-recovery-seed1/processes.json	134	a359ee4aa54de89e8b8af12b57c7568e03924a7769f3cee1d8825d2cd30c000f	a359ee4aa54de89e8b8af12b57c7568e03924a7769f3cee1d8825d2cd30c000f	none	0
tr04-official-1/T08-G2-r1/s3-recovery-seed1/static.json	12189	4230ffe967dfdc496eb70c5688779c3da3025cef54704cb0df3469840aa47681	4230ffe967dfdc496eb70c5688779c3da3025cef54704cb0df3469840aa47681	none	0
tr04-official-1/T08-G2-r1/s3-recovery-seed1/vision-stderr.log	26	f6259e2742222db4cedc0f46e1f9d79c113803494192992ee22d2e0ff6d9cc6e	f6259e2742222db4cedc0f46e1f9d79c113803494192992ee22d2e0ff6d9cc6e	none	0
tr04-official-1/T08-G2-r1/static.json	326	c0b07c2c3b1e991e91ab58bb86f7124349cb5d198d6acc1f90b5f987c30f9ad4	9c9da527552e682c6b903d7f5420a6714e3d6e8425cb3feb0210d9eadda95088	redact	1
tr04-official-1/T08-G2-r1/verdict.json	1156	5b4a09acab3fe16185960f73dd8bd4fdcc9b1c3b7c97b69b19ae4d56d834a894	5b4a09acab3fe16185960f73dd8bd4fdcc9b1c3b7c97b69b19ae4d56d834a894	none	0
tr04-official-1/T08-G2-r2/force.json	2212	a55ba0f84f2e270fcaa6e87e36f6fc9d4b497c5c83ec3386320f21278f03bd27	20ae58f7c777c814ea90faaa728119de5d26453edefb54552b28d59bec242c5e	redact	1
tr04-official-1/T08-G2-r2/s3-curtain-seed1/io_verdict.json	442	0d6016793d1093d7cc3322114b100f8661cdb354b1029bf0169ef2df01d2bed5	0d6016793d1093d7cc3322114b100f8661cdb354b1029bf0169ef2df01d2bed5	none	0
tr04-official-1/T08-G2-r2/s3-curtain-seed1/metadata.json	5305	22f84279291a1c7dfb3bd18e0488645bb6704c0b0a901e9dcd6bf567157a238f	233db6fdd98a15e255ac96028ff9fcc4d99cf0c0c0bcbbd3c677e3a6329c7b50	redact	10
tr04-official-1/T08-G2-r2/s3-curtain-seed1/plc-stderr.log	0	e3b0c44298fc1c149afbf4c8996fb92427ae41e4649b934ca495991b7852b855	e3b0c44298fc1c149afbf4c8996fb92427ae41e4649b934ca495991b7852b855	none	0
tr04-official-1/T08-G2-r2/s3-curtain-seed1/processes.json	133	2d682689e80bda8c5620f25653426df526d1fbc1117dd5af83750c779d3b7848	2d682689e80bda8c5620f25653426df526d1fbc1117dd5af83750c779d3b7848	none	0
tr04-official-1/T08-G2-r2/s3-curtain-seed1/reference-10ms-differences.json	3	37517e5f3dc66819f61f5a7bb8ace1921282415f10551d2defa5c3eb0985b570	37517e5f3dc66819f61f5a7bb8ace1921282415f10551d2defa5c3eb0985b570	none	0
tr04-official-1/T08-G2-r2/s3-curtain-seed1/static.json	12189	4230ffe967dfdc496eb70c5688779c3da3025cef54704cb0df3469840aa47681	4230ffe967dfdc496eb70c5688779c3da3025cef54704cb0df3469840aa47681	none	0
tr04-official-1/T08-G2-r2/s3-curtain-seed1/summary.json	4067	5835650740fe6685b4fde7546b73a60acd8bdeaf1e899b672079145bc8a44102	11819c1f749d17ec4b22d25d8f9a5c295987b1fd451142ccb9a33ea31ebc206b	drop_tick_hashes	0
tr04-official-1/T08-G2-r2/s3-curtain-seed1/vision-stderr.log	26	f6259e2742222db4cedc0f46e1f9d79c113803494192992ee22d2e0ff6d9cc6e	f6259e2742222db4cedc0f46e1f9d79c113803494192992ee22d2e0ff6d9cc6e	none	0
tr04-official-1/T08-G2-r2/s3-normal-seed1/io_verdict.json	383	5764c90719e5a826eba5810eea1a7ffe0fd700369ade52d68ab4498083a4b600	5764c90719e5a826eba5810eea1a7ffe0fd700369ade52d68ab4498083a4b600	none	0
tr04-official-1/T08-G2-r2/s3-normal-seed1/metadata.json	5304	73026e7bc43e3fe39b844679a50d28c114574efea489fc6c83ad339458dbbbe3	2ad52c096c1891a75532028b65a5073f0604ce4fc82ae94d79f1289eed0114f5	redact	10
tr04-official-1/T08-G2-r2/s3-normal-seed1/plc-stderr.log	0	e3b0c44298fc1c149afbf4c8996fb92427ae41e4649b934ca495991b7852b855	e3b0c44298fc1c149afbf4c8996fb92427ae41e4649b934ca495991b7852b855	none	0
tr04-official-1/T08-G2-r2/s3-normal-seed1/processes.json	133	2d682689e80bda8c5620f25653426df526d1fbc1117dd5af83750c779d3b7848	2d682689e80bda8c5620f25653426df526d1fbc1117dd5af83750c779d3b7848	none	0
tr04-official-1/T08-G2-r2/s3-normal-seed1/reference-10ms-differences.json	3	37517e5f3dc66819f61f5a7bb8ace1921282415f10551d2defa5c3eb0985b570	37517e5f3dc66819f61f5a7bb8ace1921282415f10551d2defa5c3eb0985b570	none	0
tr04-official-1/T08-G2-r2/s3-normal-seed1/static.json	12189	4230ffe967dfdc496eb70c5688779c3da3025cef54704cb0df3469840aa47681	4230ffe967dfdc496eb70c5688779c3da3025cef54704cb0df3469840aa47681	none	0
tr04-official-1/T08-G2-r2/s3-normal-seed1/summary.json	4186	e6cfd419d8377cec83998385787c84f364b69716adbe5a8af598dd9fedd6e439	0ceda5e82f9a53f8f8d30c3a6d590803e22d42c224739700cdff3856171d38ce	drop_tick_hashes	0
tr04-official-1/T08-G2-r2/s3-normal-seed1/vision-stderr.log	26	f6259e2742222db4cedc0f46e1f9d79c113803494192992ee22d2e0ff6d9cc6e	f6259e2742222db4cedc0f46e1f9d79c113803494192992ee22d2e0ff6d9cc6e	none	0
tr04-official-1/T08-G2-r2/s3-normal-seed2/io_verdict.json	383	83da5e3273ff972c39964988f706e20a4642491265ba03a1382068d67c4f5ff7	83da5e3273ff972c39964988f706e20a4642491265ba03a1382068d67c4f5ff7	none	0
tr04-official-1/T08-G2-r2/s3-normal-seed2/metadata.json	5304	357565b3cd6fdc9fa03ca5c66f6c8e920913e5df58600daac9535df8c19ca8cf	088478e98050c16c7bf365764fc00d0529f545158301598e10e6f83e83778f56	redact	10
tr04-official-1/T08-G2-r2/s3-normal-seed2/plc-stderr.log	0	e3b0c44298fc1c149afbf4c8996fb92427ae41e4649b934ca495991b7852b855	e3b0c44298fc1c149afbf4c8996fb92427ae41e4649b934ca495991b7852b855	none	0
tr04-official-1/T08-G2-r2/s3-normal-seed2/processes.json	133	2d682689e80bda8c5620f25653426df526d1fbc1117dd5af83750c779d3b7848	2d682689e80bda8c5620f25653426df526d1fbc1117dd5af83750c779d3b7848	none	0
tr04-official-1/T08-G2-r2/s3-normal-seed2/reference-10ms-differences.json	3	37517e5f3dc66819f61f5a7bb8ace1921282415f10551d2defa5c3eb0985b570	37517e5f3dc66819f61f5a7bb8ace1921282415f10551d2defa5c3eb0985b570	none	0
tr04-official-1/T08-G2-r2/s3-normal-seed2/static.json	12189	4230ffe967dfdc496eb70c5688779c3da3025cef54704cb0df3469840aa47681	4230ffe967dfdc496eb70c5688779c3da3025cef54704cb0df3469840aa47681	none	0
tr04-official-1/T08-G2-r2/s3-normal-seed2/summary.json	4190	2e7f2b0c8f512f30b7353378087d258982232ba8cfbed53719abd90183bef0b9	42b0f4505e2b8481f7d566b7709aaa5c82aac78726ed4ba0d1d88e942285134c	drop_tick_hashes	0
tr04-official-1/T08-G2-r2/s3-normal-seed2/vision-stderr.log	26	f6259e2742222db4cedc0f46e1f9d79c113803494192992ee22d2e0ff6d9cc6e	f6259e2742222db4cedc0f46e1f9d79c113803494192992ee22d2e0ff6d9cc6e	none	0
tr04-official-1/T08-G2-r2/s3-normal-seed3/io_verdict.json	383	0007070d2e319ecd363bdfafce6d41c38238c32859c88c342266c82bfdf40462	0007070d2e319ecd363bdfafce6d41c38238c32859c88c342266c82bfdf40462	none	0
tr04-official-1/T08-G2-r2/s3-normal-seed3/metadata.json	5304	6c56a40a25a58f6aaa8772d7f758bfe887b28ff21d8d579caf11c6c8c873b953	6754a8657d56eb2038a6d69821baadc6f3b4fb47f6d28ce4f1f39fd7e4f55323	redact	10
tr04-official-1/T08-G2-r2/s3-normal-seed3/plc-stderr.log	0	e3b0c44298fc1c149afbf4c8996fb92427ae41e4649b934ca495991b7852b855	e3b0c44298fc1c149afbf4c8996fb92427ae41e4649b934ca495991b7852b855	none	0
tr04-official-1/T08-G2-r2/s3-normal-seed3/processes.json	133	2d682689e80bda8c5620f25653426df526d1fbc1117dd5af83750c779d3b7848	2d682689e80bda8c5620f25653426df526d1fbc1117dd5af83750c779d3b7848	none	0
tr04-official-1/T08-G2-r2/s3-normal-seed3/reference-10ms-differences.json	3	37517e5f3dc66819f61f5a7bb8ace1921282415f10551d2defa5c3eb0985b570	37517e5f3dc66819f61f5a7bb8ace1921282415f10551d2defa5c3eb0985b570	none	0
tr04-official-1/T08-G2-r2/s3-normal-seed3/static.json	12189	4230ffe967dfdc496eb70c5688779c3da3025cef54704cb0df3469840aa47681	4230ffe967dfdc496eb70c5688779c3da3025cef54704cb0df3469840aa47681	none	0
tr04-official-1/T08-G2-r2/s3-normal-seed3/summary.json	4191	0b3e7e912a3f1d61831fc48ad663123d1688127d2bd06ac433026c96a02c46f0	8a7639d2318e196113780d23531a65609c3ff7852d54a2712956404a2ba7c0e5	drop_tick_hashes	0
tr04-official-1/T08-G2-r2/s3-normal-seed3/vision-stderr.log	26	f6259e2742222db4cedc0f46e1f9d79c113803494192992ee22d2e0ff6d9cc6e	f6259e2742222db4cedc0f46e1f9d79c113803494192992ee22d2e0ff6d9cc6e	none	0
tr04-official-1/T08-G2-r2/s3-recovery-retract-seed1/failure.json	75	0c6032cd07861e1f85d433c4777029e5b595339c22f506d8d7369fa926454217	0c6032cd07861e1f85d433c4777029e5b595339c22f506d8d7369fa926454217	none	0
tr04-official-1/T08-G2-r2/s3-recovery-retract-seed1/io_verdict.json	451	052be0d43fa3e754cebfb1cf553a1e9e0bdaf80eaaf9f7f5d4ace5924952ae26	052be0d43fa3e754cebfb1cf553a1e9e0bdaf80eaaf9f7f5d4ace5924952ae26	none	0
tr04-official-1/T08-G2-r2/s3-recovery-retract-seed1/metadata.json	5314	2cc4d357eabd0748e5c92e569663abc3deb25d2e4b8a346ec82a988d8efcad3e	4eb9d8a797c8b1015bf8d62eaa2546c50e4110a4529b47c2063ba48bf55188d5	redact	10
tr04-official-1/T08-G2-r2/s3-recovery-retract-seed1/plc-stderr.log	0	e3b0c44298fc1c149afbf4c8996fb92427ae41e4649b934ca495991b7852b855	e3b0c44298fc1c149afbf4c8996fb92427ae41e4649b934ca495991b7852b855	none	0
tr04-official-1/T08-G2-r2/s3-recovery-retract-seed1/processes.json	134	a359ee4aa54de89e8b8af12b57c7568e03924a7769f3cee1d8825d2cd30c000f	a359ee4aa54de89e8b8af12b57c7568e03924a7769f3cee1d8825d2cd30c000f	none	0
tr04-official-1/T08-G2-r2/s3-recovery-retract-seed1/static.json	12189	4230ffe967dfdc496eb70c5688779c3da3025cef54704cb0df3469840aa47681	4230ffe967dfdc496eb70c5688779c3da3025cef54704cb0df3469840aa47681	none	0
tr04-official-1/T08-G2-r2/s3-recovery-retract-seed1/vision-stderr.log	26	f6259e2742222db4cedc0f46e1f9d79c113803494192992ee22d2e0ff6d9cc6e	f6259e2742222db4cedc0f46e1f9d79c113803494192992ee22d2e0ff6d9cc6e	none	0
tr04-official-1/T08-G2-r2/s3-recovery-seed1/failure.json	75	0c6032cd07861e1f85d433c4777029e5b595339c22f506d8d7369fa926454217	0c6032cd07861e1f85d433c4777029e5b595339c22f506d8d7369fa926454217	none	0
tr04-official-1/T08-G2-r2/s3-recovery-seed1/io_verdict.json	443	c3b2feb77af86b08121ea46e6d92b8dd2defd43618446f6270768933cdbfd57d	c3b2feb77af86b08121ea46e6d92b8dd2defd43618446f6270768933cdbfd57d	none	0
tr04-official-1/T08-G2-r2/s3-recovery-seed1/metadata.json	5306	4e43eb39c86b6865afe7dac848982dfec7c8150ac7f6d88a7d4aa3de2745c823	3d58c561761af47faf00cb7ca44634730ef2ca8056e88c9c48b61ec7f5570d40	redact	10
tr04-official-1/T08-G2-r2/s3-recovery-seed1/plc-stderr.log	0	e3b0c44298fc1c149afbf4c8996fb92427ae41e4649b934ca495991b7852b855	e3b0c44298fc1c149afbf4c8996fb92427ae41e4649b934ca495991b7852b855	none	0
tr04-official-1/T08-G2-r2/s3-recovery-seed1/processes.json	134	a359ee4aa54de89e8b8af12b57c7568e03924a7769f3cee1d8825d2cd30c000f	a359ee4aa54de89e8b8af12b57c7568e03924a7769f3cee1d8825d2cd30c000f	none	0
tr04-official-1/T08-G2-r2/s3-recovery-seed1/static.json	12189	4230ffe967dfdc496eb70c5688779c3da3025cef54704cb0df3469840aa47681	4230ffe967dfdc496eb70c5688779c3da3025cef54704cb0df3469840aa47681	none	0
tr04-official-1/T08-G2-r2/s3-recovery-seed1/vision-stderr.log	26	f6259e2742222db4cedc0f46e1f9d79c113803494192992ee22d2e0ff6d9cc6e	f6259e2742222db4cedc0f46e1f9d79c113803494192992ee22d2e0ff6d9cc6e	none	0
tr04-official-1/T08-G2-r2/static.json	326	5466f3122a43bd017e00f504b9e01ff94585f0087420e30581e75bd42beb0d49	059e6ca87e6f33e3fb259884a72c94e56770a5688d59dbe440cd3e638fbbd2b2	redact	1
tr04-official-1/T08-G2-r2/verdict.json	1156	433183152af8e0272097b5ddd26e1c4814691bd13de86e4455cec9d992206119	433183152af8e0272097b5ddd26e1c4814691bd13de86e4455cec9d992206119	none	0
tr04-official-1/T08-G2-r3/force.json	2212	9829493c4d085ffd022b970f4a34c81957cb0fcff4fcf8e81f87c4a7c35e04de	361b2e758637870675e8f6e69a7747035c5d0f2a9460ef3e4e5140ab62c972ad	redact	1
tr04-official-1/T08-G2-r3/s3-curtain-seed1/io_verdict.json	442	0d6016793d1093d7cc3322114b100f8661cdb354b1029bf0169ef2df01d2bed5	0d6016793d1093d7cc3322114b100f8661cdb354b1029bf0169ef2df01d2bed5	none	0
tr04-official-1/T08-G2-r3/s3-curtain-seed1/metadata.json	5305	4e1c77c924cc5312aef27a54c0ea0a21db13ea109147341202dda4c5e274e9d5	d019acb0f3d5bdaac0eb4118288a02c27587afb6530515f73fd566f192e2da7c	redact	10
tr04-official-1/T08-G2-r3/s3-curtain-seed1/plc-stderr.log	0	e3b0c44298fc1c149afbf4c8996fb92427ae41e4649b934ca495991b7852b855	e3b0c44298fc1c149afbf4c8996fb92427ae41e4649b934ca495991b7852b855	none	0
tr04-official-1/T08-G2-r3/s3-curtain-seed1/processes.json	133	2d682689e80bda8c5620f25653426df526d1fbc1117dd5af83750c779d3b7848	2d682689e80bda8c5620f25653426df526d1fbc1117dd5af83750c779d3b7848	none	0
tr04-official-1/T08-G2-r3/s3-curtain-seed1/reference-10ms-differences.json	3	37517e5f3dc66819f61f5a7bb8ace1921282415f10551d2defa5c3eb0985b570	37517e5f3dc66819f61f5a7bb8ace1921282415f10551d2defa5c3eb0985b570	none	0
tr04-official-1/T08-G2-r3/s3-curtain-seed1/static.json	12189	6a5b5fe1f2c4d17860d516f99a44d019dc2c9249c7e08e0f238b22790d811b2b	6a5b5fe1f2c4d17860d516f99a44d019dc2c9249c7e08e0f238b22790d811b2b	none	0
tr04-official-1/T08-G2-r3/s3-curtain-seed1/summary.json	4067	fe950bde637cdee8958da1f216251287f2965f8da53f86ec630f1b4a55ee9993	76741f6c55e8993eb061853994937c7bb7d9112f270cebc4d96fd4ac97a14849	drop_tick_hashes	0
tr04-official-1/T08-G2-r3/s3-curtain-seed1/vision-stderr.log	26	f6259e2742222db4cedc0f46e1f9d79c113803494192992ee22d2e0ff6d9cc6e	f6259e2742222db4cedc0f46e1f9d79c113803494192992ee22d2e0ff6d9cc6e	none	0
tr04-official-1/T08-G2-r3/s3-normal-seed1/io_verdict.json	383	5764c90719e5a826eba5810eea1a7ffe0fd700369ade52d68ab4498083a4b600	5764c90719e5a826eba5810eea1a7ffe0fd700369ade52d68ab4498083a4b600	none	0
tr04-official-1/T08-G2-r3/s3-normal-seed1/metadata.json	5304	4b86fc7acb8be20e6f52879db73b9b26fc5c6a9d8fdf5b10dbdd356f562a8a16	24092519a173cea1b3be155f08c22f34a8f17f1e874628ed9368480bf4d8f151	redact	10
tr04-official-1/T08-G2-r3/s3-normal-seed1/plc-stderr.log	0	e3b0c44298fc1c149afbf4c8996fb92427ae41e4649b934ca495991b7852b855	e3b0c44298fc1c149afbf4c8996fb92427ae41e4649b934ca495991b7852b855	none	0
tr04-official-1/T08-G2-r3/s3-normal-seed1/processes.json	133	2d682689e80bda8c5620f25653426df526d1fbc1117dd5af83750c779d3b7848	2d682689e80bda8c5620f25653426df526d1fbc1117dd5af83750c779d3b7848	none	0
tr04-official-1/T08-G2-r3/s3-normal-seed1/reference-10ms-differences.json	3	37517e5f3dc66819f61f5a7bb8ace1921282415f10551d2defa5c3eb0985b570	37517e5f3dc66819f61f5a7bb8ace1921282415f10551d2defa5c3eb0985b570	none	0
tr04-official-1/T08-G2-r3/s3-normal-seed1/static.json	12189	6a5b5fe1f2c4d17860d516f99a44d019dc2c9249c7e08e0f238b22790d811b2b	6a5b5fe1f2c4d17860d516f99a44d019dc2c9249c7e08e0f238b22790d811b2b	none	0
tr04-official-1/T08-G2-r3/s3-normal-seed1/summary.json	4186	f36bc3c8e0bc17d725db5b914a029ee477e8c5a78467427b63761d6e357f677d	6a145d610ba33ba7febb52a3dd2fb1225a5daa694ee7a462f426681a5f5782c3	drop_tick_hashes	0
tr04-official-1/T08-G2-r3/s3-normal-seed1/vision-stderr.log	26	f6259e2742222db4cedc0f46e1f9d79c113803494192992ee22d2e0ff6d9cc6e	f6259e2742222db4cedc0f46e1f9d79c113803494192992ee22d2e0ff6d9cc6e	none	0
tr04-official-1/T08-G2-r3/s3-normal-seed2/io_verdict.json	383	83da5e3273ff972c39964988f706e20a4642491265ba03a1382068d67c4f5ff7	83da5e3273ff972c39964988f706e20a4642491265ba03a1382068d67c4f5ff7	none	0
tr04-official-1/T08-G2-r3/s3-normal-seed2/metadata.json	5304	b25ddb771360678efe12ce09ea1a78543a458076f3b4000cabc36b2d77dbec6a	e2708e8fa21bd5f0c022bc9c88794c705604c858db2dd4b4e6ce8cf997ca7a04	redact	10
tr04-official-1/T08-G2-r3/s3-normal-seed2/plc-stderr.log	0	e3b0c44298fc1c149afbf4c8996fb92427ae41e4649b934ca495991b7852b855	e3b0c44298fc1c149afbf4c8996fb92427ae41e4649b934ca495991b7852b855	none	0
tr04-official-1/T08-G2-r3/s3-normal-seed2/processes.json	133	2d682689e80bda8c5620f25653426df526d1fbc1117dd5af83750c779d3b7848	2d682689e80bda8c5620f25653426df526d1fbc1117dd5af83750c779d3b7848	none	0
tr04-official-1/T08-G2-r3/s3-normal-seed2/reference-10ms-differences.json	3	37517e5f3dc66819f61f5a7bb8ace1921282415f10551d2defa5c3eb0985b570	37517e5f3dc66819f61f5a7bb8ace1921282415f10551d2defa5c3eb0985b570	none	0
tr04-official-1/T08-G2-r3/s3-normal-seed2/static.json	12189	6a5b5fe1f2c4d17860d516f99a44d019dc2c9249c7e08e0f238b22790d811b2b	6a5b5fe1f2c4d17860d516f99a44d019dc2c9249c7e08e0f238b22790d811b2b	none	0
tr04-official-1/T08-G2-r3/s3-normal-seed2/summary.json	4190	a24c573604989372b4f39c04f1ffb82aa7fdab9d20f1462c7181c59c68d4777e	966ad9cf7fe605567e8c93b4845ec79a109120b8f5e899b4de646c9d62487ae1	drop_tick_hashes	0
tr04-official-1/T08-G2-r3/s3-normal-seed2/vision-stderr.log	26	f6259e2742222db4cedc0f46e1f9d79c113803494192992ee22d2e0ff6d9cc6e	f6259e2742222db4cedc0f46e1f9d79c113803494192992ee22d2e0ff6d9cc6e	none	0
tr04-official-1/T08-G2-r3/s3-normal-seed3/io_verdict.json	383	0007070d2e319ecd363bdfafce6d41c38238c32859c88c342266c82bfdf40462	0007070d2e319ecd363bdfafce6d41c38238c32859c88c342266c82bfdf40462	none	0
tr04-official-1/T08-G2-r3/s3-normal-seed3/metadata.json	5304	1757e1e3890db9970a6b0d7fcee0903e2ac79223ca96778eb65654d49aef6c97	6a12105859bc27f35cd16c05f5ea9ddd9bb878bc09d098c829eed5a122695145	redact	10
tr04-official-1/T08-G2-r3/s3-normal-seed3/plc-stderr.log	0	e3b0c44298fc1c149afbf4c8996fb92427ae41e4649b934ca495991b7852b855	e3b0c44298fc1c149afbf4c8996fb92427ae41e4649b934ca495991b7852b855	none	0
tr04-official-1/T08-G2-r3/s3-normal-seed3/processes.json	133	2d682689e80bda8c5620f25653426df526d1fbc1117dd5af83750c779d3b7848	2d682689e80bda8c5620f25653426df526d1fbc1117dd5af83750c779d3b7848	none	0
tr04-official-1/T08-G2-r3/s3-normal-seed3/reference-10ms-differences.json	3	37517e5f3dc66819f61f5a7bb8ace1921282415f10551d2defa5c3eb0985b570	37517e5f3dc66819f61f5a7bb8ace1921282415f10551d2defa5c3eb0985b570	none	0
tr04-official-1/T08-G2-r3/s3-normal-seed3/static.json	12189	6a5b5fe1f2c4d17860d516f99a44d019dc2c9249c7e08e0f238b22790d811b2b	6a5b5fe1f2c4d17860d516f99a44d019dc2c9249c7e08e0f238b22790d811b2b	none	0
tr04-official-1/T08-G2-r3/s3-normal-seed3/summary.json	4191	f0d73858f6b77fe98d96bb8f9f1daeee06dc621e54a8a5c18d83fbd5ea9a2f73	f1722fc392ea7141c5a6bc57db1c54a24b80e128626e281d7c35f2826563b472	drop_tick_hashes	0
tr04-official-1/T08-G2-r3/s3-normal-seed3/vision-stderr.log	26	f6259e2742222db4cedc0f46e1f9d79c113803494192992ee22d2e0ff6d9cc6e	f6259e2742222db4cedc0f46e1f9d79c113803494192992ee22d2e0ff6d9cc6e	none	0
tr04-official-1/T08-G2-r3/s3-recovery-retract-seed1/failure.json	75	0c6032cd07861e1f85d433c4777029e5b595339c22f506d8d7369fa926454217	0c6032cd07861e1f85d433c4777029e5b595339c22f506d8d7369fa926454217	none	0
tr04-official-1/T08-G2-r3/s3-recovery-retract-seed1/io_verdict.json	451	052be0d43fa3e754cebfb1cf553a1e9e0bdaf80eaaf9f7f5d4ace5924952ae26	052be0d43fa3e754cebfb1cf553a1e9e0bdaf80eaaf9f7f5d4ace5924952ae26	none	0
tr04-official-1/T08-G2-r3/s3-recovery-retract-seed1/metadata.json	5314	3f6e9ae1565d10fe66c13657da9d89cd7a7b2739df556c4bcad6e563c9534918	2d3446c94d85ef92921006bed5d82a5bebbc4a6764d3f6146f7539dc0a1c1cae	redact	10
tr04-official-1/T08-G2-r3/s3-recovery-retract-seed1/plc-stderr.log	0	e3b0c44298fc1c149afbf4c8996fb92427ae41e4649b934ca495991b7852b855	e3b0c44298fc1c149afbf4c8996fb92427ae41e4649b934ca495991b7852b855	none	0
tr04-official-1/T08-G2-r3/s3-recovery-retract-seed1/processes.json	134	a359ee4aa54de89e8b8af12b57c7568e03924a7769f3cee1d8825d2cd30c000f	a359ee4aa54de89e8b8af12b57c7568e03924a7769f3cee1d8825d2cd30c000f	none	0
tr04-official-1/T08-G2-r3/s3-recovery-retract-seed1/static.json	12189	6a5b5fe1f2c4d17860d516f99a44d019dc2c9249c7e08e0f238b22790d811b2b	6a5b5fe1f2c4d17860d516f99a44d019dc2c9249c7e08e0f238b22790d811b2b	none	0
tr04-official-1/T08-G2-r3/s3-recovery-retract-seed1/vision-stderr.log	26	f6259e2742222db4cedc0f46e1f9d79c113803494192992ee22d2e0ff6d9cc6e	f6259e2742222db4cedc0f46e1f9d79c113803494192992ee22d2e0ff6d9cc6e	none	0
tr04-official-1/T08-G2-r3/s3-recovery-seed1/failure.json	75	0c6032cd07861e1f85d433c4777029e5b595339c22f506d8d7369fa926454217	0c6032cd07861e1f85d433c4777029e5b595339c22f506d8d7369fa926454217	none	0
tr04-official-1/T08-G2-r3/s3-recovery-seed1/io_verdict.json	443	c3b2feb77af86b08121ea46e6d92b8dd2defd43618446f6270768933cdbfd57d	c3b2feb77af86b08121ea46e6d92b8dd2defd43618446f6270768933cdbfd57d	none	0
tr04-official-1/T08-G2-r3/s3-recovery-seed1/metadata.json	5306	6ffd2aa706189a937b8bd817bc5e35699e74e7c4dfe1cc57f5d56ac62964aecf	848405340ac3e40df8b87f046914d66648e6da9afd8e383c907144f28de1b220	redact	10
tr04-official-1/T08-G2-r3/s3-recovery-seed1/plc-stderr.log	0	e3b0c44298fc1c149afbf4c8996fb92427ae41e4649b934ca495991b7852b855	e3b0c44298fc1c149afbf4c8996fb92427ae41e4649b934ca495991b7852b855	none	0
tr04-official-1/T08-G2-r3/s3-recovery-seed1/processes.json	134	a359ee4aa54de89e8b8af12b57c7568e03924a7769f3cee1d8825d2cd30c000f	a359ee4aa54de89e8b8af12b57c7568e03924a7769f3cee1d8825d2cd30c000f	none	0
tr04-official-1/T08-G2-r3/s3-recovery-seed1/static.json	12189	6a5b5fe1f2c4d17860d516f99a44d019dc2c9249c7e08e0f238b22790d811b2b	6a5b5fe1f2c4d17860d516f99a44d019dc2c9249c7e08e0f238b22790d811b2b	none	0
tr04-official-1/T08-G2-r3/s3-recovery-seed1/vision-stderr.log	26	f6259e2742222db4cedc0f46e1f9d79c113803494192992ee22d2e0ff6d9cc6e	f6259e2742222db4cedc0f46e1f9d79c113803494192992ee22d2e0ff6d9cc6e	none	0
tr04-official-1/T08-G2-r3/static.json	326	9e576ef59abe72c980ac1134744c40d53c47e312c342af481230f1bda5e2ac4f	3791014c9efd86848b2add470e7fb1f76575fef087a32f3463440ce93c3d6241	redact	1
tr04-official-1/T08-G2-r3/verdict.json	1156	74879d7454bbc0b4b41c5a6b472d01ceade4849ecfc1613eebe2e5c2a40ffd14	74879d7454bbc0b4b41c5a6b472d01ceade4849ecfc1613eebe2e5c2a40ffd14	none	0
tr04-official-1/T08-G3-r1/verdict.json	142	b9796ff56cd7c275bbce80c8a8ee1ed2d00bc980c976115a70c392d28d02e2fc	b9796ff56cd7c275bbce80c8a8ee1ed2d00bc980c976115a70c392d28d02e2fc	none	0
tr04-official-1/T09-G1-r1/force.json	2212	f1e0562559a9b8ffabeae1e5b3389d21b848048bc2d90c9750f8c2cb4c8c4ce1	484632190a27bb8ccfcf62b57525c73183f8fb63b90bc2adeeae3ff195cd9f56	redact	1
tr04-official-1/T09-G1-r1/s3-curtain-seed1/io_verdict.json	442	0d6016793d1093d7cc3322114b100f8661cdb354b1029bf0169ef2df01d2bed5	0d6016793d1093d7cc3322114b100f8661cdb354b1029bf0169ef2df01d2bed5	none	0
tr04-official-1/T09-G1-r1/s3-curtain-seed1/metadata.json	5305	a7de40fec677837e3c06d9cb19490605ed1a7eb56b40d617af2745666141016d	741ac3a64a688804466722e409a6e9feaf1a109c770fb4a69d61b141ab20edd9	redact	10
tr04-official-1/T09-G1-r1/s3-curtain-seed1/plc-stderr.log	0	e3b0c44298fc1c149afbf4c8996fb92427ae41e4649b934ca495991b7852b855	e3b0c44298fc1c149afbf4c8996fb92427ae41e4649b934ca495991b7852b855	none	0
tr04-official-1/T09-G1-r1/s3-curtain-seed1/processes.json	133	2d682689e80bda8c5620f25653426df526d1fbc1117dd5af83750c779d3b7848	2d682689e80bda8c5620f25653426df526d1fbc1117dd5af83750c779d3b7848	none	0
tr04-official-1/T09-G1-r1/s3-curtain-seed1/reference-10ms-differences.json	3	37517e5f3dc66819f61f5a7bb8ace1921282415f10551d2defa5c3eb0985b570	37517e5f3dc66819f61f5a7bb8ace1921282415f10551d2defa5c3eb0985b570	none	0
tr04-official-1/T09-G1-r1/s3-curtain-seed1/static.json	11562	510fef1832ffe437fb6b58797b517d27bdd16134c0eb8f31771c5c32a978e4fd	510fef1832ffe437fb6b58797b517d27bdd16134c0eb8f31771c5c32a978e4fd	none	0
tr04-official-1/T09-G1-r1/s3-curtain-seed1/summary.json	4067	03c45fe8702879adebb2abbdb55e8dfa9949ba537d6136e251fb4911d5c2c6a2	9d7ed3b6115ebae18ef90c5a04449cacf31dbdd346b488d1c61b39f9385780ac	drop_tick_hashes	0
tr04-official-1/T09-G1-r1/s3-curtain-seed1/vision-stderr.log	26	f6259e2742222db4cedc0f46e1f9d79c113803494192992ee22d2e0ff6d9cc6e	f6259e2742222db4cedc0f46e1f9d79c113803494192992ee22d2e0ff6d9cc6e	none	0
tr04-official-1/T09-G1-r1/s3-normal-seed1/io_verdict.json	383	5764c90719e5a826eba5810eea1a7ffe0fd700369ade52d68ab4498083a4b600	5764c90719e5a826eba5810eea1a7ffe0fd700369ade52d68ab4498083a4b600	none	0
tr04-official-1/T09-G1-r1/s3-normal-seed1/metadata.json	5304	b2eb237ab7545daed32d3802a1cd11bb14a5c3b0fc8970ddcb11273b75041aec	811f08dd93b2265ce86d0520b91e2b1f8a4bc2b95fadadd0f9616e34481da88b	redact	10
tr04-official-1/T09-G1-r1/s3-normal-seed1/plc-stderr.log	0	e3b0c44298fc1c149afbf4c8996fb92427ae41e4649b934ca495991b7852b855	e3b0c44298fc1c149afbf4c8996fb92427ae41e4649b934ca495991b7852b855	none	0
tr04-official-1/T09-G1-r1/s3-normal-seed1/processes.json	133	2d682689e80bda8c5620f25653426df526d1fbc1117dd5af83750c779d3b7848	2d682689e80bda8c5620f25653426df526d1fbc1117dd5af83750c779d3b7848	none	0
tr04-official-1/T09-G1-r1/s3-normal-seed1/reference-10ms-differences.json	3	37517e5f3dc66819f61f5a7bb8ace1921282415f10551d2defa5c3eb0985b570	37517e5f3dc66819f61f5a7bb8ace1921282415f10551d2defa5c3eb0985b570	none	0
tr04-official-1/T09-G1-r1/s3-normal-seed1/static.json	11562	510fef1832ffe437fb6b58797b517d27bdd16134c0eb8f31771c5c32a978e4fd	510fef1832ffe437fb6b58797b517d27bdd16134c0eb8f31771c5c32a978e4fd	none	0
tr04-official-1/T09-G1-r1/s3-normal-seed1/summary.json	4186	2ec48c26888cd7249f3ed90033d72a64d42b1477b0cc0cb7c439361ac85332ab	90229c85f3af51aba8e702cf63e1eb3de888022728febdd488cba20b8d26f39a	drop_tick_hashes	0
tr04-official-1/T09-G1-r1/s3-normal-seed1/vision-stderr.log	26	f6259e2742222db4cedc0f46e1f9d79c113803494192992ee22d2e0ff6d9cc6e	f6259e2742222db4cedc0f46e1f9d79c113803494192992ee22d2e0ff6d9cc6e	none	0
tr04-official-1/T09-G1-r1/s3-normal-seed2/io_verdict.json	383	83da5e3273ff972c39964988f706e20a4642491265ba03a1382068d67c4f5ff7	83da5e3273ff972c39964988f706e20a4642491265ba03a1382068d67c4f5ff7	none	0
tr04-official-1/T09-G1-r1/s3-normal-seed2/metadata.json	5304	cf3995c52a7c907a4584e7dd29cba14c5999f82a2c0b8bafcf62c18033bf49c7	abe615ef3460e70558c38b61f31ea8ac593018c1f93b8fc392213ae15692d243	redact	10
tr04-official-1/T09-G1-r1/s3-normal-seed2/plc-stderr.log	0	e3b0c44298fc1c149afbf4c8996fb92427ae41e4649b934ca495991b7852b855	e3b0c44298fc1c149afbf4c8996fb92427ae41e4649b934ca495991b7852b855	none	0
tr04-official-1/T09-G1-r1/s3-normal-seed2/processes.json	133	2d682689e80bda8c5620f25653426df526d1fbc1117dd5af83750c779d3b7848	2d682689e80bda8c5620f25653426df526d1fbc1117dd5af83750c779d3b7848	none	0
tr04-official-1/T09-G1-r1/s3-normal-seed2/reference-10ms-differences.json	3	37517e5f3dc66819f61f5a7bb8ace1921282415f10551d2defa5c3eb0985b570	37517e5f3dc66819f61f5a7bb8ace1921282415f10551d2defa5c3eb0985b570	none	0
tr04-official-1/T09-G1-r1/s3-normal-seed2/static.json	11562	510fef1832ffe437fb6b58797b517d27bdd16134c0eb8f31771c5c32a978e4fd	510fef1832ffe437fb6b58797b517d27bdd16134c0eb8f31771c5c32a978e4fd	none	0
tr04-official-1/T09-G1-r1/s3-normal-seed2/summary.json	4190	0085ff77439f3e840f5b1af8dee9c477128ef30bccacae7ec4be0c8f9153ec41	9c21e1b076dfb8fb381b98220b5cd059c6233e511eb23988d821ba3f2babd117	drop_tick_hashes	0
tr04-official-1/T09-G1-r1/s3-normal-seed2/vision-stderr.log	26	f6259e2742222db4cedc0f46e1f9d79c113803494192992ee22d2e0ff6d9cc6e	f6259e2742222db4cedc0f46e1f9d79c113803494192992ee22d2e0ff6d9cc6e	none	0
tr04-official-1/T09-G1-r1/s3-normal-seed3/io_verdict.json	383	0007070d2e319ecd363bdfafce6d41c38238c32859c88c342266c82bfdf40462	0007070d2e319ecd363bdfafce6d41c38238c32859c88c342266c82bfdf40462	none	0
tr04-official-1/T09-G1-r1/s3-normal-seed3/metadata.json	5304	9f19573309c081b4678abc372bd4ec122572741267a959a338b408881de5138c	3a894d31433d306db96775b85e3a0c89f39dfb3c572146e06ad01c0391955ebd	redact	10
tr04-official-1/T09-G1-r1/s3-normal-seed3/plc-stderr.log	0	e3b0c44298fc1c149afbf4c8996fb92427ae41e4649b934ca495991b7852b855	e3b0c44298fc1c149afbf4c8996fb92427ae41e4649b934ca495991b7852b855	none	0
tr04-official-1/T09-G1-r1/s3-normal-seed3/processes.json	133	2d682689e80bda8c5620f25653426df526d1fbc1117dd5af83750c779d3b7848	2d682689e80bda8c5620f25653426df526d1fbc1117dd5af83750c779d3b7848	none	0
tr04-official-1/T09-G1-r1/s3-normal-seed3/reference-10ms-differences.json	3	37517e5f3dc66819f61f5a7bb8ace1921282415f10551d2defa5c3eb0985b570	37517e5f3dc66819f61f5a7bb8ace1921282415f10551d2defa5c3eb0985b570	none	0
tr04-official-1/T09-G1-r1/s3-normal-seed3/static.json	11562	510fef1832ffe437fb6b58797b517d27bdd16134c0eb8f31771c5c32a978e4fd	510fef1832ffe437fb6b58797b517d27bdd16134c0eb8f31771c5c32a978e4fd	none	0
tr04-official-1/T09-G1-r1/s3-normal-seed3/summary.json	4191	e3059656756199406337e096ea80cbfbeba00897bcd04c6b5c74b6fcf539bd80	b82fb8ed7c489b530678186fe3881c5ea941f8513940f545cbd6e417a4c6bd10	drop_tick_hashes	0
tr04-official-1/T09-G1-r1/s3-normal-seed3/vision-stderr.log	26	f6259e2742222db4cedc0f46e1f9d79c113803494192992ee22d2e0ff6d9cc6e	f6259e2742222db4cedc0f46e1f9d79c113803494192992ee22d2e0ff6d9cc6e	none	0
tr04-official-1/T09-G1-r1/s3-recovery-retract-seed1/failure.json	75	0c6032cd07861e1f85d433c4777029e5b595339c22f506d8d7369fa926454217	0c6032cd07861e1f85d433c4777029e5b595339c22f506d8d7369fa926454217	none	0
tr04-official-1/T09-G1-r1/s3-recovery-retract-seed1/io_verdict.json	451	052be0d43fa3e754cebfb1cf553a1e9e0bdaf80eaaf9f7f5d4ace5924952ae26	052be0d43fa3e754cebfb1cf553a1e9e0bdaf80eaaf9f7f5d4ace5924952ae26	none	0
tr04-official-1/T09-G1-r1/s3-recovery-retract-seed1/metadata.json	5314	984043b6a02dd2abc67b03ee24b61bb4f170007e9d81a3ded12672866678b5dc	cbb5c586e8470783111d2b73584ec00a6241f0088ee0797c9a33a7cef5287766	redact	10
tr04-official-1/T09-G1-r1/s3-recovery-retract-seed1/plc-stderr.log	0	e3b0c44298fc1c149afbf4c8996fb92427ae41e4649b934ca495991b7852b855	e3b0c44298fc1c149afbf4c8996fb92427ae41e4649b934ca495991b7852b855	none	0
tr04-official-1/T09-G1-r1/s3-recovery-retract-seed1/processes.json	134	a359ee4aa54de89e8b8af12b57c7568e03924a7769f3cee1d8825d2cd30c000f	a359ee4aa54de89e8b8af12b57c7568e03924a7769f3cee1d8825d2cd30c000f	none	0
tr04-official-1/T09-G1-r1/s3-recovery-retract-seed1/static.json	11562	510fef1832ffe437fb6b58797b517d27bdd16134c0eb8f31771c5c32a978e4fd	510fef1832ffe437fb6b58797b517d27bdd16134c0eb8f31771c5c32a978e4fd	none	0
tr04-official-1/T09-G1-r1/s3-recovery-retract-seed1/vision-stderr.log	26	f6259e2742222db4cedc0f46e1f9d79c113803494192992ee22d2e0ff6d9cc6e	f6259e2742222db4cedc0f46e1f9d79c113803494192992ee22d2e0ff6d9cc6e	none	0
tr04-official-1/T09-G1-r1/s3-recovery-seed1/failure.json	75	0c6032cd07861e1f85d433c4777029e5b595339c22f506d8d7369fa926454217	0c6032cd07861e1f85d433c4777029e5b595339c22f506d8d7369fa926454217	none	0
tr04-official-1/T09-G1-r1/s3-recovery-seed1/io_verdict.json	443	c3b2feb77af86b08121ea46e6d92b8dd2defd43618446f6270768933cdbfd57d	c3b2feb77af86b08121ea46e6d92b8dd2defd43618446f6270768933cdbfd57d	none	0
tr04-official-1/T09-G1-r1/s3-recovery-seed1/metadata.json	5306	625fd12c600d9087f8a06e054868ec243a407b9af3a70ca88180da66924488da	1eb9fc5e271a2acd0f7a36b9814b396dda4caeb8e03ea22174d19996208e0b26	redact	10
tr04-official-1/T09-G1-r1/s3-recovery-seed1/plc-stderr.log	0	e3b0c44298fc1c149afbf4c8996fb92427ae41e4649b934ca495991b7852b855	e3b0c44298fc1c149afbf4c8996fb92427ae41e4649b934ca495991b7852b855	none	0
tr04-official-1/T09-G1-r1/s3-recovery-seed1/processes.json	134	a359ee4aa54de89e8b8af12b57c7568e03924a7769f3cee1d8825d2cd30c000f	a359ee4aa54de89e8b8af12b57c7568e03924a7769f3cee1d8825d2cd30c000f	none	0
tr04-official-1/T09-G1-r1/s3-recovery-seed1/static.json	11562	510fef1832ffe437fb6b58797b517d27bdd16134c0eb8f31771c5c32a978e4fd	510fef1832ffe437fb6b58797b517d27bdd16134c0eb8f31771c5c32a978e4fd	none	0
tr04-official-1/T09-G1-r1/s3-recovery-seed1/vision-stderr.log	26	f6259e2742222db4cedc0f46e1f9d79c113803494192992ee22d2e0ff6d9cc6e	f6259e2742222db4cedc0f46e1f9d79c113803494192992ee22d2e0ff6d9cc6e	none	0
tr04-official-1/T09-G1-r1/static.json	326	a7af3e2cb6dea6862f67cad598654a33eac007be271779d22f7b686466c6499f	3546676de8c9e5ee2b72770a69abd473a1a9f8024b54086e4b66705be11273ba	redact	1
tr04-official-1/T09-G1-r1/verdict.json	1156	b980316038a4476ab1ab12e4097897ba8d3f19d6693b974f4704cefa433aa779	b980316038a4476ab1ab12e4097897ba8d3f19d6693b974f4704cefa433aa779	none	0
tr04-official-1/T09-G1-r2/force.json	2212	659432cd4761188205c57740b23f9fdab732c07b54b0c33ca613b97b4e31023b	11eb239e6863da076a8807f9a4faecf44f3caff83994a8653b82ed4882aac1ce	redact	1
tr04-official-1/T09-G1-r2/s3-curtain-seed1/io_verdict.json	442	0d6016793d1093d7cc3322114b100f8661cdb354b1029bf0169ef2df01d2bed5	0d6016793d1093d7cc3322114b100f8661cdb354b1029bf0169ef2df01d2bed5	none	0
tr04-official-1/T09-G1-r2/s3-curtain-seed1/metadata.json	5305	ae8576aed3109eabfd16f6e6786248f99387baa032fb22a185bc26ea996658cd	26f0367b585713080f8102177fd95fcdd14809be3273e395d19a84e37832cfa3	redact	10
tr04-official-1/T09-G1-r2/s3-curtain-seed1/plc-stderr.log	0	e3b0c44298fc1c149afbf4c8996fb92427ae41e4649b934ca495991b7852b855	e3b0c44298fc1c149afbf4c8996fb92427ae41e4649b934ca495991b7852b855	none	0
tr04-official-1/T09-G1-r2/s3-curtain-seed1/processes.json	133	2d682689e80bda8c5620f25653426df526d1fbc1117dd5af83750c779d3b7848	2d682689e80bda8c5620f25653426df526d1fbc1117dd5af83750c779d3b7848	none	0
tr04-official-1/T09-G1-r2/s3-curtain-seed1/reference-10ms-differences.json	3	37517e5f3dc66819f61f5a7bb8ace1921282415f10551d2defa5c3eb0985b570	37517e5f3dc66819f61f5a7bb8ace1921282415f10551d2defa5c3eb0985b570	none	0
tr04-official-1/T09-G1-r2/s3-curtain-seed1/static.json	11875	f03fc5d7f1efec12df30fac37fb518186769e48ad425886d083929995412aa7b	f03fc5d7f1efec12df30fac37fb518186769e48ad425886d083929995412aa7b	none	0
tr04-official-1/T09-G1-r2/s3-curtain-seed1/summary.json	4067	669c83fda7eb88796a8fa81d3c38249c9ad0f6c36e6caf468aa39ad15fb69547	3e0253a425a348a157f2bde359c899d1097e60b25d7751682c9af277d0a0a062	drop_tick_hashes	0
tr04-official-1/T09-G1-r2/s3-curtain-seed1/vision-stderr.log	26	f6259e2742222db4cedc0f46e1f9d79c113803494192992ee22d2e0ff6d9cc6e	f6259e2742222db4cedc0f46e1f9d79c113803494192992ee22d2e0ff6d9cc6e	none	0
tr04-official-1/T09-G1-r2/s3-normal-seed1/io_verdict.json	383	5764c90719e5a826eba5810eea1a7ffe0fd700369ade52d68ab4498083a4b600	5764c90719e5a826eba5810eea1a7ffe0fd700369ade52d68ab4498083a4b600	none	0
tr04-official-1/T09-G1-r2/s3-normal-seed1/metadata.json	5304	21fd1cadc919ec306fbfafde0a0f0cc710e4099b2bca93a2ecb7b66ddd722a92	5f88591e1cb80bf030d031e87cdd912f1ee4cc7a0d9f42f5a606f8af6fe0ade7	redact	10
tr04-official-1/T09-G1-r2/s3-normal-seed1/plc-stderr.log	0	e3b0c44298fc1c149afbf4c8996fb92427ae41e4649b934ca495991b7852b855	e3b0c44298fc1c149afbf4c8996fb92427ae41e4649b934ca495991b7852b855	none	0
tr04-official-1/T09-G1-r2/s3-normal-seed1/processes.json	133	2d682689e80bda8c5620f25653426df526d1fbc1117dd5af83750c779d3b7848	2d682689e80bda8c5620f25653426df526d1fbc1117dd5af83750c779d3b7848	none	0
tr04-official-1/T09-G1-r2/s3-normal-seed1/reference-10ms-differences.json	3	37517e5f3dc66819f61f5a7bb8ace1921282415f10551d2defa5c3eb0985b570	37517e5f3dc66819f61f5a7bb8ace1921282415f10551d2defa5c3eb0985b570	none	0
tr04-official-1/T09-G1-r2/s3-normal-seed1/static.json	11875	f03fc5d7f1efec12df30fac37fb518186769e48ad425886d083929995412aa7b	f03fc5d7f1efec12df30fac37fb518186769e48ad425886d083929995412aa7b	none	0
tr04-official-1/T09-G1-r2/s3-normal-seed1/summary.json	4186	a624f18a6349daae8c32b32f955f0f8920a27ab1a0ca6204c0864af07f03684e	e5ddb3e222d24979066684d2cd9c1e02dac337b57fa584645a8e6e4a09a674aa	drop_tick_hashes	0
tr04-official-1/T09-G1-r2/s3-normal-seed1/vision-stderr.log	26	f6259e2742222db4cedc0f46e1f9d79c113803494192992ee22d2e0ff6d9cc6e	f6259e2742222db4cedc0f46e1f9d79c113803494192992ee22d2e0ff6d9cc6e	none	0
tr04-official-1/T09-G1-r2/s3-normal-seed2/io_verdict.json	383	83da5e3273ff972c39964988f706e20a4642491265ba03a1382068d67c4f5ff7	83da5e3273ff972c39964988f706e20a4642491265ba03a1382068d67c4f5ff7	none	0
tr04-official-1/T09-G1-r2/s3-normal-seed2/metadata.json	5304	d63f42f76d2af076da1813b6b0d36f49c2d9f4dd861370d457bb8fe461b2aa90	2609413e0f5818ebaf2f762a9e588015a10f2904189ebd8fa7c0db287247fc9b	redact	10
tr04-official-1/T09-G1-r2/s3-normal-seed2/plc-stderr.log	0	e3b0c44298fc1c149afbf4c8996fb92427ae41e4649b934ca495991b7852b855	e3b0c44298fc1c149afbf4c8996fb92427ae41e4649b934ca495991b7852b855	none	0
tr04-official-1/T09-G1-r2/s3-normal-seed2/processes.json	133	2d682689e80bda8c5620f25653426df526d1fbc1117dd5af83750c779d3b7848	2d682689e80bda8c5620f25653426df526d1fbc1117dd5af83750c779d3b7848	none	0
tr04-official-1/T09-G1-r2/s3-normal-seed2/reference-10ms-differences.json	3	37517e5f3dc66819f61f5a7bb8ace1921282415f10551d2defa5c3eb0985b570	37517e5f3dc66819f61f5a7bb8ace1921282415f10551d2defa5c3eb0985b570	none	0
tr04-official-1/T09-G1-r2/s3-normal-seed2/static.json	11875	f03fc5d7f1efec12df30fac37fb518186769e48ad425886d083929995412aa7b	f03fc5d7f1efec12df30fac37fb518186769e48ad425886d083929995412aa7b	none	0
tr04-official-1/T09-G1-r2/s3-normal-seed2/summary.json	4190	70f2205ca505ca91d418ff2818dec59d1c2a76f66b8b0dc8a34e2e3a0a702f6f	414d5f4dad1fbc4c93ad92949c7e699a97bf2d76c92fdda505dab660999ea1d7	drop_tick_hashes	0
tr04-official-1/T09-G1-r2/s3-normal-seed2/vision-stderr.log	26	f6259e2742222db4cedc0f46e1f9d79c113803494192992ee22d2e0ff6d9cc6e	f6259e2742222db4cedc0f46e1f9d79c113803494192992ee22d2e0ff6d9cc6e	none	0
tr04-official-1/T09-G1-r2/s3-normal-seed3/io_verdict.json	383	0007070d2e319ecd363bdfafce6d41c38238c32859c88c342266c82bfdf40462	0007070d2e319ecd363bdfafce6d41c38238c32859c88c342266c82bfdf40462	none	0
tr04-official-1/T09-G1-r2/s3-normal-seed3/metadata.json	5304	041ced566f4aff1e20c326651bf097b7634a6e03250ae997af7969018aca5edb	b422a665a20c13f4a20725ba0fe7195a595ec54ce166ab4e5d7652383219a4b8	redact	10
tr04-official-1/T09-G1-r2/s3-normal-seed3/plc-stderr.log	0	e3b0c44298fc1c149afbf4c8996fb92427ae41e4649b934ca495991b7852b855	e3b0c44298fc1c149afbf4c8996fb92427ae41e4649b934ca495991b7852b855	none	0
tr04-official-1/T09-G1-r2/s3-normal-seed3/processes.json	133	2d682689e80bda8c5620f25653426df526d1fbc1117dd5af83750c779d3b7848	2d682689e80bda8c5620f25653426df526d1fbc1117dd5af83750c779d3b7848	none	0
tr04-official-1/T09-G1-r2/s3-normal-seed3/reference-10ms-differences.json	3	37517e5f3dc66819f61f5a7bb8ace1921282415f10551d2defa5c3eb0985b570	37517e5f3dc66819f61f5a7bb8ace1921282415f10551d2defa5c3eb0985b570	none	0
tr04-official-1/T09-G1-r2/s3-normal-seed3/static.json	11875	f03fc5d7f1efec12df30fac37fb518186769e48ad425886d083929995412aa7b	f03fc5d7f1efec12df30fac37fb518186769e48ad425886d083929995412aa7b	none	0
tr04-official-1/T09-G1-r2/s3-normal-seed3/summary.json	4191	d8946850bd8716bd84b47328f618bd80307c3f4d6ac1b147be0d6769aefe4127	8d593ea59455425510960e543713701f0f046d79ab878f5b8a69375ca5730767	drop_tick_hashes	0
tr04-official-1/T09-G1-r2/s3-normal-seed3/vision-stderr.log	26	f6259e2742222db4cedc0f46e1f9d79c113803494192992ee22d2e0ff6d9cc6e	f6259e2742222db4cedc0f46e1f9d79c113803494192992ee22d2e0ff6d9cc6e	none	0
tr04-official-1/T09-G1-r2/s3-recovery-retract-seed1/failure.json	75	0c6032cd07861e1f85d433c4777029e5b595339c22f506d8d7369fa926454217	0c6032cd07861e1f85d433c4777029e5b595339c22f506d8d7369fa926454217	none	0
tr04-official-1/T09-G1-r2/s3-recovery-retract-seed1/io_verdict.json	451	052be0d43fa3e754cebfb1cf553a1e9e0bdaf80eaaf9f7f5d4ace5924952ae26	052be0d43fa3e754cebfb1cf553a1e9e0bdaf80eaaf9f7f5d4ace5924952ae26	none	0
tr04-official-1/T09-G1-r2/s3-recovery-retract-seed1/metadata.json	5314	0b3f9bab50952800e55abcdfefee91dd130d8d96a0c673906255b0b6b0f0c26d	180288b865dd866fcada228d977155f6eafcb9cc7da2deee05b71636991fc746	redact	10
tr04-official-1/T09-G1-r2/s3-recovery-retract-seed1/plc-stderr.log	0	e3b0c44298fc1c149afbf4c8996fb92427ae41e4649b934ca495991b7852b855	e3b0c44298fc1c149afbf4c8996fb92427ae41e4649b934ca495991b7852b855	none	0
tr04-official-1/T09-G1-r2/s3-recovery-retract-seed1/processes.json	134	a359ee4aa54de89e8b8af12b57c7568e03924a7769f3cee1d8825d2cd30c000f	a359ee4aa54de89e8b8af12b57c7568e03924a7769f3cee1d8825d2cd30c000f	none	0
tr04-official-1/T09-G1-r2/s3-recovery-retract-seed1/static.json	11875	f03fc5d7f1efec12df30fac37fb518186769e48ad425886d083929995412aa7b	f03fc5d7f1efec12df30fac37fb518186769e48ad425886d083929995412aa7b	none	0
tr04-official-1/T09-G1-r2/s3-recovery-retract-seed1/vision-stderr.log	26	f6259e2742222db4cedc0f46e1f9d79c113803494192992ee22d2e0ff6d9cc6e	f6259e2742222db4cedc0f46e1f9d79c113803494192992ee22d2e0ff6d9cc6e	none	0
tr04-official-1/T09-G1-r2/s3-recovery-seed1/failure.json	75	0c6032cd07861e1f85d433c4777029e5b595339c22f506d8d7369fa926454217	0c6032cd07861e1f85d433c4777029e5b595339c22f506d8d7369fa926454217	none	0
tr04-official-1/T09-G1-r2/s3-recovery-seed1/io_verdict.json	443	c3b2feb77af86b08121ea46e6d92b8dd2defd43618446f6270768933cdbfd57d	c3b2feb77af86b08121ea46e6d92b8dd2defd43618446f6270768933cdbfd57d	none	0
tr04-official-1/T09-G1-r2/s3-recovery-seed1/metadata.json	5306	607724d595a8b8a14be18d8270f695150200c454034a34f9c70fff31f63c731c	dc0bc9fd992fafd0b4c81fb0206230c0fff7c20cc90706d6f9986e8d97cd47c1	redact	10
tr04-official-1/T09-G1-r2/s3-recovery-seed1/plc-stderr.log	0	e3b0c44298fc1c149afbf4c8996fb92427ae41e4649b934ca495991b7852b855	e3b0c44298fc1c149afbf4c8996fb92427ae41e4649b934ca495991b7852b855	none	0
tr04-official-1/T09-G1-r2/s3-recovery-seed1/processes.json	134	a359ee4aa54de89e8b8af12b57c7568e03924a7769f3cee1d8825d2cd30c000f	a359ee4aa54de89e8b8af12b57c7568e03924a7769f3cee1d8825d2cd30c000f	none	0
tr04-official-1/T09-G1-r2/s3-recovery-seed1/static.json	11875	f03fc5d7f1efec12df30fac37fb518186769e48ad425886d083929995412aa7b	f03fc5d7f1efec12df30fac37fb518186769e48ad425886d083929995412aa7b	none	0
tr04-official-1/T09-G1-r2/s3-recovery-seed1/vision-stderr.log	26	f6259e2742222db4cedc0f46e1f9d79c113803494192992ee22d2e0ff6d9cc6e	f6259e2742222db4cedc0f46e1f9d79c113803494192992ee22d2e0ff6d9cc6e	none	0
tr04-official-1/T09-G1-r2/static.json	326	119a7c678c983732f10ad6bd64b1d0ad5e5993b4b2b7e5eeb8f3daf96bb2cd64	3a66e1522bfbaee06ee47f4441a5dc93219df264fb43fcb284690b7820fa2ded	redact	1
tr04-official-1/T09-G1-r2/verdict.json	1156	6bf5b24c7c8092aa644fb8a0c3628a0b982d78893e8d39bebe95612a79e25054	6bf5b24c7c8092aa644fb8a0c3628a0b982d78893e8d39bebe95612a79e25054	none	0
tr04-official-1/T09-G1-r3/force.json	2212	0eb25e75ca230cf47a38e421f8bf8a97c4f45e79ad613812a46b981cafc2d419	a9a7ba5aebde1e7251382bad6e9dd5c02a786626fd908ee0188291e74d41f52d	redact	1
tr04-official-1/T09-G1-r3/s3-curtain-seed1/io_verdict.json	442	0d6016793d1093d7cc3322114b100f8661cdb354b1029bf0169ef2df01d2bed5	0d6016793d1093d7cc3322114b100f8661cdb354b1029bf0169ef2df01d2bed5	none	0
tr04-official-1/T09-G1-r3/s3-curtain-seed1/metadata.json	5305	1b3d96e12bba7dca9a541392e51945cec05d270198648301ccd64a213f2b252e	4f5fcb9a903cc9a623a982956a7f3ab188d53a969c3913d91dc8547658da8177	redact	10
tr04-official-1/T09-G1-r3/s3-curtain-seed1/plc-stderr.log	0	e3b0c44298fc1c149afbf4c8996fb92427ae41e4649b934ca495991b7852b855	e3b0c44298fc1c149afbf4c8996fb92427ae41e4649b934ca495991b7852b855	none	0
tr04-official-1/T09-G1-r3/s3-curtain-seed1/processes.json	133	2d682689e80bda8c5620f25653426df526d1fbc1117dd5af83750c779d3b7848	2d682689e80bda8c5620f25653426df526d1fbc1117dd5af83750c779d3b7848	none	0
tr04-official-1/T09-G1-r3/s3-curtain-seed1/reference-10ms-differences.json	3	37517e5f3dc66819f61f5a7bb8ace1921282415f10551d2defa5c3eb0985b570	37517e5f3dc66819f61f5a7bb8ace1921282415f10551d2defa5c3eb0985b570	none	0
tr04-official-1/T09-G1-r3/s3-curtain-seed1/static.json	11562	510fef1832ffe437fb6b58797b517d27bdd16134c0eb8f31771c5c32a978e4fd	510fef1832ffe437fb6b58797b517d27bdd16134c0eb8f31771c5c32a978e4fd	none	0
tr04-official-1/T09-G1-r3/s3-curtain-seed1/summary.json	4067	9781f4d381c1350c23c16f3e56dc3f71db5338b8d259a8f8e0fe202175a86c49	1acc06b32ac95d99f2b57d73320722deb89fec0a7238d700b501af8c64ea2bef	drop_tick_hashes	0
tr04-official-1/T09-G1-r3/s3-curtain-seed1/vision-stderr.log	26	f6259e2742222db4cedc0f46e1f9d79c113803494192992ee22d2e0ff6d9cc6e	f6259e2742222db4cedc0f46e1f9d79c113803494192992ee22d2e0ff6d9cc6e	none	0
tr04-official-1/T09-G1-r3/s3-normal-seed1/io_verdict.json	383	5764c90719e5a826eba5810eea1a7ffe0fd700369ade52d68ab4498083a4b600	5764c90719e5a826eba5810eea1a7ffe0fd700369ade52d68ab4498083a4b600	none	0
tr04-official-1/T09-G1-r3/s3-normal-seed1/metadata.json	5304	a9b84357c7b4a8be8f1692496ca48f3a4305d5acaafe11960e1923caebd71456	fecdf6c1615b60fdb7597f8b03007c6c03217b4375e908c366058d086770b502	redact	10
tr04-official-1/T09-G1-r3/s3-normal-seed1/plc-stderr.log	0	e3b0c44298fc1c149afbf4c8996fb92427ae41e4649b934ca495991b7852b855	e3b0c44298fc1c149afbf4c8996fb92427ae41e4649b934ca495991b7852b855	none	0
tr04-official-1/T09-G1-r3/s3-normal-seed1/processes.json	133	2d682689e80bda8c5620f25653426df526d1fbc1117dd5af83750c779d3b7848	2d682689e80bda8c5620f25653426df526d1fbc1117dd5af83750c779d3b7848	none	0
tr04-official-1/T09-G1-r3/s3-normal-seed1/reference-10ms-differences.json	3	37517e5f3dc66819f61f5a7bb8ace1921282415f10551d2defa5c3eb0985b570	37517e5f3dc66819f61f5a7bb8ace1921282415f10551d2defa5c3eb0985b570	none	0
tr04-official-1/T09-G1-r3/s3-normal-seed1/static.json	11562	510fef1832ffe437fb6b58797b517d27bdd16134c0eb8f31771c5c32a978e4fd	510fef1832ffe437fb6b58797b517d27bdd16134c0eb8f31771c5c32a978e4fd	none	0
tr04-official-1/T09-G1-r3/s3-normal-seed1/summary.json	4186	b613a34a28ff62b9c9294deaad10f1f90b286d02882da53df9bf38b7760264ff	6a182251b5efbcc018bc3f906043e532dda59773b9dcd09a91952497c1ccaf79	drop_tick_hashes	0
tr04-official-1/T09-G1-r3/s3-normal-seed1/vision-stderr.log	26	f6259e2742222db4cedc0f46e1f9d79c113803494192992ee22d2e0ff6d9cc6e	f6259e2742222db4cedc0f46e1f9d79c113803494192992ee22d2e0ff6d9cc6e	none	0
tr04-official-1/T09-G1-r3/s3-normal-seed2/io_verdict.json	383	83da5e3273ff972c39964988f706e20a4642491265ba03a1382068d67c4f5ff7	83da5e3273ff972c39964988f706e20a4642491265ba03a1382068d67c4f5ff7	none	0
tr04-official-1/T09-G1-r3/s3-normal-seed2/metadata.json	5304	adfff190d8acb09ed719cb1f4ac6bd2c8ebd64235f76ca794b30a1a732d1d54b	6504b992f1f0a27d49d100ae1bb455cadb2bccf814e51ea7903df755f50f56e0	redact	10
tr04-official-1/T09-G1-r3/s3-normal-seed2/plc-stderr.log	0	e3b0c44298fc1c149afbf4c8996fb92427ae41e4649b934ca495991b7852b855	e3b0c44298fc1c149afbf4c8996fb92427ae41e4649b934ca495991b7852b855	none	0
tr04-official-1/T09-G1-r3/s3-normal-seed2/processes.json	133	2d682689e80bda8c5620f25653426df526d1fbc1117dd5af83750c779d3b7848	2d682689e80bda8c5620f25653426df526d1fbc1117dd5af83750c779d3b7848	none	0
tr04-official-1/T09-G1-r3/s3-normal-seed2/reference-10ms-differences.json	3	37517e5f3dc66819f61f5a7bb8ace1921282415f10551d2defa5c3eb0985b570	37517e5f3dc66819f61f5a7bb8ace1921282415f10551d2defa5c3eb0985b570	none	0
tr04-official-1/T09-G1-r3/s3-normal-seed2/static.json	11562	510fef1832ffe437fb6b58797b517d27bdd16134c0eb8f31771c5c32a978e4fd	510fef1832ffe437fb6b58797b517d27bdd16134c0eb8f31771c5c32a978e4fd	none	0
tr04-official-1/T09-G1-r3/s3-normal-seed2/summary.json	4190	881ee3db059f048e2d1937037fe5c40f51037ec4f5ba8a1ddb04b4b6930d2fe3	c9c228a7190fff6ca63c397b6de03e00259585143d048cda0b966a85640bf6ab	drop_tick_hashes	0
tr04-official-1/T09-G1-r3/s3-normal-seed2/vision-stderr.log	26	f6259e2742222db4cedc0f46e1f9d79c113803494192992ee22d2e0ff6d9cc6e	f6259e2742222db4cedc0f46e1f9d79c113803494192992ee22d2e0ff6d9cc6e	none	0
tr04-official-1/T09-G1-r3/s3-normal-seed3/io_verdict.json	383	0007070d2e319ecd363bdfafce6d41c38238c32859c88c342266c82bfdf40462	0007070d2e319ecd363bdfafce6d41c38238c32859c88c342266c82bfdf40462	none	0
tr04-official-1/T09-G1-r3/s3-normal-seed3/metadata.json	5304	e2fd1a707f7c9db82e7debbc28ef2a06eff6a60310da2112de607304fea7fe5f	7893d4e3552c9409b4b5cd7e54ec7c14f78dd7ca4f07668af30d15c784597d54	redact	10
tr04-official-1/T09-G1-r3/s3-normal-seed3/plc-stderr.log	0	e3b0c44298fc1c149afbf4c8996fb92427ae41e4649b934ca495991b7852b855	e3b0c44298fc1c149afbf4c8996fb92427ae41e4649b934ca495991b7852b855	none	0
tr04-official-1/T09-G1-r3/s3-normal-seed3/processes.json	133	2d682689e80bda8c5620f25653426df526d1fbc1117dd5af83750c779d3b7848	2d682689e80bda8c5620f25653426df526d1fbc1117dd5af83750c779d3b7848	none	0
tr04-official-1/T09-G1-r3/s3-normal-seed3/reference-10ms-differences.json	3	37517e5f3dc66819f61f5a7bb8ace1921282415f10551d2defa5c3eb0985b570	37517e5f3dc66819f61f5a7bb8ace1921282415f10551d2defa5c3eb0985b570	none	0
tr04-official-1/T09-G1-r3/s3-normal-seed3/static.json	11562	510fef1832ffe437fb6b58797b517d27bdd16134c0eb8f31771c5c32a978e4fd	510fef1832ffe437fb6b58797b517d27bdd16134c0eb8f31771c5c32a978e4fd	none	0
tr04-official-1/T09-G1-r3/s3-normal-seed3/summary.json	4191	d2ac6ca7da3486fd09b6170aa656e6b8e04be42b28e1171cfc25227f09824177	b57be905c598167846f4b57163d7e25cb68c7d6648daff613b3c00d45672f32d	drop_tick_hashes	0
tr04-official-1/T09-G1-r3/s3-normal-seed3/vision-stderr.log	26	f6259e2742222db4cedc0f46e1f9d79c113803494192992ee22d2e0ff6d9cc6e	f6259e2742222db4cedc0f46e1f9d79c113803494192992ee22d2e0ff6d9cc6e	none	0
tr04-official-1/T09-G1-r3/s3-recovery-retract-seed1/failure.json	75	0c6032cd07861e1f85d433c4777029e5b595339c22f506d8d7369fa926454217	0c6032cd07861e1f85d433c4777029e5b595339c22f506d8d7369fa926454217	none	0
tr04-official-1/T09-G1-r3/s3-recovery-retract-seed1/io_verdict.json	451	052be0d43fa3e754cebfb1cf553a1e9e0bdaf80eaaf9f7f5d4ace5924952ae26	052be0d43fa3e754cebfb1cf553a1e9e0bdaf80eaaf9f7f5d4ace5924952ae26	none	0
tr04-official-1/T09-G1-r3/s3-recovery-retract-seed1/metadata.json	5314	1385a415945800d07907a162915102c995649fbb2a9cabb588722185b6f68d9f	01b9d768263cf8e48fb1f431ffb15337d95fc09e6648be317597923ec5565f03	redact	10
tr04-official-1/T09-G1-r3/s3-recovery-retract-seed1/plc-stderr.log	0	e3b0c44298fc1c149afbf4c8996fb92427ae41e4649b934ca495991b7852b855	e3b0c44298fc1c149afbf4c8996fb92427ae41e4649b934ca495991b7852b855	none	0
tr04-official-1/T09-G1-r3/s3-recovery-retract-seed1/processes.json	134	a359ee4aa54de89e8b8af12b57c7568e03924a7769f3cee1d8825d2cd30c000f	a359ee4aa54de89e8b8af12b57c7568e03924a7769f3cee1d8825d2cd30c000f	none	0
tr04-official-1/T09-G1-r3/s3-recovery-retract-seed1/static.json	11562	510fef1832ffe437fb6b58797b517d27bdd16134c0eb8f31771c5c32a978e4fd	510fef1832ffe437fb6b58797b517d27bdd16134c0eb8f31771c5c32a978e4fd	none	0
tr04-official-1/T09-G1-r3/s3-recovery-retract-seed1/vision-stderr.log	26	f6259e2742222db4cedc0f46e1f9d79c113803494192992ee22d2e0ff6d9cc6e	f6259e2742222db4cedc0f46e1f9d79c113803494192992ee22d2e0ff6d9cc6e	none	0
tr04-official-1/T09-G1-r3/s3-recovery-seed1/failure.json	75	0c6032cd07861e1f85d433c4777029e5b595339c22f506d8d7369fa926454217	0c6032cd07861e1f85d433c4777029e5b595339c22f506d8d7369fa926454217	none	0
tr04-official-1/T09-G1-r3/s3-recovery-seed1/io_verdict.json	443	c3b2feb77af86b08121ea46e6d92b8dd2defd43618446f6270768933cdbfd57d	c3b2feb77af86b08121ea46e6d92b8dd2defd43618446f6270768933cdbfd57d	none	0
tr04-official-1/T09-G1-r3/s3-recovery-seed1/metadata.json	5306	b86aa334c54aba8f41322ed1c97e67a269a8bdb6831c66c724c88a495cc21665	8b2913f016b4fd0ae7e945c16f94a6cdf58aba2797d093c0635d2d5d678eb223	redact	10
tr04-official-1/T09-G1-r3/s3-recovery-seed1/plc-stderr.log	0	e3b0c44298fc1c149afbf4c8996fb92427ae41e4649b934ca495991b7852b855	e3b0c44298fc1c149afbf4c8996fb92427ae41e4649b934ca495991b7852b855	none	0
tr04-official-1/T09-G1-r3/s3-recovery-seed1/processes.json	134	a359ee4aa54de89e8b8af12b57c7568e03924a7769f3cee1d8825d2cd30c000f	a359ee4aa54de89e8b8af12b57c7568e03924a7769f3cee1d8825d2cd30c000f	none	0
tr04-official-1/T09-G1-r3/s3-recovery-seed1/static.json	11562	510fef1832ffe437fb6b58797b517d27bdd16134c0eb8f31771c5c32a978e4fd	510fef1832ffe437fb6b58797b517d27bdd16134c0eb8f31771c5c32a978e4fd	none	0
tr04-official-1/T09-G1-r3/s3-recovery-seed1/vision-stderr.log	26	f6259e2742222db4cedc0f46e1f9d79c113803494192992ee22d2e0ff6d9cc6e	f6259e2742222db4cedc0f46e1f9d79c113803494192992ee22d2e0ff6d9cc6e	none	0
tr04-official-1/T09-G1-r3/static.json	326	8273ccdc48c3677657aefa1d6320008490a4b264efec2a85b16e1fc9d1f9a07e	c7da6ded527c14d9e7e0795be3dc46d594fc182e2d325b3c09335e5a35393bb0	redact	1
tr04-official-1/T09-G1-r3/verdict.json	1156	eba3c1450487ab76626834c64b689c086589f5c9363da21f32987880823d1b01	eba3c1450487ab76626834c64b689c086589f5c9363da21f32987880823d1b01	none	0
tr04-official-1/T09-G2-r1/force.json	2212	83dcbaefc6d3f5c607ba5d1589fe1754994e3d1dc27261ca91e9aeaae530d09f	b2990b733c07b037b109645867d6ec07e3eb968f1b0b63afe936fafb2b50a6ae	redact	1
tr04-official-1/T09-G2-r1/s3-curtain-seed1/io_verdict.json	442	0d6016793d1093d7cc3322114b100f8661cdb354b1029bf0169ef2df01d2bed5	0d6016793d1093d7cc3322114b100f8661cdb354b1029bf0169ef2df01d2bed5	none	0
tr04-official-1/T09-G2-r1/s3-curtain-seed1/metadata.json	5305	084b86b9e87b1f9ceaefca59bbece5cf90d72c9e0d58384ff6abab39543e3d0a	13f360752bfe6993eea0ace815301e5814591edef7c4e098228eff5088c19c0b	redact	10
tr04-official-1/T09-G2-r1/s3-curtain-seed1/plc-stderr.log	0	e3b0c44298fc1c149afbf4c8996fb92427ae41e4649b934ca495991b7852b855	e3b0c44298fc1c149afbf4c8996fb92427ae41e4649b934ca495991b7852b855	none	0
tr04-official-1/T09-G2-r1/s3-curtain-seed1/processes.json	133	2d682689e80bda8c5620f25653426df526d1fbc1117dd5af83750c779d3b7848	2d682689e80bda8c5620f25653426df526d1fbc1117dd5af83750c779d3b7848	none	0
tr04-official-1/T09-G2-r1/s3-curtain-seed1/reference-10ms-differences.json	3	37517e5f3dc66819f61f5a7bb8ace1921282415f10551d2defa5c3eb0985b570	37517e5f3dc66819f61f5a7bb8ace1921282415f10551d2defa5c3eb0985b570	none	0
tr04-official-1/T09-G2-r1/s3-curtain-seed1/static.json	11875	743e0ad6fb6106bc349a2b3c03bd820d0ef0851055da8d3df6eaf4447b73e0e6	743e0ad6fb6106bc349a2b3c03bd820d0ef0851055da8d3df6eaf4447b73e0e6	none	0
tr04-official-1/T09-G2-r1/s3-curtain-seed1/summary.json	4067	d35254dd4110d7490ee37a3a53ddfb597037c08cefcc30311b188aacaf386ac8	209f40c4cba2c021f096fbe209b314b0f0286f298179d085d8b8dd829fe1731c	drop_tick_hashes	0
tr04-official-1/T09-G2-r1/s3-curtain-seed1/vision-stderr.log	26	f6259e2742222db4cedc0f46e1f9d79c113803494192992ee22d2e0ff6d9cc6e	f6259e2742222db4cedc0f46e1f9d79c113803494192992ee22d2e0ff6d9cc6e	none	0
tr04-official-1/T09-G2-r1/s3-normal-seed1/io_verdict.json	383	5764c90719e5a826eba5810eea1a7ffe0fd700369ade52d68ab4498083a4b600	5764c90719e5a826eba5810eea1a7ffe0fd700369ade52d68ab4498083a4b600	none	0
tr04-official-1/T09-G2-r1/s3-normal-seed1/metadata.json	5304	d1b7c99576af8265ce3998b973db6d5d6f9d06f46bb693f714761aa40a68d2bf	1f51067ff700d068f36d5fd85993e9b02c4a6eb8aa315399e05571add41de746	redact	10
tr04-official-1/T09-G2-r1/s3-normal-seed1/plc-stderr.log	0	e3b0c44298fc1c149afbf4c8996fb92427ae41e4649b934ca495991b7852b855	e3b0c44298fc1c149afbf4c8996fb92427ae41e4649b934ca495991b7852b855	none	0
tr04-official-1/T09-G2-r1/s3-normal-seed1/processes.json	133	2d682689e80bda8c5620f25653426df526d1fbc1117dd5af83750c779d3b7848	2d682689e80bda8c5620f25653426df526d1fbc1117dd5af83750c779d3b7848	none	0
tr04-official-1/T09-G2-r1/s3-normal-seed1/reference-10ms-differences.json	3	37517e5f3dc66819f61f5a7bb8ace1921282415f10551d2defa5c3eb0985b570	37517e5f3dc66819f61f5a7bb8ace1921282415f10551d2defa5c3eb0985b570	none	0
tr04-official-1/T09-G2-r1/s3-normal-seed1/static.json	11875	743e0ad6fb6106bc349a2b3c03bd820d0ef0851055da8d3df6eaf4447b73e0e6	743e0ad6fb6106bc349a2b3c03bd820d0ef0851055da8d3df6eaf4447b73e0e6	none	0
tr04-official-1/T09-G2-r1/s3-normal-seed1/summary.json	4186	0a7e4279c6216471443dd646689c1c36da5925316a1140229edb1a279bf73e7d	d969ce21879913495954f30cc2c7a59d2408de8221742b6124893fb47b9e3f53	drop_tick_hashes	0
tr04-official-1/T09-G2-r1/s3-normal-seed1/vision-stderr.log	26	f6259e2742222db4cedc0f46e1f9d79c113803494192992ee22d2e0ff6d9cc6e	f6259e2742222db4cedc0f46e1f9d79c113803494192992ee22d2e0ff6d9cc6e	none	0
tr04-official-1/T09-G2-r1/s3-normal-seed2/io_verdict.json	383	83da5e3273ff972c39964988f706e20a4642491265ba03a1382068d67c4f5ff7	83da5e3273ff972c39964988f706e20a4642491265ba03a1382068d67c4f5ff7	none	0
tr04-official-1/T09-G2-r1/s3-normal-seed2/metadata.json	5304	7ce5f5f4064ea006a7b7255cc67c674740a6124b26a29caa6fed48d43fd7ff1b	c544c9aceeb8ec17dc9ed44cc4ae001494c1a25c1fe49c95e110ff4041c5aa2e	redact	10
tr04-official-1/T09-G2-r1/s3-normal-seed2/plc-stderr.log	0	e3b0c44298fc1c149afbf4c8996fb92427ae41e4649b934ca495991b7852b855	e3b0c44298fc1c149afbf4c8996fb92427ae41e4649b934ca495991b7852b855	none	0
tr04-official-1/T09-G2-r1/s3-normal-seed2/processes.json	133	2d682689e80bda8c5620f25653426df526d1fbc1117dd5af83750c779d3b7848	2d682689e80bda8c5620f25653426df526d1fbc1117dd5af83750c779d3b7848	none	0
tr04-official-1/T09-G2-r1/s3-normal-seed2/reference-10ms-differences.json	3	37517e5f3dc66819f61f5a7bb8ace1921282415f10551d2defa5c3eb0985b570	37517e5f3dc66819f61f5a7bb8ace1921282415f10551d2defa5c3eb0985b570	none	0
tr04-official-1/T09-G2-r1/s3-normal-seed2/static.json	11875	743e0ad6fb6106bc349a2b3c03bd820d0ef0851055da8d3df6eaf4447b73e0e6	743e0ad6fb6106bc349a2b3c03bd820d0ef0851055da8d3df6eaf4447b73e0e6	none	0
tr04-official-1/T09-G2-r1/s3-normal-seed2/summary.json	4190	58d3393c00199501321ac589eca33acbaca26b1e122ecdf8e4d06c8ec76c5b74	1dcc5579694dd94f68fb7d26edba9ae2a13f292b7d9bfa89ff52443e24141653	drop_tick_hashes	0
tr04-official-1/T09-G2-r1/s3-normal-seed2/vision-stderr.log	26	f6259e2742222db4cedc0f46e1f9d79c113803494192992ee22d2e0ff6d9cc6e	f6259e2742222db4cedc0f46e1f9d79c113803494192992ee22d2e0ff6d9cc6e	none	0
tr04-official-1/T09-G2-r1/s3-normal-seed3/io_verdict.json	383	0007070d2e319ecd363bdfafce6d41c38238c32859c88c342266c82bfdf40462	0007070d2e319ecd363bdfafce6d41c38238c32859c88c342266c82bfdf40462	none	0
tr04-official-1/T09-G2-r1/s3-normal-seed3/metadata.json	5304	c7740ad4b0d15deefce89312811d13fba85f2341086b092ffbd381ff7ab2bb3e	3d88d3cda1e4f705b723742c4082f98bb4f114e327991dda5e627f271cc84a2a	redact	10
tr04-official-1/T09-G2-r1/s3-normal-seed3/plc-stderr.log	0	e3b0c44298fc1c149afbf4c8996fb92427ae41e4649b934ca495991b7852b855	e3b0c44298fc1c149afbf4c8996fb92427ae41e4649b934ca495991b7852b855	none	0
tr04-official-1/T09-G2-r1/s3-normal-seed3/processes.json	133	2d682689e80bda8c5620f25653426df526d1fbc1117dd5af83750c779d3b7848	2d682689e80bda8c5620f25653426df526d1fbc1117dd5af83750c779d3b7848	none	0
tr04-official-1/T09-G2-r1/s3-normal-seed3/reference-10ms-differences.json	3	37517e5f3dc66819f61f5a7bb8ace1921282415f10551d2defa5c3eb0985b570	37517e5f3dc66819f61f5a7bb8ace1921282415f10551d2defa5c3eb0985b570	none	0
tr04-official-1/T09-G2-r1/s3-normal-seed3/static.json	11875	743e0ad6fb6106bc349a2b3c03bd820d0ef0851055da8d3df6eaf4447b73e0e6	743e0ad6fb6106bc349a2b3c03bd820d0ef0851055da8d3df6eaf4447b73e0e6	none	0
tr04-official-1/T09-G2-r1/s3-normal-seed3/summary.json	4191	5d52023f63ffe2c160cd381be533a804485633e6b9ef7b3a5c27a8c49a1c862b	f569e5d28f685bb11d3f9475f5a4787911556a31fe41439d69ffb3a979659452	drop_tick_hashes	0
tr04-official-1/T09-G2-r1/s3-normal-seed3/vision-stderr.log	26	f6259e2742222db4cedc0f46e1f9d79c113803494192992ee22d2e0ff6d9cc6e	f6259e2742222db4cedc0f46e1f9d79c113803494192992ee22d2e0ff6d9cc6e	none	0
tr04-official-1/T09-G2-r1/s3-recovery-retract-seed1/failure.json	75	0c6032cd07861e1f85d433c4777029e5b595339c22f506d8d7369fa926454217	0c6032cd07861e1f85d433c4777029e5b595339c22f506d8d7369fa926454217	none	0
tr04-official-1/T09-G2-r1/s3-recovery-retract-seed1/io_verdict.json	451	052be0d43fa3e754cebfb1cf553a1e9e0bdaf80eaaf9f7f5d4ace5924952ae26	052be0d43fa3e754cebfb1cf553a1e9e0bdaf80eaaf9f7f5d4ace5924952ae26	none	0
tr04-official-1/T09-G2-r1/s3-recovery-retract-seed1/metadata.json	5314	d316757059f51d1d08768307230debc8a0e2282de96b152b5c7820bc18aebab3	4896ecda8ceb8ade5cf53c0918bba1fd47930eb8f5a575b1de7cbef49c662860	redact	10
tr04-official-1/T09-G2-r1/s3-recovery-retract-seed1/plc-stderr.log	0	e3b0c44298fc1c149afbf4c8996fb92427ae41e4649b934ca495991b7852b855	e3b0c44298fc1c149afbf4c8996fb92427ae41e4649b934ca495991b7852b855	none	0
tr04-official-1/T09-G2-r1/s3-recovery-retract-seed1/processes.json	134	a359ee4aa54de89e8b8af12b57c7568e03924a7769f3cee1d8825d2cd30c000f	a359ee4aa54de89e8b8af12b57c7568e03924a7769f3cee1d8825d2cd30c000f	none	0
tr04-official-1/T09-G2-r1/s3-recovery-retract-seed1/static.json	11875	743e0ad6fb6106bc349a2b3c03bd820d0ef0851055da8d3df6eaf4447b73e0e6	743e0ad6fb6106bc349a2b3c03bd820d0ef0851055da8d3df6eaf4447b73e0e6	none	0
tr04-official-1/T09-G2-r1/s3-recovery-retract-seed1/vision-stderr.log	26	f6259e2742222db4cedc0f46e1f9d79c113803494192992ee22d2e0ff6d9cc6e	f6259e2742222db4cedc0f46e1f9d79c113803494192992ee22d2e0ff6d9cc6e	none	0
tr04-official-1/T09-G2-r1/s3-recovery-seed1/failure.json	75	0c6032cd07861e1f85d433c4777029e5b595339c22f506d8d7369fa926454217	0c6032cd07861e1f85d433c4777029e5b595339c22f506d8d7369fa926454217	none	0
tr04-official-1/T09-G2-r1/s3-recovery-seed1/io_verdict.json	443	c3b2feb77af86b08121ea46e6d92b8dd2defd43618446f6270768933cdbfd57d	c3b2feb77af86b08121ea46e6d92b8dd2defd43618446f6270768933cdbfd57d	none	0
tr04-official-1/T09-G2-r1/s3-recovery-seed1/metadata.json	5306	e72e497ad92ab70ca6204103d7e52adbe2e4b9937f05d49eed66ea4cb27b9a34	59a366d0d2af240fa4dc157a15e10462a54e46afa2b5ec4bb5a8cb73e6e45b6e	redact	10
tr04-official-1/T09-G2-r1/s3-recovery-seed1/plc-stderr.log	0	e3b0c44298fc1c149afbf4c8996fb92427ae41e4649b934ca495991b7852b855	e3b0c44298fc1c149afbf4c8996fb92427ae41e4649b934ca495991b7852b855	none	0
tr04-official-1/T09-G2-r1/s3-recovery-seed1/processes.json	134	a359ee4aa54de89e8b8af12b57c7568e03924a7769f3cee1d8825d2cd30c000f	a359ee4aa54de89e8b8af12b57c7568e03924a7769f3cee1d8825d2cd30c000f	none	0
tr04-official-1/T09-G2-r1/s3-recovery-seed1/static.json	11875	743e0ad6fb6106bc349a2b3c03bd820d0ef0851055da8d3df6eaf4447b73e0e6	743e0ad6fb6106bc349a2b3c03bd820d0ef0851055da8d3df6eaf4447b73e0e6	none	0
tr04-official-1/T09-G2-r1/s3-recovery-seed1/vision-stderr.log	26	f6259e2742222db4cedc0f46e1f9d79c113803494192992ee22d2e0ff6d9cc6e	f6259e2742222db4cedc0f46e1f9d79c113803494192992ee22d2e0ff6d9cc6e	none	0
tr04-official-1/T09-G2-r1/static.json	326	e64126ab136585e7720b7a02aeb1afe1cc2a0a1970d3282348d9685f1ee922ad	a8aefee019d89cb78b30df2f20d682b26d457a6944b0333d0d8d53ab44e3e4b3	redact	1
tr04-official-1/T09-G2-r1/verdict.json	1156	cc0387f607dd72c1a9d2ab87ebd33ef55584a9868a6ca4048277a31b81c1cdf6	cc0387f607dd72c1a9d2ab87ebd33ef55584a9868a6ca4048277a31b81c1cdf6	none	0
tr04-official-1/T09-G2-r2/force.json	2212	acc5121cfc2f71f2ab49ecd9e42b7be1a42ae0fbe22c36fbaae1eb3caa61fbe1	ce13f5721119da6bb79e0ce27abded1e9bcd251ca342dacfe842604e07d48331	redact	1
tr04-official-1/T09-G2-r2/s3-curtain-seed1/io_verdict.json	442	0d6016793d1093d7cc3322114b100f8661cdb354b1029bf0169ef2df01d2bed5	0d6016793d1093d7cc3322114b100f8661cdb354b1029bf0169ef2df01d2bed5	none	0
tr04-official-1/T09-G2-r2/s3-curtain-seed1/metadata.json	5305	7e05879e26d443a16aaaaf6ffce7ec862e7baf6addb0577a3c2aba87317d0e68	6ccdb78ce68aaead0669179fa84b4ab0aaf55b2bc5ebb34568d8abdda5103bf0	redact	10
tr04-official-1/T09-G2-r2/s3-curtain-seed1/plc-stderr.log	0	e3b0c44298fc1c149afbf4c8996fb92427ae41e4649b934ca495991b7852b855	e3b0c44298fc1c149afbf4c8996fb92427ae41e4649b934ca495991b7852b855	none	0
tr04-official-1/T09-G2-r2/s3-curtain-seed1/processes.json	133	2d682689e80bda8c5620f25653426df526d1fbc1117dd5af83750c779d3b7848	2d682689e80bda8c5620f25653426df526d1fbc1117dd5af83750c779d3b7848	none	0
tr04-official-1/T09-G2-r2/s3-curtain-seed1/reference-10ms-differences.json	3	37517e5f3dc66819f61f5a7bb8ace1921282415f10551d2defa5c3eb0985b570	37517e5f3dc66819f61f5a7bb8ace1921282415f10551d2defa5c3eb0985b570	none	0
tr04-official-1/T09-G2-r2/s3-curtain-seed1/static.json	11875	decfc224443bb648ad683b2e5d6c98a77fea76e085ccaec2631f13e1a88c36a9	decfc224443bb648ad683b2e5d6c98a77fea76e085ccaec2631f13e1a88c36a9	none	0
tr04-official-1/T09-G2-r2/s3-curtain-seed1/summary.json	4067	d09b10968c1387104e9013aeedab20eca605a819abe101082aa0a32c7a7c116f	30f9ec0ab0d5e3649a90d662dd0c8e5e71f345cfa208fbc8571492ffeffc3bb4	drop_tick_hashes	0
tr04-official-1/T09-G2-r2/s3-curtain-seed1/vision-stderr.log	26	f6259e2742222db4cedc0f46e1f9d79c113803494192992ee22d2e0ff6d9cc6e	f6259e2742222db4cedc0f46e1f9d79c113803494192992ee22d2e0ff6d9cc6e	none	0
tr04-official-1/T09-G2-r2/s3-normal-seed1/io_verdict.json	383	5764c90719e5a826eba5810eea1a7ffe0fd700369ade52d68ab4498083a4b600	5764c90719e5a826eba5810eea1a7ffe0fd700369ade52d68ab4498083a4b600	none	0
tr04-official-1/T09-G2-r2/s3-normal-seed1/metadata.json	5304	82c6524847c62db645c249e97b317d243b1863bda1e8ba3bfa72c86be4031688	aadc01db0d938afe5d9cf4cdaeced3e7de3c3e93d2de04c97eda6cc321fe7639	redact	10
tr04-official-1/T09-G2-r2/s3-normal-seed1/plc-stderr.log	0	e3b0c44298fc1c149afbf4c8996fb92427ae41e4649b934ca495991b7852b855	e3b0c44298fc1c149afbf4c8996fb92427ae41e4649b934ca495991b7852b855	none	0
tr04-official-1/T09-G2-r2/s3-normal-seed1/processes.json	133	2d682689e80bda8c5620f25653426df526d1fbc1117dd5af83750c779d3b7848	2d682689e80bda8c5620f25653426df526d1fbc1117dd5af83750c779d3b7848	none	0
tr04-official-1/T09-G2-r2/s3-normal-seed1/reference-10ms-differences.json	3	37517e5f3dc66819f61f5a7bb8ace1921282415f10551d2defa5c3eb0985b570	37517e5f3dc66819f61f5a7bb8ace1921282415f10551d2defa5c3eb0985b570	none	0
tr04-official-1/T09-G2-r2/s3-normal-seed1/static.json	11875	decfc224443bb648ad683b2e5d6c98a77fea76e085ccaec2631f13e1a88c36a9	decfc224443bb648ad683b2e5d6c98a77fea76e085ccaec2631f13e1a88c36a9	none	0
tr04-official-1/T09-G2-r2/s3-normal-seed1/summary.json	4186	966ac724925e102cdbefe2ac5deff0484f1ee524121062563aa404abd47e4396	1430f6c35a9107eb8af7fb1045337fe41d872f2e210f1f24ef6022c3c8c72c02	drop_tick_hashes	0
tr04-official-1/T09-G2-r2/s3-normal-seed1/vision-stderr.log	26	f6259e2742222db4cedc0f46e1f9d79c113803494192992ee22d2e0ff6d9cc6e	f6259e2742222db4cedc0f46e1f9d79c113803494192992ee22d2e0ff6d9cc6e	none	0
tr04-official-1/T09-G2-r2/s3-normal-seed2/io_verdict.json	383	83da5e3273ff972c39964988f706e20a4642491265ba03a1382068d67c4f5ff7	83da5e3273ff972c39964988f706e20a4642491265ba03a1382068d67c4f5ff7	none	0
tr04-official-1/T09-G2-r2/s3-normal-seed2/metadata.json	5304	29d4fb8474305eb1150a0243cd162039e548dfef3eabc4e00ce3a32f98cdccba	0b35d486f3c7fc1f210579d903a0ade3fbcea5f320ec02e2767483f612d2bb80	redact	10
tr04-official-1/T09-G2-r2/s3-normal-seed2/plc-stderr.log	0	e3b0c44298fc1c149afbf4c8996fb92427ae41e4649b934ca495991b7852b855	e3b0c44298fc1c149afbf4c8996fb92427ae41e4649b934ca495991b7852b855	none	0
tr04-official-1/T09-G2-r2/s3-normal-seed2/processes.json	133	2d682689e80bda8c5620f25653426df526d1fbc1117dd5af83750c779d3b7848	2d682689e80bda8c5620f25653426df526d1fbc1117dd5af83750c779d3b7848	none	0
tr04-official-1/T09-G2-r2/s3-normal-seed2/reference-10ms-differences.json	3	37517e5f3dc66819f61f5a7bb8ace1921282415f10551d2defa5c3eb0985b570	37517e5f3dc66819f61f5a7bb8ace1921282415f10551d2defa5c3eb0985b570	none	0
tr04-official-1/T09-G2-r2/s3-normal-seed2/static.json	11875	decfc224443bb648ad683b2e5d6c98a77fea76e085ccaec2631f13e1a88c36a9	decfc224443bb648ad683b2e5d6c98a77fea76e085ccaec2631f13e1a88c36a9	none	0
tr04-official-1/T09-G2-r2/s3-normal-seed2/summary.json	4190	c04f1281eb956efc484c24333bbce01477a74c1c714fe4fe2e6fdf4dd58536f7	49c64f33ec4516b9bba00e6f27f01716fc7c21869e5ff43fa152e1d51a1bdea4	drop_tick_hashes	0
tr04-official-1/T09-G2-r2/s3-normal-seed2/vision-stderr.log	26	f6259e2742222db4cedc0f46e1f9d79c113803494192992ee22d2e0ff6d9cc6e	f6259e2742222db4cedc0f46e1f9d79c113803494192992ee22d2e0ff6d9cc6e	none	0
tr04-official-1/T09-G2-r2/s3-normal-seed3/io_verdict.json	383	0007070d2e319ecd363bdfafce6d41c38238c32859c88c342266c82bfdf40462	0007070d2e319ecd363bdfafce6d41c38238c32859c88c342266c82bfdf40462	none	0
tr04-official-1/T09-G2-r2/s3-normal-seed3/metadata.json	5304	bf8e8e7bb6ca8f81c5e8e805a6830c6bb8e98febd0b2260670305e1550d38623	e1d1cd9260f02a1f9c49526aaec3e9d6520720c8c6db98e5425b6469272c5469	redact	10
tr04-official-1/T09-G2-r2/s3-normal-seed3/plc-stderr.log	0	e3b0c44298fc1c149afbf4c8996fb92427ae41e4649b934ca495991b7852b855	e3b0c44298fc1c149afbf4c8996fb92427ae41e4649b934ca495991b7852b855	none	0
tr04-official-1/T09-G2-r2/s3-normal-seed3/processes.json	133	2d682689e80bda8c5620f25653426df526d1fbc1117dd5af83750c779d3b7848	2d682689e80bda8c5620f25653426df526d1fbc1117dd5af83750c779d3b7848	none	0
tr04-official-1/T09-G2-r2/s3-normal-seed3/reference-10ms-differences.json	3	37517e5f3dc66819f61f5a7bb8ace1921282415f10551d2defa5c3eb0985b570	37517e5f3dc66819f61f5a7bb8ace1921282415f10551d2defa5c3eb0985b570	none	0
tr04-official-1/T09-G2-r2/s3-normal-seed3/static.json	11875	decfc224443bb648ad683b2e5d6c98a77fea76e085ccaec2631f13e1a88c36a9	decfc224443bb648ad683b2e5d6c98a77fea76e085ccaec2631f13e1a88c36a9	none	0
tr04-official-1/T09-G2-r2/s3-normal-seed3/summary.json	4191	ed5ea4790a0d2eb339614864e32616272946650adc689ce7f5cc95ae4c696685	d2963a0e6ae3fc922877f56fbf17c3fc3dd72efbd17dc20328068ec58f025780	drop_tick_hashes	0
tr04-official-1/T09-G2-r2/s3-normal-seed3/vision-stderr.log	26	f6259e2742222db4cedc0f46e1f9d79c113803494192992ee22d2e0ff6d9cc6e	f6259e2742222db4cedc0f46e1f9d79c113803494192992ee22d2e0ff6d9cc6e	none	0
tr04-official-1/T09-G2-r2/s3-recovery-retract-seed1/failure.json	75	0c6032cd07861e1f85d433c4777029e5b595339c22f506d8d7369fa926454217	0c6032cd07861e1f85d433c4777029e5b595339c22f506d8d7369fa926454217	none	0
tr04-official-1/T09-G2-r2/s3-recovery-retract-seed1/io_verdict.json	451	052be0d43fa3e754cebfb1cf553a1e9e0bdaf80eaaf9f7f5d4ace5924952ae26	052be0d43fa3e754cebfb1cf553a1e9e0bdaf80eaaf9f7f5d4ace5924952ae26	none	0
tr04-official-1/T09-G2-r2/s3-recovery-retract-seed1/metadata.json	5314	362e7ac60c3d8a81c97ec2aea79a58e34229242bd9de24836ec2dde89933b7a4	19e733837a619a4ce40805480c3cae2513bde7bff32eb4906a3b918335eb70cf	redact	10
tr04-official-1/T09-G2-r2/s3-recovery-retract-seed1/plc-stderr.log	0	e3b0c44298fc1c149afbf4c8996fb92427ae41e4649b934ca495991b7852b855	e3b0c44298fc1c149afbf4c8996fb92427ae41e4649b934ca495991b7852b855	none	0
tr04-official-1/T09-G2-r2/s3-recovery-retract-seed1/processes.json	134	a359ee4aa54de89e8b8af12b57c7568e03924a7769f3cee1d8825d2cd30c000f	a359ee4aa54de89e8b8af12b57c7568e03924a7769f3cee1d8825d2cd30c000f	none	0
tr04-official-1/T09-G2-r2/s3-recovery-retract-seed1/static.json	11875	decfc224443bb648ad683b2e5d6c98a77fea76e085ccaec2631f13e1a88c36a9	decfc224443bb648ad683b2e5d6c98a77fea76e085ccaec2631f13e1a88c36a9	none	0
tr04-official-1/T09-G2-r2/s3-recovery-retract-seed1/vision-stderr.log	26	f6259e2742222db4cedc0f46e1f9d79c113803494192992ee22d2e0ff6d9cc6e	f6259e2742222db4cedc0f46e1f9d79c113803494192992ee22d2e0ff6d9cc6e	none	0
tr04-official-1/T09-G2-r2/s3-recovery-seed1/failure.json	75	0c6032cd07861e1f85d433c4777029e5b595339c22f506d8d7369fa926454217	0c6032cd07861e1f85d433c4777029e5b595339c22f506d8d7369fa926454217	none	0
tr04-official-1/T09-G2-r2/s3-recovery-seed1/io_verdict.json	443	c3b2feb77af86b08121ea46e6d92b8dd2defd43618446f6270768933cdbfd57d	c3b2feb77af86b08121ea46e6d92b8dd2defd43618446f6270768933cdbfd57d	none	0
tr04-official-1/T09-G2-r2/s3-recovery-seed1/metadata.json	5306	15c2ee73b8be14c8ff8f13064a6bf4feab815445925c0a11888ba30e2174451d	3733a8edf3250863a1fd10f55ef33dc0b40ca37672db5d243675ae2b1d4cf35a	redact	10
tr04-official-1/T09-G2-r2/s3-recovery-seed1/plc-stderr.log	0	e3b0c44298fc1c149afbf4c8996fb92427ae41e4649b934ca495991b7852b855	e3b0c44298fc1c149afbf4c8996fb92427ae41e4649b934ca495991b7852b855	none	0
tr04-official-1/T09-G2-r2/s3-recovery-seed1/processes.json	134	a359ee4aa54de89e8b8af12b57c7568e03924a7769f3cee1d8825d2cd30c000f	a359ee4aa54de89e8b8af12b57c7568e03924a7769f3cee1d8825d2cd30c000f	none	0
tr04-official-1/T09-G2-r2/s3-recovery-seed1/static.json	11875	decfc224443bb648ad683b2e5d6c98a77fea76e085ccaec2631f13e1a88c36a9	decfc224443bb648ad683b2e5d6c98a77fea76e085ccaec2631f13e1a88c36a9	none	0
tr04-official-1/T09-G2-r2/s3-recovery-seed1/vision-stderr.log	26	f6259e2742222db4cedc0f46e1f9d79c113803494192992ee22d2e0ff6d9cc6e	f6259e2742222db4cedc0f46e1f9d79c113803494192992ee22d2e0ff6d9cc6e	none	0
tr04-official-1/T09-G2-r2/static.json	326	58967fdc5aeb4e1d8f9ff516254659228f83b9347aef95878ba362fd20496528	8ce7ac5886335d117de540941ee50e731aa3ca0c34d01e3b4d827485527e5f44	redact	1
tr04-official-1/T09-G2-r2/verdict.json	1156	963b2dc2f15743bbb50b757d74659d5beed0d551d184af8be516921bc7bff9dc	963b2dc2f15743bbb50b757d74659d5beed0d551d184af8be516921bc7bff9dc	none	0
tr04-official-1/T09-G2-r3/force.json	2212	dced3f4e171e9eba966a429085cafb4b7be82f0e184051c30c2481dffd60ffa0	ee5474d0f46d15369c7d6ea2fa45eb4db73d335e584dba1b44776e93723083f5	redact	1
tr04-official-1/T09-G2-r3/s3-curtain-seed1/io_verdict.json	442	0d6016793d1093d7cc3322114b100f8661cdb354b1029bf0169ef2df01d2bed5	0d6016793d1093d7cc3322114b100f8661cdb354b1029bf0169ef2df01d2bed5	none	0
tr04-official-1/T09-G2-r3/s3-curtain-seed1/metadata.json	5305	142da06af7ac3f5a942a9429a9fbc668d42946ee20a8ac847cfb22db4809a014	4a8aa92a7901ed6912751f3836a960b4df3cef5ec4c9277107fe2c0ce83b6cd7	redact	10
tr04-official-1/T09-G2-r3/s3-curtain-seed1/plc-stderr.log	0	e3b0c44298fc1c149afbf4c8996fb92427ae41e4649b934ca495991b7852b855	e3b0c44298fc1c149afbf4c8996fb92427ae41e4649b934ca495991b7852b855	none	0
tr04-official-1/T09-G2-r3/s3-curtain-seed1/processes.json	133	2d682689e80bda8c5620f25653426df526d1fbc1117dd5af83750c779d3b7848	2d682689e80bda8c5620f25653426df526d1fbc1117dd5af83750c779d3b7848	none	0
tr04-official-1/T09-G2-r3/s3-curtain-seed1/reference-10ms-differences.json	3	37517e5f3dc66819f61f5a7bb8ace1921282415f10551d2defa5c3eb0985b570	37517e5f3dc66819f61f5a7bb8ace1921282415f10551d2defa5c3eb0985b570	none	0
tr04-official-1/T09-G2-r3/s3-curtain-seed1/static.json	11562	ed95909e39b1f64bfc14d6ff52b6baff0202145a9ec3c9a747d86a9e0a0996f8	ed95909e39b1f64bfc14d6ff52b6baff0202145a9ec3c9a747d86a9e0a0996f8	none	0
tr04-official-1/T09-G2-r3/s3-curtain-seed1/summary.json	4067	7385d41b86a40a899252b989451f999b7b56ab71be075f114e9c18aa36baf964	2832301d6ba796cd046bf9fc7e943c6decc9334bbc81c41223b918a6f9b4f44f	drop_tick_hashes	0
tr04-official-1/T09-G2-r3/s3-curtain-seed1/vision-stderr.log	26	f6259e2742222db4cedc0f46e1f9d79c113803494192992ee22d2e0ff6d9cc6e	f6259e2742222db4cedc0f46e1f9d79c113803494192992ee22d2e0ff6d9cc6e	none	0
tr04-official-1/T09-G2-r3/s3-normal-seed1/io_verdict.json	383	5764c90719e5a826eba5810eea1a7ffe0fd700369ade52d68ab4498083a4b600	5764c90719e5a826eba5810eea1a7ffe0fd700369ade52d68ab4498083a4b600	none	0
tr04-official-1/T09-G2-r3/s3-normal-seed1/metadata.json	5304	28c047d4e9a6ccb6bae3af2a0817d7592cc588ad67b23c7656fe740ee09a739b	f1e9d9b3e190eceb108b5e7e29f79539ddc6883383e17c80e738e37f619ef9c8	redact	10
tr04-official-1/T09-G2-r3/s3-normal-seed1/plc-stderr.log	0	e3b0c44298fc1c149afbf4c8996fb92427ae41e4649b934ca495991b7852b855	e3b0c44298fc1c149afbf4c8996fb92427ae41e4649b934ca495991b7852b855	none	0
tr04-official-1/T09-G2-r3/s3-normal-seed1/processes.json	133	2d682689e80bda8c5620f25653426df526d1fbc1117dd5af83750c779d3b7848	2d682689e80bda8c5620f25653426df526d1fbc1117dd5af83750c779d3b7848	none	0
tr04-official-1/T09-G2-r3/s3-normal-seed1/reference-10ms-differences.json	3	37517e5f3dc66819f61f5a7bb8ace1921282415f10551d2defa5c3eb0985b570	37517e5f3dc66819f61f5a7bb8ace1921282415f10551d2defa5c3eb0985b570	none	0
tr04-official-1/T09-G2-r3/s3-normal-seed1/static.json	11562	ed95909e39b1f64bfc14d6ff52b6baff0202145a9ec3c9a747d86a9e0a0996f8	ed95909e39b1f64bfc14d6ff52b6baff0202145a9ec3c9a747d86a9e0a0996f8	none	0
tr04-official-1/T09-G2-r3/s3-normal-seed1/summary.json	4186	ff7e359f590646dbacc8e36bbf1f8a4ad40fd9c05ffed4de386e9f2a5148bd18	ed42d699bf9480e17c549dff8bc900962f17ccc48e22a928669fe5176daf5f33	drop_tick_hashes	0
tr04-official-1/T09-G2-r3/s3-normal-seed1/vision-stderr.log	26	f6259e2742222db4cedc0f46e1f9d79c113803494192992ee22d2e0ff6d9cc6e	f6259e2742222db4cedc0f46e1f9d79c113803494192992ee22d2e0ff6d9cc6e	none	0
tr04-official-1/T09-G2-r3/s3-normal-seed2/io_verdict.json	383	83da5e3273ff972c39964988f706e20a4642491265ba03a1382068d67c4f5ff7	83da5e3273ff972c39964988f706e20a4642491265ba03a1382068d67c4f5ff7	none	0
tr04-official-1/T09-G2-r3/s3-normal-seed2/metadata.json	5304	0a9967f4c4c7af8db74ab257127804a931428d74db0cfe60f8af4e1e914fcd0c	d641e2afef5956704262dd4e45faec58de3dfa1b681f9390475a457bcec7d1cf	redact	10
tr04-official-1/T09-G2-r3/s3-normal-seed2/plc-stderr.log	0	e3b0c44298fc1c149afbf4c8996fb92427ae41e4649b934ca495991b7852b855	e3b0c44298fc1c149afbf4c8996fb92427ae41e4649b934ca495991b7852b855	none	0
tr04-official-1/T09-G2-r3/s3-normal-seed2/processes.json	133	2d682689e80bda8c5620f25653426df526d1fbc1117dd5af83750c779d3b7848	2d682689e80bda8c5620f25653426df526d1fbc1117dd5af83750c779d3b7848	none	0
tr04-official-1/T09-G2-r3/s3-normal-seed2/reference-10ms-differences.json	3	37517e5f3dc66819f61f5a7bb8ace1921282415f10551d2defa5c3eb0985b570	37517e5f3dc66819f61f5a7bb8ace1921282415f10551d2defa5c3eb0985b570	none	0
tr04-official-1/T09-G2-r3/s3-normal-seed2/static.json	11562	ed95909e39b1f64bfc14d6ff52b6baff0202145a9ec3c9a747d86a9e0a0996f8	ed95909e39b1f64bfc14d6ff52b6baff0202145a9ec3c9a747d86a9e0a0996f8	none	0
tr04-official-1/T09-G2-r3/s3-normal-seed2/summary.json	4190	122737d12c8151f84fad10ebc6518d201acdfa73f0d0e01d3157198868bb3c94	63e6893361c04bf3bd52a97908a414e6c3dcb872564035381982c15c1ea119b5	drop_tick_hashes	0
tr04-official-1/T09-G2-r3/s3-normal-seed2/vision-stderr.log	26	f6259e2742222db4cedc0f46e1f9d79c113803494192992ee22d2e0ff6d9cc6e	f6259e2742222db4cedc0f46e1f9d79c113803494192992ee22d2e0ff6d9cc6e	none	0
tr04-official-1/T09-G2-r3/s3-normal-seed3/io_verdict.json	383	0007070d2e319ecd363bdfafce6d41c38238c32859c88c342266c82bfdf40462	0007070d2e319ecd363bdfafce6d41c38238c32859c88c342266c82bfdf40462	none	0
tr04-official-1/T09-G2-r3/s3-normal-seed3/metadata.json	5304	109bb28ea081f1a69c8e451faaba3d64c3ac1767ebd860b3df62d00c6b299859	96a163010aa2a0faedeb680741b5efe043bc4f20e8be17d0f88dcf93ae1b0502	redact	10
tr04-official-1/T09-G2-r3/s3-normal-seed3/plc-stderr.log	0	e3b0c44298fc1c149afbf4c8996fb92427ae41e4649b934ca495991b7852b855	e3b0c44298fc1c149afbf4c8996fb92427ae41e4649b934ca495991b7852b855	none	0
tr04-official-1/T09-G2-r3/s3-normal-seed3/processes.json	133	2d682689e80bda8c5620f25653426df526d1fbc1117dd5af83750c779d3b7848	2d682689e80bda8c5620f25653426df526d1fbc1117dd5af83750c779d3b7848	none	0
tr04-official-1/T09-G2-r3/s3-normal-seed3/reference-10ms-differences.json	3	37517e5f3dc66819f61f5a7bb8ace1921282415f10551d2defa5c3eb0985b570	37517e5f3dc66819f61f5a7bb8ace1921282415f10551d2defa5c3eb0985b570	none	0
tr04-official-1/T09-G2-r3/s3-normal-seed3/static.json	11562	ed95909e39b1f64bfc14d6ff52b6baff0202145a9ec3c9a747d86a9e0a0996f8	ed95909e39b1f64bfc14d6ff52b6baff0202145a9ec3c9a747d86a9e0a0996f8	none	0
tr04-official-1/T09-G2-r3/s3-normal-seed3/summary.json	4191	497b9889ccf8e3984d9bbe5e8f0db4529b8a0150dbbb7ffb44d86c9808793c09	500c587514981bad04fcfa2b3cd0c6a0607cd32438e814e854ae9c8a9a20df5a	drop_tick_hashes	0
tr04-official-1/T09-G2-r3/s3-normal-seed3/vision-stderr.log	26	f6259e2742222db4cedc0f46e1f9d79c113803494192992ee22d2e0ff6d9cc6e	f6259e2742222db4cedc0f46e1f9d79c113803494192992ee22d2e0ff6d9cc6e	none	0
tr04-official-1/T09-G2-r3/s3-recovery-retract-seed1/failure.json	75	0c6032cd07861e1f85d433c4777029e5b595339c22f506d8d7369fa926454217	0c6032cd07861e1f85d433c4777029e5b595339c22f506d8d7369fa926454217	none	0
tr04-official-1/T09-G2-r3/s3-recovery-retract-seed1/io_verdict.json	451	052be0d43fa3e754cebfb1cf553a1e9e0bdaf80eaaf9f7f5d4ace5924952ae26	052be0d43fa3e754cebfb1cf553a1e9e0bdaf80eaaf9f7f5d4ace5924952ae26	none	0
tr04-official-1/T09-G2-r3/s3-recovery-retract-seed1/metadata.json	5314	c245dd20bfb44668c668d091067fa7130b5246c4d5ca65c3df19a17e3a40a31e	2f6c3d1beebfbcc74a9f85e1b581c19bcc9f1feff3475fc68b762d4681017f90	redact	10
tr04-official-1/T09-G2-r3/s3-recovery-retract-seed1/plc-stderr.log	0	e3b0c44298fc1c149afbf4c8996fb92427ae41e4649b934ca495991b7852b855	e3b0c44298fc1c149afbf4c8996fb92427ae41e4649b934ca495991b7852b855	none	0
tr04-official-1/T09-G2-r3/s3-recovery-retract-seed1/processes.json	134	a359ee4aa54de89e8b8af12b57c7568e03924a7769f3cee1d8825d2cd30c000f	a359ee4aa54de89e8b8af12b57c7568e03924a7769f3cee1d8825d2cd30c000f	none	0
tr04-official-1/T09-G2-r3/s3-recovery-retract-seed1/static.json	11562	ed95909e39b1f64bfc14d6ff52b6baff0202145a9ec3c9a747d86a9e0a0996f8	ed95909e39b1f64bfc14d6ff52b6baff0202145a9ec3c9a747d86a9e0a0996f8	none	0
tr04-official-1/T09-G2-r3/s3-recovery-retract-seed1/vision-stderr.log	26	f6259e2742222db4cedc0f46e1f9d79c113803494192992ee22d2e0ff6d9cc6e	f6259e2742222db4cedc0f46e1f9d79c113803494192992ee22d2e0ff6d9cc6e	none	0
tr04-official-1/T09-G2-r3/s3-recovery-seed1/failure.json	75	0c6032cd07861e1f85d433c4777029e5b595339c22f506d8d7369fa926454217	0c6032cd07861e1f85d433c4777029e5b595339c22f506d8d7369fa926454217	none	0
tr04-official-1/T09-G2-r3/s3-recovery-seed1/io_verdict.json	443	c3b2feb77af86b08121ea46e6d92b8dd2defd43618446f6270768933cdbfd57d	c3b2feb77af86b08121ea46e6d92b8dd2defd43618446f6270768933cdbfd57d	none	0
tr04-official-1/T09-G2-r3/s3-recovery-seed1/metadata.json	5306	4bc79a5c04813f9252dacf93a733dc93da56f6aa31f43a20bf2bb85401b3c241	ac64539ef44ea632769664dfd55b28316dee51fa7a86fa37ebd142cd634609a2	redact	10
tr04-official-1/T09-G2-r3/s3-recovery-seed1/plc-stderr.log	0	e3b0c44298fc1c149afbf4c8996fb92427ae41e4649b934ca495991b7852b855	e3b0c44298fc1c149afbf4c8996fb92427ae41e4649b934ca495991b7852b855	none	0
tr04-official-1/T09-G2-r3/s3-recovery-seed1/processes.json	134	a359ee4aa54de89e8b8af12b57c7568e03924a7769f3cee1d8825d2cd30c000f	a359ee4aa54de89e8b8af12b57c7568e03924a7769f3cee1d8825d2cd30c000f	none	0
tr04-official-1/T09-G2-r3/s3-recovery-seed1/static.json	11562	ed95909e39b1f64bfc14d6ff52b6baff0202145a9ec3c9a747d86a9e0a0996f8	ed95909e39b1f64bfc14d6ff52b6baff0202145a9ec3c9a747d86a9e0a0996f8	none	0
tr04-official-1/T09-G2-r3/s3-recovery-seed1/vision-stderr.log	26	f6259e2742222db4cedc0f46e1f9d79c113803494192992ee22d2e0ff6d9cc6e	f6259e2742222db4cedc0f46e1f9d79c113803494192992ee22d2e0ff6d9cc6e	none	0
tr04-official-1/T09-G2-r3/static.json	326	2ca96b6b18e77392e9d171fd6d34002d5be10acd62f133339aaf4a982d5b7bc2	2c6d76877091c318eed4c4f231feca74f6348477349e94fd1ae7c50560651b6b	redact	1
tr04-official-1/T09-G2-r3/verdict.json	1156	bb1741bb92cd102ca16e88ec7a75484b3b3543f3252e2510ada126f0fe92f994	bb1741bb92cd102ca16e88ec7a75484b3b3543f3252e2510ada126f0fe92f994	none	0
tr04-official-1/T09-G3-r1/verdict.json	142	6b7af3183b0e6aba61245b8dd460a907a3da7cc53cbff8375b926edc67b190eb	6b7af3183b0e6aba61245b8dd460a907a3da7cc53cbff8375b926edc67b190eb	none	0
tr04-official-1/T10-G1-r1/force.json	2212	5f0c6990b945ee37d9b5581c260da60cd26853b681b870a98c99007baecabb4d	7041f838a2f5bcc5c926374b297ea233ad471f6d071b0cd666a9f2f0f47f30d8	redact	1
tr04-official-1/T10-G1-r1/s3-curtain-seed1/io_verdict.json	442	0d6016793d1093d7cc3322114b100f8661cdb354b1029bf0169ef2df01d2bed5	0d6016793d1093d7cc3322114b100f8661cdb354b1029bf0169ef2df01d2bed5	none	0
tr04-official-1/T10-G1-r1/s3-curtain-seed1/metadata.json	5305	132d7c66f41017844d76284776b2e5400f643a4a55e0829595d02cca836fb81b	b410fb246480eef28f784cd22518b587bf403556f4284faffb5ee67916ed02ba	redact	10
tr04-official-1/T10-G1-r1/s3-curtain-seed1/plc-stderr.log	0	e3b0c44298fc1c149afbf4c8996fb92427ae41e4649b934ca495991b7852b855	e3b0c44298fc1c149afbf4c8996fb92427ae41e4649b934ca495991b7852b855	none	0
tr04-official-1/T10-G1-r1/s3-curtain-seed1/processes.json	133	2d682689e80bda8c5620f25653426df526d1fbc1117dd5af83750c779d3b7848	2d682689e80bda8c5620f25653426df526d1fbc1117dd5af83750c779d3b7848	none	0
tr04-official-1/T10-G1-r1/s3-curtain-seed1/reference-10ms-differences.json	3	37517e5f3dc66819f61f5a7bb8ace1921282415f10551d2defa5c3eb0985b570	37517e5f3dc66819f61f5a7bb8ace1921282415f10551d2defa5c3eb0985b570	none	0
tr04-official-1/T10-G1-r1/s3-curtain-seed1/static.json	9990	ef2fd712c6cf30e68d8391ef3fa3d1f11567eadd1f62747a74eeaca7e2518b53	ef2fd712c6cf30e68d8391ef3fa3d1f11567eadd1f62747a74eeaca7e2518b53	none	0
tr04-official-1/T10-G1-r1/s3-curtain-seed1/summary.json	4067	644a8086742d19010bfff79e240713768935f73fb3f619b8f0e6f5c6f99266a9	779986633d5fb648ce0169042a5aae7cd46f28103912fe3e58821cc1479172c2	drop_tick_hashes	0
tr04-official-1/T10-G1-r1/s3-curtain-seed1/vision-stderr.log	26	f6259e2742222db4cedc0f46e1f9d79c113803494192992ee22d2e0ff6d9cc6e	f6259e2742222db4cedc0f46e1f9d79c113803494192992ee22d2e0ff6d9cc6e	none	0
tr04-official-1/T10-G1-r1/s3-normal-seed1/io_verdict.json	383	5764c90719e5a826eba5810eea1a7ffe0fd700369ade52d68ab4498083a4b600	5764c90719e5a826eba5810eea1a7ffe0fd700369ade52d68ab4498083a4b600	none	0
tr04-official-1/T10-G1-r1/s3-normal-seed1/metadata.json	5304	6243af9c5bedff5d0f0e218268861a8b0f3708498e88e9cfa1e6e199a94745bb	3605c851cce96266de7db049664294ad2a02113772ad95ad5e045a80eaa0a11e	redact	10
tr04-official-1/T10-G1-r1/s3-normal-seed1/plc-stderr.log	0	e3b0c44298fc1c149afbf4c8996fb92427ae41e4649b934ca495991b7852b855	e3b0c44298fc1c149afbf4c8996fb92427ae41e4649b934ca495991b7852b855	none	0
tr04-official-1/T10-G1-r1/s3-normal-seed1/processes.json	133	2d682689e80bda8c5620f25653426df526d1fbc1117dd5af83750c779d3b7848	2d682689e80bda8c5620f25653426df526d1fbc1117dd5af83750c779d3b7848	none	0
tr04-official-1/T10-G1-r1/s3-normal-seed1/reference-10ms-differences.json	3	37517e5f3dc66819f61f5a7bb8ace1921282415f10551d2defa5c3eb0985b570	37517e5f3dc66819f61f5a7bb8ace1921282415f10551d2defa5c3eb0985b570	none	0
tr04-official-1/T10-G1-r1/s3-normal-seed1/static.json	9990	ef2fd712c6cf30e68d8391ef3fa3d1f11567eadd1f62747a74eeaca7e2518b53	ef2fd712c6cf30e68d8391ef3fa3d1f11567eadd1f62747a74eeaca7e2518b53	none	0
tr04-official-1/T10-G1-r1/s3-normal-seed1/summary.json	4186	3df9dd0d1675b9ec797acc2ae301326cd3c6d2f30309690ce56518579dab9f56	f2e8d71b13578d12b680d432fc516f6ad8d7b6d124ef30192c8899bcbc03e2c9	drop_tick_hashes	0
tr04-official-1/T10-G1-r1/s3-normal-seed1/vision-stderr.log	26	f6259e2742222db4cedc0f46e1f9d79c113803494192992ee22d2e0ff6d9cc6e	f6259e2742222db4cedc0f46e1f9d79c113803494192992ee22d2e0ff6d9cc6e	none	0
tr04-official-1/T10-G1-r1/s3-normal-seed2/io_verdict.json	383	83da5e3273ff972c39964988f706e20a4642491265ba03a1382068d67c4f5ff7	83da5e3273ff972c39964988f706e20a4642491265ba03a1382068d67c4f5ff7	none	0
tr04-official-1/T10-G1-r1/s3-normal-seed2/metadata.json	5304	363f2e66982f55ca90a73cc1c76d0a5313bfd87861e695a18485d65fd1fc479e	e20e87b901de77f47572970439f9f2489d95073d07b44eb1f28e715514ed42d8	redact	10
tr04-official-1/T10-G1-r1/s3-normal-seed2/plc-stderr.log	0	e3b0c44298fc1c149afbf4c8996fb92427ae41e4649b934ca495991b7852b855	e3b0c44298fc1c149afbf4c8996fb92427ae41e4649b934ca495991b7852b855	none	0
tr04-official-1/T10-G1-r1/s3-normal-seed2/processes.json	133	2d682689e80bda8c5620f25653426df526d1fbc1117dd5af83750c779d3b7848	2d682689e80bda8c5620f25653426df526d1fbc1117dd5af83750c779d3b7848	none	0
tr04-official-1/T10-G1-r1/s3-normal-seed2/reference-10ms-differences.json	3	37517e5f3dc66819f61f5a7bb8ace1921282415f10551d2defa5c3eb0985b570	37517e5f3dc66819f61f5a7bb8ace1921282415f10551d2defa5c3eb0985b570	none	0
tr04-official-1/T10-G1-r1/s3-normal-seed2/static.json	9990	ef2fd712c6cf30e68d8391ef3fa3d1f11567eadd1f62747a74eeaca7e2518b53	ef2fd712c6cf30e68d8391ef3fa3d1f11567eadd1f62747a74eeaca7e2518b53	none	0
tr04-official-1/T10-G1-r1/s3-normal-seed2/summary.json	4190	cf92815de9907f677e70a654ee3df82360c64b3d19a858d209d8e647c6c8c35e	73c74544c91d7ea993268018b81edf94978c527ff1be6cc38917652caf16775a	drop_tick_hashes	0
tr04-official-1/T10-G1-r1/s3-normal-seed2/vision-stderr.log	26	f6259e2742222db4cedc0f46e1f9d79c113803494192992ee22d2e0ff6d9cc6e	f6259e2742222db4cedc0f46e1f9d79c113803494192992ee22d2e0ff6d9cc6e	none	0
tr04-official-1/T10-G1-r1/s3-normal-seed3/io_verdict.json	383	0007070d2e319ecd363bdfafce6d41c38238c32859c88c342266c82bfdf40462	0007070d2e319ecd363bdfafce6d41c38238c32859c88c342266c82bfdf40462	none	0
tr04-official-1/T10-G1-r1/s3-normal-seed3/metadata.json	5304	8489cfa95b301231ae9f8646612785954309f9123d802ca98e9934e6739ef08a	3f92d725ac411762cbe2b1c1da725e72bb5d97e1252efe92593c01014d696b3d	redact	10
tr04-official-1/T10-G1-r1/s3-normal-seed3/plc-stderr.log	0	e3b0c44298fc1c149afbf4c8996fb92427ae41e4649b934ca495991b7852b855	e3b0c44298fc1c149afbf4c8996fb92427ae41e4649b934ca495991b7852b855	none	0
tr04-official-1/T10-G1-r1/s3-normal-seed3/processes.json	133	2d682689e80bda8c5620f25653426df526d1fbc1117dd5af83750c779d3b7848	2d682689e80bda8c5620f25653426df526d1fbc1117dd5af83750c779d3b7848	none	0
tr04-official-1/T10-G1-r1/s3-normal-seed3/reference-10ms-differences.json	3	37517e5f3dc66819f61f5a7bb8ace1921282415f10551d2defa5c3eb0985b570	37517e5f3dc66819f61f5a7bb8ace1921282415f10551d2defa5c3eb0985b570	none	0
tr04-official-1/T10-G1-r1/s3-normal-seed3/static.json	9990	ef2fd712c6cf30e68d8391ef3fa3d1f11567eadd1f62747a74eeaca7e2518b53	ef2fd712c6cf30e68d8391ef3fa3d1f11567eadd1f62747a74eeaca7e2518b53	none	0
tr04-official-1/T10-G1-r1/s3-normal-seed3/summary.json	4191	bd07d64e5021c3aa375313521ef199829bdd238bca654d863b660f52684c4ea3	be7273c430933a5e755ccc66741b199ffc8611fc4b81fc30b91f66d5deb896ae	drop_tick_hashes	0
tr04-official-1/T10-G1-r1/s3-normal-seed3/vision-stderr.log	26	f6259e2742222db4cedc0f46e1f9d79c113803494192992ee22d2e0ff6d9cc6e	f6259e2742222db4cedc0f46e1f9d79c113803494192992ee22d2e0ff6d9cc6e	none	0
tr04-official-1/T10-G1-r1/s3-recovery-retract-seed1/failure.json	75	0c6032cd07861e1f85d433c4777029e5b595339c22f506d8d7369fa926454217	0c6032cd07861e1f85d433c4777029e5b595339c22f506d8d7369fa926454217	none	0
tr04-official-1/T10-G1-r1/s3-recovery-retract-seed1/io_verdict.json	451	052be0d43fa3e754cebfb1cf553a1e9e0bdaf80eaaf9f7f5d4ace5924952ae26	052be0d43fa3e754cebfb1cf553a1e9e0bdaf80eaaf9f7f5d4ace5924952ae26	none	0
tr04-official-1/T10-G1-r1/s3-recovery-retract-seed1/metadata.json	5314	ae67886e4c0d359d67e379f36a0c0c4573fec3c6a10b664ca5aceff659819734	3bd67f77d37658732f5d5eca8fdb14c8a40c8c19fd6c24e8cb58e0bf409c649d	redact	10
tr04-official-1/T10-G1-r1/s3-recovery-retract-seed1/plc-stderr.log	0	e3b0c44298fc1c149afbf4c8996fb92427ae41e4649b934ca495991b7852b855	e3b0c44298fc1c149afbf4c8996fb92427ae41e4649b934ca495991b7852b855	none	0
tr04-official-1/T10-G1-r1/s3-recovery-retract-seed1/processes.json	134	a359ee4aa54de89e8b8af12b57c7568e03924a7769f3cee1d8825d2cd30c000f	a359ee4aa54de89e8b8af12b57c7568e03924a7769f3cee1d8825d2cd30c000f	none	0
tr04-official-1/T10-G1-r1/s3-recovery-retract-seed1/static.json	9990	ef2fd712c6cf30e68d8391ef3fa3d1f11567eadd1f62747a74eeaca7e2518b53	ef2fd712c6cf30e68d8391ef3fa3d1f11567eadd1f62747a74eeaca7e2518b53	none	0
tr04-official-1/T10-G1-r1/s3-recovery-retract-seed1/vision-stderr.log	26	f6259e2742222db4cedc0f46e1f9d79c113803494192992ee22d2e0ff6d9cc6e	f6259e2742222db4cedc0f46e1f9d79c113803494192992ee22d2e0ff6d9cc6e	none	0
tr04-official-1/T10-G1-r1/s3-recovery-seed1/failure.json	75	0c6032cd07861e1f85d433c4777029e5b595339c22f506d8d7369fa926454217	0c6032cd07861e1f85d433c4777029e5b595339c22f506d8d7369fa926454217	none	0
tr04-official-1/T10-G1-r1/s3-recovery-seed1/io_verdict.json	443	c3b2feb77af86b08121ea46e6d92b8dd2defd43618446f6270768933cdbfd57d	c3b2feb77af86b08121ea46e6d92b8dd2defd43618446f6270768933cdbfd57d	none	0
tr04-official-1/T10-G1-r1/s3-recovery-seed1/metadata.json	5306	605bf0395e3f8aae93aa9186e4c77d059b4724515416858bc1797a32f7e50ad2	576d33916bc6ac663226f3e8ab326a0b607f9594e2c4a6ec4ac2f31d711eaa58	redact	10
tr04-official-1/T10-G1-r1/s3-recovery-seed1/plc-stderr.log	0	e3b0c44298fc1c149afbf4c8996fb92427ae41e4649b934ca495991b7852b855	e3b0c44298fc1c149afbf4c8996fb92427ae41e4649b934ca495991b7852b855	none	0
tr04-official-1/T10-G1-r1/s3-recovery-seed1/processes.json	134	a359ee4aa54de89e8b8af12b57c7568e03924a7769f3cee1d8825d2cd30c000f	a359ee4aa54de89e8b8af12b57c7568e03924a7769f3cee1d8825d2cd30c000f	none	0
tr04-official-1/T10-G1-r1/s3-recovery-seed1/static.json	9990	ef2fd712c6cf30e68d8391ef3fa3d1f11567eadd1f62747a74eeaca7e2518b53	ef2fd712c6cf30e68d8391ef3fa3d1f11567eadd1f62747a74eeaca7e2518b53	none	0
tr04-official-1/T10-G1-r1/s3-recovery-seed1/vision-stderr.log	26	f6259e2742222db4cedc0f46e1f9d79c113803494192992ee22d2e0ff6d9cc6e	f6259e2742222db4cedc0f46e1f9d79c113803494192992ee22d2e0ff6d9cc6e	none	0
tr04-official-1/T10-G1-r1/static.json	326	a23653fc8cfb69706eac8177b1ad78b24632edcabebbcd031635954bda7edb93	88661496f9e91bf6842fb0fe9d11a9d9108e132b9b429e0d37e4289f0ce6e551	redact	1
tr04-official-1/T10-G1-r1/verdict.json	1156	886cad174f17db694563e932af8b34fa248eac2689cfa7f01c9c3f9fd41abecb	886cad174f17db694563e932af8b34fa248eac2689cfa7f01c9c3f9fd41abecb	none	0
tr04-official-1/T10-G1-r2/force.json	2212	15572e2713503bce6d9c9e7eac2983771bf9c497724baf8169357f8b365dad54	937689452c458d8e3a14881138be815bdb609447cb389bc5d6717f174a6794a0	redact	1
tr04-official-1/T10-G1-r2/s3-curtain-seed1/io_verdict.json	442	0d6016793d1093d7cc3322114b100f8661cdb354b1029bf0169ef2df01d2bed5	0d6016793d1093d7cc3322114b100f8661cdb354b1029bf0169ef2df01d2bed5	none	0
tr04-official-1/T10-G1-r2/s3-curtain-seed1/metadata.json	5305	4b6fbe529724f7479fd21ba970215bb47d5e400c45ea8701cef67387c26d3523	457b6eda34bc458550f1ab3e423ccbb2440a4f49523a960286f9b97756bfb2ef	redact	10
tr04-official-1/T10-G1-r2/s3-curtain-seed1/plc-stderr.log	0	e3b0c44298fc1c149afbf4c8996fb92427ae41e4649b934ca495991b7852b855	e3b0c44298fc1c149afbf4c8996fb92427ae41e4649b934ca495991b7852b855	none	0
tr04-official-1/T10-G1-r2/s3-curtain-seed1/processes.json	133	2d682689e80bda8c5620f25653426df526d1fbc1117dd5af83750c779d3b7848	2d682689e80bda8c5620f25653426df526d1fbc1117dd5af83750c779d3b7848	none	0
tr04-official-1/T10-G1-r2/s3-curtain-seed1/reference-10ms-differences.json	3	37517e5f3dc66819f61f5a7bb8ace1921282415f10551d2defa5c3eb0985b570	37517e5f3dc66819f61f5a7bb8ace1921282415f10551d2defa5c3eb0985b570	none	0
tr04-official-1/T10-G1-r2/s3-curtain-seed1/static.json	9362	d1dc0530bab0af7929654261009274e1bf6194a331b86446728155ec7844bea0	d1dc0530bab0af7929654261009274e1bf6194a331b86446728155ec7844bea0	none	0
tr04-official-1/T10-G1-r2/s3-curtain-seed1/summary.json	4067	b384b99bc53820efce8fa97fdf3c2eaf89a84ef21e80b8dfc314c9c7c1c375b5	2fa45d76efda902890f9dc17d4f9a54d2cc430da0063a2c55248ecaa599d8d3a	drop_tick_hashes	0
tr04-official-1/T10-G1-r2/s3-curtain-seed1/vision-stderr.log	26	f6259e2742222db4cedc0f46e1f9d79c113803494192992ee22d2e0ff6d9cc6e	f6259e2742222db4cedc0f46e1f9d79c113803494192992ee22d2e0ff6d9cc6e	none	0
tr04-official-1/T10-G1-r2/s3-normal-seed1/io_verdict.json	383	5764c90719e5a826eba5810eea1a7ffe0fd700369ade52d68ab4498083a4b600	5764c90719e5a826eba5810eea1a7ffe0fd700369ade52d68ab4498083a4b600	none	0
tr04-official-1/T10-G1-r2/s3-normal-seed1/metadata.json	5304	d441c20f1515d92f25a886c7f0b4f874d64af7f5395ca786b932018af53da879	6b8af680c300ca36546cfa5288531afa75c3f7fc9104c521c2257109b4aac1d4	redact	10
tr04-official-1/T10-G1-r2/s3-normal-seed1/plc-stderr.log	0	e3b0c44298fc1c149afbf4c8996fb92427ae41e4649b934ca495991b7852b855	e3b0c44298fc1c149afbf4c8996fb92427ae41e4649b934ca495991b7852b855	none	0
tr04-official-1/T10-G1-r2/s3-normal-seed1/processes.json	133	2d682689e80bda8c5620f25653426df526d1fbc1117dd5af83750c779d3b7848	2d682689e80bda8c5620f25653426df526d1fbc1117dd5af83750c779d3b7848	none	0
tr04-official-1/T10-G1-r2/s3-normal-seed1/reference-10ms-differences.json	3	37517e5f3dc66819f61f5a7bb8ace1921282415f10551d2defa5c3eb0985b570	37517e5f3dc66819f61f5a7bb8ace1921282415f10551d2defa5c3eb0985b570	none	0
tr04-official-1/T10-G1-r2/s3-normal-seed1/static.json	9362	d1dc0530bab0af7929654261009274e1bf6194a331b86446728155ec7844bea0	d1dc0530bab0af7929654261009274e1bf6194a331b86446728155ec7844bea0	none	0
tr04-official-1/T10-G1-r2/s3-normal-seed1/summary.json	4186	2999986ced2b4e64ddba11bfd2d62027843cd1763d2634f7997baf50688f4fc5	9d218fb516826add69dfbbb48f048dc42e61d33e4e1a55d5e69257a029196226	drop_tick_hashes	0
tr04-official-1/T10-G1-r2/s3-normal-seed1/vision-stderr.log	26	f6259e2742222db4cedc0f46e1f9d79c113803494192992ee22d2e0ff6d9cc6e	f6259e2742222db4cedc0f46e1f9d79c113803494192992ee22d2e0ff6d9cc6e	none	0
tr04-official-1/T10-G1-r2/s3-normal-seed2/io_verdict.json	383	83da5e3273ff972c39964988f706e20a4642491265ba03a1382068d67c4f5ff7	83da5e3273ff972c39964988f706e20a4642491265ba03a1382068d67c4f5ff7	none	0
tr04-official-1/T10-G1-r2/s3-normal-seed2/metadata.json	5304	2bb2c29f51e61702018015fa283d675f9fb755e2d8300e2e4b51b8a4aedeac74	dd5d5854b629335330aa125f745e6316a381f61604b2d3e55567d6b134226bee	redact	10
tr04-official-1/T10-G1-r2/s3-normal-seed2/plc-stderr.log	0	e3b0c44298fc1c149afbf4c8996fb92427ae41e4649b934ca495991b7852b855	e3b0c44298fc1c149afbf4c8996fb92427ae41e4649b934ca495991b7852b855	none	0
tr04-official-1/T10-G1-r2/s3-normal-seed2/processes.json	133	2d682689e80bda8c5620f25653426df526d1fbc1117dd5af83750c779d3b7848	2d682689e80bda8c5620f25653426df526d1fbc1117dd5af83750c779d3b7848	none	0
tr04-official-1/T10-G1-r2/s3-normal-seed2/reference-10ms-differences.json	3	37517e5f3dc66819f61f5a7bb8ace1921282415f10551d2defa5c3eb0985b570	37517e5f3dc66819f61f5a7bb8ace1921282415f10551d2defa5c3eb0985b570	none	0
tr04-official-1/T10-G1-r2/s3-normal-seed2/static.json	9362	d1dc0530bab0af7929654261009274e1bf6194a331b86446728155ec7844bea0	d1dc0530bab0af7929654261009274e1bf6194a331b86446728155ec7844bea0	none	0
tr04-official-1/T10-G1-r2/s3-normal-seed2/summary.json	4190	07c72224745fc16e2fb5671ea4172d0e38f7401b28f9058f818cf877df0d5d06	67e00d890c0ec24f018c473b00bd5d2804e77637c160a04f043d74bb8c5c9187	drop_tick_hashes	0
tr04-official-1/T10-G1-r2/s3-normal-seed2/vision-stderr.log	26	f6259e2742222db4cedc0f46e1f9d79c113803494192992ee22d2e0ff6d9cc6e	f6259e2742222db4cedc0f46e1f9d79c113803494192992ee22d2e0ff6d9cc6e	none	0
tr04-official-1/T10-G1-r2/s3-normal-seed3/io_verdict.json	383	0007070d2e319ecd363bdfafce6d41c38238c32859c88c342266c82bfdf40462	0007070d2e319ecd363bdfafce6d41c38238c32859c88c342266c82bfdf40462	none	0
tr04-official-1/T10-G1-r2/s3-normal-seed3/metadata.json	5304	a1935b8c422da6d6cf5fd7705b7a8bae17067da3d5bf4ce8ac642ed228ee1311	bd6ee6153b4240e4c0c6bb56c0c6ea260ae18b01bf2f4a95fdc23a104e943eb0	redact	10
tr04-official-1/T10-G1-r2/s3-normal-seed3/plc-stderr.log	0	e3b0c44298fc1c149afbf4c8996fb92427ae41e4649b934ca495991b7852b855	e3b0c44298fc1c149afbf4c8996fb92427ae41e4649b934ca495991b7852b855	none	0
tr04-official-1/T10-G1-r2/s3-normal-seed3/processes.json	133	2d682689e80bda8c5620f25653426df526d1fbc1117dd5af83750c779d3b7848	2d682689e80bda8c5620f25653426df526d1fbc1117dd5af83750c779d3b7848	none	0
tr04-official-1/T10-G1-r2/s3-normal-seed3/reference-10ms-differences.json	3	37517e5f3dc66819f61f5a7bb8ace1921282415f10551d2defa5c3eb0985b570	37517e5f3dc66819f61f5a7bb8ace1921282415f10551d2defa5c3eb0985b570	none	0
tr04-official-1/T10-G1-r2/s3-normal-seed3/static.json	9362	d1dc0530bab0af7929654261009274e1bf6194a331b86446728155ec7844bea0	d1dc0530bab0af7929654261009274e1bf6194a331b86446728155ec7844bea0	none	0
tr04-official-1/T10-G1-r2/s3-normal-seed3/summary.json	4191	f7ff723cae8be44bb933ff021e27bb23aa00d2d8a45198d01044814e37658544	d07b5e93c378b0aba1d53905951039367d5aed704b55b28feb68340d69820133	drop_tick_hashes	0
tr04-official-1/T10-G1-r2/s3-normal-seed3/vision-stderr.log	26	f6259e2742222db4cedc0f46e1f9d79c113803494192992ee22d2e0ff6d9cc6e	f6259e2742222db4cedc0f46e1f9d79c113803494192992ee22d2e0ff6d9cc6e	none	0
tr04-official-1/T10-G1-r2/s3-recovery-retract-seed1/failure.json	75	0c6032cd07861e1f85d433c4777029e5b595339c22f506d8d7369fa926454217	0c6032cd07861e1f85d433c4777029e5b595339c22f506d8d7369fa926454217	none	0
tr04-official-1/T10-G1-r2/s3-recovery-retract-seed1/io_verdict.json	451	052be0d43fa3e754cebfb1cf553a1e9e0bdaf80eaaf9f7f5d4ace5924952ae26	052be0d43fa3e754cebfb1cf553a1e9e0bdaf80eaaf9f7f5d4ace5924952ae26	none	0
tr04-official-1/T10-G1-r2/s3-recovery-retract-seed1/metadata.json	5314	f74b1993c31e02c6d1571f575ca97c48f5d671be4735dabe360648a3931b6365	724ce482c2f0e36a5c050321941b27c58f474685d5f1822e0dcaf95c0a1dc5a3	redact	10
tr04-official-1/T10-G1-r2/s3-recovery-retract-seed1/plc-stderr.log	0	e3b0c44298fc1c149afbf4c8996fb92427ae41e4649b934ca495991b7852b855	e3b0c44298fc1c149afbf4c8996fb92427ae41e4649b934ca495991b7852b855	none	0
tr04-official-1/T10-G1-r2/s3-recovery-retract-seed1/processes.json	134	a359ee4aa54de89e8b8af12b57c7568e03924a7769f3cee1d8825d2cd30c000f	a359ee4aa54de89e8b8af12b57c7568e03924a7769f3cee1d8825d2cd30c000f	none	0
tr04-official-1/T10-G1-r2/s3-recovery-retract-seed1/static.json	9362	d1dc0530bab0af7929654261009274e1bf6194a331b86446728155ec7844bea0	d1dc0530bab0af7929654261009274e1bf6194a331b86446728155ec7844bea0	none	0
tr04-official-1/T10-G1-r2/s3-recovery-retract-seed1/vision-stderr.log	26	f6259e2742222db4cedc0f46e1f9d79c113803494192992ee22d2e0ff6d9cc6e	f6259e2742222db4cedc0f46e1f9d79c113803494192992ee22d2e0ff6d9cc6e	none	0
tr04-official-1/T10-G1-r2/s3-recovery-seed1/failure.json	75	0c6032cd07861e1f85d433c4777029e5b595339c22f506d8d7369fa926454217	0c6032cd07861e1f85d433c4777029e5b595339c22f506d8d7369fa926454217	none	0
tr04-official-1/T10-G1-r2/s3-recovery-seed1/io_verdict.json	443	c3b2feb77af86b08121ea46e6d92b8dd2defd43618446f6270768933cdbfd57d	c3b2feb77af86b08121ea46e6d92b8dd2defd43618446f6270768933cdbfd57d	none	0
tr04-official-1/T10-G1-r2/s3-recovery-seed1/metadata.json	5306	cc80b7462ea6f5a6286359b92839af3e0ca2fd6c82911717424848ecad0f2103	3fc72784e4a8a0d6af6665a719982c2af6ab52b9a472531b7df23aff0ae6871a	redact	10
tr04-official-1/T10-G1-r2/s3-recovery-seed1/plc-stderr.log	0	e3b0c44298fc1c149afbf4c8996fb92427ae41e4649b934ca495991b7852b855	e3b0c44298fc1c149afbf4c8996fb92427ae41e4649b934ca495991b7852b855	none	0
tr04-official-1/T10-G1-r2/s3-recovery-seed1/processes.json	134	a359ee4aa54de89e8b8af12b57c7568e03924a7769f3cee1d8825d2cd30c000f	a359ee4aa54de89e8b8af12b57c7568e03924a7769f3cee1d8825d2cd30c000f	none	0
tr04-official-1/T10-G1-r2/s3-recovery-seed1/static.json	9362	d1dc0530bab0af7929654261009274e1bf6194a331b86446728155ec7844bea0	d1dc0530bab0af7929654261009274e1bf6194a331b86446728155ec7844bea0	none	0
tr04-official-1/T10-G1-r2/s3-recovery-seed1/vision-stderr.log	26	f6259e2742222db4cedc0f46e1f9d79c113803494192992ee22d2e0ff6d9cc6e	f6259e2742222db4cedc0f46e1f9d79c113803494192992ee22d2e0ff6d9cc6e	none	0
tr04-official-1/T10-G1-r2/static.json	326	3984a5e4c54bdf546a2bfbe801b13233296ecbc7cb9be87b715f7c6eead1c454	6d54018824e25c84206fb7be818d1d9ae7aa95ee39dcaa3e68e63bf0026f17a7	redact	1
tr04-official-1/T10-G1-r2/verdict.json	1156	2fea974371b003d6cfd353c0b0be209634b9c38ad7e6e48b950253c6a7b32b95	2fea974371b003d6cfd353c0b0be209634b9c38ad7e6e48b950253c6a7b32b95	none	0
tr04-official-1/T10-G1-r3/force.json	2212	0f92b4f57213152f5445723f6e2b58c77324d0559df032274692df24d94a916e	14ec0434725ac8cd3039189d37ebadc61305e445a120eb183d92c1f9f4653d29	redact	1
tr04-official-1/T10-G1-r3/s3-curtain-seed1/io_verdict.json	442	0d6016793d1093d7cc3322114b100f8661cdb354b1029bf0169ef2df01d2bed5	0d6016793d1093d7cc3322114b100f8661cdb354b1029bf0169ef2df01d2bed5	none	0
tr04-official-1/T10-G1-r3/s3-curtain-seed1/metadata.json	5305	5c5c113885a8e5e57eb711c76364673895f0f500c500a4c63af287bc9c509abb	9c6c5c7975598de0a9bc0b8bdd35b0c570e9d38fe533b084bbe6e13a5cf41192	redact	10
tr04-official-1/T10-G1-r3/s3-curtain-seed1/plc-stderr.log	0	e3b0c44298fc1c149afbf4c8996fb92427ae41e4649b934ca495991b7852b855	e3b0c44298fc1c149afbf4c8996fb92427ae41e4649b934ca495991b7852b855	none	0
tr04-official-1/T10-G1-r3/s3-curtain-seed1/processes.json	133	2d682689e80bda8c5620f25653426df526d1fbc1117dd5af83750c779d3b7848	2d682689e80bda8c5620f25653426df526d1fbc1117dd5af83750c779d3b7848	none	0
tr04-official-1/T10-G1-r3/s3-curtain-seed1/reference-10ms-differences.json	3	37517e5f3dc66819f61f5a7bb8ace1921282415f10551d2defa5c3eb0985b570	37517e5f3dc66819f61f5a7bb8ace1921282415f10551d2defa5c3eb0985b570	none	0
tr04-official-1/T10-G1-r3/s3-curtain-seed1/static.json	9990	632053e0a5b4ec718f3fe3ffda39b7b24fd5fe4ad99c480379a15fb612de5dab	632053e0a5b4ec718f3fe3ffda39b7b24fd5fe4ad99c480379a15fb612de5dab	none	0
tr04-official-1/T10-G1-r3/s3-curtain-seed1/summary.json	4067	2d56f947eb6cd48abdafb4dd3f96a3364f566ad7f7a4e5f7fc82cc7a58c2d2d2	199020b6bef26925754d61690d09b53a8a593b1bcddf1821ece879ec97456758	drop_tick_hashes	0
tr04-official-1/T10-G1-r3/s3-curtain-seed1/vision-stderr.log	26	f6259e2742222db4cedc0f46e1f9d79c113803494192992ee22d2e0ff6d9cc6e	f6259e2742222db4cedc0f46e1f9d79c113803494192992ee22d2e0ff6d9cc6e	none	0
tr04-official-1/T10-G1-r3/s3-normal-seed1/io_verdict.json	383	5764c90719e5a826eba5810eea1a7ffe0fd700369ade52d68ab4498083a4b600	5764c90719e5a826eba5810eea1a7ffe0fd700369ade52d68ab4498083a4b600	none	0
tr04-official-1/T10-G1-r3/s3-normal-seed1/metadata.json	5304	7810ec2b4ce96d5585b16c693d58eec733dce09a31ae9d9cd7c4aec34549b5f5	1532016b2100821781cd2ed274ef16d44c240276ce8301132ddafe29c422042e	redact	10
tr04-official-1/T10-G1-r3/s3-normal-seed1/plc-stderr.log	0	e3b0c44298fc1c149afbf4c8996fb92427ae41e4649b934ca495991b7852b855	e3b0c44298fc1c149afbf4c8996fb92427ae41e4649b934ca495991b7852b855	none	0
tr04-official-1/T10-G1-r3/s3-normal-seed1/processes.json	133	2d682689e80bda8c5620f25653426df526d1fbc1117dd5af83750c779d3b7848	2d682689e80bda8c5620f25653426df526d1fbc1117dd5af83750c779d3b7848	none	0
tr04-official-1/T10-G1-r3/s3-normal-seed1/reference-10ms-differences.json	3	37517e5f3dc66819f61f5a7bb8ace1921282415f10551d2defa5c3eb0985b570	37517e5f3dc66819f61f5a7bb8ace1921282415f10551d2defa5c3eb0985b570	none	0
tr04-official-1/T10-G1-r3/s3-normal-seed1/static.json	9990	632053e0a5b4ec718f3fe3ffda39b7b24fd5fe4ad99c480379a15fb612de5dab	632053e0a5b4ec718f3fe3ffda39b7b24fd5fe4ad99c480379a15fb612de5dab	none	0
tr04-official-1/T10-G1-r3/s3-normal-seed1/summary.json	4186	fc56ceca10cc1205ea015e2f63d23a45538ececb7924c7e60d0b2a96557ee250	a9b9fc7de941a3b84ba08f9501df5b48a79618b0039d1223ed48e9aa581e4292	drop_tick_hashes	0
tr04-official-1/T10-G1-r3/s3-normal-seed1/vision-stderr.log	26	f6259e2742222db4cedc0f46e1f9d79c113803494192992ee22d2e0ff6d9cc6e	f6259e2742222db4cedc0f46e1f9d79c113803494192992ee22d2e0ff6d9cc6e	none	0
tr04-official-1/T10-G1-r3/s3-normal-seed2/io_verdict.json	383	83da5e3273ff972c39964988f706e20a4642491265ba03a1382068d67c4f5ff7	83da5e3273ff972c39964988f706e20a4642491265ba03a1382068d67c4f5ff7	none	0
tr04-official-1/T10-G1-r3/s3-normal-seed2/metadata.json	5304	3f27c822488126146d6acb70244d6df6872db20a48238f275ccd909b095d8c16	7ca18d3216e3b1963cdd246093793e62c2b31629416736e03d5efcbfe1729103	redact	10
tr04-official-1/T10-G1-r3/s3-normal-seed2/plc-stderr.log	0	e3b0c44298fc1c149afbf4c8996fb92427ae41e4649b934ca495991b7852b855	e3b0c44298fc1c149afbf4c8996fb92427ae41e4649b934ca495991b7852b855	none	0
tr04-official-1/T10-G1-r3/s3-normal-seed2/processes.json	133	2d682689e80bda8c5620f25653426df526d1fbc1117dd5af83750c779d3b7848	2d682689e80bda8c5620f25653426df526d1fbc1117dd5af83750c779d3b7848	none	0
tr04-official-1/T10-G1-r3/s3-normal-seed2/reference-10ms-differences.json	3	37517e5f3dc66819f61f5a7bb8ace1921282415f10551d2defa5c3eb0985b570	37517e5f3dc66819f61f5a7bb8ace1921282415f10551d2defa5c3eb0985b570	none	0
tr04-official-1/T10-G1-r3/s3-normal-seed2/static.json	9990	632053e0a5b4ec718f3fe3ffda39b7b24fd5fe4ad99c480379a15fb612de5dab	632053e0a5b4ec718f3fe3ffda39b7b24fd5fe4ad99c480379a15fb612de5dab	none	0
tr04-official-1/T10-G1-r3/s3-normal-seed2/summary.json	4190	edefb8e864ec0aecfdae3097b51b7379f7a99a722268fd0c44dae0ede265f6d1	6b34cc2a8c9a1db35ae0054ffd486c97198c088153ec9d3c93f61d89e11d6ab1	drop_tick_hashes	0
tr04-official-1/T10-G1-r3/s3-normal-seed2/vision-stderr.log	26	f6259e2742222db4cedc0f46e1f9d79c113803494192992ee22d2e0ff6d9cc6e	f6259e2742222db4cedc0f46e1f9d79c113803494192992ee22d2e0ff6d9cc6e	none	0
tr04-official-1/T10-G1-r3/s3-normal-seed3/io_verdict.json	383	0007070d2e319ecd363bdfafce6d41c38238c32859c88c342266c82bfdf40462	0007070d2e319ecd363bdfafce6d41c38238c32859c88c342266c82bfdf40462	none	0
tr04-official-1/T10-G1-r3/s3-normal-seed3/metadata.json	5304	d29132eb05baace7dfc0d57a1bcb8234425beb09f82fe48109eeca2a96228724	67b0c779aaa82f23bea651ef48692cae45e335e1d2b1851973164d224711bcc6	redact	10
tr04-official-1/T10-G1-r3/s3-normal-seed3/plc-stderr.log	0	e3b0c44298fc1c149afbf4c8996fb92427ae41e4649b934ca495991b7852b855	e3b0c44298fc1c149afbf4c8996fb92427ae41e4649b934ca495991b7852b855	none	0
tr04-official-1/T10-G1-r3/s3-normal-seed3/processes.json	133	2d682689e80bda8c5620f25653426df526d1fbc1117dd5af83750c779d3b7848	2d682689e80bda8c5620f25653426df526d1fbc1117dd5af83750c779d3b7848	none	0
tr04-official-1/T10-G1-r3/s3-normal-seed3/reference-10ms-differences.json	3	37517e5f3dc66819f61f5a7bb8ace1921282415f10551d2defa5c3eb0985b570	37517e5f3dc66819f61f5a7bb8ace1921282415f10551d2defa5c3eb0985b570	none	0
tr04-official-1/T10-G1-r3/s3-normal-seed3/static.json	9990	632053e0a5b4ec718f3fe3ffda39b7b24fd5fe4ad99c480379a15fb612de5dab	632053e0a5b4ec718f3fe3ffda39b7b24fd5fe4ad99c480379a15fb612de5dab	none	0
tr04-official-1/T10-G1-r3/s3-normal-seed3/summary.json	4191	bce7680e9c8f48346c14c7f85236ca9a7af54ed03dbb6f85239eb84a208cb2b8	913206bc03194766aa74e2a9c5fdbfed454f4b9803c8c9722bc43d8b085e1f5d	drop_tick_hashes	0
tr04-official-1/T10-G1-r3/s3-normal-seed3/vision-stderr.log	26	f6259e2742222db4cedc0f46e1f9d79c113803494192992ee22d2e0ff6d9cc6e	f6259e2742222db4cedc0f46e1f9d79c113803494192992ee22d2e0ff6d9cc6e	none	0
tr04-official-1/T10-G1-r3/s3-recovery-retract-seed1/failure.json	75	0c6032cd07861e1f85d433c4777029e5b595339c22f506d8d7369fa926454217	0c6032cd07861e1f85d433c4777029e5b595339c22f506d8d7369fa926454217	none	0
tr04-official-1/T10-G1-r3/s3-recovery-retract-seed1/io_verdict.json	451	052be0d43fa3e754cebfb1cf553a1e9e0bdaf80eaaf9f7f5d4ace5924952ae26	052be0d43fa3e754cebfb1cf553a1e9e0bdaf80eaaf9f7f5d4ace5924952ae26	none	0
tr04-official-1/T10-G1-r3/s3-recovery-retract-seed1/metadata.json	5314	5ea2182dda97ca9d78261e2bb8952dffe04ec8030dbb0002c964b4541b8cef5a	a704b9d09db19783a381a6a238f6b268740918aca4f8267f111f75fc02e8e158	redact	10
tr04-official-1/T10-G1-r3/s3-recovery-retract-seed1/plc-stderr.log	0	e3b0c44298fc1c149afbf4c8996fb92427ae41e4649b934ca495991b7852b855	e3b0c44298fc1c149afbf4c8996fb92427ae41e4649b934ca495991b7852b855	none	0
tr04-official-1/T10-G1-r3/s3-recovery-retract-seed1/processes.json	134	a359ee4aa54de89e8b8af12b57c7568e03924a7769f3cee1d8825d2cd30c000f	a359ee4aa54de89e8b8af12b57c7568e03924a7769f3cee1d8825d2cd30c000f	none	0
tr04-official-1/T10-G1-r3/s3-recovery-retract-seed1/static.json	9990	632053e0a5b4ec718f3fe3ffda39b7b24fd5fe4ad99c480379a15fb612de5dab	632053e0a5b4ec718f3fe3ffda39b7b24fd5fe4ad99c480379a15fb612de5dab	none	0
tr04-official-1/T10-G1-r3/s3-recovery-retract-seed1/vision-stderr.log	26	f6259e2742222db4cedc0f46e1f9d79c113803494192992ee22d2e0ff6d9cc6e	f6259e2742222db4cedc0f46e1f9d79c113803494192992ee22d2e0ff6d9cc6e	none	0
tr04-official-1/T10-G1-r3/s3-recovery-seed1/failure.json	75	0c6032cd07861e1f85d433c4777029e5b595339c22f506d8d7369fa926454217	0c6032cd07861e1f85d433c4777029e5b595339c22f506d8d7369fa926454217	none	0
tr04-official-1/T10-G1-r3/s3-recovery-seed1/io_verdict.json	443	c3b2feb77af86b08121ea46e6d92b8dd2defd43618446f6270768933cdbfd57d	c3b2feb77af86b08121ea46e6d92b8dd2defd43618446f6270768933cdbfd57d	none	0
tr04-official-1/T10-G1-r3/s3-recovery-seed1/metadata.json	5306	1d1e1fa52dedd6d3f0be67bbb0f5c234a889c887681c6737ed4d81fe65c28c1c	b18292da803c670aa41cab9fc712abfec022eafa1642208203aedbd128753ee3	redact	10
tr04-official-1/T10-G1-r3/s3-recovery-seed1/plc-stderr.log	0	e3b0c44298fc1c149afbf4c8996fb92427ae41e4649b934ca495991b7852b855	e3b0c44298fc1c149afbf4c8996fb92427ae41e4649b934ca495991b7852b855	none	0
tr04-official-1/T10-G1-r3/s3-recovery-seed1/processes.json	134	a359ee4aa54de89e8b8af12b57c7568e03924a7769f3cee1d8825d2cd30c000f	a359ee4aa54de89e8b8af12b57c7568e03924a7769f3cee1d8825d2cd30c000f	none	0
tr04-official-1/T10-G1-r3/s3-recovery-seed1/static.json	9990	632053e0a5b4ec718f3fe3ffda39b7b24fd5fe4ad99c480379a15fb612de5dab	632053e0a5b4ec718f3fe3ffda39b7b24fd5fe4ad99c480379a15fb612de5dab	none	0
tr04-official-1/T10-G1-r3/s3-recovery-seed1/vision-stderr.log	26	f6259e2742222db4cedc0f46e1f9d79c113803494192992ee22d2e0ff6d9cc6e	f6259e2742222db4cedc0f46e1f9d79c113803494192992ee22d2e0ff6d9cc6e	none	0
tr04-official-1/T10-G1-r3/static.json	326	31483242e5f4bc9da09155c7235b6a9b97a3cf84ce909b2904c3a021ae79f880	92e8d1b11d40693f135415a6e5ff6db6592df3ac23d9245ac1775c5f4be86847	redact	1
tr04-official-1/T10-G1-r3/verdict.json	1156	d71c35c0ea8545bf03bbe69ce2ece03e9c02323f3945d87ac9f5815275dd6409	d71c35c0ea8545bf03bbe69ce2ece03e9c02323f3945d87ac9f5815275dd6409	none	0
tr04-official-1/T10-G2-r1/force.json	2212	7c8e7dce5dc0570b75055f38a79d30ffd4193531cda5206f1326888d53904762	f1e13f3389c3712ce5315e466eacc7f0db26ae1fac8544a6f470cf56a5eb49f3	redact	1
tr04-official-1/T10-G2-r1/s3-curtain-seed1/io_verdict.json	442	0d6016793d1093d7cc3322114b100f8661cdb354b1029bf0169ef2df01d2bed5	0d6016793d1093d7cc3322114b100f8661cdb354b1029bf0169ef2df01d2bed5	none	0
tr04-official-1/T10-G2-r1/s3-curtain-seed1/metadata.json	5305	e3f600587660d7aa9f33867a671df6aba7519de34eb8ce0d3acf789046fa4b57	ff6df8c41e180eade85d4c92ac7ac519ee65c271e4547decf341c0dec7c818b2	redact	10
tr04-official-1/T10-G2-r1/s3-curtain-seed1/plc-stderr.log	0	e3b0c44298fc1c149afbf4c8996fb92427ae41e4649b934ca495991b7852b855	e3b0c44298fc1c149afbf4c8996fb92427ae41e4649b934ca495991b7852b855	none	0
tr04-official-1/T10-G2-r1/s3-curtain-seed1/processes.json	133	2d682689e80bda8c5620f25653426df526d1fbc1117dd5af83750c779d3b7848	2d682689e80bda8c5620f25653426df526d1fbc1117dd5af83750c779d3b7848	none	0
tr04-official-1/T10-G2-r1/s3-curtain-seed1/reference-10ms-differences.json	3	37517e5f3dc66819f61f5a7bb8ace1921282415f10551d2defa5c3eb0985b570	37517e5f3dc66819f61f5a7bb8ace1921282415f10551d2defa5c3eb0985b570	none	0
tr04-official-1/T10-G2-r1/s3-curtain-seed1/static.json	10935	eb7d176ba6a98457ef445ede1a9f3a82d6233cb086037046e22eb2ba844fad7a	eb7d176ba6a98457ef445ede1a9f3a82d6233cb086037046e22eb2ba844fad7a	none	0
tr04-official-1/T10-G2-r1/s3-curtain-seed1/summary.json	4067	ba16c38504f6a1c67e93feaa8c7673c1f7ddfc8310f8e62f1a46bc4ac019df77	9ccf10cc8f438f141ec7f9d662ce07e6f730ed077bb9f419d997657bac2557a9	drop_tick_hashes	0
tr04-official-1/T10-G2-r1/s3-curtain-seed1/vision-stderr.log	26	f6259e2742222db4cedc0f46e1f9d79c113803494192992ee22d2e0ff6d9cc6e	f6259e2742222db4cedc0f46e1f9d79c113803494192992ee22d2e0ff6d9cc6e	none	0
tr04-official-1/T10-G2-r1/s3-normal-seed1/io_verdict.json	383	5764c90719e5a826eba5810eea1a7ffe0fd700369ade52d68ab4498083a4b600	5764c90719e5a826eba5810eea1a7ffe0fd700369ade52d68ab4498083a4b600	none	0
tr04-official-1/T10-G2-r1/s3-normal-seed1/metadata.json	5304	bf80d830139e7bbbaefeed3e39f71264bd3126158255e19866f66cc08ad80ccc	77450bb011a3b4a0a9e2ed8f0f660691d66f70a012314cb10a87d38345742457	redact	10
tr04-official-1/T10-G2-r1/s3-normal-seed1/plc-stderr.log	0	e3b0c44298fc1c149afbf4c8996fb92427ae41e4649b934ca495991b7852b855	e3b0c44298fc1c149afbf4c8996fb92427ae41e4649b934ca495991b7852b855	none	0
tr04-official-1/T10-G2-r1/s3-normal-seed1/processes.json	133	2d682689e80bda8c5620f25653426df526d1fbc1117dd5af83750c779d3b7848	2d682689e80bda8c5620f25653426df526d1fbc1117dd5af83750c779d3b7848	none	0
tr04-official-1/T10-G2-r1/s3-normal-seed1/reference-10ms-differences.json	3	37517e5f3dc66819f61f5a7bb8ace1921282415f10551d2defa5c3eb0985b570	37517e5f3dc66819f61f5a7bb8ace1921282415f10551d2defa5c3eb0985b570	none	0
tr04-official-1/T10-G2-r1/s3-normal-seed1/static.json	10935	eb7d176ba6a98457ef445ede1a9f3a82d6233cb086037046e22eb2ba844fad7a	eb7d176ba6a98457ef445ede1a9f3a82d6233cb086037046e22eb2ba844fad7a	none	0
tr04-official-1/T10-G2-r1/s3-normal-seed1/summary.json	4186	15ecf7adf2f8024f181276fe443b8354ef05bb7336ced939667168a5225e74fa	5c2fdf7d43346e7428de63e968c55764175d298d7d9e7b07499ff95b3cfbc18e	drop_tick_hashes	0
tr04-official-1/T10-G2-r1/s3-normal-seed1/vision-stderr.log	26	f6259e2742222db4cedc0f46e1f9d79c113803494192992ee22d2e0ff6d9cc6e	f6259e2742222db4cedc0f46e1f9d79c113803494192992ee22d2e0ff6d9cc6e	none	0
tr04-official-1/T10-G2-r1/s3-normal-seed2/io_verdict.json	383	83da5e3273ff972c39964988f706e20a4642491265ba03a1382068d67c4f5ff7	83da5e3273ff972c39964988f706e20a4642491265ba03a1382068d67c4f5ff7	none	0
tr04-official-1/T10-G2-r1/s3-normal-seed2/metadata.json	5304	bba2b6e0d108bcab3d4ee3fc3322c4ab591ccaba909338481d16d3221565edf6	985f97d56eeb864736db8bd609802e838e8a082dfb9acfde77f6b1b0098045a7	redact	10
tr04-official-1/T10-G2-r1/s3-normal-seed2/plc-stderr.log	0	e3b0c44298fc1c149afbf4c8996fb92427ae41e4649b934ca495991b7852b855	e3b0c44298fc1c149afbf4c8996fb92427ae41e4649b934ca495991b7852b855	none	0
tr04-official-1/T10-G2-r1/s3-normal-seed2/processes.json	133	2d682689e80bda8c5620f25653426df526d1fbc1117dd5af83750c779d3b7848	2d682689e80bda8c5620f25653426df526d1fbc1117dd5af83750c779d3b7848	none	0
tr04-official-1/T10-G2-r1/s3-normal-seed2/reference-10ms-differences.json	3	37517e5f3dc66819f61f5a7bb8ace1921282415f10551d2defa5c3eb0985b570	37517e5f3dc66819f61f5a7bb8ace1921282415f10551d2defa5c3eb0985b570	none	0
tr04-official-1/T10-G2-r1/s3-normal-seed2/static.json	10935	eb7d176ba6a98457ef445ede1a9f3a82d6233cb086037046e22eb2ba844fad7a	eb7d176ba6a98457ef445ede1a9f3a82d6233cb086037046e22eb2ba844fad7a	none	0
tr04-official-1/T10-G2-r1/s3-normal-seed2/summary.json	4190	14e7625771b231bb281eff1c67ed71044dc2810272932b669f213b6109959361	8547d17d39942372976084497b38cf19383caac6525e871d5d72eedc4a188d40	drop_tick_hashes	0
tr04-official-1/T10-G2-r1/s3-normal-seed2/vision-stderr.log	26	f6259e2742222db4cedc0f46e1f9d79c113803494192992ee22d2e0ff6d9cc6e	f6259e2742222db4cedc0f46e1f9d79c113803494192992ee22d2e0ff6d9cc6e	none	0
tr04-official-1/T10-G2-r1/s3-normal-seed3/io_verdict.json	383	0007070d2e319ecd363bdfafce6d41c38238c32859c88c342266c82bfdf40462	0007070d2e319ecd363bdfafce6d41c38238c32859c88c342266c82bfdf40462	none	0
tr04-official-1/T10-G2-r1/s3-normal-seed3/metadata.json	5304	c77312bf0d64454bb03e071a52ba1c5ef251e026361813b26233230fa4732ab3	22a453522fb62c1d07a871ffc93cf9b8682da3698f267513b7fb602ad7640926	redact	10
tr04-official-1/T10-G2-r1/s3-normal-seed3/plc-stderr.log	0	e3b0c44298fc1c149afbf4c8996fb92427ae41e4649b934ca495991b7852b855	e3b0c44298fc1c149afbf4c8996fb92427ae41e4649b934ca495991b7852b855	none	0
tr04-official-1/T10-G2-r1/s3-normal-seed3/processes.json	133	2d682689e80bda8c5620f25653426df526d1fbc1117dd5af83750c779d3b7848	2d682689e80bda8c5620f25653426df526d1fbc1117dd5af83750c779d3b7848	none	0
tr04-official-1/T10-G2-r1/s3-normal-seed3/reference-10ms-differences.json	3	37517e5f3dc66819f61f5a7bb8ace1921282415f10551d2defa5c3eb0985b570	37517e5f3dc66819f61f5a7bb8ace1921282415f10551d2defa5c3eb0985b570	none	0
tr04-official-1/T10-G2-r1/s3-normal-seed3/static.json	10935	eb7d176ba6a98457ef445ede1a9f3a82d6233cb086037046e22eb2ba844fad7a	eb7d176ba6a98457ef445ede1a9f3a82d6233cb086037046e22eb2ba844fad7a	none	0
tr04-official-1/T10-G2-r1/s3-normal-seed3/summary.json	4191	95be4b5119dbd0e1df852a8a39f2b0ef7ae1277f58d614d0891ec0d3132bf640	fcd756dcc9ff2ba2a1285f9d4458d4ebf5088f0ae27a215c783429f708c7fcdc	drop_tick_hashes	0
tr04-official-1/T10-G2-r1/s3-normal-seed3/vision-stderr.log	26	f6259e2742222db4cedc0f46e1f9d79c113803494192992ee22d2e0ff6d9cc6e	f6259e2742222db4cedc0f46e1f9d79c113803494192992ee22d2e0ff6d9cc6e	none	0
tr04-official-1/T10-G2-r1/s3-recovery-retract-seed1/failure.json	75	0c6032cd07861e1f85d433c4777029e5b595339c22f506d8d7369fa926454217	0c6032cd07861e1f85d433c4777029e5b595339c22f506d8d7369fa926454217	none	0
tr04-official-1/T10-G2-r1/s3-recovery-retract-seed1/io_verdict.json	451	052be0d43fa3e754cebfb1cf553a1e9e0bdaf80eaaf9f7f5d4ace5924952ae26	052be0d43fa3e754cebfb1cf553a1e9e0bdaf80eaaf9f7f5d4ace5924952ae26	none	0
tr04-official-1/T10-G2-r1/s3-recovery-retract-seed1/metadata.json	5314	40d3f5105ac9085c11a60052e4bc0b467bb1201e1ae7245f4955437d464e94ef	ea76ac3d8868a413ab27bc1f4be7d20e77e39e0319c20b403f685d45746d1b41	redact	10
tr04-official-1/T10-G2-r1/s3-recovery-retract-seed1/plc-stderr.log	0	e3b0c44298fc1c149afbf4c8996fb92427ae41e4649b934ca495991b7852b855	e3b0c44298fc1c149afbf4c8996fb92427ae41e4649b934ca495991b7852b855	none	0
tr04-official-1/T10-G2-r1/s3-recovery-retract-seed1/processes.json	134	a359ee4aa54de89e8b8af12b57c7568e03924a7769f3cee1d8825d2cd30c000f	a359ee4aa54de89e8b8af12b57c7568e03924a7769f3cee1d8825d2cd30c000f	none	0
tr04-official-1/T10-G2-r1/s3-recovery-retract-seed1/static.json	10935	eb7d176ba6a98457ef445ede1a9f3a82d6233cb086037046e22eb2ba844fad7a	eb7d176ba6a98457ef445ede1a9f3a82d6233cb086037046e22eb2ba844fad7a	none	0
tr04-official-1/T10-G2-r1/s3-recovery-retract-seed1/vision-stderr.log	26	f6259e2742222db4cedc0f46e1f9d79c113803494192992ee22d2e0ff6d9cc6e	f6259e2742222db4cedc0f46e1f9d79c113803494192992ee22d2e0ff6d9cc6e	none	0
tr04-official-1/T10-G2-r1/s3-recovery-seed1/failure.json	75	0c6032cd07861e1f85d433c4777029e5b595339c22f506d8d7369fa926454217	0c6032cd07861e1f85d433c4777029e5b595339c22f506d8d7369fa926454217	none	0
tr04-official-1/T10-G2-r1/s3-recovery-seed1/io_verdict.json	443	c3b2feb77af86b08121ea46e6d92b8dd2defd43618446f6270768933cdbfd57d	c3b2feb77af86b08121ea46e6d92b8dd2defd43618446f6270768933cdbfd57d	none	0
tr04-official-1/T10-G2-r1/s3-recovery-seed1/metadata.json	5306	fd7124fd9b48fc5ba39288a689e1149a887921390831faab208beb970aeb6fd8	2fcb7baf2a246b254bde0799ebd16a5ba4584b9ecf2f06b640d12213edde4d37	redact	10
tr04-official-1/T10-G2-r1/s3-recovery-seed1/plc-stderr.log	0	e3b0c44298fc1c149afbf4c8996fb92427ae41e4649b934ca495991b7852b855	e3b0c44298fc1c149afbf4c8996fb92427ae41e4649b934ca495991b7852b855	none	0
tr04-official-1/T10-G2-r1/s3-recovery-seed1/processes.json	134	a359ee4aa54de89e8b8af12b57c7568e03924a7769f3cee1d8825d2cd30c000f	a359ee4aa54de89e8b8af12b57c7568e03924a7769f3cee1d8825d2cd30c000f	none	0
tr04-official-1/T10-G2-r1/s3-recovery-seed1/static.json	10935	eb7d176ba6a98457ef445ede1a9f3a82d6233cb086037046e22eb2ba844fad7a	eb7d176ba6a98457ef445ede1a9f3a82d6233cb086037046e22eb2ba844fad7a	none	0
tr04-official-1/T10-G2-r1/s3-recovery-seed1/vision-stderr.log	26	f6259e2742222db4cedc0f46e1f9d79c113803494192992ee22d2e0ff6d9cc6e	f6259e2742222db4cedc0f46e1f9d79c113803494192992ee22d2e0ff6d9cc6e	none	0
tr04-official-1/T10-G2-r1/static.json	326	e8b91c7b40b37a1e3f340a32d9092bd9a4645a3e62c99c69d84be5a4c5045f59	732c20480db49ece20c580895fb0916f9541189fa5fad1883885f3e5783bdd8f	redact	1
tr04-official-1/T10-G2-r1/verdict.json	1156	032a9bf965b8fb5d5291a331a58cfa797a7d3650839d381c7fdd413a5f5a196d	032a9bf965b8fb5d5291a331a58cfa797a7d3650839d381c7fdd413a5f5a196d	none	0
tr04-official-1/T10-G2-r2/force.json	2212	05e4a6b0d305dcb28effd3cc2a6e1afc808f26b1f2dee884522ed9834ffd1f33	b33f20dd22880c2c051a3e9615ee340a322086814bf017929e5ada20320383ab	redact	1
tr04-official-1/T10-G2-r2/s3-curtain-seed1/io_verdict.json	442	0d6016793d1093d7cc3322114b100f8661cdb354b1029bf0169ef2df01d2bed5	0d6016793d1093d7cc3322114b100f8661cdb354b1029bf0169ef2df01d2bed5	none	0
tr04-official-1/T10-G2-r2/s3-curtain-seed1/metadata.json	5305	e79778187acd99025c790f089246eefe4efe65fb527da8adf79684df8d06d23f	5696a0e1fdc85531221a94991e498967ac6e64fe3675d550a7679a8f568d9b32	redact	10
tr04-official-1/T10-G2-r2/s3-curtain-seed1/plc-stderr.log	0	e3b0c44298fc1c149afbf4c8996fb92427ae41e4649b934ca495991b7852b855	e3b0c44298fc1c149afbf4c8996fb92427ae41e4649b934ca495991b7852b855	none	0
tr04-official-1/T10-G2-r2/s3-curtain-seed1/processes.json	133	2d682689e80bda8c5620f25653426df526d1fbc1117dd5af83750c779d3b7848	2d682689e80bda8c5620f25653426df526d1fbc1117dd5af83750c779d3b7848	none	0
tr04-official-1/T10-G2-r2/s3-curtain-seed1/reference-10ms-differences.json	3	37517e5f3dc66819f61f5a7bb8ace1921282415f10551d2defa5c3eb0985b570	37517e5f3dc66819f61f5a7bb8ace1921282415f10551d2defa5c3eb0985b570	none	0
tr04-official-1/T10-G2-r2/s3-curtain-seed1/static.json	10621	da0c34b73b5c8bc63eabeb0fcd23f24c7726781b9be0c85fd85125831533e455	da0c34b73b5c8bc63eabeb0fcd23f24c7726781b9be0c85fd85125831533e455	none	0
tr04-official-1/T10-G2-r2/s3-curtain-seed1/summary.json	4067	eb20279921228a92c15f3b729c0117cb76decdd407c639f5f929e866cfb77629	223dc287936c84889d9ef3e7680559ea3bc2f3c0c827ca7884e81cec5c6ff682	drop_tick_hashes	0
tr04-official-1/T10-G2-r2/s3-curtain-seed1/vision-stderr.log	26	f6259e2742222db4cedc0f46e1f9d79c113803494192992ee22d2e0ff6d9cc6e	f6259e2742222db4cedc0f46e1f9d79c113803494192992ee22d2e0ff6d9cc6e	none	0
tr04-official-1/T10-G2-r2/s3-normal-seed1/io_verdict.json	383	5764c90719e5a826eba5810eea1a7ffe0fd700369ade52d68ab4498083a4b600	5764c90719e5a826eba5810eea1a7ffe0fd700369ade52d68ab4498083a4b600	none	0
tr04-official-1/T10-G2-r2/s3-normal-seed1/metadata.json	5304	0767f532d79804391dfd318ba428a316e07c3199479a7eea43ab4e61d3306e4d	577819ca9833286d7dbbf09eb84d460b2e78585a905f045f4bd56db523e78fe0	redact	10
tr04-official-1/T10-G2-r2/s3-normal-seed1/plc-stderr.log	0	e3b0c44298fc1c149afbf4c8996fb92427ae41e4649b934ca495991b7852b855	e3b0c44298fc1c149afbf4c8996fb92427ae41e4649b934ca495991b7852b855	none	0
tr04-official-1/T10-G2-r2/s3-normal-seed1/processes.json	133	2d682689e80bda8c5620f25653426df526d1fbc1117dd5af83750c779d3b7848	2d682689e80bda8c5620f25653426df526d1fbc1117dd5af83750c779d3b7848	none	0
tr04-official-1/T10-G2-r2/s3-normal-seed1/reference-10ms-differences.json	3	37517e5f3dc66819f61f5a7bb8ace1921282415f10551d2defa5c3eb0985b570	37517e5f3dc66819f61f5a7bb8ace1921282415f10551d2defa5c3eb0985b570	none	0
tr04-official-1/T10-G2-r2/s3-normal-seed1/static.json	10621	da0c34b73b5c8bc63eabeb0fcd23f24c7726781b9be0c85fd85125831533e455	da0c34b73b5c8bc63eabeb0fcd23f24c7726781b9be0c85fd85125831533e455	none	0
tr04-official-1/T10-G2-r2/s3-normal-seed1/summary.json	4186	735977a8b01962fb11a7248134cef4bfe7544d3a0ed93ac097fbaf9ca9e22150	4b2e3a0130da0165622dfa2565c582462d565cab7af0c9bb73c9848621a250f9	drop_tick_hashes	0
tr04-official-1/T10-G2-r2/s3-normal-seed1/vision-stderr.log	26	f6259e2742222db4cedc0f46e1f9d79c113803494192992ee22d2e0ff6d9cc6e	f6259e2742222db4cedc0f46e1f9d79c113803494192992ee22d2e0ff6d9cc6e	none	0
tr04-official-1/T10-G2-r2/s3-normal-seed2/io_verdict.json	383	83da5e3273ff972c39964988f706e20a4642491265ba03a1382068d67c4f5ff7	83da5e3273ff972c39964988f706e20a4642491265ba03a1382068d67c4f5ff7	none	0
tr04-official-1/T10-G2-r2/s3-normal-seed2/metadata.json	5304	7bdfe7435bb8f3adf474250ceb34821ad9e4f38d162dd152a4b92546c185821f	6e525fd62e1ab8dd0efae6ad9b4bcd0c98f7123e9a691c7f7b8e45aedc1cebe1	redact	10
tr04-official-1/T10-G2-r2/s3-normal-seed2/plc-stderr.log	0	e3b0c44298fc1c149afbf4c8996fb92427ae41e4649b934ca495991b7852b855	e3b0c44298fc1c149afbf4c8996fb92427ae41e4649b934ca495991b7852b855	none	0
tr04-official-1/T10-G2-r2/s3-normal-seed2/processes.json	133	2d682689e80bda8c5620f25653426df526d1fbc1117dd5af83750c779d3b7848	2d682689e80bda8c5620f25653426df526d1fbc1117dd5af83750c779d3b7848	none	0
tr04-official-1/T10-G2-r2/s3-normal-seed2/reference-10ms-differences.json	3	37517e5f3dc66819f61f5a7bb8ace1921282415f10551d2defa5c3eb0985b570	37517e5f3dc66819f61f5a7bb8ace1921282415f10551d2defa5c3eb0985b570	none	0
tr04-official-1/T10-G2-r2/s3-normal-seed2/static.json	10621	da0c34b73b5c8bc63eabeb0fcd23f24c7726781b9be0c85fd85125831533e455	da0c34b73b5c8bc63eabeb0fcd23f24c7726781b9be0c85fd85125831533e455	none	0
tr04-official-1/T10-G2-r2/s3-normal-seed2/summary.json	4190	18dd53e174036e50e972075372203f6b6432ae324b822b47b3f292369e129733	57128ebbf7b8443e15f0d58cac708577708bb076c3a5a069aca00b5fbe15ccca	drop_tick_hashes	0
tr04-official-1/T10-G2-r2/s3-normal-seed2/vision-stderr.log	26	f6259e2742222db4cedc0f46e1f9d79c113803494192992ee22d2e0ff6d9cc6e	f6259e2742222db4cedc0f46e1f9d79c113803494192992ee22d2e0ff6d9cc6e	none	0
tr04-official-1/T10-G2-r2/s3-normal-seed3/io_verdict.json	383	0007070d2e319ecd363bdfafce6d41c38238c32859c88c342266c82bfdf40462	0007070d2e319ecd363bdfafce6d41c38238c32859c88c342266c82bfdf40462	none	0
tr04-official-1/T10-G2-r2/s3-normal-seed3/metadata.json	5304	d80b5fb8e90bf8be9b52515960b9e6f304847c78ce0a6f86d410d90346b10a0f	e7ae8016bcfc68bcd4cf2083d1b4917f75b4e9a4ecdfbb00e6bb40234a1d54c6	redact	10
tr04-official-1/T10-G2-r2/s3-normal-seed3/plc-stderr.log	0	e3b0c44298fc1c149afbf4c8996fb92427ae41e4649b934ca495991b7852b855	e3b0c44298fc1c149afbf4c8996fb92427ae41e4649b934ca495991b7852b855	none	0
tr04-official-1/T10-G2-r2/s3-normal-seed3/processes.json	133	2d682689e80bda8c5620f25653426df526d1fbc1117dd5af83750c779d3b7848	2d682689e80bda8c5620f25653426df526d1fbc1117dd5af83750c779d3b7848	none	0
tr04-official-1/T10-G2-r2/s3-normal-seed3/reference-10ms-differences.json	3	37517e5f3dc66819f61f5a7bb8ace1921282415f10551d2defa5c3eb0985b570	37517e5f3dc66819f61f5a7bb8ace1921282415f10551d2defa5c3eb0985b570	none	0
tr04-official-1/T10-G2-r2/s3-normal-seed3/static.json	10621	da0c34b73b5c8bc63eabeb0fcd23f24c7726781b9be0c85fd85125831533e455	da0c34b73b5c8bc63eabeb0fcd23f24c7726781b9be0c85fd85125831533e455	none	0
tr04-official-1/T10-G2-r2/s3-normal-seed3/summary.json	4191	8b3b608ec5aae01f95e2d91525ca5bc3efa32a1938ee7ff2f40a82c2d03f6332	37b762bf730b5b1ba59ce75b84dd4a580c6d019c98834fcf9d2719212366910d	drop_tick_hashes	0
tr04-official-1/T10-G2-r2/s3-normal-seed3/vision-stderr.log	26	f6259e2742222db4cedc0f46e1f9d79c113803494192992ee22d2e0ff6d9cc6e	f6259e2742222db4cedc0f46e1f9d79c113803494192992ee22d2e0ff6d9cc6e	none	0
tr04-official-1/T10-G2-r2/s3-recovery-retract-seed1/failure.json	75	0c6032cd07861e1f85d433c4777029e5b595339c22f506d8d7369fa926454217	0c6032cd07861e1f85d433c4777029e5b595339c22f506d8d7369fa926454217	none	0
tr04-official-1/T10-G2-r2/s3-recovery-retract-seed1/io_verdict.json	451	052be0d43fa3e754cebfb1cf553a1e9e0bdaf80eaaf9f7f5d4ace5924952ae26	052be0d43fa3e754cebfb1cf553a1e9e0bdaf80eaaf9f7f5d4ace5924952ae26	none	0
tr04-official-1/T10-G2-r2/s3-recovery-retract-seed1/metadata.json	5314	92327559076ae1663f13be5a831a9c6bc34ae42d7dbeb1a17f1bd2e70eb626da	8ac82a25bf404ec8ed0e9417fa9c6b8575b8e985128714c6136a711084666cf2	redact	10
tr04-official-1/T10-G2-r2/s3-recovery-retract-seed1/plc-stderr.log	0	e3b0c44298fc1c149afbf4c8996fb92427ae41e4649b934ca495991b7852b855	e3b0c44298fc1c149afbf4c8996fb92427ae41e4649b934ca495991b7852b855	none	0
tr04-official-1/T10-G2-r2/s3-recovery-retract-seed1/processes.json	134	a359ee4aa54de89e8b8af12b57c7568e03924a7769f3cee1d8825d2cd30c000f	a359ee4aa54de89e8b8af12b57c7568e03924a7769f3cee1d8825d2cd30c000f	none	0
tr04-official-1/T10-G2-r2/s3-recovery-retract-seed1/static.json	10621	da0c34b73b5c8bc63eabeb0fcd23f24c7726781b9be0c85fd85125831533e455	da0c34b73b5c8bc63eabeb0fcd23f24c7726781b9be0c85fd85125831533e455	none	0
tr04-official-1/T10-G2-r2/s3-recovery-retract-seed1/vision-stderr.log	26	f6259e2742222db4cedc0f46e1f9d79c113803494192992ee22d2e0ff6d9cc6e	f6259e2742222db4cedc0f46e1f9d79c113803494192992ee22d2e0ff6d9cc6e	none	0
tr04-official-1/T10-G2-r2/s3-recovery-seed1/failure.json	75	0c6032cd07861e1f85d433c4777029e5b595339c22f506d8d7369fa926454217	0c6032cd07861e1f85d433c4777029e5b595339c22f506d8d7369fa926454217	none	0
tr04-official-1/T10-G2-r2/s3-recovery-seed1/io_verdict.json	443	c3b2feb77af86b08121ea46e6d92b8dd2defd43618446f6270768933cdbfd57d	c3b2feb77af86b08121ea46e6d92b8dd2defd43618446f6270768933cdbfd57d	none	0
tr04-official-1/T10-G2-r2/s3-recovery-seed1/metadata.json	5306	5f3251474db7e4714bf7f379647a9e509c66262de12b8e9638c12a7ea25788b9	5ff821bd0f0fb43d2184bd8e1dcf16ad2e757e3d7a1f2daf9d120c9378f35ef4	redact	10
tr04-official-1/T10-G2-r2/s3-recovery-seed1/plc-stderr.log	0	e3b0c44298fc1c149afbf4c8996fb92427ae41e4649b934ca495991b7852b855	e3b0c44298fc1c149afbf4c8996fb92427ae41e4649b934ca495991b7852b855	none	0
tr04-official-1/T10-G2-r2/s3-recovery-seed1/processes.json	134	a359ee4aa54de89e8b8af12b57c7568e03924a7769f3cee1d8825d2cd30c000f	a359ee4aa54de89e8b8af12b57c7568e03924a7769f3cee1d8825d2cd30c000f	none	0
tr04-official-1/T10-G2-r2/s3-recovery-seed1/static.json	10621	da0c34b73b5c8bc63eabeb0fcd23f24c7726781b9be0c85fd85125831533e455	da0c34b73b5c8bc63eabeb0fcd23f24c7726781b9be0c85fd85125831533e455	none	0
tr04-official-1/T10-G2-r2/s3-recovery-seed1/vision-stderr.log	26	f6259e2742222db4cedc0f46e1f9d79c113803494192992ee22d2e0ff6d9cc6e	f6259e2742222db4cedc0f46e1f9d79c113803494192992ee22d2e0ff6d9cc6e	none	0
tr04-official-1/T10-G2-r2/static.json	326	077cd1513f139ab81e3f500a1bc952ecd4c1bacc8ce4d119b0226838643bfc2f	3785073a153fd19c72bd6573cbd757bcf6557ed4ba86bf71ddce93ef54cc7a6c	redact	1
tr04-official-1/T10-G2-r2/verdict.json	1156	f83a66feac56249a553bffa064a6fedfa9637b0502eaab7fe796fb94473d5a46	f83a66feac56249a553bffa064a6fedfa9637b0502eaab7fe796fb94473d5a46	none	0
tr04-official-1/T10-G2-r3/force.json	2212	d9d6284f9759795ac6529bf5703e7eb81d7c20c9ae01c63de64904f718c23de0	78e391f71b0d277e55709634bf86a5a3ba2f6c51254f46fb461022771c4df40b	redact	1
tr04-official-1/T10-G2-r3/s3-curtain-seed1/io_verdict.json	442	0d6016793d1093d7cc3322114b100f8661cdb354b1029bf0169ef2df01d2bed5	0d6016793d1093d7cc3322114b100f8661cdb354b1029bf0169ef2df01d2bed5	none	0
tr04-official-1/T10-G2-r3/s3-curtain-seed1/metadata.json	5305	24e133103e692b8ef7712db5258f2b52dddfc5a9e2aa7841a69db7efc6cc3e4c	26db9f2939a3699f756d7933fcec2eb4dd92c4d840a916ac2f0cc7e76822b0c0	redact	10
tr04-official-1/T10-G2-r3/s3-curtain-seed1/plc-stderr.log	0	e3b0c44298fc1c149afbf4c8996fb92427ae41e4649b934ca495991b7852b855	e3b0c44298fc1c149afbf4c8996fb92427ae41e4649b934ca495991b7852b855	none	0
tr04-official-1/T10-G2-r3/s3-curtain-seed1/processes.json	133	2d682689e80bda8c5620f25653426df526d1fbc1117dd5af83750c779d3b7848	2d682689e80bda8c5620f25653426df526d1fbc1117dd5af83750c779d3b7848	none	0
tr04-official-1/T10-G2-r3/s3-curtain-seed1/reference-10ms-differences.json	3	37517e5f3dc66819f61f5a7bb8ace1921282415f10551d2defa5c3eb0985b570	37517e5f3dc66819f61f5a7bb8ace1921282415f10551d2defa5c3eb0985b570	none	0
tr04-official-1/T10-G2-r3/s3-curtain-seed1/static.json	11563	ed94b485aa557bbc0faf218b1c8d96e3963c5ae36fd7cf85b367adc7933f814a	ed94b485aa557bbc0faf218b1c8d96e3963c5ae36fd7cf85b367adc7933f814a	none	0
tr04-official-1/T10-G2-r3/s3-curtain-seed1/summary.json	4067	c506a439d7a3349a3a5a4d12d7268f1d6fe8460047b702705eb863434392a34d	4b5877e517a03466a280eaed91093b4ecc1d8b8c12e89f97c104e1b6b1034c68	drop_tick_hashes	0
tr04-official-1/T10-G2-r3/s3-curtain-seed1/vision-stderr.log	26	f6259e2742222db4cedc0f46e1f9d79c113803494192992ee22d2e0ff6d9cc6e	f6259e2742222db4cedc0f46e1f9d79c113803494192992ee22d2e0ff6d9cc6e	none	0
tr04-official-1/T10-G2-r3/s3-normal-seed1/io_verdict.json	383	5764c90719e5a826eba5810eea1a7ffe0fd700369ade52d68ab4498083a4b600	5764c90719e5a826eba5810eea1a7ffe0fd700369ade52d68ab4498083a4b600	none	0
tr04-official-1/T10-G2-r3/s3-normal-seed1/metadata.json	5304	65640daa44a936a8985430966ee542c3b30b5c4aabceacccc328c8425b2f94d9	79825a2b70fab749f41ee7070a97802b701b0195238c7321fec008ca85639d6b	redact	10
tr04-official-1/T10-G2-r3/s3-normal-seed1/plc-stderr.log	0	e3b0c44298fc1c149afbf4c8996fb92427ae41e4649b934ca495991b7852b855	e3b0c44298fc1c149afbf4c8996fb92427ae41e4649b934ca495991b7852b855	none	0
tr04-official-1/T10-G2-r3/s3-normal-seed1/processes.json	133	2d682689e80bda8c5620f25653426df526d1fbc1117dd5af83750c779d3b7848	2d682689e80bda8c5620f25653426df526d1fbc1117dd5af83750c779d3b7848	none	0
tr04-official-1/T10-G2-r3/s3-normal-seed1/reference-10ms-differences.json	3	37517e5f3dc66819f61f5a7bb8ace1921282415f10551d2defa5c3eb0985b570	37517e5f3dc66819f61f5a7bb8ace1921282415f10551d2defa5c3eb0985b570	none	0
tr04-official-1/T10-G2-r3/s3-normal-seed1/static.json	11563	ed94b485aa557bbc0faf218b1c8d96e3963c5ae36fd7cf85b367adc7933f814a	ed94b485aa557bbc0faf218b1c8d96e3963c5ae36fd7cf85b367adc7933f814a	none	0
tr04-official-1/T10-G2-r3/s3-normal-seed1/summary.json	4186	f9f864daf27b1c3029e977849cb6ac9849bbebe0db6b65a53e0120be2d43b784	6d8b42cb6df319b05c569da8c92514953b0647ec2ce7ac18e466d86eb765db26	drop_tick_hashes	0
tr04-official-1/T10-G2-r3/s3-normal-seed1/vision-stderr.log	26	f6259e2742222db4cedc0f46e1f9d79c113803494192992ee22d2e0ff6d9cc6e	f6259e2742222db4cedc0f46e1f9d79c113803494192992ee22d2e0ff6d9cc6e	none	0
tr04-official-1/T10-G2-r3/s3-normal-seed2/io_verdict.json	383	83da5e3273ff972c39964988f706e20a4642491265ba03a1382068d67c4f5ff7	83da5e3273ff972c39964988f706e20a4642491265ba03a1382068d67c4f5ff7	none	0
tr04-official-1/T10-G2-r3/s3-normal-seed2/metadata.json	5304	c84394681d232900845e0cea9ffa60da42f1e6a55417395a294a5a9bb978dd76	9d70df1429e9803da558aaade576d520758bd269352a24457d7b5207653db315	redact	10
tr04-official-1/T10-G2-r3/s3-normal-seed2/plc-stderr.log	0	e3b0c44298fc1c149afbf4c8996fb92427ae41e4649b934ca495991b7852b855	e3b0c44298fc1c149afbf4c8996fb92427ae41e4649b934ca495991b7852b855	none	0
tr04-official-1/T10-G2-r3/s3-normal-seed2/processes.json	133	2d682689e80bda8c5620f25653426df526d1fbc1117dd5af83750c779d3b7848	2d682689e80bda8c5620f25653426df526d1fbc1117dd5af83750c779d3b7848	none	0
tr04-official-1/T10-G2-r3/s3-normal-seed2/reference-10ms-differences.json	3	37517e5f3dc66819f61f5a7bb8ace1921282415f10551d2defa5c3eb0985b570	37517e5f3dc66819f61f5a7bb8ace1921282415f10551d2defa5c3eb0985b570	none	0
tr04-official-1/T10-G2-r3/s3-normal-seed2/static.json	11563	ed94b485aa557bbc0faf218b1c8d96e3963c5ae36fd7cf85b367adc7933f814a	ed94b485aa557bbc0faf218b1c8d96e3963c5ae36fd7cf85b367adc7933f814a	none	0
tr04-official-1/T10-G2-r3/s3-normal-seed2/summary.json	4190	8e34d654ee891e6f0bccebc7747c346d47d5e5956de8881f47816d9a45efb57f	ebbf9f8735cf8efa09d6bcc092c2b7f86ea457e53e0cb0faccfbcd6bf75682c2	drop_tick_hashes	0
tr04-official-1/T10-G2-r3/s3-normal-seed2/vision-stderr.log	26	f6259e2742222db4cedc0f46e1f9d79c113803494192992ee22d2e0ff6d9cc6e	f6259e2742222db4cedc0f46e1f9d79c113803494192992ee22d2e0ff6d9cc6e	none	0
tr04-official-1/T10-G2-r3/s3-normal-seed3/io_verdict.json	383	0007070d2e319ecd363bdfafce6d41c38238c32859c88c342266c82bfdf40462	0007070d2e319ecd363bdfafce6d41c38238c32859c88c342266c82bfdf40462	none	0
tr04-official-1/T10-G2-r3/s3-normal-seed3/metadata.json	5304	97d25fc3b2e7a3794123936bb3765f3dee732a3f1246e06044521d4279b3deeb	742cf90fa345f07ee8a53d8d4b7b3bf0dc219f2ae67bfab375977bf66a71fefd	redact	10
tr04-official-1/T10-G2-r3/s3-normal-seed3/plc-stderr.log	0	e3b0c44298fc1c149afbf4c8996fb92427ae41e4649b934ca495991b7852b855	e3b0c44298fc1c149afbf4c8996fb92427ae41e4649b934ca495991b7852b855	none	0
tr04-official-1/T10-G2-r3/s3-normal-seed3/processes.json	133	2d682689e80bda8c5620f25653426df526d1fbc1117dd5af83750c779d3b7848	2d682689e80bda8c5620f25653426df526d1fbc1117dd5af83750c779d3b7848	none	0
tr04-official-1/T10-G2-r3/s3-normal-seed3/reference-10ms-differences.json	3	37517e5f3dc66819f61f5a7bb8ace1921282415f10551d2defa5c3eb0985b570	37517e5f3dc66819f61f5a7bb8ace1921282415f10551d2defa5c3eb0985b570	none	0
tr04-official-1/T10-G2-r3/s3-normal-seed3/static.json	11563	ed94b485aa557bbc0faf218b1c8d96e3963c5ae36fd7cf85b367adc7933f814a	ed94b485aa557bbc0faf218b1c8d96e3963c5ae36fd7cf85b367adc7933f814a	none	0
tr04-official-1/T10-G2-r3/s3-normal-seed3/summary.json	4191	1bacf3c503fe41790f3fc541801e2b001a3fb9ac019e11441044a416d8f8a0fc	e6bf5bf78e217165f35dddb18aadee6d938fa49071164458742afa8439314e47	drop_tick_hashes	0
tr04-official-1/T10-G2-r3/s3-normal-seed3/vision-stderr.log	26	f6259e2742222db4cedc0f46e1f9d79c113803494192992ee22d2e0ff6d9cc6e	f6259e2742222db4cedc0f46e1f9d79c113803494192992ee22d2e0ff6d9cc6e	none	0
tr04-official-1/T10-G2-r3/s3-recovery-retract-seed1/failure.json	75	0c6032cd07861e1f85d433c4777029e5b595339c22f506d8d7369fa926454217	0c6032cd07861e1f85d433c4777029e5b595339c22f506d8d7369fa926454217	none	0
tr04-official-1/T10-G2-r3/s3-recovery-retract-seed1/io_verdict.json	451	052be0d43fa3e754cebfb1cf553a1e9e0bdaf80eaaf9f7f5d4ace5924952ae26	052be0d43fa3e754cebfb1cf553a1e9e0bdaf80eaaf9f7f5d4ace5924952ae26	none	0
tr04-official-1/T10-G2-r3/s3-recovery-retract-seed1/metadata.json	5314	b3e8dc530ef9148589a7b6d00cb8a015566e2680e9f3898378967520563c8b9c	ae035b3e7f606553471e09aacd372b17cf2ec30bb11a107bad3f19acd232e21b	redact	10
tr04-official-1/T10-G2-r3/s3-recovery-retract-seed1/plc-stderr.log	0	e3b0c44298fc1c149afbf4c8996fb92427ae41e4649b934ca495991b7852b855	e3b0c44298fc1c149afbf4c8996fb92427ae41e4649b934ca495991b7852b855	none	0
tr04-official-1/T10-G2-r3/s3-recovery-retract-seed1/processes.json	134	a359ee4aa54de89e8b8af12b57c7568e03924a7769f3cee1d8825d2cd30c000f	a359ee4aa54de89e8b8af12b57c7568e03924a7769f3cee1d8825d2cd30c000f	none	0
tr04-official-1/T10-G2-r3/s3-recovery-retract-seed1/static.json	11563	ed94b485aa557bbc0faf218b1c8d96e3963c5ae36fd7cf85b367adc7933f814a	ed94b485aa557bbc0faf218b1c8d96e3963c5ae36fd7cf85b367adc7933f814a	none	0
tr04-official-1/T10-G2-r3/s3-recovery-retract-seed1/vision-stderr.log	26	f6259e2742222db4cedc0f46e1f9d79c113803494192992ee22d2e0ff6d9cc6e	f6259e2742222db4cedc0f46e1f9d79c113803494192992ee22d2e0ff6d9cc6e	none	0
tr04-official-1/T10-G2-r3/s3-recovery-seed1/failure.json	75	0c6032cd07861e1f85d433c4777029e5b595339c22f506d8d7369fa926454217	0c6032cd07861e1f85d433c4777029e5b595339c22f506d8d7369fa926454217	none	0
tr04-official-1/T10-G2-r3/s3-recovery-seed1/io_verdict.json	443	c3b2feb77af86b08121ea46e6d92b8dd2defd43618446f6270768933cdbfd57d	c3b2feb77af86b08121ea46e6d92b8dd2defd43618446f6270768933cdbfd57d	none	0
tr04-official-1/T10-G2-r3/s3-recovery-seed1/metadata.json	5306	96214aaaa68157febae240ee19f0913b98ddfc019348e3b9a995833c722c94a7	697cf2d7c23cf21573e8367885ba058db61c2d3d687b6063f966734fcb16e055	redact	10
tr04-official-1/T10-G2-r3/s3-recovery-seed1/plc-stderr.log	0	e3b0c44298fc1c149afbf4c8996fb92427ae41e4649b934ca495991b7852b855	e3b0c44298fc1c149afbf4c8996fb92427ae41e4649b934ca495991b7852b855	none	0
tr04-official-1/T10-G2-r3/s3-recovery-seed1/processes.json	134	a359ee4aa54de89e8b8af12b57c7568e03924a7769f3cee1d8825d2cd30c000f	a359ee4aa54de89e8b8af12b57c7568e03924a7769f3cee1d8825d2cd30c000f	none	0
tr04-official-1/T10-G2-r3/s3-recovery-seed1/static.json	11563	ed94b485aa557bbc0faf218b1c8d96e3963c5ae36fd7cf85b367adc7933f814a	ed94b485aa557bbc0faf218b1c8d96e3963c5ae36fd7cf85b367adc7933f814a	none	0
tr04-official-1/T10-G2-r3/s3-recovery-seed1/vision-stderr.log	26	f6259e2742222db4cedc0f46e1f9d79c113803494192992ee22d2e0ff6d9cc6e	f6259e2742222db4cedc0f46e1f9d79c113803494192992ee22d2e0ff6d9cc6e	none	0
tr04-official-1/T10-G2-r3/static.json	326	3466e9a5906566ff398d11fb2a4f64888ee5efc4e402034753d73f0f24d01ddf	95e6e541dda8fdd8f681ac3396c2fd3ae79cc960d8455ace9a6b2c8ac1679f3d	redact	1
tr04-official-1/T10-G2-r3/verdict.json	1156	be64b8eb7d545cbb2146b9e967f09065540f25273a75fa298a46856be5038fcd	be64b8eb7d545cbb2146b9e967f09065540f25273a75fa298a46856be5038fcd	none	0
tr04-official-1/T10-G3-r1/verdict.json	142	46eddc1ae6f06fd241b989ee124624be6c7ee42cde92e5f524611eb38c309826	46eddc1ae6f06fd241b989ee124624be6c7ee42cde92e5f524611eb38c309826	none	0
tr04-official-1/T11-G1-r1/force.json	2212	a0589a339dc26403dfdd0fa9bf766f14dedb4ed9c586e05e65ab082972bf024c	c1a034b511cc2269d6a9343a178aec8ddb0bfcd4cfb40c246130a58c15e8c14d	redact	1
tr04-official-1/T11-G1-r1/static.json	392	3def594dd0507482d99a771b64f64f5eb577dd3d981686115c6b13b9c456a81d	e000e3f83ae1b8d032d1ceec1e4faa8c4506ea4cef2b4d180751555c9b76f1ae	redact	1
tr04-official-1/T11-G1-r1/verdict.json	137	67a6f7448b91074afdd4e49c460aee21cd8fc74fc75837dbe370a482563266b6	67a6f7448b91074afdd4e49c460aee21cd8fc74fc75837dbe370a482563266b6	none	0
tr04-official-1/T11-G1-r2/force.json	2212	1c1072d9b102afc89fcf9173bca161188e9a029f86b041753d5a6a1e98466c55	8564222d0916d1be344e3f5c04261773392f38d60fe2222b51f9a4bec05f06db	redact	1
tr04-official-1/T11-G1-r2/static.json	392	5888ffbfa1baeee7eeba42e5ac98fc622156b27b0c30e65723364944dc7949eb	a2cb91741ab52593d71128cdd30aea7bbfaac4cf94fae36974a43d11b4125ba5	redact	1
tr04-official-1/T11-G1-r2/verdict.json	137	c120e323af5b3a97635f36b59f3a54779f190a53ebbecaab7323b3d494ab69a3	c120e323af5b3a97635f36b59f3a54779f190a53ebbecaab7323b3d494ab69a3	none	0
tr04-official-1/T11-G1-r3/force.json	2212	87883f20d000885d494581caa8b9fdc1a0c237ec814870ac5cb97dcb7ec938ab	9929d74547db20ff5470e9155e1376b75f46feda3995ea6cfef932fe2a5f4aed	redact	1
tr04-official-1/T11-G1-r3/static.json	392	409df0ba8b6dd9f32bed4385a0ceb57e89e0351ffa0435e8a579ff267aacdb8a	971185e9af3106d40ad947ea97b70fdcbe3a823086331fbcc84973098df90e83	redact	1
tr04-official-1/T11-G1-r3/verdict.json	137	cb9f2e04dcdb3cff22be4d65a4f5ca4c90da670f0ac11685e271d7b9cc8dfe2f	cb9f2e04dcdb3cff22be4d65a4f5ca4c90da670f0ac11685e271d7b9cc8dfe2f	none	0
tr04-official-1/T11-G2-r1/force.json	2212	661b7d8d75cb7954a47006ddd557c6fce550c203d2903cbd8b6805d4e907939d	957c0b32df127bcab4ca4815aaf1bf2a1761a1b5c33b2520b233ec7e7b018891	redact	1
tr04-official-1/T11-G2-r1/s3-curtain-seed1/io_verdict.json	442	0d6016793d1093d7cc3322114b100f8661cdb354b1029bf0169ef2df01d2bed5	0d6016793d1093d7cc3322114b100f8661cdb354b1029bf0169ef2df01d2bed5	none	0
tr04-official-1/T11-G2-r1/s3-curtain-seed1/metadata.json	5305	32ea64c9dd565e62eff77462699e48dacb2c0b713c29b56f971c4b9c66578213	bde692dd2bc15e68f535995103ebd0b3a5c00e1a80f15e11152c271a4e05c4fb	redact	10
tr04-official-1/T11-G2-r1/s3-curtain-seed1/plc-stderr.log	0	e3b0c44298fc1c149afbf4c8996fb92427ae41e4649b934ca495991b7852b855	e3b0c44298fc1c149afbf4c8996fb92427ae41e4649b934ca495991b7852b855	none	0
tr04-official-1/T11-G2-r1/s3-curtain-seed1/processes.json	133	2d682689e80bda8c5620f25653426df526d1fbc1117dd5af83750c779d3b7848	2d682689e80bda8c5620f25653426df526d1fbc1117dd5af83750c779d3b7848	none	0
tr04-official-1/T11-G2-r1/s3-curtain-seed1/reference-10ms-differences.json	3	37517e5f3dc66819f61f5a7bb8ace1921282415f10551d2defa5c3eb0985b570	37517e5f3dc66819f61f5a7bb8ace1921282415f10551d2defa5c3eb0985b570	none	0
tr04-official-1/T11-G2-r1/s3-curtain-seed1/static.json	12817	358dceefa8f525c173fa8dd2fd8588d3cbf8cbd4d0b191cfd926501a0aad0c49	358dceefa8f525c173fa8dd2fd8588d3cbf8cbd4d0b191cfd926501a0aad0c49	none	0
tr04-official-1/T11-G2-r1/s3-curtain-seed1/summary.json	4067	918f11d46c620a1ec264e069c25fcbeee6d4a80138271e76a0e37e8bec8f7e94	b6b0ee15b9be7b2c1ae752223505b98e75013eeb86773536aae36b7439eaf9a3	drop_tick_hashes	0
tr04-official-1/T11-G2-r1/s3-curtain-seed1/vision-stderr.log	26	f6259e2742222db4cedc0f46e1f9d79c113803494192992ee22d2e0ff6d9cc6e	f6259e2742222db4cedc0f46e1f9d79c113803494192992ee22d2e0ff6d9cc6e	none	0
tr04-official-1/T11-G2-r1/s3-normal-seed1/io_verdict.json	383	5764c90719e5a826eba5810eea1a7ffe0fd700369ade52d68ab4498083a4b600	5764c90719e5a826eba5810eea1a7ffe0fd700369ade52d68ab4498083a4b600	none	0
tr04-official-1/T11-G2-r1/s3-normal-seed1/metadata.json	5304	e612471951338c63169224411ea50805242cbe74b7dfc782fc26210ee5c173a4	8fc4737fa094ed175558b25c0fcf0ca6883ee65df7682195f1601067ab11a1b3	redact	10
tr04-official-1/T11-G2-r1/s3-normal-seed1/plc-stderr.log	0	e3b0c44298fc1c149afbf4c8996fb92427ae41e4649b934ca495991b7852b855	e3b0c44298fc1c149afbf4c8996fb92427ae41e4649b934ca495991b7852b855	none	0
tr04-official-1/T11-G2-r1/s3-normal-seed1/processes.json	133	2d682689e80bda8c5620f25653426df526d1fbc1117dd5af83750c779d3b7848	2d682689e80bda8c5620f25653426df526d1fbc1117dd5af83750c779d3b7848	none	0
tr04-official-1/T11-G2-r1/s3-normal-seed1/reference-10ms-differences.json	3	37517e5f3dc66819f61f5a7bb8ace1921282415f10551d2defa5c3eb0985b570	37517e5f3dc66819f61f5a7bb8ace1921282415f10551d2defa5c3eb0985b570	none	0
tr04-official-1/T11-G2-r1/s3-normal-seed1/static.json	12817	358dceefa8f525c173fa8dd2fd8588d3cbf8cbd4d0b191cfd926501a0aad0c49	358dceefa8f525c173fa8dd2fd8588d3cbf8cbd4d0b191cfd926501a0aad0c49	none	0
tr04-official-1/T11-G2-r1/s3-normal-seed1/summary.json	4186	efc820bf402dac6e87d4a6a4aa32f8492b2e7e67cbe29a14208869f465f935f2	521a9cb58e894874073b5b71b75299627c0be2abf4518f5f45faa9d39df40e05	drop_tick_hashes	0
tr04-official-1/T11-G2-r1/s3-normal-seed1/vision-stderr.log	26	f6259e2742222db4cedc0f46e1f9d79c113803494192992ee22d2e0ff6d9cc6e	f6259e2742222db4cedc0f46e1f9d79c113803494192992ee22d2e0ff6d9cc6e	none	0
tr04-official-1/T11-G2-r1/s3-normal-seed2/io_verdict.json	383	83da5e3273ff972c39964988f706e20a4642491265ba03a1382068d67c4f5ff7	83da5e3273ff972c39964988f706e20a4642491265ba03a1382068d67c4f5ff7	none	0
tr04-official-1/T11-G2-r1/s3-normal-seed2/metadata.json	5304	ba94509e270a2b74fb093ea99c0094b201562b206e227d6345837adab91a3a42	0a06fc32ca2f82916ca29704c5425b627c004b06fe918c0d9806bbedf26a2a1a	redact	10
tr04-official-1/T11-G2-r1/s3-normal-seed2/plc-stderr.log	0	e3b0c44298fc1c149afbf4c8996fb92427ae41e4649b934ca495991b7852b855	e3b0c44298fc1c149afbf4c8996fb92427ae41e4649b934ca495991b7852b855	none	0
tr04-official-1/T11-G2-r1/s3-normal-seed2/processes.json	133	2d682689e80bda8c5620f25653426df526d1fbc1117dd5af83750c779d3b7848	2d682689e80bda8c5620f25653426df526d1fbc1117dd5af83750c779d3b7848	none	0
tr04-official-1/T11-G2-r1/s3-normal-seed2/reference-10ms-differences.json	3	37517e5f3dc66819f61f5a7bb8ace1921282415f10551d2defa5c3eb0985b570	37517e5f3dc66819f61f5a7bb8ace1921282415f10551d2defa5c3eb0985b570	none	0
tr04-official-1/T11-G2-r1/s3-normal-seed2/static.json	12817	358dceefa8f525c173fa8dd2fd8588d3cbf8cbd4d0b191cfd926501a0aad0c49	358dceefa8f525c173fa8dd2fd8588d3cbf8cbd4d0b191cfd926501a0aad0c49	none	0
tr04-official-1/T11-G2-r1/s3-normal-seed2/summary.json	4190	1d1352884c37a32bf8f0028d275e04616dab7cb38b7d0502d1ef7669db4da314	72537d2ff3318cbeb6e1a1380a367b41ac590af77495ddd80a6177d3f959fe34	drop_tick_hashes	0
tr04-official-1/T11-G2-r1/s3-normal-seed2/vision-stderr.log	26	f6259e2742222db4cedc0f46e1f9d79c113803494192992ee22d2e0ff6d9cc6e	f6259e2742222db4cedc0f46e1f9d79c113803494192992ee22d2e0ff6d9cc6e	none	0
tr04-official-1/T11-G2-r1/s3-normal-seed3/io_verdict.json	383	0007070d2e319ecd363bdfafce6d41c38238c32859c88c342266c82bfdf40462	0007070d2e319ecd363bdfafce6d41c38238c32859c88c342266c82bfdf40462	none	0
tr04-official-1/T11-G2-r1/s3-normal-seed3/metadata.json	5304	afec8ec2f8d0ed04186da41442666fa2b48c342b3832ffe3d7723efa0489ec87	e4cec8fd129fb7d8cce9ffb6f657b85e3d64609d18b8bc6bb2f218bcce014d05	redact	10
tr04-official-1/T11-G2-r1/s3-normal-seed3/plc-stderr.log	0	e3b0c44298fc1c149afbf4c8996fb92427ae41e4649b934ca495991b7852b855	e3b0c44298fc1c149afbf4c8996fb92427ae41e4649b934ca495991b7852b855	none	0
tr04-official-1/T11-G2-r1/s3-normal-seed3/processes.json	133	2d682689e80bda8c5620f25653426df526d1fbc1117dd5af83750c779d3b7848	2d682689e80bda8c5620f25653426df526d1fbc1117dd5af83750c779d3b7848	none	0
tr04-official-1/T11-G2-r1/s3-normal-seed3/reference-10ms-differences.json	3	37517e5f3dc66819f61f5a7bb8ace1921282415f10551d2defa5c3eb0985b570	37517e5f3dc66819f61f5a7bb8ace1921282415f10551d2defa5c3eb0985b570	none	0
tr04-official-1/T11-G2-r1/s3-normal-seed3/static.json	12817	358dceefa8f525c173fa8dd2fd8588d3cbf8cbd4d0b191cfd926501a0aad0c49	358dceefa8f525c173fa8dd2fd8588d3cbf8cbd4d0b191cfd926501a0aad0c49	none	0
tr04-official-1/T11-G2-r1/s3-normal-seed3/summary.json	4191	77f08bd8a3507858dbed3d8328e3a60070e6ab343ac47ec35381c649dbaf3be6	63c20aadba76c6e112e443bfbddc946ce0568f670d5da40276e85e97169b2bf3	drop_tick_hashes	0
tr04-official-1/T11-G2-r1/s3-normal-seed3/vision-stderr.log	26	f6259e2742222db4cedc0f46e1f9d79c113803494192992ee22d2e0ff6d9cc6e	f6259e2742222db4cedc0f46e1f9d79c113803494192992ee22d2e0ff6d9cc6e	none	0
tr04-official-1/T11-G2-r1/s3-recovery-retract-seed1/failure.json	75	0c6032cd07861e1f85d433c4777029e5b595339c22f506d8d7369fa926454217	0c6032cd07861e1f85d433c4777029e5b595339c22f506d8d7369fa926454217	none	0
tr04-official-1/T11-G2-r1/s3-recovery-retract-seed1/io_verdict.json	451	052be0d43fa3e754cebfb1cf553a1e9e0bdaf80eaaf9f7f5d4ace5924952ae26	052be0d43fa3e754cebfb1cf553a1e9e0bdaf80eaaf9f7f5d4ace5924952ae26	none	0
tr04-official-1/T11-G2-r1/s3-recovery-retract-seed1/metadata.json	5314	edd3fe173338fea257bca1fb747457710bf1f69466c8da3eaeaea4f1015419d8	5c8bbece6f6a3f2e8e32e96221539e4de9dd57111828fcd8f4b7c5df06964c7e	redact	10
tr04-official-1/T11-G2-r1/s3-recovery-retract-seed1/plc-stderr.log	0	e3b0c44298fc1c149afbf4c8996fb92427ae41e4649b934ca495991b7852b855	e3b0c44298fc1c149afbf4c8996fb92427ae41e4649b934ca495991b7852b855	none	0
tr04-official-1/T11-G2-r1/s3-recovery-retract-seed1/processes.json	134	a359ee4aa54de89e8b8af12b57c7568e03924a7769f3cee1d8825d2cd30c000f	a359ee4aa54de89e8b8af12b57c7568e03924a7769f3cee1d8825d2cd30c000f	none	0
tr04-official-1/T11-G2-r1/s3-recovery-retract-seed1/static.json	12817	358dceefa8f525c173fa8dd2fd8588d3cbf8cbd4d0b191cfd926501a0aad0c49	358dceefa8f525c173fa8dd2fd8588d3cbf8cbd4d0b191cfd926501a0aad0c49	none	0
tr04-official-1/T11-G2-r1/s3-recovery-retract-seed1/vision-stderr.log	26	f6259e2742222db4cedc0f46e1f9d79c113803494192992ee22d2e0ff6d9cc6e	f6259e2742222db4cedc0f46e1f9d79c113803494192992ee22d2e0ff6d9cc6e	none	0
tr04-official-1/T11-G2-r1/s3-recovery-seed1/failure.json	75	0c6032cd07861e1f85d433c4777029e5b595339c22f506d8d7369fa926454217	0c6032cd07861e1f85d433c4777029e5b595339c22f506d8d7369fa926454217	none	0
tr04-official-1/T11-G2-r1/s3-recovery-seed1/io_verdict.json	443	c3b2feb77af86b08121ea46e6d92b8dd2defd43618446f6270768933cdbfd57d	c3b2feb77af86b08121ea46e6d92b8dd2defd43618446f6270768933cdbfd57d	none	0
tr04-official-1/T11-G2-r1/s3-recovery-seed1/metadata.json	5306	b727fcd7e16c4205141c8ef857eb1365b3d9367233e90e3d194f1a024b8ba434	10f61bdb37d73c57579de5add91b15d2d50c99fc6d048d903ac136f4dbe91f93	redact	10
tr04-official-1/T11-G2-r1/s3-recovery-seed1/plc-stderr.log	0	e3b0c44298fc1c149afbf4c8996fb92427ae41e4649b934ca495991b7852b855	e3b0c44298fc1c149afbf4c8996fb92427ae41e4649b934ca495991b7852b855	none	0
tr04-official-1/T11-G2-r1/s3-recovery-seed1/processes.json	134	a359ee4aa54de89e8b8af12b57c7568e03924a7769f3cee1d8825d2cd30c000f	a359ee4aa54de89e8b8af12b57c7568e03924a7769f3cee1d8825d2cd30c000f	none	0
tr04-official-1/T11-G2-r1/s3-recovery-seed1/static.json	12817	358dceefa8f525c173fa8dd2fd8588d3cbf8cbd4d0b191cfd926501a0aad0c49	358dceefa8f525c173fa8dd2fd8588d3cbf8cbd4d0b191cfd926501a0aad0c49	none	0
tr04-official-1/T11-G2-r1/s3-recovery-seed1/vision-stderr.log	26	f6259e2742222db4cedc0f46e1f9d79c113803494192992ee22d2e0ff6d9cc6e	f6259e2742222db4cedc0f46e1f9d79c113803494192992ee22d2e0ff6d9cc6e	none	0
tr04-official-1/T11-G2-r1/static.json	326	aa92f892dee68a59b65f244208baedab2edd3f9927c14a784421e8400e476e6c	8ea6f16c76bc428dae3b9260cb5488aedc1b4e83820ebd395d5c2eb278f3ea1e	redact	1
tr04-official-1/T11-G2-r1/verdict.json	1156	2e5ff758ffd243d60559cbf961447786bac39d276d1e628dec4d66063721f38a	2e5ff758ffd243d60559cbf961447786bac39d276d1e628dec4d66063721f38a	none	0
tr04-official-1/T11-G2-r2/force.json	2212	0521e198d21d75aa865d5ac7a3d329bc641c9c64398375bd71ed2feeab3a7bd7	71f1ec52dfe51b70328ba7c4316f8c67622d285c7fe42dd90bbe024a7852d194	redact	1
tr04-official-1/T11-G2-r2/s3-curtain-seed1/io_verdict.json	442	0d6016793d1093d7cc3322114b100f8661cdb354b1029bf0169ef2df01d2bed5	0d6016793d1093d7cc3322114b100f8661cdb354b1029bf0169ef2df01d2bed5	none	0
tr04-official-1/T11-G2-r2/s3-curtain-seed1/metadata.json	5305	dd3ad689835cd14a141abe0c0f6bea71a6f2f1b8a8bfe3397fd4d4c68be566cd	e35158fdd54e62453e5e68cb71c03fcff2a2967cbcafa36f371f5efcaad1ea6d	redact	10
tr04-official-1/T11-G2-r2/s3-curtain-seed1/plc-stderr.log	0	e3b0c44298fc1c149afbf4c8996fb92427ae41e4649b934ca495991b7852b855	e3b0c44298fc1c149afbf4c8996fb92427ae41e4649b934ca495991b7852b855	none	0
tr04-official-1/T11-G2-r2/s3-curtain-seed1/processes.json	133	2d682689e80bda8c5620f25653426df526d1fbc1117dd5af83750c779d3b7848	2d682689e80bda8c5620f25653426df526d1fbc1117dd5af83750c779d3b7848	none	0
tr04-official-1/T11-G2-r2/s3-curtain-seed1/reference-10ms-differences.json	3	37517e5f3dc66819f61f5a7bb8ace1921282415f10551d2defa5c3eb0985b570	37517e5f3dc66819f61f5a7bb8ace1921282415f10551d2defa5c3eb0985b570	none	0
tr04-official-1/T11-G2-r2/s3-curtain-seed1/static.json	12189	d9ca6b5e3063cf856370684c3c90b2c57d60b0e9f040a65d39e1b3101f71f9d6	d9ca6b5e3063cf856370684c3c90b2c57d60b0e9f040a65d39e1b3101f71f9d6	none	0
tr04-official-1/T11-G2-r2/s3-curtain-seed1/summary.json	4067	782cd8d65266e46fb81fb246b834e423e1db6cf862295537382eca045dc3cbf0	9cdc1aae04630ef9cc9115aa94df50c4b8cca0ef4956eda82d4123d8b6e9c1af	drop_tick_hashes	0
tr04-official-1/T11-G2-r2/s3-curtain-seed1/vision-stderr.log	26	f6259e2742222db4cedc0f46e1f9d79c113803494192992ee22d2e0ff6d9cc6e	f6259e2742222db4cedc0f46e1f9d79c113803494192992ee22d2e0ff6d9cc6e	none	0
tr04-official-1/T11-G2-r2/s3-normal-seed1/io_verdict.json	383	5764c90719e5a826eba5810eea1a7ffe0fd700369ade52d68ab4498083a4b600	5764c90719e5a826eba5810eea1a7ffe0fd700369ade52d68ab4498083a4b600	none	0
tr04-official-1/T11-G2-r2/s3-normal-seed1/metadata.json	5304	2734b07ba97405e0ec51b6edff43a9a48260bc3ff140d632f54939e4f0863883	2165c59428ad2adc9db2475ed256aad38ca81218be4c02b1a57b9b7189eca7ff	redact	10
tr04-official-1/T11-G2-r2/s3-normal-seed1/plc-stderr.log	0	e3b0c44298fc1c149afbf4c8996fb92427ae41e4649b934ca495991b7852b855	e3b0c44298fc1c149afbf4c8996fb92427ae41e4649b934ca495991b7852b855	none	0
tr04-official-1/T11-G2-r2/s3-normal-seed1/processes.json	133	2d682689e80bda8c5620f25653426df526d1fbc1117dd5af83750c779d3b7848	2d682689e80bda8c5620f25653426df526d1fbc1117dd5af83750c779d3b7848	none	0
tr04-official-1/T11-G2-r2/s3-normal-seed1/reference-10ms-differences.json	3	37517e5f3dc66819f61f5a7bb8ace1921282415f10551d2defa5c3eb0985b570	37517e5f3dc66819f61f5a7bb8ace1921282415f10551d2defa5c3eb0985b570	none	0
tr04-official-1/T11-G2-r2/s3-normal-seed1/static.json	12189	d9ca6b5e3063cf856370684c3c90b2c57d60b0e9f040a65d39e1b3101f71f9d6	d9ca6b5e3063cf856370684c3c90b2c57d60b0e9f040a65d39e1b3101f71f9d6	none	0
tr04-official-1/T11-G2-r2/s3-normal-seed1/summary.json	4186	f5d706dac073045922e56237426887bd09c08edc448e68b7ed581ff12ea67c4d	e4ecefe97ea2dceaf48fb8adcd60c2be6b1c9f2f60afdea082300237b52e2e51	drop_tick_hashes	0
tr04-official-1/T11-G2-r2/s3-normal-seed1/vision-stderr.log	26	f6259e2742222db4cedc0f46e1f9d79c113803494192992ee22d2e0ff6d9cc6e	f6259e2742222db4cedc0f46e1f9d79c113803494192992ee22d2e0ff6d9cc6e	none	0
tr04-official-1/T11-G2-r2/s3-normal-seed2/io_verdict.json	383	83da5e3273ff972c39964988f706e20a4642491265ba03a1382068d67c4f5ff7	83da5e3273ff972c39964988f706e20a4642491265ba03a1382068d67c4f5ff7	none	0
tr04-official-1/T11-G2-r2/s3-normal-seed2/metadata.json	5304	b97545f9db5934e2d40214863942e72ab3514708649a2f978e4804d95042dd8a	379af187953dd0550d26cb7e35ff0e98f93806d958cbcb3e9513d098512aee5b	redact	10
tr04-official-1/T11-G2-r2/s3-normal-seed2/plc-stderr.log	0	e3b0c44298fc1c149afbf4c8996fb92427ae41e4649b934ca495991b7852b855	e3b0c44298fc1c149afbf4c8996fb92427ae41e4649b934ca495991b7852b855	none	0
tr04-official-1/T11-G2-r2/s3-normal-seed2/processes.json	133	2d682689e80bda8c5620f25653426df526d1fbc1117dd5af83750c779d3b7848	2d682689e80bda8c5620f25653426df526d1fbc1117dd5af83750c779d3b7848	none	0
tr04-official-1/T11-G2-r2/s3-normal-seed2/reference-10ms-differences.json	3	37517e5f3dc66819f61f5a7bb8ace1921282415f10551d2defa5c3eb0985b570	37517e5f3dc66819f61f5a7bb8ace1921282415f10551d2defa5c3eb0985b570	none	0
tr04-official-1/T11-G2-r2/s3-normal-seed2/static.json	12189	d9ca6b5e3063cf856370684c3c90b2c57d60b0e9f040a65d39e1b3101f71f9d6	d9ca6b5e3063cf856370684c3c90b2c57d60b0e9f040a65d39e1b3101f71f9d6	none	0
tr04-official-1/T11-G2-r2/s3-normal-seed2/summary.json	4190	399f7b5e61be0535e2102aa6cba53902658875ee5be86cf857a0cd17463bc744	4c7cebbae823457577b0f419e3664d42deeff949dc04b896fc61ea3f39f96dbf	drop_tick_hashes	0
tr04-official-1/T11-G2-r2/s3-normal-seed2/vision-stderr.log	26	f6259e2742222db4cedc0f46e1f9d79c113803494192992ee22d2e0ff6d9cc6e	f6259e2742222db4cedc0f46e1f9d79c113803494192992ee22d2e0ff6d9cc6e	none	0
tr04-official-1/T11-G2-r2/s3-normal-seed3/io_verdict.json	383	0007070d2e319ecd363bdfafce6d41c38238c32859c88c342266c82bfdf40462	0007070d2e319ecd363bdfafce6d41c38238c32859c88c342266c82bfdf40462	none	0
tr04-official-1/T11-G2-r2/s3-normal-seed3/metadata.json	5304	7d6c8c4685fa202ad0adea9f8005bffcb12ae29e12f4c799f7944518bd897e43	2d8786090d2cc07c43ace3b81bef61e64109e6345dead2d4096bc524c3b694cb	redact	10
tr04-official-1/T11-G2-r2/s3-normal-seed3/plc-stderr.log	0	e3b0c44298fc1c149afbf4c8996fb92427ae41e4649b934ca495991b7852b855	e3b0c44298fc1c149afbf4c8996fb92427ae41e4649b934ca495991b7852b855	none	0
tr04-official-1/T11-G2-r2/s3-normal-seed3/processes.json	133	2d682689e80bda8c5620f25653426df526d1fbc1117dd5af83750c779d3b7848	2d682689e80bda8c5620f25653426df526d1fbc1117dd5af83750c779d3b7848	none	0
tr04-official-1/T11-G2-r2/s3-normal-seed3/reference-10ms-differences.json	3	37517e5f3dc66819f61f5a7bb8ace1921282415f10551d2defa5c3eb0985b570	37517e5f3dc66819f61f5a7bb8ace1921282415f10551d2defa5c3eb0985b570	none	0
tr04-official-1/T11-G2-r2/s3-normal-seed3/static.json	12189	d9ca6b5e3063cf856370684c3c90b2c57d60b0e9f040a65d39e1b3101f71f9d6	d9ca6b5e3063cf856370684c3c90b2c57d60b0e9f040a65d39e1b3101f71f9d6	none	0
tr04-official-1/T11-G2-r2/s3-normal-seed3/summary.json	4191	3204adec4b23bd5c28c0874d3af5b08ce2d1b77ea8293c16a3cddb6f3424ffcd	e4b7d48b09041172ffef0075e3c23f0a7abcc2c279a03936cf79a4a420cf3144	drop_tick_hashes	0
tr04-official-1/T11-G2-r2/s3-normal-seed3/vision-stderr.log	26	f6259e2742222db4cedc0f46e1f9d79c113803494192992ee22d2e0ff6d9cc6e	f6259e2742222db4cedc0f46e1f9d79c113803494192992ee22d2e0ff6d9cc6e	none	0
tr04-official-1/T11-G2-r2/s3-recovery-retract-seed1/failure.json	75	0c6032cd07861e1f85d433c4777029e5b595339c22f506d8d7369fa926454217	0c6032cd07861e1f85d433c4777029e5b595339c22f506d8d7369fa926454217	none	0
tr04-official-1/T11-G2-r2/s3-recovery-retract-seed1/io_verdict.json	451	052be0d43fa3e754cebfb1cf553a1e9e0bdaf80eaaf9f7f5d4ace5924952ae26	052be0d43fa3e754cebfb1cf553a1e9e0bdaf80eaaf9f7f5d4ace5924952ae26	none	0
tr04-official-1/T11-G2-r2/s3-recovery-retract-seed1/metadata.json	5314	886fe66c95f9482a0282b4876697be46d142edf2fdd3be3ed8eb73fe6810b597	cd6d7d8723c4881ae65d86a3105c905a3acd9b8682f8f7ac348c4fb3310da043	redact	10
tr04-official-1/T11-G2-r2/s3-recovery-retract-seed1/plc-stderr.log	0	e3b0c44298fc1c149afbf4c8996fb92427ae41e4649b934ca495991b7852b855	e3b0c44298fc1c149afbf4c8996fb92427ae41e4649b934ca495991b7852b855	none	0
tr04-official-1/T11-G2-r2/s3-recovery-retract-seed1/processes.json	134	a359ee4aa54de89e8b8af12b57c7568e03924a7769f3cee1d8825d2cd30c000f	a359ee4aa54de89e8b8af12b57c7568e03924a7769f3cee1d8825d2cd30c000f	none	0
tr04-official-1/T11-G2-r2/s3-recovery-retract-seed1/static.json	12189	d9ca6b5e3063cf856370684c3c90b2c57d60b0e9f040a65d39e1b3101f71f9d6	d9ca6b5e3063cf856370684c3c90b2c57d60b0e9f040a65d39e1b3101f71f9d6	none	0
tr04-official-1/T11-G2-r2/s3-recovery-retract-seed1/vision-stderr.log	26	f6259e2742222db4cedc0f46e1f9d79c113803494192992ee22d2e0ff6d9cc6e	f6259e2742222db4cedc0f46e1f9d79c113803494192992ee22d2e0ff6d9cc6e	none	0
tr04-official-1/T11-G2-r2/s3-recovery-seed1/failure.json	75	0c6032cd07861e1f85d433c4777029e5b595339c22f506d8d7369fa926454217	0c6032cd07861e1f85d433c4777029e5b595339c22f506d8d7369fa926454217	none	0
tr04-official-1/T11-G2-r2/s3-recovery-seed1/io_verdict.json	443	c3b2feb77af86b08121ea46e6d92b8dd2defd43618446f6270768933cdbfd57d	c3b2feb77af86b08121ea46e6d92b8dd2defd43618446f6270768933cdbfd57d	none	0
tr04-official-1/T11-G2-r2/s3-recovery-seed1/metadata.json	5306	bd2008aeb4f5157b508bb567f99c3fdafc5c0a868d0290d45f3d28d219a55094	8984d90c4491104df47ca4c3e1c819ff208468fa4b2023edaa0ebb592ccd758f	redact	10
tr04-official-1/T11-G2-r2/s3-recovery-seed1/plc-stderr.log	0	e3b0c44298fc1c149afbf4c8996fb92427ae41e4649b934ca495991b7852b855	e3b0c44298fc1c149afbf4c8996fb92427ae41e4649b934ca495991b7852b855	none	0
tr04-official-1/T11-G2-r2/s3-recovery-seed1/processes.json	134	a359ee4aa54de89e8b8af12b57c7568e03924a7769f3cee1d8825d2cd30c000f	a359ee4aa54de89e8b8af12b57c7568e03924a7769f3cee1d8825d2cd30c000f	none	0
tr04-official-1/T11-G2-r2/s3-recovery-seed1/static.json	12189	d9ca6b5e3063cf856370684c3c90b2c57d60b0e9f040a65d39e1b3101f71f9d6	d9ca6b5e3063cf856370684c3c90b2c57d60b0e9f040a65d39e1b3101f71f9d6	none	0
tr04-official-1/T11-G2-r2/s3-recovery-seed1/vision-stderr.log	26	f6259e2742222db4cedc0f46e1f9d79c113803494192992ee22d2e0ff6d9cc6e	f6259e2742222db4cedc0f46e1f9d79c113803494192992ee22d2e0ff6d9cc6e	none	0
tr04-official-1/T11-G2-r2/static.json	326	4d2afdbc85a7cc977651d8564134498ab9ba99a625dd448cf27812f104077ed9	574738fa28bb51c6ba15a823608c4c2e0f1e522a2891d636a419cca959f869fd	redact	1
tr04-official-1/T11-G2-r2/verdict.json	1156	4a74deb9409cab8c511cf126aa819d09c8087ed143e4ea618055ed453c36f5cc	4a74deb9409cab8c511cf126aa819d09c8087ed143e4ea618055ed453c36f5cc	none	0
tr04-official-1/T11-G2-r3/force.json	2212	f15b2b3fc5f3ea5adf4e5371bc448a620e56ea04325ccf3a7bb347f75eef9dcf	cb77b121250dc5c2cf85042b77d3ed32b37dfd4581db990c459157b7b7a52bf4	redact	1
tr04-official-1/T11-G2-r3/static.json	386	010e5d23e209833c8a1e1478f8d2b6ba6088870ecbdae5eaa1a99e2eba574450	f88affc07b640ee2c781f26faae1427f9708173cc75a4fb3f5b56828b9d94a5a	redact	1
tr04-official-1/T11-G2-r3/verdict.json	137	0e3edebbaf871e8d0bb7cec8d1b352f53933543b22ca5be0540cbd0b07838929	0e3edebbaf871e8d0bb7cec8d1b352f53933543b22ca5be0540cbd0b07838929	none	0
tr04-official-1/T11-G3-r1/verdict.json	142	63fb00359215a77529a9592c088172a83b01c6e984f89a66107dae040516da28	63fb00359215a77529a9592c088172a83b01c6e984f89a66107dae040516da28	none	0
tr04-official-1/T12-G1-r1/force.json	2212	68adcf8ef37b2192cf2eaa8cda2bda3a1d1712bcee0bb84b1d180045f380dd0e	d637d6137668fe29ab973dda706853d9548e6dfa67b9836ae60fc1178e89656d	redact	1
tr04-official-1/T12-G1-r1/s3-curtain-seed1/io_verdict.json	442	0d6016793d1093d7cc3322114b100f8661cdb354b1029bf0169ef2df01d2bed5	0d6016793d1093d7cc3322114b100f8661cdb354b1029bf0169ef2df01d2bed5	none	0
tr04-official-1/T12-G1-r1/s3-curtain-seed1/metadata.json	5305	b588eb1f8e7d34c6f3427d53acabbc079f393a2d7fa935fdac7684ab914340d3	d046e70c6e860c9d53ddc4489c1e9e276f0f2585d695271abe7368fb0f80f801	redact	10
tr04-official-1/T12-G1-r1/s3-curtain-seed1/plc-stderr.log	0	e3b0c44298fc1c149afbf4c8996fb92427ae41e4649b934ca495991b7852b855	e3b0c44298fc1c149afbf4c8996fb92427ae41e4649b934ca495991b7852b855	none	0
tr04-official-1/T12-G1-r1/s3-curtain-seed1/processes.json	133	2d682689e80bda8c5620f25653426df526d1fbc1117dd5af83750c779d3b7848	2d682689e80bda8c5620f25653426df526d1fbc1117dd5af83750c779d3b7848	none	0
tr04-official-1/T12-G1-r1/s3-curtain-seed1/reference-10ms-differences.json	3	37517e5f3dc66819f61f5a7bb8ace1921282415f10551d2defa5c3eb0985b570	37517e5f3dc66819f61f5a7bb8ace1921282415f10551d2defa5c3eb0985b570	none	0
tr04-official-1/T12-G1-r1/s3-curtain-seed1/static.json	11874	8b0e894a31fe8c522aa93a7b8e4feb328230e5b4228bc0fcde15b93be9bf83a3	8b0e894a31fe8c522aa93a7b8e4feb328230e5b4228bc0fcde15b93be9bf83a3	none	0
tr04-official-1/T12-G1-r1/s3-curtain-seed1/summary.json	4067	aaf8c670d11c0fb692d077442d8b85da1bd651ecc0bb3b7699d12fcee5306ed6	244c2f4a630422c119739b47b3d9a005ed877eaa72b73bd5e68b30eec3d32f2e	drop_tick_hashes	0
tr04-official-1/T12-G1-r1/s3-curtain-seed1/vision-stderr.log	26	f6259e2742222db4cedc0f46e1f9d79c113803494192992ee22d2e0ff6d9cc6e	f6259e2742222db4cedc0f46e1f9d79c113803494192992ee22d2e0ff6d9cc6e	none	0
tr04-official-1/T12-G1-r1/s3-normal-seed1/io_verdict.json	383	5764c90719e5a826eba5810eea1a7ffe0fd700369ade52d68ab4498083a4b600	5764c90719e5a826eba5810eea1a7ffe0fd700369ade52d68ab4498083a4b600	none	0
tr04-official-1/T12-G1-r1/s3-normal-seed1/metadata.json	5304	2bbfb05e860870a74e395b080444714aa082d30c7442e003d092926529a0e116	50307328edec70376f8ce453862edc2c92293ac2b22dceb62e199e2aa11f47bc	redact	10
tr04-official-1/T12-G1-r1/s3-normal-seed1/plc-stderr.log	0	e3b0c44298fc1c149afbf4c8996fb92427ae41e4649b934ca495991b7852b855	e3b0c44298fc1c149afbf4c8996fb92427ae41e4649b934ca495991b7852b855	none	0
tr04-official-1/T12-G1-r1/s3-normal-seed1/processes.json	133	2d682689e80bda8c5620f25653426df526d1fbc1117dd5af83750c779d3b7848	2d682689e80bda8c5620f25653426df526d1fbc1117dd5af83750c779d3b7848	none	0
tr04-official-1/T12-G1-r1/s3-normal-seed1/reference-10ms-differences.json	3	37517e5f3dc66819f61f5a7bb8ace1921282415f10551d2defa5c3eb0985b570	37517e5f3dc66819f61f5a7bb8ace1921282415f10551d2defa5c3eb0985b570	none	0
tr04-official-1/T12-G1-r1/s3-normal-seed1/static.json	11874	8b0e894a31fe8c522aa93a7b8e4feb328230e5b4228bc0fcde15b93be9bf83a3	8b0e894a31fe8c522aa93a7b8e4feb328230e5b4228bc0fcde15b93be9bf83a3	none	0
tr04-official-1/T12-G1-r1/s3-normal-seed1/summary.json	4186	df8c73dfcf32570def481b6fac1f7a4f394afc93b45e1f2d35424b35cc4747a0	df9584dd4ec8ed9cbd7ff456a4b27d70c03408c61877101da5e9b3df16b63e0c	drop_tick_hashes	0
tr04-official-1/T12-G1-r1/s3-normal-seed1/vision-stderr.log	26	f6259e2742222db4cedc0f46e1f9d79c113803494192992ee22d2e0ff6d9cc6e	f6259e2742222db4cedc0f46e1f9d79c113803494192992ee22d2e0ff6d9cc6e	none	0
tr04-official-1/T12-G1-r1/s3-normal-seed2/io_verdict.json	383	83da5e3273ff972c39964988f706e20a4642491265ba03a1382068d67c4f5ff7	83da5e3273ff972c39964988f706e20a4642491265ba03a1382068d67c4f5ff7	none	0
tr04-official-1/T12-G1-r1/s3-normal-seed2/metadata.json	5304	677993208182a10cee78bb434d89eec709623f9028a6e12ce067c0d5b7c21acf	5c0a2c2aa482406ea516efe9d47e683617272d47f14a4bded7518f20a63f2aa3	redact	10
tr04-official-1/T12-G1-r1/s3-normal-seed2/plc-stderr.log	0	e3b0c44298fc1c149afbf4c8996fb92427ae41e4649b934ca495991b7852b855	e3b0c44298fc1c149afbf4c8996fb92427ae41e4649b934ca495991b7852b855	none	0
tr04-official-1/T12-G1-r1/s3-normal-seed2/processes.json	133	2d682689e80bda8c5620f25653426df526d1fbc1117dd5af83750c779d3b7848	2d682689e80bda8c5620f25653426df526d1fbc1117dd5af83750c779d3b7848	none	0
tr04-official-1/T12-G1-r1/s3-normal-seed2/reference-10ms-differences.json	3	37517e5f3dc66819f61f5a7bb8ace1921282415f10551d2defa5c3eb0985b570	37517e5f3dc66819f61f5a7bb8ace1921282415f10551d2defa5c3eb0985b570	none	0
tr04-official-1/T12-G1-r1/s3-normal-seed2/static.json	11874	8b0e894a31fe8c522aa93a7b8e4feb328230e5b4228bc0fcde15b93be9bf83a3	8b0e894a31fe8c522aa93a7b8e4feb328230e5b4228bc0fcde15b93be9bf83a3	none	0
tr04-official-1/T12-G1-r1/s3-normal-seed2/summary.json	4190	fd1b75fcca4420c1b2325dcf9e3ca87a42ecc3a4d0c224d79bb2ae1a91dfc1eb	8ab7d119928fb25ba0abbbe6d1e5bbca748781e604c383ce7846909cae28b1c4	drop_tick_hashes	0
tr04-official-1/T12-G1-r1/s3-normal-seed2/vision-stderr.log	26	f6259e2742222db4cedc0f46e1f9d79c113803494192992ee22d2e0ff6d9cc6e	f6259e2742222db4cedc0f46e1f9d79c113803494192992ee22d2e0ff6d9cc6e	none	0
tr04-official-1/T12-G1-r1/s3-normal-seed3/io_verdict.json	383	0007070d2e319ecd363bdfafce6d41c38238c32859c88c342266c82bfdf40462	0007070d2e319ecd363bdfafce6d41c38238c32859c88c342266c82bfdf40462	none	0
tr04-official-1/T12-G1-r1/s3-normal-seed3/metadata.json	5304	8021ae3399adcb6d64085f15706e8f9856fdd9f1ca080b85ad368577b5d3f1c5	e5327ee1eb887906ae1a915e283a8bd93ca78f3e5365a6077683b339596f14d0	redact	10
tr04-official-1/T12-G1-r1/s3-normal-seed3/plc-stderr.log	0	e3b0c44298fc1c149afbf4c8996fb92427ae41e4649b934ca495991b7852b855	e3b0c44298fc1c149afbf4c8996fb92427ae41e4649b934ca495991b7852b855	none	0
tr04-official-1/T12-G1-r1/s3-normal-seed3/processes.json	133	2d682689e80bda8c5620f25653426df526d1fbc1117dd5af83750c779d3b7848	2d682689e80bda8c5620f25653426df526d1fbc1117dd5af83750c779d3b7848	none	0
tr04-official-1/T12-G1-r1/s3-normal-seed3/reference-10ms-differences.json	3	37517e5f3dc66819f61f5a7bb8ace1921282415f10551d2defa5c3eb0985b570	37517e5f3dc66819f61f5a7bb8ace1921282415f10551d2defa5c3eb0985b570	none	0
tr04-official-1/T12-G1-r1/s3-normal-seed3/static.json	11874	8b0e894a31fe8c522aa93a7b8e4feb328230e5b4228bc0fcde15b93be9bf83a3	8b0e894a31fe8c522aa93a7b8e4feb328230e5b4228bc0fcde15b93be9bf83a3	none	0
tr04-official-1/T12-G1-r1/s3-normal-seed3/summary.json	4191	8bd5eb5d1e766c68ce60976f4ea4aaa87c93ec505a3b3bda5291ef48612213a6	e05d16eeab109ba9acb0ce60b1f04aed839ec19eeebb422a921d1894424d4585	drop_tick_hashes	0
tr04-official-1/T12-G1-r1/s3-normal-seed3/vision-stderr.log	26	f6259e2742222db4cedc0f46e1f9d79c113803494192992ee22d2e0ff6d9cc6e	f6259e2742222db4cedc0f46e1f9d79c113803494192992ee22d2e0ff6d9cc6e	none	0
tr04-official-1/T12-G1-r1/s3-recovery-retract-seed1/failure.json	75	0c6032cd07861e1f85d433c4777029e5b595339c22f506d8d7369fa926454217	0c6032cd07861e1f85d433c4777029e5b595339c22f506d8d7369fa926454217	none	0
tr04-official-1/T12-G1-r1/s3-recovery-retract-seed1/io_verdict.json	451	052be0d43fa3e754cebfb1cf553a1e9e0bdaf80eaaf9f7f5d4ace5924952ae26	052be0d43fa3e754cebfb1cf553a1e9e0bdaf80eaaf9f7f5d4ace5924952ae26	none	0
tr04-official-1/T12-G1-r1/s3-recovery-retract-seed1/metadata.json	5314	8f185a76bc33a00b1295613a999c6470969b18f7d7c5fd692b8ffc5419651e3b	e9dbf87b172e1371e470f6400674367da94a0cf0bd6795c15a543bca5d769552	redact	10
tr04-official-1/T12-G1-r1/s3-recovery-retract-seed1/plc-stderr.log	0	e3b0c44298fc1c149afbf4c8996fb92427ae41e4649b934ca495991b7852b855	e3b0c44298fc1c149afbf4c8996fb92427ae41e4649b934ca495991b7852b855	none	0
tr04-official-1/T12-G1-r1/s3-recovery-retract-seed1/processes.json	134	a359ee4aa54de89e8b8af12b57c7568e03924a7769f3cee1d8825d2cd30c000f	a359ee4aa54de89e8b8af12b57c7568e03924a7769f3cee1d8825d2cd30c000f	none	0
tr04-official-1/T12-G1-r1/s3-recovery-retract-seed1/static.json	11874	8b0e894a31fe8c522aa93a7b8e4feb328230e5b4228bc0fcde15b93be9bf83a3	8b0e894a31fe8c522aa93a7b8e4feb328230e5b4228bc0fcde15b93be9bf83a3	none	0
tr04-official-1/T12-G1-r1/s3-recovery-retract-seed1/vision-stderr.log	26	f6259e2742222db4cedc0f46e1f9d79c113803494192992ee22d2e0ff6d9cc6e	f6259e2742222db4cedc0f46e1f9d79c113803494192992ee22d2e0ff6d9cc6e	none	0
tr04-official-1/T12-G1-r1/s3-recovery-seed1/failure.json	75	0c6032cd07861e1f85d433c4777029e5b595339c22f506d8d7369fa926454217	0c6032cd07861e1f85d433c4777029e5b595339c22f506d8d7369fa926454217	none	0
tr04-official-1/T12-G1-r1/s3-recovery-seed1/io_verdict.json	443	c3b2feb77af86b08121ea46e6d92b8dd2defd43618446f6270768933cdbfd57d	c3b2feb77af86b08121ea46e6d92b8dd2defd43618446f6270768933cdbfd57d	none	0
tr04-official-1/T12-G1-r1/s3-recovery-seed1/metadata.json	5306	f07c36c69705098dab9228b476f751ab70b06d1c9903fb997f6ed24c60736cb6	2c47cbbb4420017801e0eee4d07595c125c10a1d4dfcbd61df965131fb7c1ba6	redact	10
tr04-official-1/T12-G1-r1/s3-recovery-seed1/plc-stderr.log	0	e3b0c44298fc1c149afbf4c8996fb92427ae41e4649b934ca495991b7852b855	e3b0c44298fc1c149afbf4c8996fb92427ae41e4649b934ca495991b7852b855	none	0
tr04-official-1/T12-G1-r1/s3-recovery-seed1/processes.json	134	a359ee4aa54de89e8b8af12b57c7568e03924a7769f3cee1d8825d2cd30c000f	a359ee4aa54de89e8b8af12b57c7568e03924a7769f3cee1d8825d2cd30c000f	none	0
tr04-official-1/T12-G1-r1/s3-recovery-seed1/static.json	11874	8b0e894a31fe8c522aa93a7b8e4feb328230e5b4228bc0fcde15b93be9bf83a3	8b0e894a31fe8c522aa93a7b8e4feb328230e5b4228bc0fcde15b93be9bf83a3	none	0
tr04-official-1/T12-G1-r1/s3-recovery-seed1/vision-stderr.log	26	f6259e2742222db4cedc0f46e1f9d79c113803494192992ee22d2e0ff6d9cc6e	f6259e2742222db4cedc0f46e1f9d79c113803494192992ee22d2e0ff6d9cc6e	none	0
tr04-official-1/T12-G1-r1/static.json	326	60acbe79be2e88e5dbd9628af331fe1e3ad528ca441d926400c28d64b844c340	f44cfcc8f57b67562365fef468e8ba02ed6033969e047b60e3acb31ec5c08c74	redact	1
tr04-official-1/T12-G1-r1/verdict.json	1156	1816a551954f26ff48a0ddfdff8dcc5735ff5f082eabd1e35f112ec3ed31981e	1816a551954f26ff48a0ddfdff8dcc5735ff5f082eabd1e35f112ec3ed31981e	none	0
tr04-official-1/T12-G1-r2/force.json	2212	52aad2b140975993da7f2d441390c982680b08e99a344cc9ce17daf9162ea285	64d47fdfe7b705f6e3eb6d4c16e13c7560c7e6a8794a7b20b4b829eebd5de0cf	redact	1
tr04-official-1/T12-G1-r2/s3-curtain-seed1/io_verdict.json	442	0d6016793d1093d7cc3322114b100f8661cdb354b1029bf0169ef2df01d2bed5	0d6016793d1093d7cc3322114b100f8661cdb354b1029bf0169ef2df01d2bed5	none	0
tr04-official-1/T12-G1-r2/s3-curtain-seed1/metadata.json	5305	296c2b7d904425fcb160e766864c2546f63e00cf47973c96f91dc85e128f8f65	8f2d3e8f7f7337a07a1674c5266ebc561427db83c20bd8215ec80e5b3490c842	redact	10
tr04-official-1/T12-G1-r2/s3-curtain-seed1/plc-stderr.log	0	e3b0c44298fc1c149afbf4c8996fb92427ae41e4649b934ca495991b7852b855	e3b0c44298fc1c149afbf4c8996fb92427ae41e4649b934ca495991b7852b855	none	0
tr04-official-1/T12-G1-r2/s3-curtain-seed1/processes.json	133	2d682689e80bda8c5620f25653426df526d1fbc1117dd5af83750c779d3b7848	2d682689e80bda8c5620f25653426df526d1fbc1117dd5af83750c779d3b7848	none	0
tr04-official-1/T12-G1-r2/s3-curtain-seed1/reference-10ms-differences.json	3	37517e5f3dc66819f61f5a7bb8ace1921282415f10551d2defa5c3eb0985b570	37517e5f3dc66819f61f5a7bb8ace1921282415f10551d2defa5c3eb0985b570	none	0
tr04-official-1/T12-G1-r2/s3-curtain-seed1/static.json	11874	8b0e894a31fe8c522aa93a7b8e4feb328230e5b4228bc0fcde15b93be9bf83a3	8b0e894a31fe8c522aa93a7b8e4feb328230e5b4228bc0fcde15b93be9bf83a3	none	0
tr04-official-1/T12-G1-r2/s3-curtain-seed1/summary.json	4067	f2dd86a6228298ca128625ef019bfd44f9b4310521aa487a71862ab4e8eabae5	3be609e7c39755b076b607699c259949e4491e522f509bf8f381f487a9c63d8b	drop_tick_hashes	0
tr04-official-1/T12-G1-r2/s3-curtain-seed1/vision-stderr.log	26	f6259e2742222db4cedc0f46e1f9d79c113803494192992ee22d2e0ff6d9cc6e	f6259e2742222db4cedc0f46e1f9d79c113803494192992ee22d2e0ff6d9cc6e	none	0
tr04-official-1/T12-G1-r2/s3-normal-seed1/io_verdict.json	383	5764c90719e5a826eba5810eea1a7ffe0fd700369ade52d68ab4498083a4b600	5764c90719e5a826eba5810eea1a7ffe0fd700369ade52d68ab4498083a4b600	none	0
tr04-official-1/T12-G1-r2/s3-normal-seed1/metadata.json	5304	2a158ba24f381d7796fe9b3ad50e72bf678c7c468c90ee29b3cf9dbd5dbf3ab6	a94e19938a53c7b7c0342470f607a8224ffe85895a2fad47b6a7cd39e230ddc4	redact	10
tr04-official-1/T12-G1-r2/s3-normal-seed1/plc-stderr.log	0	e3b0c44298fc1c149afbf4c8996fb92427ae41e4649b934ca495991b7852b855	e3b0c44298fc1c149afbf4c8996fb92427ae41e4649b934ca495991b7852b855	none	0
tr04-official-1/T12-G1-r2/s3-normal-seed1/processes.json	133	2d682689e80bda8c5620f25653426df526d1fbc1117dd5af83750c779d3b7848	2d682689e80bda8c5620f25653426df526d1fbc1117dd5af83750c779d3b7848	none	0
tr04-official-1/T12-G1-r2/s3-normal-seed1/reference-10ms-differences.json	3	37517e5f3dc66819f61f5a7bb8ace1921282415f10551d2defa5c3eb0985b570	37517e5f3dc66819f61f5a7bb8ace1921282415f10551d2defa5c3eb0985b570	none	0
tr04-official-1/T12-G1-r2/s3-normal-seed1/static.json	11874	8b0e894a31fe8c522aa93a7b8e4feb328230e5b4228bc0fcde15b93be9bf83a3	8b0e894a31fe8c522aa93a7b8e4feb328230e5b4228bc0fcde15b93be9bf83a3	none	0
tr04-official-1/T12-G1-r2/s3-normal-seed1/summary.json	4186	7f8144092913b41f1a58f6897ee8464ac9e3140e6562e79497e9ec3583a956fe	27af2ae8022ca5e9128da5f0f9dad9fd6bdafcc6838594d246cc73a95283f407	drop_tick_hashes	0
tr04-official-1/T12-G1-r2/s3-normal-seed1/vision-stderr.log	26	f6259e2742222db4cedc0f46e1f9d79c113803494192992ee22d2e0ff6d9cc6e	f6259e2742222db4cedc0f46e1f9d79c113803494192992ee22d2e0ff6d9cc6e	none	0
tr04-official-1/T12-G1-r2/s3-normal-seed2/io_verdict.json	383	83da5e3273ff972c39964988f706e20a4642491265ba03a1382068d67c4f5ff7	83da5e3273ff972c39964988f706e20a4642491265ba03a1382068d67c4f5ff7	none	0
tr04-official-1/T12-G1-r2/s3-normal-seed2/metadata.json	5304	2f7384c072a48ea32dd6c511ef5e6cc9da7ff190ed8060c26afab0765b74864e	7045268b5cd9524ccfe8eebdbec9990cda9f7fa5c1d687c5863d6b70811a4857	redact	10
tr04-official-1/T12-G1-r2/s3-normal-seed2/plc-stderr.log	0	e3b0c44298fc1c149afbf4c8996fb92427ae41e4649b934ca495991b7852b855	e3b0c44298fc1c149afbf4c8996fb92427ae41e4649b934ca495991b7852b855	none	0
tr04-official-1/T12-G1-r2/s3-normal-seed2/processes.json	133	2d682689e80bda8c5620f25653426df526d1fbc1117dd5af83750c779d3b7848	2d682689e80bda8c5620f25653426df526d1fbc1117dd5af83750c779d3b7848	none	0
tr04-official-1/T12-G1-r2/s3-normal-seed2/reference-10ms-differences.json	3	37517e5f3dc66819f61f5a7bb8ace1921282415f10551d2defa5c3eb0985b570	37517e5f3dc66819f61f5a7bb8ace1921282415f10551d2defa5c3eb0985b570	none	0
tr04-official-1/T12-G1-r2/s3-normal-seed2/static.json	11874	8b0e894a31fe8c522aa93a7b8e4feb328230e5b4228bc0fcde15b93be9bf83a3	8b0e894a31fe8c522aa93a7b8e4feb328230e5b4228bc0fcde15b93be9bf83a3	none	0
tr04-official-1/T12-G1-r2/s3-normal-seed2/summary.json	4190	c74d7bffef4b3649c4fd3ae2cdb4953571c0651a0e8bc0c4c397ed9bd9b3e074	74b0e8cda2fcec85866262234dbb91b2aa2845fcc407cb36694c945bb92b8252	drop_tick_hashes	0
tr04-official-1/T12-G1-r2/s3-normal-seed2/vision-stderr.log	26	f6259e2742222db4cedc0f46e1f9d79c113803494192992ee22d2e0ff6d9cc6e	f6259e2742222db4cedc0f46e1f9d79c113803494192992ee22d2e0ff6d9cc6e	none	0
tr04-official-1/T12-G1-r2/s3-normal-seed3/io_verdict.json	383	0007070d2e319ecd363bdfafce6d41c38238c32859c88c342266c82bfdf40462	0007070d2e319ecd363bdfafce6d41c38238c32859c88c342266c82bfdf40462	none	0
tr04-official-1/T12-G1-r2/s3-normal-seed3/metadata.json	5304	19c3e8e13c5d686745cff115de37bfc1f4b93f78697952cbcc1466f5ffbfefb5	7f9bbda86c37cc7579218f6e56658e1be036003426500d5f8f12c0900283569c	redact	10
tr04-official-1/T12-G1-r2/s3-normal-seed3/plc-stderr.log	0	e3b0c44298fc1c149afbf4c8996fb92427ae41e4649b934ca495991b7852b855	e3b0c44298fc1c149afbf4c8996fb92427ae41e4649b934ca495991b7852b855	none	0
tr04-official-1/T12-G1-r2/s3-normal-seed3/processes.json	133	2d682689e80bda8c5620f25653426df526d1fbc1117dd5af83750c779d3b7848	2d682689e80bda8c5620f25653426df526d1fbc1117dd5af83750c779d3b7848	none	0
tr04-official-1/T12-G1-r2/s3-normal-seed3/reference-10ms-differences.json	3	37517e5f3dc66819f61f5a7bb8ace1921282415f10551d2defa5c3eb0985b570	37517e5f3dc66819f61f5a7bb8ace1921282415f10551d2defa5c3eb0985b570	none	0
tr04-official-1/T12-G1-r2/s3-normal-seed3/static.json	11874	8b0e894a31fe8c522aa93a7b8e4feb328230e5b4228bc0fcde15b93be9bf83a3	8b0e894a31fe8c522aa93a7b8e4feb328230e5b4228bc0fcde15b93be9bf83a3	none	0
tr04-official-1/T12-G1-r2/s3-normal-seed3/summary.json	4191	5209093005461a4bb99ca9400edc7f1aa53cb8fcb09830fcaf5c43383babbbbe	3bc593f5a7abf60176a8dcbf97192f409e418cea270323e97d53a1eef1d2f2d0	drop_tick_hashes	0
tr04-official-1/T12-G1-r2/s3-normal-seed3/vision-stderr.log	26	f6259e2742222db4cedc0f46e1f9d79c113803494192992ee22d2e0ff6d9cc6e	f6259e2742222db4cedc0f46e1f9d79c113803494192992ee22d2e0ff6d9cc6e	none	0
tr04-official-1/T12-G1-r2/s3-recovery-retract-seed1/failure.json	75	0c6032cd07861e1f85d433c4777029e5b595339c22f506d8d7369fa926454217	0c6032cd07861e1f85d433c4777029e5b595339c22f506d8d7369fa926454217	none	0
tr04-official-1/T12-G1-r2/s3-recovery-retract-seed1/io_verdict.json	451	052be0d43fa3e754cebfb1cf553a1e9e0bdaf80eaaf9f7f5d4ace5924952ae26	052be0d43fa3e754cebfb1cf553a1e9e0bdaf80eaaf9f7f5d4ace5924952ae26	none	0
tr04-official-1/T12-G1-r2/s3-recovery-retract-seed1/metadata.json	5314	603da678c6b62b71b50d5014b589e24670f412a046c4aa821f6fd82d6698dae0	f5a512376c715181e73ae9f9519c782d3cccd5abfcfd4c39e987a78fb4466a71	redact	10
tr04-official-1/T12-G1-r2/s3-recovery-retract-seed1/plc-stderr.log	0	e3b0c44298fc1c149afbf4c8996fb92427ae41e4649b934ca495991b7852b855	e3b0c44298fc1c149afbf4c8996fb92427ae41e4649b934ca495991b7852b855	none	0
tr04-official-1/T12-G1-r2/s3-recovery-retract-seed1/processes.json	134	a359ee4aa54de89e8b8af12b57c7568e03924a7769f3cee1d8825d2cd30c000f	a359ee4aa54de89e8b8af12b57c7568e03924a7769f3cee1d8825d2cd30c000f	none	0
tr04-official-1/T12-G1-r2/s3-recovery-retract-seed1/static.json	11874	8b0e894a31fe8c522aa93a7b8e4feb328230e5b4228bc0fcde15b93be9bf83a3	8b0e894a31fe8c522aa93a7b8e4feb328230e5b4228bc0fcde15b93be9bf83a3	none	0
tr04-official-1/T12-G1-r2/s3-recovery-retract-seed1/vision-stderr.log	26	f6259e2742222db4cedc0f46e1f9d79c113803494192992ee22d2e0ff6d9cc6e	f6259e2742222db4cedc0f46e1f9d79c113803494192992ee22d2e0ff6d9cc6e	none	0
tr04-official-1/T12-G1-r2/s3-recovery-seed1/failure.json	75	0c6032cd07861e1f85d433c4777029e5b595339c22f506d8d7369fa926454217	0c6032cd07861e1f85d433c4777029e5b595339c22f506d8d7369fa926454217	none	0
tr04-official-1/T12-G1-r2/s3-recovery-seed1/io_verdict.json	443	c3b2feb77af86b08121ea46e6d92b8dd2defd43618446f6270768933cdbfd57d	c3b2feb77af86b08121ea46e6d92b8dd2defd43618446f6270768933cdbfd57d	none	0
tr04-official-1/T12-G1-r2/s3-recovery-seed1/metadata.json	5306	ed454b18a7ee313a51868c755f707b1a674ff81a6b10b1c553d2f89a6e4b90db	bc43588424a9aea50da82ee5788537d0ad9e9b5d30c7c04d471ee2afdbda56ff	redact	10
tr04-official-1/T12-G1-r2/s3-recovery-seed1/plc-stderr.log	0	e3b0c44298fc1c149afbf4c8996fb92427ae41e4649b934ca495991b7852b855	e3b0c44298fc1c149afbf4c8996fb92427ae41e4649b934ca495991b7852b855	none	0
tr04-official-1/T12-G1-r2/s3-recovery-seed1/processes.json	134	a359ee4aa54de89e8b8af12b57c7568e03924a7769f3cee1d8825d2cd30c000f	a359ee4aa54de89e8b8af12b57c7568e03924a7769f3cee1d8825d2cd30c000f	none	0
tr04-official-1/T12-G1-r2/s3-recovery-seed1/static.json	11874	8b0e894a31fe8c522aa93a7b8e4feb328230e5b4228bc0fcde15b93be9bf83a3	8b0e894a31fe8c522aa93a7b8e4feb328230e5b4228bc0fcde15b93be9bf83a3	none	0
tr04-official-1/T12-G1-r2/s3-recovery-seed1/vision-stderr.log	26	f6259e2742222db4cedc0f46e1f9d79c113803494192992ee22d2e0ff6d9cc6e	f6259e2742222db4cedc0f46e1f9d79c113803494192992ee22d2e0ff6d9cc6e	none	0
tr04-official-1/T12-G1-r2/static.json	326	ef076b4a9f7e1fd67511f48b175bccc7165ee2f224fcf9acbcfe0d291eadf87d	48f8ae22f3ad11fef201e7e3a4bfdca7706b98751a2c4e1076289d3efcb46bd9	redact	1
tr04-official-1/T12-G1-r2/verdict.json	1156	3ebf961858333106a500f0c66b21e31d803a548c1bdfcf658035798c6bfe3e6b	3ebf961858333106a500f0c66b21e31d803a548c1bdfcf658035798c6bfe3e6b	none	0
tr04-official-1/T12-G1-r3/force.json	2212	740bfbae1f78ca933cc9888407966c1cb4cd279fe9b22313692a16a06dd05180	2503101b7e1e6d94d8cd4848348677e5680592150e9e851fad307838677661d4	redact	1
tr04-official-1/T12-G1-r3/s3-curtain-seed1/io_verdict.json	442	0d6016793d1093d7cc3322114b100f8661cdb354b1029bf0169ef2df01d2bed5	0d6016793d1093d7cc3322114b100f8661cdb354b1029bf0169ef2df01d2bed5	none	0
tr04-official-1/T12-G1-r3/s3-curtain-seed1/metadata.json	5305	4fbee613d957737e1cb2c4dd18e12ceaf4330b86bd50376a97b5b341828679ef	409dd650602e84006d9c8327ca885f2a8b67b7112633d094596a90210984875f	redact	10
tr04-official-1/T12-G1-r3/s3-curtain-seed1/plc-stderr.log	0	e3b0c44298fc1c149afbf4c8996fb92427ae41e4649b934ca495991b7852b855	e3b0c44298fc1c149afbf4c8996fb92427ae41e4649b934ca495991b7852b855	none	0
tr04-official-1/T12-G1-r3/s3-curtain-seed1/processes.json	133	2d682689e80bda8c5620f25653426df526d1fbc1117dd5af83750c779d3b7848	2d682689e80bda8c5620f25653426df526d1fbc1117dd5af83750c779d3b7848	none	0
tr04-official-1/T12-G1-r3/s3-curtain-seed1/reference-10ms-differences.json	3	37517e5f3dc66819f61f5a7bb8ace1921282415f10551d2defa5c3eb0985b570	37517e5f3dc66819f61f5a7bb8ace1921282415f10551d2defa5c3eb0985b570	none	0
tr04-official-1/T12-G1-r3/s3-curtain-seed1/static.json	12189	2082361c6e2e243c05c204fdcc11a39217dd0745e3f504c6e161140ac8004af3	2082361c6e2e243c05c204fdcc11a39217dd0745e3f504c6e161140ac8004af3	none	0
tr04-official-1/T12-G1-r3/s3-curtain-seed1/summary.json	4067	af78260d26a6ee7ba37998e7da5b4f0bd185708bd54a472339dff703493793c2	792211bef6dedd599baed3ee529a4d60fb4d5599080fe4f434b6c4ccd10fe7e5	drop_tick_hashes	0
tr04-official-1/T12-G1-r3/s3-curtain-seed1/vision-stderr.log	26	f6259e2742222db4cedc0f46e1f9d79c113803494192992ee22d2e0ff6d9cc6e	f6259e2742222db4cedc0f46e1f9d79c113803494192992ee22d2e0ff6d9cc6e	none	0
tr04-official-1/T12-G1-r3/s3-normal-seed1/io_verdict.json	383	5764c90719e5a826eba5810eea1a7ffe0fd700369ade52d68ab4498083a4b600	5764c90719e5a826eba5810eea1a7ffe0fd700369ade52d68ab4498083a4b600	none	0
tr04-official-1/T12-G1-r3/s3-normal-seed1/metadata.json	5304	6421877c6c8ef505641029ea5061e84a8b9ebcd6b31f2dc98a9a3f834764118f	dc33c64a5cf796d1ab82ee916d02f87ddb30028470a90b2772284b1297954e6d	redact	10
tr04-official-1/T12-G1-r3/s3-normal-seed1/plc-stderr.log	0	e3b0c44298fc1c149afbf4c8996fb92427ae41e4649b934ca495991b7852b855	e3b0c44298fc1c149afbf4c8996fb92427ae41e4649b934ca495991b7852b855	none	0
tr04-official-1/T12-G1-r3/s3-normal-seed1/processes.json	133	2d682689e80bda8c5620f25653426df526d1fbc1117dd5af83750c779d3b7848	2d682689e80bda8c5620f25653426df526d1fbc1117dd5af83750c779d3b7848	none	0
tr04-official-1/T12-G1-r3/s3-normal-seed1/reference-10ms-differences.json	3	37517e5f3dc66819f61f5a7bb8ace1921282415f10551d2defa5c3eb0985b570	37517e5f3dc66819f61f5a7bb8ace1921282415f10551d2defa5c3eb0985b570	none	0
tr04-official-1/T12-G1-r3/s3-normal-seed1/static.json	12189	2082361c6e2e243c05c204fdcc11a39217dd0745e3f504c6e161140ac8004af3	2082361c6e2e243c05c204fdcc11a39217dd0745e3f504c6e161140ac8004af3	none	0
tr04-official-1/T12-G1-r3/s3-normal-seed1/summary.json	4186	70145f9eced157b55975fce1f9bbf18d10467e32072b3d5e154241268454b385	275a1c08af151ab1a9939ded9a921535c32040aba4faf416acb7b72a068452cd	drop_tick_hashes	0
tr04-official-1/T12-G1-r3/s3-normal-seed1/vision-stderr.log	26	f6259e2742222db4cedc0f46e1f9d79c113803494192992ee22d2e0ff6d9cc6e	f6259e2742222db4cedc0f46e1f9d79c113803494192992ee22d2e0ff6d9cc6e	none	0
tr04-official-1/T12-G1-r3/s3-normal-seed2/io_verdict.json	383	83da5e3273ff972c39964988f706e20a4642491265ba03a1382068d67c4f5ff7	83da5e3273ff972c39964988f706e20a4642491265ba03a1382068d67c4f5ff7	none	0
tr04-official-1/T12-G1-r3/s3-normal-seed2/metadata.json	5304	13289498441977c2c50fc083a096ef742da008d6621dc3f878c8c1b123fe5a1b	7a615c8c95ff497f8e789ee2d8a30fe7c77074c488d916ee4b81eb1e2d0bec38	redact	10
tr04-official-1/T12-G1-r3/s3-normal-seed2/plc-stderr.log	0	e3b0c44298fc1c149afbf4c8996fb92427ae41e4649b934ca495991b7852b855	e3b0c44298fc1c149afbf4c8996fb92427ae41e4649b934ca495991b7852b855	none	0
tr04-official-1/T12-G1-r3/s3-normal-seed2/processes.json	133	2d682689e80bda8c5620f25653426df526d1fbc1117dd5af83750c779d3b7848	2d682689e80bda8c5620f25653426df526d1fbc1117dd5af83750c779d3b7848	none	0
tr04-official-1/T12-G1-r3/s3-normal-seed2/reference-10ms-differences.json	3	37517e5f3dc66819f61f5a7bb8ace1921282415f10551d2defa5c3eb0985b570	37517e5f3dc66819f61f5a7bb8ace1921282415f10551d2defa5c3eb0985b570	none	0
tr04-official-1/T12-G1-r3/s3-normal-seed2/static.json	12189	2082361c6e2e243c05c204fdcc11a39217dd0745e3f504c6e161140ac8004af3	2082361c6e2e243c05c204fdcc11a39217dd0745e3f504c6e161140ac8004af3	none	0
tr04-official-1/T12-G1-r3/s3-normal-seed2/summary.json	4190	b65cf1892c0f3a168b0d4be91cbbad334a3a182f68175b733ee95ef989fe2694	a04ecfa56ac906eb574172a0515653fc9005ea73b515fc0b6614401355e667a1	drop_tick_hashes	0
tr04-official-1/T12-G1-r3/s3-normal-seed2/vision-stderr.log	26	f6259e2742222db4cedc0f46e1f9d79c113803494192992ee22d2e0ff6d9cc6e	f6259e2742222db4cedc0f46e1f9d79c113803494192992ee22d2e0ff6d9cc6e	none	0
tr04-official-1/T12-G1-r3/s3-normal-seed3/io_verdict.json	383	0007070d2e319ecd363bdfafce6d41c38238c32859c88c342266c82bfdf40462	0007070d2e319ecd363bdfafce6d41c38238c32859c88c342266c82bfdf40462	none	0
tr04-official-1/T12-G1-r3/s3-normal-seed3/metadata.json	5304	bb43d8dcc8abdf4d23fc3a9aebcaf7c5eb9bfb209a1dd0861ae2271445bd76ef	6861fb6e97205a5eccf7258282502b29779d8e77f65bae11547491f339e12927	redact	10
tr04-official-1/T12-G1-r3/s3-normal-seed3/plc-stderr.log	0	e3b0c44298fc1c149afbf4c8996fb92427ae41e4649b934ca495991b7852b855	e3b0c44298fc1c149afbf4c8996fb92427ae41e4649b934ca495991b7852b855	none	0
tr04-official-1/T12-G1-r3/s3-normal-seed3/processes.json	133	2d682689e80bda8c5620f25653426df526d1fbc1117dd5af83750c779d3b7848	2d682689e80bda8c5620f25653426df526d1fbc1117dd5af83750c779d3b7848	none	0
tr04-official-1/T12-G1-r3/s3-normal-seed3/reference-10ms-differences.json	3	37517e5f3dc66819f61f5a7bb8ace1921282415f10551d2defa5c3eb0985b570	37517e5f3dc66819f61f5a7bb8ace1921282415f10551d2defa5c3eb0985b570	none	0
tr04-official-1/T12-G1-r3/s3-normal-seed3/static.json	12189	2082361c6e2e243c05c204fdcc11a39217dd0745e3f504c6e161140ac8004af3	2082361c6e2e243c05c204fdcc11a39217dd0745e3f504c6e161140ac8004af3	none	0
tr04-official-1/T12-G1-r3/s3-normal-seed3/summary.json	4191	1bfc78c57c1af2e03f3d7f3c63509bdead53eb21b60bc897bf6f2c87c416267f	2fee6e4e4dd1b74885741bbcd4e3f55add34b023232e76fc3ce1035600ba2080	drop_tick_hashes	0
tr04-official-1/T12-G1-r3/s3-normal-seed3/vision-stderr.log	26	f6259e2742222db4cedc0f46e1f9d79c113803494192992ee22d2e0ff6d9cc6e	f6259e2742222db4cedc0f46e1f9d79c113803494192992ee22d2e0ff6d9cc6e	none	0
tr04-official-1/T12-G1-r3/s3-recovery-retract-seed1/failure.json	75	0c6032cd07861e1f85d433c4777029e5b595339c22f506d8d7369fa926454217	0c6032cd07861e1f85d433c4777029e5b595339c22f506d8d7369fa926454217	none	0
tr04-official-1/T12-G1-r3/s3-recovery-retract-seed1/io_verdict.json	451	052be0d43fa3e754cebfb1cf553a1e9e0bdaf80eaaf9f7f5d4ace5924952ae26	052be0d43fa3e754cebfb1cf553a1e9e0bdaf80eaaf9f7f5d4ace5924952ae26	none	0
tr04-official-1/T12-G1-r3/s3-recovery-retract-seed1/metadata.json	5314	72d536097a27f5c896a6c64c8988b1920ff9e025b32da6ba3bc9888b91588e80	8dd29ae09b96cbf189ba47dc9b4292496f9737ff6b55e3aa19502bf70bdd9af9	redact	10
tr04-official-1/T12-G1-r3/s3-recovery-retract-seed1/plc-stderr.log	0	e3b0c44298fc1c149afbf4c8996fb92427ae41e4649b934ca495991b7852b855	e3b0c44298fc1c149afbf4c8996fb92427ae41e4649b934ca495991b7852b855	none	0
tr04-official-1/T12-G1-r3/s3-recovery-retract-seed1/processes.json	134	a359ee4aa54de89e8b8af12b57c7568e03924a7769f3cee1d8825d2cd30c000f	a359ee4aa54de89e8b8af12b57c7568e03924a7769f3cee1d8825d2cd30c000f	none	0
tr04-official-1/T12-G1-r3/s3-recovery-retract-seed1/static.json	12189	2082361c6e2e243c05c204fdcc11a39217dd0745e3f504c6e161140ac8004af3	2082361c6e2e243c05c204fdcc11a39217dd0745e3f504c6e161140ac8004af3	none	0
tr04-official-1/T12-G1-r3/s3-recovery-retract-seed1/vision-stderr.log	26	f6259e2742222db4cedc0f46e1f9d79c113803494192992ee22d2e0ff6d9cc6e	f6259e2742222db4cedc0f46e1f9d79c113803494192992ee22d2e0ff6d9cc6e	none	0
tr04-official-1/T12-G1-r3/s3-recovery-seed1/failure.json	75	0c6032cd07861e1f85d433c4777029e5b595339c22f506d8d7369fa926454217	0c6032cd07861e1f85d433c4777029e5b595339c22f506d8d7369fa926454217	none	0
tr04-official-1/T12-G1-r3/s3-recovery-seed1/io_verdict.json	443	c3b2feb77af86b08121ea46e6d92b8dd2defd43618446f6270768933cdbfd57d	c3b2feb77af86b08121ea46e6d92b8dd2defd43618446f6270768933cdbfd57d	none	0
tr04-official-1/T12-G1-r3/s3-recovery-seed1/metadata.json	5306	da074b34d3b53c3627844e76a335c3407d94c50ee1af2c07787aa67b7c918948	87b9be636bbe7fb42660776256f4cd2597ddd27db1d59b8d1b15a9597ba0132b	redact	10
tr04-official-1/T12-G1-r3/s3-recovery-seed1/plc-stderr.log	0	e3b0c44298fc1c149afbf4c8996fb92427ae41e4649b934ca495991b7852b855	e3b0c44298fc1c149afbf4c8996fb92427ae41e4649b934ca495991b7852b855	none	0
tr04-official-1/T12-G1-r3/s3-recovery-seed1/processes.json	134	a359ee4aa54de89e8b8af12b57c7568e03924a7769f3cee1d8825d2cd30c000f	a359ee4aa54de89e8b8af12b57c7568e03924a7769f3cee1d8825d2cd30c000f	none	0
tr04-official-1/T12-G1-r3/s3-recovery-seed1/static.json	12189	2082361c6e2e243c05c204fdcc11a39217dd0745e3f504c6e161140ac8004af3	2082361c6e2e243c05c204fdcc11a39217dd0745e3f504c6e161140ac8004af3	none	0
tr04-official-1/T12-G1-r3/s3-recovery-seed1/vision-stderr.log	26	f6259e2742222db4cedc0f46e1f9d79c113803494192992ee22d2e0ff6d9cc6e	f6259e2742222db4cedc0f46e1f9d79c113803494192992ee22d2e0ff6d9cc6e	none	0
tr04-official-1/T12-G1-r3/static.json	326	0b8ad4908d7340fd97799bb07b39c0c68fbe9b4e7f7a89dd406d202db13e122a	a9b1e06073e5ef780cdba69f1c91d4951939225fa5f356c547bde93d9c2737fb	redact	1
tr04-official-1/T12-G1-r3/verdict.json	1156	1f1735ffdc1257c08c7938ac13841f30ecb10b96b0ebfed68c2171737965b80a	1f1735ffdc1257c08c7938ac13841f30ecb10b96b0ebfed68c2171737965b80a	none	0
tr04-official-1/T12-G2-r1/force.json	2212	5b093b19a4b00d909de2d94b223b93d20923d1fad8451014916550f3036e7b31	d1f13c8112ef30fcf5e6098eb65908b86717950f4e3d0664146c376937bc8528	redact	1
tr04-official-1/T12-G2-r1/s3-curtain-seed1/io_verdict.json	442	0d6016793d1093d7cc3322114b100f8661cdb354b1029bf0169ef2df01d2bed5	0d6016793d1093d7cc3322114b100f8661cdb354b1029bf0169ef2df01d2bed5	none	0
tr04-official-1/T12-G2-r1/s3-curtain-seed1/metadata.json	5305	0aecd3bd9131862949e3ac76b2efec7942fe4f0ec819088e7323d769acb5aece	1dfe735ca6b267ac4687ca6fc82b2238554c60caea79aa4c333b90d6769b0166	redact	10
tr04-official-1/T12-G2-r1/s3-curtain-seed1/plc-stderr.log	0	e3b0c44298fc1c149afbf4c8996fb92427ae41e4649b934ca495991b7852b855	e3b0c44298fc1c149afbf4c8996fb92427ae41e4649b934ca495991b7852b855	none	0
tr04-official-1/T12-G2-r1/s3-curtain-seed1/processes.json	133	2d682689e80bda8c5620f25653426df526d1fbc1117dd5af83750c779d3b7848	2d682689e80bda8c5620f25653426df526d1fbc1117dd5af83750c779d3b7848	none	0
tr04-official-1/T12-G2-r1/s3-curtain-seed1/reference-10ms-differences.json	3	37517e5f3dc66819f61f5a7bb8ace1921282415f10551d2defa5c3eb0985b570	37517e5f3dc66819f61f5a7bb8ace1921282415f10551d2defa5c3eb0985b570	none	0
tr04-official-1/T12-G2-r1/s3-curtain-seed1/static.json	11874	8d74941f6af4b6934a1290117393a21e3a0fb67d07fcac2529c11e08bb09f146	8d74941f6af4b6934a1290117393a21e3a0fb67d07fcac2529c11e08bb09f146	none	0
tr04-official-1/T12-G2-r1/s3-curtain-seed1/summary.json	4067	823e424a5bc372b71aab0f9cdbb26d98112874c129154bead60a75d21dac3dd1	f2096c645a461431f7150085f5b4faed8478eb0012938794ddce166af118136e	drop_tick_hashes	0
tr04-official-1/T12-G2-r1/s3-curtain-seed1/vision-stderr.log	26	f6259e2742222db4cedc0f46e1f9d79c113803494192992ee22d2e0ff6d9cc6e	f6259e2742222db4cedc0f46e1f9d79c113803494192992ee22d2e0ff6d9cc6e	none	0
tr04-official-1/T12-G2-r1/s3-normal-seed1/io_verdict.json	383	5764c90719e5a826eba5810eea1a7ffe0fd700369ade52d68ab4498083a4b600	5764c90719e5a826eba5810eea1a7ffe0fd700369ade52d68ab4498083a4b600	none	0
tr04-official-1/T12-G2-r1/s3-normal-seed1/metadata.json	5304	6730f056a52f456416ef348f0ef5eaeeaf4a5d61e3c8823f835006d2c1880e3e	fa182620efe403425e7dfafde8ba8bf2e5365d99a8522347d66698338f642ed0	redact	10
tr04-official-1/T12-G2-r1/s3-normal-seed1/plc-stderr.log	0	e3b0c44298fc1c149afbf4c8996fb92427ae41e4649b934ca495991b7852b855	e3b0c44298fc1c149afbf4c8996fb92427ae41e4649b934ca495991b7852b855	none	0
tr04-official-1/T12-G2-r1/s3-normal-seed1/processes.json	133	2d682689e80bda8c5620f25653426df526d1fbc1117dd5af83750c779d3b7848	2d682689e80bda8c5620f25653426df526d1fbc1117dd5af83750c779d3b7848	none	0
tr04-official-1/T12-G2-r1/s3-normal-seed1/reference-10ms-differences.json	3	37517e5f3dc66819f61f5a7bb8ace1921282415f10551d2defa5c3eb0985b570	37517e5f3dc66819f61f5a7bb8ace1921282415f10551d2defa5c3eb0985b570	none	0
tr04-official-1/T12-G2-r1/s3-normal-seed1/static.json	11874	8d74941f6af4b6934a1290117393a21e3a0fb67d07fcac2529c11e08bb09f146	8d74941f6af4b6934a1290117393a21e3a0fb67d07fcac2529c11e08bb09f146	none	0
tr04-official-1/T12-G2-r1/s3-normal-seed1/summary.json	4186	899d77f975dc333d5ee07214bb419aba1a75d2f7d99452900e8380614ced98d7	0961c88fcbf3617193ee83f446e62362c2be60b8cb98d8a94cc7dcb603fc3768	drop_tick_hashes	0
tr04-official-1/T12-G2-r1/s3-normal-seed1/vision-stderr.log	26	f6259e2742222db4cedc0f46e1f9d79c113803494192992ee22d2e0ff6d9cc6e	f6259e2742222db4cedc0f46e1f9d79c113803494192992ee22d2e0ff6d9cc6e	none	0
tr04-official-1/T12-G2-r1/s3-normal-seed2/io_verdict.json	383	83da5e3273ff972c39964988f706e20a4642491265ba03a1382068d67c4f5ff7	83da5e3273ff972c39964988f706e20a4642491265ba03a1382068d67c4f5ff7	none	0
tr04-official-1/T12-G2-r1/s3-normal-seed2/metadata.json	5304	cb42c0dfdb961dfecf7c646089c87a4b8b0b583c698a4c3814ba5e39cb90c96a	8c828c4314fe27e5eb5a4c929c1b65c1f133b5d364e97fbfc9ffa70ec5e004b7	redact	10
tr04-official-1/T12-G2-r1/s3-normal-seed2/plc-stderr.log	0	e3b0c44298fc1c149afbf4c8996fb92427ae41e4649b934ca495991b7852b855	e3b0c44298fc1c149afbf4c8996fb92427ae41e4649b934ca495991b7852b855	none	0
tr04-official-1/T12-G2-r1/s3-normal-seed2/processes.json	133	2d682689e80bda8c5620f25653426df526d1fbc1117dd5af83750c779d3b7848	2d682689e80bda8c5620f25653426df526d1fbc1117dd5af83750c779d3b7848	none	0
tr04-official-1/T12-G2-r1/s3-normal-seed2/reference-10ms-differences.json	3	37517e5f3dc66819f61f5a7bb8ace1921282415f10551d2defa5c3eb0985b570	37517e5f3dc66819f61f5a7bb8ace1921282415f10551d2defa5c3eb0985b570	none	0
tr04-official-1/T12-G2-r1/s3-normal-seed2/static.json	11874	8d74941f6af4b6934a1290117393a21e3a0fb67d07fcac2529c11e08bb09f146	8d74941f6af4b6934a1290117393a21e3a0fb67d07fcac2529c11e08bb09f146	none	0
tr04-official-1/T12-G2-r1/s3-normal-seed2/summary.json	4190	79cc032e13efb28884f47479937452ab9ed173352857849cbfdc5983d856e9a1	8e99c82496267f208cdba20de38588efb4b9fc486ea1c54e745d6b0504c91bfb	drop_tick_hashes	0
tr04-official-1/T12-G2-r1/s3-normal-seed2/vision-stderr.log	26	f6259e2742222db4cedc0f46e1f9d79c113803494192992ee22d2e0ff6d9cc6e	f6259e2742222db4cedc0f46e1f9d79c113803494192992ee22d2e0ff6d9cc6e	none	0
tr04-official-1/T12-G2-r1/s3-normal-seed3/io_verdict.json	383	0007070d2e319ecd363bdfafce6d41c38238c32859c88c342266c82bfdf40462	0007070d2e319ecd363bdfafce6d41c38238c32859c88c342266c82bfdf40462	none	0
tr04-official-1/T12-G2-r1/s3-normal-seed3/metadata.json	5304	b16e6b9ea3e882f965cb4b4313d306682a960ee973c3794778ada248f279bfa5	ef64654dca76b288e43488fe6a130b25d7bb766e82913a732807144ce8a0da98	redact	10
tr04-official-1/T12-G2-r1/s3-normal-seed3/plc-stderr.log	0	e3b0c44298fc1c149afbf4c8996fb92427ae41e4649b934ca495991b7852b855	e3b0c44298fc1c149afbf4c8996fb92427ae41e4649b934ca495991b7852b855	none	0
tr04-official-1/T12-G2-r1/s3-normal-seed3/processes.json	133	2d682689e80bda8c5620f25653426df526d1fbc1117dd5af83750c779d3b7848	2d682689e80bda8c5620f25653426df526d1fbc1117dd5af83750c779d3b7848	none	0
tr04-official-1/T12-G2-r1/s3-normal-seed3/reference-10ms-differences.json	3	37517e5f3dc66819f61f5a7bb8ace1921282415f10551d2defa5c3eb0985b570	37517e5f3dc66819f61f5a7bb8ace1921282415f10551d2defa5c3eb0985b570	none	0
tr04-official-1/T12-G2-r1/s3-normal-seed3/static.json	11874	8d74941f6af4b6934a1290117393a21e3a0fb67d07fcac2529c11e08bb09f146	8d74941f6af4b6934a1290117393a21e3a0fb67d07fcac2529c11e08bb09f146	none	0
tr04-official-1/T12-G2-r1/s3-normal-seed3/summary.json	4191	b213098b9b6e8c4a85436bcde403cfaefebc4448edd300cca670e8dab7ff78b1	5ed49a7d0c193e6504201ba1e0b0e673c88a80ebcbfbfa26dabbd25ecc57358c	drop_tick_hashes	0
tr04-official-1/T12-G2-r1/s3-normal-seed3/vision-stderr.log	26	f6259e2742222db4cedc0f46e1f9d79c113803494192992ee22d2e0ff6d9cc6e	f6259e2742222db4cedc0f46e1f9d79c113803494192992ee22d2e0ff6d9cc6e	none	0
tr04-official-1/T12-G2-r1/s3-recovery-retract-seed1/failure.json	75	0c6032cd07861e1f85d433c4777029e5b595339c22f506d8d7369fa926454217	0c6032cd07861e1f85d433c4777029e5b595339c22f506d8d7369fa926454217	none	0
tr04-official-1/T12-G2-r1/s3-recovery-retract-seed1/io_verdict.json	451	052be0d43fa3e754cebfb1cf553a1e9e0bdaf80eaaf9f7f5d4ace5924952ae26	052be0d43fa3e754cebfb1cf553a1e9e0bdaf80eaaf9f7f5d4ace5924952ae26	none	0
tr04-official-1/T12-G2-r1/s3-recovery-retract-seed1/metadata.json	5314	12579f74f774344a47a6f08c11f88ebc034ddf5552ed9151d18ccc42b0b73f5b	04688aedf354a96fbb32d71fa1fac581b74233e598e285fba10f0886e30d5d56	redact	10
tr04-official-1/T12-G2-r1/s3-recovery-retract-seed1/plc-stderr.log	0	e3b0c44298fc1c149afbf4c8996fb92427ae41e4649b934ca495991b7852b855	e3b0c44298fc1c149afbf4c8996fb92427ae41e4649b934ca495991b7852b855	none	0
tr04-official-1/T12-G2-r1/s3-recovery-retract-seed1/processes.json	134	a359ee4aa54de89e8b8af12b57c7568e03924a7769f3cee1d8825d2cd30c000f	a359ee4aa54de89e8b8af12b57c7568e03924a7769f3cee1d8825d2cd30c000f	none	0
tr04-official-1/T12-G2-r1/s3-recovery-retract-seed1/static.json	11874	8d74941f6af4b6934a1290117393a21e3a0fb67d07fcac2529c11e08bb09f146	8d74941f6af4b6934a1290117393a21e3a0fb67d07fcac2529c11e08bb09f146	none	0
tr04-official-1/T12-G2-r1/s3-recovery-retract-seed1/vision-stderr.log	26	f6259e2742222db4cedc0f46e1f9d79c113803494192992ee22d2e0ff6d9cc6e	f6259e2742222db4cedc0f46e1f9d79c113803494192992ee22d2e0ff6d9cc6e	none	0
tr04-official-1/T12-G2-r1/s3-recovery-seed1/failure.json	75	0c6032cd07861e1f85d433c4777029e5b595339c22f506d8d7369fa926454217	0c6032cd07861e1f85d433c4777029e5b595339c22f506d8d7369fa926454217	none	0
tr04-official-1/T12-G2-r1/s3-recovery-seed1/io_verdict.json	443	c3b2feb77af86b08121ea46e6d92b8dd2defd43618446f6270768933cdbfd57d	c3b2feb77af86b08121ea46e6d92b8dd2defd43618446f6270768933cdbfd57d	none	0
tr04-official-1/T12-G2-r1/s3-recovery-seed1/metadata.json	5306	1d78c5cb5ffaf29fb15599d5dfeb572b1178074885db293b12c7c99db6540652	83ee78d21635dcc704b0f42fa4ea9abd356482d02217788c3bbfd37c45b1331d	redact	10
tr04-official-1/T12-G2-r1/s3-recovery-seed1/plc-stderr.log	0	e3b0c44298fc1c149afbf4c8996fb92427ae41e4649b934ca495991b7852b855	e3b0c44298fc1c149afbf4c8996fb92427ae41e4649b934ca495991b7852b855	none	0
tr04-official-1/T12-G2-r1/s3-recovery-seed1/processes.json	134	a359ee4aa54de89e8b8af12b57c7568e03924a7769f3cee1d8825d2cd30c000f	a359ee4aa54de89e8b8af12b57c7568e03924a7769f3cee1d8825d2cd30c000f	none	0
tr04-official-1/T12-G2-r1/s3-recovery-seed1/static.json	11874	8d74941f6af4b6934a1290117393a21e3a0fb67d07fcac2529c11e08bb09f146	8d74941f6af4b6934a1290117393a21e3a0fb67d07fcac2529c11e08bb09f146	none	0
tr04-official-1/T12-G2-r1/s3-recovery-seed1/vision-stderr.log	26	f6259e2742222db4cedc0f46e1f9d79c113803494192992ee22d2e0ff6d9cc6e	f6259e2742222db4cedc0f46e1f9d79c113803494192992ee22d2e0ff6d9cc6e	none	0
tr04-official-1/T12-G2-r1/static.json	326	e52f8e640cb6217ebde9c239821e2bf9e311ad3000877300bb097bb539ee8cd1	24d2c676d03a4b938850c5594f0157f71f7661e66787cdbee1f8b8a1fed499be	redact	1
tr04-official-1/T12-G2-r1/verdict.json	1156	725e10b827290f0b4797a5b092c1a59c683d5dfc0d67a693ed3819bc1be3625f	725e10b827290f0b4797a5b092c1a59c683d5dfc0d67a693ed3819bc1be3625f	none	0
tr04-official-1/T12-G2-r2/force.json	2212	18ac687fab2528bf22dbb2511b9aad63902156544d19787156a9286cc6797f5e	924bea389e16d6e7163ac5c5d4452fde04096dd8adc4dbafcb3073894c8b4d9f	redact	1
tr04-official-1/T12-G2-r2/s3-curtain-seed1/io_verdict.json	442	0d6016793d1093d7cc3322114b100f8661cdb354b1029bf0169ef2df01d2bed5	0d6016793d1093d7cc3322114b100f8661cdb354b1029bf0169ef2df01d2bed5	none	0
tr04-official-1/T12-G2-r2/s3-curtain-seed1/metadata.json	5305	357f06beff12294a46f400bca807b33f2cd25d4fae9c8f50efd4c2110f81265f	d6011089e5db6444a3450a9b3ef83c038bf0ba01e2b33dd6b37a9276c0c776fc	redact	10
tr04-official-1/T12-G2-r2/s3-curtain-seed1/plc-stderr.log	0	e3b0c44298fc1c149afbf4c8996fb92427ae41e4649b934ca495991b7852b855	e3b0c44298fc1c149afbf4c8996fb92427ae41e4649b934ca495991b7852b855	none	0
tr04-official-1/T12-G2-r2/s3-curtain-seed1/processes.json	133	2d682689e80bda8c5620f25653426df526d1fbc1117dd5af83750c779d3b7848	2d682689e80bda8c5620f25653426df526d1fbc1117dd5af83750c779d3b7848	none	0
tr04-official-1/T12-G2-r2/s3-curtain-seed1/reference-10ms-differences.json	3	37517e5f3dc66819f61f5a7bb8ace1921282415f10551d2defa5c3eb0985b570	37517e5f3dc66819f61f5a7bb8ace1921282415f10551d2defa5c3eb0985b570	none	0
tr04-official-1/T12-G2-r2/s3-curtain-seed1/static.json	11874	8d74941f6af4b6934a1290117393a21e3a0fb67d07fcac2529c11e08bb09f146	8d74941f6af4b6934a1290117393a21e3a0fb67d07fcac2529c11e08bb09f146	none	0
tr04-official-1/T12-G2-r2/s3-curtain-seed1/summary.json	4067	ccaa6a0cc97c182ae14d907d695fb10323d2a2b1ce58172be3f60518b40d601e	9acce77478a124948f54ba6407e290ef49f8a6c033b2b95231a2281efe18d078	drop_tick_hashes	0
tr04-official-1/T12-G2-r2/s3-curtain-seed1/vision-stderr.log	26	f6259e2742222db4cedc0f46e1f9d79c113803494192992ee22d2e0ff6d9cc6e	f6259e2742222db4cedc0f46e1f9d79c113803494192992ee22d2e0ff6d9cc6e	none	0
tr04-official-1/T12-G2-r2/s3-normal-seed1/io_verdict.json	383	5764c90719e5a826eba5810eea1a7ffe0fd700369ade52d68ab4498083a4b600	5764c90719e5a826eba5810eea1a7ffe0fd700369ade52d68ab4498083a4b600	none	0
tr04-official-1/T12-G2-r2/s3-normal-seed1/metadata.json	5304	faa56ea5702921ed684029e85bdd9cd009eadc46496754860d9e0742802754a0	900898a99c863b0e02e2b878d75c64a78396422afc42ff6e6950f0242ea29d8a	redact	10
tr04-official-1/T12-G2-r2/s3-normal-seed1/plc-stderr.log	0	e3b0c44298fc1c149afbf4c8996fb92427ae41e4649b934ca495991b7852b855	e3b0c44298fc1c149afbf4c8996fb92427ae41e4649b934ca495991b7852b855	none	0
tr04-official-1/T12-G2-r2/s3-normal-seed1/processes.json	133	2d682689e80bda8c5620f25653426df526d1fbc1117dd5af83750c779d3b7848	2d682689e80bda8c5620f25653426df526d1fbc1117dd5af83750c779d3b7848	none	0
tr04-official-1/T12-G2-r2/s3-normal-seed1/reference-10ms-differences.json	3	37517e5f3dc66819f61f5a7bb8ace1921282415f10551d2defa5c3eb0985b570	37517e5f3dc66819f61f5a7bb8ace1921282415f10551d2defa5c3eb0985b570	none	0
tr04-official-1/T12-G2-r2/s3-normal-seed1/static.json	11874	8d74941f6af4b6934a1290117393a21e3a0fb67d07fcac2529c11e08bb09f146	8d74941f6af4b6934a1290117393a21e3a0fb67d07fcac2529c11e08bb09f146	none	0
tr04-official-1/T12-G2-r2/s3-normal-seed1/summary.json	4186	7429093c6156b9427b2b15c2b77803ebcdc892898cc6b5a4dc7e30c93d2c5f32	076e96515aee6302ab7cf23af69c74b091d4cc77dfd81f6ce33f595fd37d5c27	drop_tick_hashes	0
tr04-official-1/T12-G2-r2/s3-normal-seed1/vision-stderr.log	26	f6259e2742222db4cedc0f46e1f9d79c113803494192992ee22d2e0ff6d9cc6e	f6259e2742222db4cedc0f46e1f9d79c113803494192992ee22d2e0ff6d9cc6e	none	0
tr04-official-1/T12-G2-r2/s3-normal-seed2/io_verdict.json	383	83da5e3273ff972c39964988f706e20a4642491265ba03a1382068d67c4f5ff7	83da5e3273ff972c39964988f706e20a4642491265ba03a1382068d67c4f5ff7	none	0
tr04-official-1/T12-G2-r2/s3-normal-seed2/metadata.json	5304	69be7493d4fbf3620d1122b9b9b292843b31f2591d06224155b856ab29fed8f4	377b86f814a63aae79cc3b9fda931a9a04a0fbd2d6ada0ca42834c2678bafc68	redact	10
tr04-official-1/T12-G2-r2/s3-normal-seed2/plc-stderr.log	0	e3b0c44298fc1c149afbf4c8996fb92427ae41e4649b934ca495991b7852b855	e3b0c44298fc1c149afbf4c8996fb92427ae41e4649b934ca495991b7852b855	none	0
tr04-official-1/T12-G2-r2/s3-normal-seed2/processes.json	133	2d682689e80bda8c5620f25653426df526d1fbc1117dd5af83750c779d3b7848	2d682689e80bda8c5620f25653426df526d1fbc1117dd5af83750c779d3b7848	none	0
tr04-official-1/T12-G2-r2/s3-normal-seed2/reference-10ms-differences.json	3	37517e5f3dc66819f61f5a7bb8ace1921282415f10551d2defa5c3eb0985b570	37517e5f3dc66819f61f5a7bb8ace1921282415f10551d2defa5c3eb0985b570	none	0
tr04-official-1/T12-G2-r2/s3-normal-seed2/static.json	11874	8d74941f6af4b6934a1290117393a21e3a0fb67d07fcac2529c11e08bb09f146	8d74941f6af4b6934a1290117393a21e3a0fb67d07fcac2529c11e08bb09f146	none	0
tr04-official-1/T12-G2-r2/s3-normal-seed2/summary.json	4190	f240d126bc1bc7b7ef85e65034184d9b43229f2008d64572ebacdfa34a96500e	7f4269ab220f62c3fe115982cdfe1cb1ddf7413b762387e5da412d30abfa014a	drop_tick_hashes	0
tr04-official-1/T12-G2-r2/s3-normal-seed2/vision-stderr.log	26	f6259e2742222db4cedc0f46e1f9d79c113803494192992ee22d2e0ff6d9cc6e	f6259e2742222db4cedc0f46e1f9d79c113803494192992ee22d2e0ff6d9cc6e	none	0
tr04-official-1/T12-G2-r2/s3-normal-seed3/io_verdict.json	383	0007070d2e319ecd363bdfafce6d41c38238c32859c88c342266c82bfdf40462	0007070d2e319ecd363bdfafce6d41c38238c32859c88c342266c82bfdf40462	none	0
tr04-official-1/T12-G2-r2/s3-normal-seed3/metadata.json	5304	026e1e3618f9cc4ab6c410faac5664acbdd77559bbcd4e4f02d6708439aa0e61	0d5039362db230699a6c3945b37a812bbeb9504f7d3a952d43c3b33336c4cf54	redact	10
tr04-official-1/T12-G2-r2/s3-normal-seed3/plc-stderr.log	0	e3b0c44298fc1c149afbf4c8996fb92427ae41e4649b934ca495991b7852b855	e3b0c44298fc1c149afbf4c8996fb92427ae41e4649b934ca495991b7852b855	none	0
tr04-official-1/T12-G2-r2/s3-normal-seed3/processes.json	133	2d682689e80bda8c5620f25653426df526d1fbc1117dd5af83750c779d3b7848	2d682689e80bda8c5620f25653426df526d1fbc1117dd5af83750c779d3b7848	none	0
tr04-official-1/T12-G2-r2/s3-normal-seed3/reference-10ms-differences.json	3	37517e5f3dc66819f61f5a7bb8ace1921282415f10551d2defa5c3eb0985b570	37517e5f3dc66819f61f5a7bb8ace1921282415f10551d2defa5c3eb0985b570	none	0
tr04-official-1/T12-G2-r2/s3-normal-seed3/static.json	11874	8d74941f6af4b6934a1290117393a21e3a0fb67d07fcac2529c11e08bb09f146	8d74941f6af4b6934a1290117393a21e3a0fb67d07fcac2529c11e08bb09f146	none	0
tr04-official-1/T12-G2-r2/s3-normal-seed3/summary.json	4191	594b34ead24b9e17e9932394008055b9e7ddc73c3300289b5dd186b0a6315aeb	3da18a24503ea57076c25ae1813c3cea3e9e7743bf6fcd532f572373b9b6c495	drop_tick_hashes	0
tr04-official-1/T12-G2-r2/s3-normal-seed3/vision-stderr.log	26	f6259e2742222db4cedc0f46e1f9d79c113803494192992ee22d2e0ff6d9cc6e	f6259e2742222db4cedc0f46e1f9d79c113803494192992ee22d2e0ff6d9cc6e	none	0
tr04-official-1/T12-G2-r2/s3-recovery-retract-seed1/failure.json	75	0c6032cd07861e1f85d433c4777029e5b595339c22f506d8d7369fa926454217	0c6032cd07861e1f85d433c4777029e5b595339c22f506d8d7369fa926454217	none	0
tr04-official-1/T12-G2-r2/s3-recovery-retract-seed1/io_verdict.json	451	052be0d43fa3e754cebfb1cf553a1e9e0bdaf80eaaf9f7f5d4ace5924952ae26	052be0d43fa3e754cebfb1cf553a1e9e0bdaf80eaaf9f7f5d4ace5924952ae26	none	0
tr04-official-1/T12-G2-r2/s3-recovery-retract-seed1/metadata.json	5314	2cc4490a58a6aa56ce57d53f019efaa518fd6d57e1254ac79ae8831ea4656378	7f3f02f117aee2688f81f8c6287760111ca38f81f4e3f522ffb0213a2c7bd9fc	redact	10
tr04-official-1/T12-G2-r2/s3-recovery-retract-seed1/plc-stderr.log	0	e3b0c44298fc1c149afbf4c8996fb92427ae41e4649b934ca495991b7852b855	e3b0c44298fc1c149afbf4c8996fb92427ae41e4649b934ca495991b7852b855	none	0
tr04-official-1/T12-G2-r2/s3-recovery-retract-seed1/processes.json	134	a359ee4aa54de89e8b8af12b57c7568e03924a7769f3cee1d8825d2cd30c000f	a359ee4aa54de89e8b8af12b57c7568e03924a7769f3cee1d8825d2cd30c000f	none	0
tr04-official-1/T12-G2-r2/s3-recovery-retract-seed1/static.json	11874	8d74941f6af4b6934a1290117393a21e3a0fb67d07fcac2529c11e08bb09f146	8d74941f6af4b6934a1290117393a21e3a0fb67d07fcac2529c11e08bb09f146	none	0
tr04-official-1/T12-G2-r2/s3-recovery-retract-seed1/vision-stderr.log	26	f6259e2742222db4cedc0f46e1f9d79c113803494192992ee22d2e0ff6d9cc6e	f6259e2742222db4cedc0f46e1f9d79c113803494192992ee22d2e0ff6d9cc6e	none	0
tr04-official-1/T12-G2-r2/s3-recovery-seed1/failure.json	75	0c6032cd07861e1f85d433c4777029e5b595339c22f506d8d7369fa926454217	0c6032cd07861e1f85d433c4777029e5b595339c22f506d8d7369fa926454217	none	0
tr04-official-1/T12-G2-r2/s3-recovery-seed1/io_verdict.json	443	c3b2feb77af86b08121ea46e6d92b8dd2defd43618446f6270768933cdbfd57d	c3b2feb77af86b08121ea46e6d92b8dd2defd43618446f6270768933cdbfd57d	none	0
tr04-official-1/T12-G2-r2/s3-recovery-seed1/metadata.json	5306	584e1928defd703563bc7c3d51bdbdcdf34d0ad4555d1978a3bf50b3af8c97c0	e36316fca5086697484b8ef9033ceca25439bffaffdf6ccd479758f5254d196b	redact	10
tr04-official-1/T12-G2-r2/s3-recovery-seed1/plc-stderr.log	0	e3b0c44298fc1c149afbf4c8996fb92427ae41e4649b934ca495991b7852b855	e3b0c44298fc1c149afbf4c8996fb92427ae41e4649b934ca495991b7852b855	none	0
tr04-official-1/T12-G2-r2/s3-recovery-seed1/processes.json	134	a359ee4aa54de89e8b8af12b57c7568e03924a7769f3cee1d8825d2cd30c000f	a359ee4aa54de89e8b8af12b57c7568e03924a7769f3cee1d8825d2cd30c000f	none	0
tr04-official-1/T12-G2-r2/s3-recovery-seed1/static.json	11874	8d74941f6af4b6934a1290117393a21e3a0fb67d07fcac2529c11e08bb09f146	8d74941f6af4b6934a1290117393a21e3a0fb67d07fcac2529c11e08bb09f146	none	0
tr04-official-1/T12-G2-r2/s3-recovery-seed1/vision-stderr.log	26	f6259e2742222db4cedc0f46e1f9d79c113803494192992ee22d2e0ff6d9cc6e	f6259e2742222db4cedc0f46e1f9d79c113803494192992ee22d2e0ff6d9cc6e	none	0
tr04-official-1/T12-G2-r2/static.json	326	722acb47481e593f286ec59c085e0191368dacdd65ccf5f17df43418c505739b	efa0a39b0b86c0afc9f43d8b25e45e50d62a6e7bd782a1d394eb96dd4ecdd5a2	redact	1
tr04-official-1/T12-G2-r2/verdict.json	1156	82763e4b69e6aa4aef9aa8d759f199750d63a3c49c00d51bbfa5551ddb6bbfbf	82763e4b69e6aa4aef9aa8d759f199750d63a3c49c00d51bbfa5551ddb6bbfbf	none	0
tr04-official-1/T12-G2-r3/force.json	2212	5dad511aaf612ecf36a24e73fdd51240e3b7a68a67c5ef7e253d59df23533c82	c3386f7a0ddbde65bc0373673e35e7f6a7b205b78fa2bfd7d5e7ed7e741d4d3d	redact	1
tr04-official-1/T12-G2-r3/s3-curtain-seed1/io_verdict.json	442	0d6016793d1093d7cc3322114b100f8661cdb354b1029bf0169ef2df01d2bed5	0d6016793d1093d7cc3322114b100f8661cdb354b1029bf0169ef2df01d2bed5	none	0
tr04-official-1/T12-G2-r3/s3-curtain-seed1/metadata.json	5305	abac9ae86694bc08f3f14b75fde46dfca3032ce5d3a3917129dd65c0b82accb2	72bbfcf106e1838a983acfc3c0100ccfe6d5c03570c2aad40effd503f9d5be99	redact	10
tr04-official-1/T12-G2-r3/s3-curtain-seed1/plc-stderr.log	0	e3b0c44298fc1c149afbf4c8996fb92427ae41e4649b934ca495991b7852b855	e3b0c44298fc1c149afbf4c8996fb92427ae41e4649b934ca495991b7852b855	none	0
tr04-official-1/T12-G2-r3/s3-curtain-seed1/processes.json	133	2d682689e80bda8c5620f25653426df526d1fbc1117dd5af83750c779d3b7848	2d682689e80bda8c5620f25653426df526d1fbc1117dd5af83750c779d3b7848	none	0
tr04-official-1/T12-G2-r3/s3-curtain-seed1/reference-10ms-differences.json	3	37517e5f3dc66819f61f5a7bb8ace1921282415f10551d2defa5c3eb0985b570	37517e5f3dc66819f61f5a7bb8ace1921282415f10551d2defa5c3eb0985b570	none	0
tr04-official-1/T12-G2-r3/s3-curtain-seed1/static.json	12189	bf7f76c7c6fa4df32fa5763bc7023cc82dd6f479cff8706e87928a50c49bd9f9	bf7f76c7c6fa4df32fa5763bc7023cc82dd6f479cff8706e87928a50c49bd9f9	none	0
tr04-official-1/T12-G2-r3/s3-curtain-seed1/summary.json	4067	7597baad25fe47c328dc1628b2b4fd758ea2de931401ece4b2a23039b0c10edc	dbbb58ba1ddfa51ce611220c73e001968be093552739f697cae29b6c41039343	drop_tick_hashes	0
tr04-official-1/T12-G2-r3/s3-curtain-seed1/vision-stderr.log	26	f6259e2742222db4cedc0f46e1f9d79c113803494192992ee22d2e0ff6d9cc6e	f6259e2742222db4cedc0f46e1f9d79c113803494192992ee22d2e0ff6d9cc6e	none	0
tr04-official-1/T12-G2-r3/s3-normal-seed1/io_verdict.json	383	5764c90719e5a826eba5810eea1a7ffe0fd700369ade52d68ab4498083a4b600	5764c90719e5a826eba5810eea1a7ffe0fd700369ade52d68ab4498083a4b600	none	0
tr04-official-1/T12-G2-r3/s3-normal-seed1/metadata.json	5304	8b581247238dd819e712840a7f119f4045da39afd9cbb2e6bfae72a5eb68e745	5d8742235761425d3092994b26b748177fdb7eb21aa9680b1fd599ac79162659	redact	10
tr04-official-1/T12-G2-r3/s3-normal-seed1/plc-stderr.log	0	e3b0c44298fc1c149afbf4c8996fb92427ae41e4649b934ca495991b7852b855	e3b0c44298fc1c149afbf4c8996fb92427ae41e4649b934ca495991b7852b855	none	0
tr04-official-1/T12-G2-r3/s3-normal-seed1/processes.json	133	2d682689e80bda8c5620f25653426df526d1fbc1117dd5af83750c779d3b7848	2d682689e80bda8c5620f25653426df526d1fbc1117dd5af83750c779d3b7848	none	0
tr04-official-1/T12-G2-r3/s3-normal-seed1/reference-10ms-differences.json	3	37517e5f3dc66819f61f5a7bb8ace1921282415f10551d2defa5c3eb0985b570	37517e5f3dc66819f61f5a7bb8ace1921282415f10551d2defa5c3eb0985b570	none	0
tr04-official-1/T12-G2-r3/s3-normal-seed1/static.json	12189	bf7f76c7c6fa4df32fa5763bc7023cc82dd6f479cff8706e87928a50c49bd9f9	bf7f76c7c6fa4df32fa5763bc7023cc82dd6f479cff8706e87928a50c49bd9f9	none	0
tr04-official-1/T12-G2-r3/s3-normal-seed1/summary.json	4186	fad08d12271eda903fa652ff41281b5c965cd60cfdd47d9c682e06ef51c82863	fd2630d9164db2b0fbbba80075132c0cd13307e5b0634000a3e61b0b92ee29f4	drop_tick_hashes	0
tr04-official-1/T12-G2-r3/s3-normal-seed1/vision-stderr.log	26	f6259e2742222db4cedc0f46e1f9d79c113803494192992ee22d2e0ff6d9cc6e	f6259e2742222db4cedc0f46e1f9d79c113803494192992ee22d2e0ff6d9cc6e	none	0
tr04-official-1/T12-G2-r3/s3-normal-seed2/io_verdict.json	383	83da5e3273ff972c39964988f706e20a4642491265ba03a1382068d67c4f5ff7	83da5e3273ff972c39964988f706e20a4642491265ba03a1382068d67c4f5ff7	none	0
tr04-official-1/T12-G2-r3/s3-normal-seed2/metadata.json	5304	4530d02b40c10916d92234b85b9ad0006453defc4a5fca37181b2075d34ebfde	cd4485f8fdf1c7f64aa8adc7372e21a559d00809426c0928fd4af08468a66c2a	redact	10
tr04-official-1/T12-G2-r3/s3-normal-seed2/plc-stderr.log	0	e3b0c44298fc1c149afbf4c8996fb92427ae41e4649b934ca495991b7852b855	e3b0c44298fc1c149afbf4c8996fb92427ae41e4649b934ca495991b7852b855	none	0
tr04-official-1/T12-G2-r3/s3-normal-seed2/processes.json	133	2d682689e80bda8c5620f25653426df526d1fbc1117dd5af83750c779d3b7848	2d682689e80bda8c5620f25653426df526d1fbc1117dd5af83750c779d3b7848	none	0
tr04-official-1/T12-G2-r3/s3-normal-seed2/reference-10ms-differences.json	3	37517e5f3dc66819f61f5a7bb8ace1921282415f10551d2defa5c3eb0985b570	37517e5f3dc66819f61f5a7bb8ace1921282415f10551d2defa5c3eb0985b570	none	0
tr04-official-1/T12-G2-r3/s3-normal-seed2/static.json	12189	bf7f76c7c6fa4df32fa5763bc7023cc82dd6f479cff8706e87928a50c49bd9f9	bf7f76c7c6fa4df32fa5763bc7023cc82dd6f479cff8706e87928a50c49bd9f9	none	0
tr04-official-1/T12-G2-r3/s3-normal-seed2/summary.json	4190	0d80b1888b95d657259340c24eea866a6f29eabc1b7b71cdc9b1cc054d12241f	625365a0eb3d72c43562c8bf1b2303325db7eb99dfaa7fa02a3aeb714c554dff	drop_tick_hashes	0
tr04-official-1/T12-G2-r3/s3-normal-seed2/vision-stderr.log	26	f6259e2742222db4cedc0f46e1f9d79c113803494192992ee22d2e0ff6d9cc6e	f6259e2742222db4cedc0f46e1f9d79c113803494192992ee22d2e0ff6d9cc6e	none	0
tr04-official-1/T12-G2-r3/s3-normal-seed3/io_verdict.json	383	0007070d2e319ecd363bdfafce6d41c38238c32859c88c342266c82bfdf40462	0007070d2e319ecd363bdfafce6d41c38238c32859c88c342266c82bfdf40462	none	0
tr04-official-1/T12-G2-r3/s3-normal-seed3/metadata.json	5304	9b52d41156eb71416239ade5065332968dada782443edaf5b2079b7c6d12202e	f9e00b9e6191638336f1bd9636fbf1f40dcaf0b728718f9eb54ddd7517b506f0	redact	10
tr04-official-1/T12-G2-r3/s3-normal-seed3/plc-stderr.log	0	e3b0c44298fc1c149afbf4c8996fb92427ae41e4649b934ca495991b7852b855	e3b0c44298fc1c149afbf4c8996fb92427ae41e4649b934ca495991b7852b855	none	0
tr04-official-1/T12-G2-r3/s3-normal-seed3/processes.json	133	2d682689e80bda8c5620f25653426df526d1fbc1117dd5af83750c779d3b7848	2d682689e80bda8c5620f25653426df526d1fbc1117dd5af83750c779d3b7848	none	0
tr04-official-1/T12-G2-r3/s3-normal-seed3/reference-10ms-differences.json	3	37517e5f3dc66819f61f5a7bb8ace1921282415f10551d2defa5c3eb0985b570	37517e5f3dc66819f61f5a7bb8ace1921282415f10551d2defa5c3eb0985b570	none	0
tr04-official-1/T12-G2-r3/s3-normal-seed3/static.json	12189	bf7f76c7c6fa4df32fa5763bc7023cc82dd6f479cff8706e87928a50c49bd9f9	bf7f76c7c6fa4df32fa5763bc7023cc82dd6f479cff8706e87928a50c49bd9f9	none	0
tr04-official-1/T12-G2-r3/s3-normal-seed3/summary.json	4191	6b2b09cee07c96537cc26ad3755171b08a4a9cf0c0f9c7c8fba2e01869016985	927afa9016305f0fdbf2c2181c0450a45581889463bad79a89380ba0fd67243d	drop_tick_hashes	0
tr04-official-1/T12-G2-r3/s3-normal-seed3/vision-stderr.log	26	f6259e2742222db4cedc0f46e1f9d79c113803494192992ee22d2e0ff6d9cc6e	f6259e2742222db4cedc0f46e1f9d79c113803494192992ee22d2e0ff6d9cc6e	none	0
tr04-official-1/T12-G2-r3/s3-recovery-retract-seed1/failure.json	75	0c6032cd07861e1f85d433c4777029e5b595339c22f506d8d7369fa926454217	0c6032cd07861e1f85d433c4777029e5b595339c22f506d8d7369fa926454217	none	0
tr04-official-1/T12-G2-r3/s3-recovery-retract-seed1/io_verdict.json	451	052be0d43fa3e754cebfb1cf553a1e9e0bdaf80eaaf9f7f5d4ace5924952ae26	052be0d43fa3e754cebfb1cf553a1e9e0bdaf80eaaf9f7f5d4ace5924952ae26	none	0
tr04-official-1/T12-G2-r3/s3-recovery-retract-seed1/metadata.json	5314	5266d018b625253d4c07ff905cf9052410b632a035cc61d2560b51595a07c474	9ac186153f2959e53d781f870db8c9c4ad60366d325ba68b0cf4c1c85418f3af	redact	10
tr04-official-1/T12-G2-r3/s3-recovery-retract-seed1/plc-stderr.log	0	e3b0c44298fc1c149afbf4c8996fb92427ae41e4649b934ca495991b7852b855	e3b0c44298fc1c149afbf4c8996fb92427ae41e4649b934ca495991b7852b855	none	0
tr04-official-1/T12-G2-r3/s3-recovery-retract-seed1/processes.json	134	a359ee4aa54de89e8b8af12b57c7568e03924a7769f3cee1d8825d2cd30c000f	a359ee4aa54de89e8b8af12b57c7568e03924a7769f3cee1d8825d2cd30c000f	none	0
tr04-official-1/T12-G2-r3/s3-recovery-retract-seed1/static.json	12189	bf7f76c7c6fa4df32fa5763bc7023cc82dd6f479cff8706e87928a50c49bd9f9	bf7f76c7c6fa4df32fa5763bc7023cc82dd6f479cff8706e87928a50c49bd9f9	none	0
tr04-official-1/T12-G2-r3/s3-recovery-retract-seed1/vision-stderr.log	26	f6259e2742222db4cedc0f46e1f9d79c113803494192992ee22d2e0ff6d9cc6e	f6259e2742222db4cedc0f46e1f9d79c113803494192992ee22d2e0ff6d9cc6e	none	0
tr04-official-1/T12-G2-r3/s3-recovery-seed1/failure.json	75	0c6032cd07861e1f85d433c4777029e5b595339c22f506d8d7369fa926454217	0c6032cd07861e1f85d433c4777029e5b595339c22f506d8d7369fa926454217	none	0
tr04-official-1/T12-G2-r3/s3-recovery-seed1/io_verdict.json	443	c3b2feb77af86b08121ea46e6d92b8dd2defd43618446f6270768933cdbfd57d	c3b2feb77af86b08121ea46e6d92b8dd2defd43618446f6270768933cdbfd57d	none	0
tr04-official-1/T12-G2-r3/s3-recovery-seed1/metadata.json	5306	865d61511f4d80d81f7c06c811f805c576b1810ccc12fc646591de76220ddaa1	9f5975314cf732e94f434bf2478f30ed83c43a422606d12c8bbf55680bf3ab82	redact	10
tr04-official-1/T12-G2-r3/s3-recovery-seed1/plc-stderr.log	0	e3b0c44298fc1c149afbf4c8996fb92427ae41e4649b934ca495991b7852b855	e3b0c44298fc1c149afbf4c8996fb92427ae41e4649b934ca495991b7852b855	none	0
tr04-official-1/T12-G2-r3/s3-recovery-seed1/processes.json	134	a359ee4aa54de89e8b8af12b57c7568e03924a7769f3cee1d8825d2cd30c000f	a359ee4aa54de89e8b8af12b57c7568e03924a7769f3cee1d8825d2cd30c000f	none	0
tr04-official-1/T12-G2-r3/s3-recovery-seed1/static.json	12189	bf7f76c7c6fa4df32fa5763bc7023cc82dd6f479cff8706e87928a50c49bd9f9	bf7f76c7c6fa4df32fa5763bc7023cc82dd6f479cff8706e87928a50c49bd9f9	none	0
tr04-official-1/T12-G2-r3/s3-recovery-seed1/vision-stderr.log	26	f6259e2742222db4cedc0f46e1f9d79c113803494192992ee22d2e0ff6d9cc6e	f6259e2742222db4cedc0f46e1f9d79c113803494192992ee22d2e0ff6d9cc6e	none	0
tr04-official-1/T12-G2-r3/static.json	326	d8dfa918f33ce7d3bf34ca6a382d60177b5433d3c0a2ae9da6097d2add6125a1	69260e6dedea7b1eb6883b736056b040d06ba655c880bce7c90b5d4faea69aa9	redact	1
tr04-official-1/T12-G2-r3/verdict.json	1156	412a58b4d7236d416351b1213cd1cbd4372699283d01e0fc732d21d1280a8650	412a58b4d7236d416351b1213cd1cbd4372699283d01e0fc732d21d1280a8650	none	0
tr04-official-1/T12-G3-r1/verdict.json	142	e8b146619a5c7cd86d654e3cfa8bbe737bde78755f1c204b764a69f0d638db6e	e8b146619a5c7cd86d654e3cfa8bbe737bde78755f1c204b764a69f0d638db6e	none	0
tr04-official-1/T13-G1-r1/force.json	2212	6b2338f7358e91cda30d19ddde70e9015448e46e979af0030cdd6dc4b7f7a360	d20267563481750fd965b663370a09b5368855bf75894139d940f36c5764edf9	redact	1
tr04-official-1/T13-G1-r1/s3-curtain-seed1/io_verdict.json	442	0d6016793d1093d7cc3322114b100f8661cdb354b1029bf0169ef2df01d2bed5	0d6016793d1093d7cc3322114b100f8661cdb354b1029bf0169ef2df01d2bed5	none	0
tr04-official-1/T13-G1-r1/s3-curtain-seed1/metadata.json	5305	a34dbda7a659cb1bc5c4149e6bdf9480e528580123662f0ace5738a486e0af72	ea0a1d960cf48e53b9d37b1e1b30264cfabc45e51e462be138d9a4760bd5d2ed	redact	10
tr04-official-1/T13-G1-r1/s3-curtain-seed1/plc-stderr.log	0	e3b0c44298fc1c149afbf4c8996fb92427ae41e4649b934ca495991b7852b855	e3b0c44298fc1c149afbf4c8996fb92427ae41e4649b934ca495991b7852b855	none	0
tr04-official-1/T13-G1-r1/s3-curtain-seed1/processes.json	133	2d682689e80bda8c5620f25653426df526d1fbc1117dd5af83750c779d3b7848	2d682689e80bda8c5620f25653426df526d1fbc1117dd5af83750c779d3b7848	none	0
tr04-official-1/T13-G1-r1/s3-curtain-seed1/reference-10ms-differences.json	3	37517e5f3dc66819f61f5a7bb8ace1921282415f10551d2defa5c3eb0985b570	37517e5f3dc66819f61f5a7bb8ace1921282415f10551d2defa5c3eb0985b570	none	0
tr04-official-1/T13-G1-r1/s3-curtain-seed1/static.json	11562	e9503e9c8940ae71a18d4c9613054e118b4a6dc6bf9ffe9bfc3afa84cca05ce5	e9503e9c8940ae71a18d4c9613054e118b4a6dc6bf9ffe9bfc3afa84cca05ce5	none	0
tr04-official-1/T13-G1-r1/s3-curtain-seed1/summary.json	4067	e568b355846ab2eaf4dab761a129056f640cd1676ccb92c6c0e8eaa254436976	a5cd0b80438e8c93b035137ca8b247456b0b6f4b58c4714668b9b9c638391506	drop_tick_hashes	0
tr04-official-1/T13-G1-r1/s3-curtain-seed1/vision-stderr.log	26	f6259e2742222db4cedc0f46e1f9d79c113803494192992ee22d2e0ff6d9cc6e	f6259e2742222db4cedc0f46e1f9d79c113803494192992ee22d2e0ff6d9cc6e	none	0
tr04-official-1/T13-G1-r1/s3-normal-seed1/io_verdict.json	383	5764c90719e5a826eba5810eea1a7ffe0fd700369ade52d68ab4498083a4b600	5764c90719e5a826eba5810eea1a7ffe0fd700369ade52d68ab4498083a4b600	none	0
tr04-official-1/T13-G1-r1/s3-normal-seed1/metadata.json	5304	43c0a6ed36c344ae027555ba6da0bb25b49b8dbc8fa070a2f2f0a229cbc888bf	7a31f9c41ed8b378817f8f369d4b047a026a63d85bd44005b9e97a8285b550bf	redact	10
tr04-official-1/T13-G1-r1/s3-normal-seed1/plc-stderr.log	0	e3b0c44298fc1c149afbf4c8996fb92427ae41e4649b934ca495991b7852b855	e3b0c44298fc1c149afbf4c8996fb92427ae41e4649b934ca495991b7852b855	none	0
tr04-official-1/T13-G1-r1/s3-normal-seed1/processes.json	133	2d682689e80bda8c5620f25653426df526d1fbc1117dd5af83750c779d3b7848	2d682689e80bda8c5620f25653426df526d1fbc1117dd5af83750c779d3b7848	none	0
tr04-official-1/T13-G1-r1/s3-normal-seed1/reference-10ms-differences.json	3	37517e5f3dc66819f61f5a7bb8ace1921282415f10551d2defa5c3eb0985b570	37517e5f3dc66819f61f5a7bb8ace1921282415f10551d2defa5c3eb0985b570	none	0
tr04-official-1/T13-G1-r1/s3-normal-seed1/static.json	11562	e9503e9c8940ae71a18d4c9613054e118b4a6dc6bf9ffe9bfc3afa84cca05ce5	e9503e9c8940ae71a18d4c9613054e118b4a6dc6bf9ffe9bfc3afa84cca05ce5	none	0
tr04-official-1/T13-G1-r1/s3-normal-seed1/summary.json	4186	007492ac33241accf832812979b30f5024935baa3132a0bba7034ba15f9138ee	0d6b9b2183218cd7fe99cd32e9cb9deaab73b8f99f060e70511e481ea07b6dd0	drop_tick_hashes	0
tr04-official-1/T13-G1-r1/s3-normal-seed1/vision-stderr.log	26	f6259e2742222db4cedc0f46e1f9d79c113803494192992ee22d2e0ff6d9cc6e	f6259e2742222db4cedc0f46e1f9d79c113803494192992ee22d2e0ff6d9cc6e	none	0
tr04-official-1/T13-G1-r1/s3-normal-seed2/io_verdict.json	383	83da5e3273ff972c39964988f706e20a4642491265ba03a1382068d67c4f5ff7	83da5e3273ff972c39964988f706e20a4642491265ba03a1382068d67c4f5ff7	none	0
tr04-official-1/T13-G1-r1/s3-normal-seed2/metadata.json	5304	61b547368532b466bfc667eb9996a3b7a518a18549e28b7a97b03711a9fe171a	143055e231224da0898cf11bacfe8ba94f9a7fb7c49105476afffc3b9fa60652	redact	10
tr04-official-1/T13-G1-r1/s3-normal-seed2/plc-stderr.log	0	e3b0c44298fc1c149afbf4c8996fb92427ae41e4649b934ca495991b7852b855	e3b0c44298fc1c149afbf4c8996fb92427ae41e4649b934ca495991b7852b855	none	0
tr04-official-1/T13-G1-r1/s3-normal-seed2/processes.json	133	2d682689e80bda8c5620f25653426df526d1fbc1117dd5af83750c779d3b7848	2d682689e80bda8c5620f25653426df526d1fbc1117dd5af83750c779d3b7848	none	0
tr04-official-1/T13-G1-r1/s3-normal-seed2/reference-10ms-differences.json	3	37517e5f3dc66819f61f5a7bb8ace1921282415f10551d2defa5c3eb0985b570	37517e5f3dc66819f61f5a7bb8ace1921282415f10551d2defa5c3eb0985b570	none	0
tr04-official-1/T13-G1-r1/s3-normal-seed2/static.json	11562	e9503e9c8940ae71a18d4c9613054e118b4a6dc6bf9ffe9bfc3afa84cca05ce5	e9503e9c8940ae71a18d4c9613054e118b4a6dc6bf9ffe9bfc3afa84cca05ce5	none	0
tr04-official-1/T13-G1-r1/s3-normal-seed2/summary.json	4190	1da117c37966b057e158152717cde96ab8a6d62a02920d51968387a8036f7559	10e179040aba66c53c478c7949c42ae16e10b12d180a0e34d507459f0b4317f9	drop_tick_hashes	0
tr04-official-1/T13-G1-r1/s3-normal-seed2/vision-stderr.log	26	f6259e2742222db4cedc0f46e1f9d79c113803494192992ee22d2e0ff6d9cc6e	f6259e2742222db4cedc0f46e1f9d79c113803494192992ee22d2e0ff6d9cc6e	none	0
tr04-official-1/T13-G1-r1/s3-normal-seed3/io_verdict.json	383	0007070d2e319ecd363bdfafce6d41c38238c32859c88c342266c82bfdf40462	0007070d2e319ecd363bdfafce6d41c38238c32859c88c342266c82bfdf40462	none	0
tr04-official-1/T13-G1-r1/s3-normal-seed3/metadata.json	5304	93f57127de83dee59371483d1a6c6368b9a944add13dae2c286e9da194af1b08	8cc26d133c40fd781eec6c5ccd4431d72335196f3c3a94f721b31c164ee0bf58	redact	10
tr04-official-1/T13-G1-r1/s3-normal-seed3/plc-stderr.log	0	e3b0c44298fc1c149afbf4c8996fb92427ae41e4649b934ca495991b7852b855	e3b0c44298fc1c149afbf4c8996fb92427ae41e4649b934ca495991b7852b855	none	0
tr04-official-1/T13-G1-r1/s3-normal-seed3/processes.json	133	2d682689e80bda8c5620f25653426df526d1fbc1117dd5af83750c779d3b7848	2d682689e80bda8c5620f25653426df526d1fbc1117dd5af83750c779d3b7848	none	0
tr04-official-1/T13-G1-r1/s3-normal-seed3/reference-10ms-differences.json	3	37517e5f3dc66819f61f5a7bb8ace1921282415f10551d2defa5c3eb0985b570	37517e5f3dc66819f61f5a7bb8ace1921282415f10551d2defa5c3eb0985b570	none	0
tr04-official-1/T13-G1-r1/s3-normal-seed3/static.json	11562	e9503e9c8940ae71a18d4c9613054e118b4a6dc6bf9ffe9bfc3afa84cca05ce5	e9503e9c8940ae71a18d4c9613054e118b4a6dc6bf9ffe9bfc3afa84cca05ce5	none	0
tr04-official-1/T13-G1-r1/s3-normal-seed3/summary.json	4191	70fbd877760be22feb5f93729497f9c999dbdc72f4bc5b7134ad5f85291b3414	60767787f3a1faf81a3627bd874153f629fb3bfe4ade53c02131864761193bf0	drop_tick_hashes	0
tr04-official-1/T13-G1-r1/s3-normal-seed3/vision-stderr.log	26	f6259e2742222db4cedc0f46e1f9d79c113803494192992ee22d2e0ff6d9cc6e	f6259e2742222db4cedc0f46e1f9d79c113803494192992ee22d2e0ff6d9cc6e	none	0
tr04-official-1/T13-G1-r1/s3-recovery-retract-seed1/failure.json	75	0c6032cd07861e1f85d433c4777029e5b595339c22f506d8d7369fa926454217	0c6032cd07861e1f85d433c4777029e5b595339c22f506d8d7369fa926454217	none	0
tr04-official-1/T13-G1-r1/s3-recovery-retract-seed1/io_verdict.json	451	052be0d43fa3e754cebfb1cf553a1e9e0bdaf80eaaf9f7f5d4ace5924952ae26	052be0d43fa3e754cebfb1cf553a1e9e0bdaf80eaaf9f7f5d4ace5924952ae26	none	0
tr04-official-1/T13-G1-r1/s3-recovery-retract-seed1/metadata.json	5314	b2267d7af7474e9beae8630b5c965877343a123bfc7160d55026513d17ab614a	c78b456a532e9e829d911bcc378ce766bb6b07eeec582f1605643ee1904fe67d	redact	10
tr04-official-1/T13-G1-r1/s3-recovery-retract-seed1/plc-stderr.log	0	e3b0c44298fc1c149afbf4c8996fb92427ae41e4649b934ca495991b7852b855	e3b0c44298fc1c149afbf4c8996fb92427ae41e4649b934ca495991b7852b855	none	0
tr04-official-1/T13-G1-r1/s3-recovery-retract-seed1/processes.json	134	a359ee4aa54de89e8b8af12b57c7568e03924a7769f3cee1d8825d2cd30c000f	a359ee4aa54de89e8b8af12b57c7568e03924a7769f3cee1d8825d2cd30c000f	none	0
tr04-official-1/T13-G1-r1/s3-recovery-retract-seed1/static.json	11562	e9503e9c8940ae71a18d4c9613054e118b4a6dc6bf9ffe9bfc3afa84cca05ce5	e9503e9c8940ae71a18d4c9613054e118b4a6dc6bf9ffe9bfc3afa84cca05ce5	none	0
tr04-official-1/T13-G1-r1/s3-recovery-retract-seed1/vision-stderr.log	26	f6259e2742222db4cedc0f46e1f9d79c113803494192992ee22d2e0ff6d9cc6e	f6259e2742222db4cedc0f46e1f9d79c113803494192992ee22d2e0ff6d9cc6e	none	0
tr04-official-1/T13-G1-r1/s3-recovery-seed1/failure.json	75	0c6032cd07861e1f85d433c4777029e5b595339c22f506d8d7369fa926454217	0c6032cd07861e1f85d433c4777029e5b595339c22f506d8d7369fa926454217	none	0
tr04-official-1/T13-G1-r1/s3-recovery-seed1/io_verdict.json	443	c3b2feb77af86b08121ea46e6d92b8dd2defd43618446f6270768933cdbfd57d	c3b2feb77af86b08121ea46e6d92b8dd2defd43618446f6270768933cdbfd57d	none	0
tr04-official-1/T13-G1-r1/s3-recovery-seed1/metadata.json	5306	f91c353e103efea0741380af0c49c71ea5ea317af002308c9d3a6a3488652b53	e0ed68403561aa8eeadeaf038d2feb32a292430b7a7cd915c8eeab4c2b4c264c	redact	10
tr04-official-1/T13-G1-r1/s3-recovery-seed1/plc-stderr.log	0	e3b0c44298fc1c149afbf4c8996fb92427ae41e4649b934ca495991b7852b855	e3b0c44298fc1c149afbf4c8996fb92427ae41e4649b934ca495991b7852b855	none	0
tr04-official-1/T13-G1-r1/s3-recovery-seed1/processes.json	134	a359ee4aa54de89e8b8af12b57c7568e03924a7769f3cee1d8825d2cd30c000f	a359ee4aa54de89e8b8af12b57c7568e03924a7769f3cee1d8825d2cd30c000f	none	0
tr04-official-1/T13-G1-r1/s3-recovery-seed1/static.json	11562	e9503e9c8940ae71a18d4c9613054e118b4a6dc6bf9ffe9bfc3afa84cca05ce5	e9503e9c8940ae71a18d4c9613054e118b4a6dc6bf9ffe9bfc3afa84cca05ce5	none	0
tr04-official-1/T13-G1-r1/s3-recovery-seed1/vision-stderr.log	26	f6259e2742222db4cedc0f46e1f9d79c113803494192992ee22d2e0ff6d9cc6e	f6259e2742222db4cedc0f46e1f9d79c113803494192992ee22d2e0ff6d9cc6e	none	0
tr04-official-1/T13-G1-r1/static.json	326	79e573fc084523638fd9c358c7ccd1bcb0087cb5e9b1b54ef2c8dc5f27d1a4bb	82d8eb0526f4f0f47d7dfabd9d91bb6a35bc0e09e1859dc7bd00b60eef933d92	redact	1
tr04-official-1/T13-G1-r1/verdict.json	1156	4824af08315043a0b4b0511153d04a92c85d6f5ec9e7c669a5ade36137835a9e	4824af08315043a0b4b0511153d04a92c85d6f5ec9e7c669a5ade36137835a9e	none	0
tr04-official-1/T13-G1-r2/force.json	2212	00fa50d7c6181aa20990000b80eaaeae00fb18a4c73fd7eeff0f2d4d5d5d7f1c	7d8247c919f87176491c6282157849afd8bfa0f8c28d8386d79b37c7848abfd0	redact	1
tr04-official-1/T13-G1-r2/s3-curtain-seed1/io_verdict.json	442	0d6016793d1093d7cc3322114b100f8661cdb354b1029bf0169ef2df01d2bed5	0d6016793d1093d7cc3322114b100f8661cdb354b1029bf0169ef2df01d2bed5	none	0
tr04-official-1/T13-G1-r2/s3-curtain-seed1/metadata.json	5305	5d66959cd793f07c511aabdf2a20f5cd889a916ce1d9be6540297aaafecea068	5af784864352022d4f1fc734195c829674ac250205d3f573d3935a659b2864d5	redact	10
tr04-official-1/T13-G1-r2/s3-curtain-seed1/plc-stderr.log	0	e3b0c44298fc1c149afbf4c8996fb92427ae41e4649b934ca495991b7852b855	e3b0c44298fc1c149afbf4c8996fb92427ae41e4649b934ca495991b7852b855	none	0
tr04-official-1/T13-G1-r2/s3-curtain-seed1/processes.json	133	2d682689e80bda8c5620f25653426df526d1fbc1117dd5af83750c779d3b7848	2d682689e80bda8c5620f25653426df526d1fbc1117dd5af83750c779d3b7848	none	0
tr04-official-1/T13-G1-r2/s3-curtain-seed1/reference-10ms-differences.json	3	37517e5f3dc66819f61f5a7bb8ace1921282415f10551d2defa5c3eb0985b570	37517e5f3dc66819f61f5a7bb8ace1921282415f10551d2defa5c3eb0985b570	none	0
tr04-official-1/T13-G1-r2/s3-curtain-seed1/static.json	11247	f3436e2f0ba6fdaf05f126b44838e50055c60c12352c512af14b52be7bbb59fe	f3436e2f0ba6fdaf05f126b44838e50055c60c12352c512af14b52be7bbb59fe	none	0
tr04-official-1/T13-G1-r2/s3-curtain-seed1/summary.json	4067	09db5901baa85cea8e5ee99fabee1b66c1a5e5a3367d23e14f3e5108f14ef7e8	5c4329d77d270513a4b8f49c6608a616302fb1edc29019dc79b437f57a53a0ff	drop_tick_hashes	0
tr04-official-1/T13-G1-r2/s3-curtain-seed1/vision-stderr.log	26	f6259e2742222db4cedc0f46e1f9d79c113803494192992ee22d2e0ff6d9cc6e	f6259e2742222db4cedc0f46e1f9d79c113803494192992ee22d2e0ff6d9cc6e	none	0
tr04-official-1/T13-G1-r2/s3-normal-seed1/io_verdict.json	383	5764c90719e5a826eba5810eea1a7ffe0fd700369ade52d68ab4498083a4b600	5764c90719e5a826eba5810eea1a7ffe0fd700369ade52d68ab4498083a4b600	none	0
tr04-official-1/T13-G1-r2/s3-normal-seed1/metadata.json	5304	bdb664db55df8b5951924af8498d026cbd7a0b8a109067522a3e4bf77e17e950	d25d85bebf036fa940ab0fb96c10ad0f5d5f8935b3ea4badcd468f04245c2de5	redact	10
tr04-official-1/T13-G1-r2/s3-normal-seed1/plc-stderr.log	0	e3b0c44298fc1c149afbf4c8996fb92427ae41e4649b934ca495991b7852b855	e3b0c44298fc1c149afbf4c8996fb92427ae41e4649b934ca495991b7852b855	none	0
tr04-official-1/T13-G1-r2/s3-normal-seed1/processes.json	133	2d682689e80bda8c5620f25653426df526d1fbc1117dd5af83750c779d3b7848	2d682689e80bda8c5620f25653426df526d1fbc1117dd5af83750c779d3b7848	none	0
tr04-official-1/T13-G1-r2/s3-normal-seed1/reference-10ms-differences.json	3	37517e5f3dc66819f61f5a7bb8ace1921282415f10551d2defa5c3eb0985b570	37517e5f3dc66819f61f5a7bb8ace1921282415f10551d2defa5c3eb0985b570	none	0
tr04-official-1/T13-G1-r2/s3-normal-seed1/static.json	11247	f3436e2f0ba6fdaf05f126b44838e50055c60c12352c512af14b52be7bbb59fe	f3436e2f0ba6fdaf05f126b44838e50055c60c12352c512af14b52be7bbb59fe	none	0
tr04-official-1/T13-G1-r2/s3-normal-seed1/summary.json	4186	48a023a955ac9589769e6f327de234b5872ca9d88a658af54f2d75e4a7bef460	6199ed02c25b89b26982673c1e77c4c3942519f66ca4437326a1aedc013824e2	drop_tick_hashes	0
tr04-official-1/T13-G1-r2/s3-normal-seed1/vision-stderr.log	26	f6259e2742222db4cedc0f46e1f9d79c113803494192992ee22d2e0ff6d9cc6e	f6259e2742222db4cedc0f46e1f9d79c113803494192992ee22d2e0ff6d9cc6e	none	0
tr04-official-1/T13-G1-r2/s3-normal-seed2/io_verdict.json	383	83da5e3273ff972c39964988f706e20a4642491265ba03a1382068d67c4f5ff7	83da5e3273ff972c39964988f706e20a4642491265ba03a1382068d67c4f5ff7	none	0
tr04-official-1/T13-G1-r2/s3-normal-seed2/metadata.json	5304	7f9b1ec293ef1f707778006228ed0b5b96bf74d0c8c61c408a1c71407f995e21	429c9b9f7078b2d63dc5b622259d7d45e98e339a11a8a5befaf989025b9ceea8	redact	10
tr04-official-1/T13-G1-r2/s3-normal-seed2/plc-stderr.log	0	e3b0c44298fc1c149afbf4c8996fb92427ae41e4649b934ca495991b7852b855	e3b0c44298fc1c149afbf4c8996fb92427ae41e4649b934ca495991b7852b855	none	0
tr04-official-1/T13-G1-r2/s3-normal-seed2/processes.json	133	2d682689e80bda8c5620f25653426df526d1fbc1117dd5af83750c779d3b7848	2d682689e80bda8c5620f25653426df526d1fbc1117dd5af83750c779d3b7848	none	0
tr04-official-1/T13-G1-r2/s3-normal-seed2/reference-10ms-differences.json	3	37517e5f3dc66819f61f5a7bb8ace1921282415f10551d2defa5c3eb0985b570	37517e5f3dc66819f61f5a7bb8ace1921282415f10551d2defa5c3eb0985b570	none	0
tr04-official-1/T13-G1-r2/s3-normal-seed2/static.json	11247	f3436e2f0ba6fdaf05f126b44838e50055c60c12352c512af14b52be7bbb59fe	f3436e2f0ba6fdaf05f126b44838e50055c60c12352c512af14b52be7bbb59fe	none	0
tr04-official-1/T13-G1-r2/s3-normal-seed2/summary.json	4190	c90ad5d41ba825da8d089b4ee5622eab1ddeb58058fd179b91b9cbc9cc0654a1	67247556d0da1022c3af712eada6b782240e8f7a1776ed87a6ed47f7335a14bc	drop_tick_hashes	0
tr04-official-1/T13-G1-r2/s3-normal-seed2/vision-stderr.log	26	f6259e2742222db4cedc0f46e1f9d79c113803494192992ee22d2e0ff6d9cc6e	f6259e2742222db4cedc0f46e1f9d79c113803494192992ee22d2e0ff6d9cc6e	none	0
tr04-official-1/T13-G1-r2/s3-normal-seed3/io_verdict.json	383	0007070d2e319ecd363bdfafce6d41c38238c32859c88c342266c82bfdf40462	0007070d2e319ecd363bdfafce6d41c38238c32859c88c342266c82bfdf40462	none	0
tr04-official-1/T13-G1-r2/s3-normal-seed3/metadata.json	5304	f2cf9e116005aed4d42fd9e8ba7ff3bcd3e533ef2cd65f88852c4db32176dc2f	e703714f2eb184e49638c0c876efd2f3826b25b2daacfab72cbeeb5e43a58bd4	redact	10
tr04-official-1/T13-G1-r2/s3-normal-seed3/plc-stderr.log	0	e3b0c44298fc1c149afbf4c8996fb92427ae41e4649b934ca495991b7852b855	e3b0c44298fc1c149afbf4c8996fb92427ae41e4649b934ca495991b7852b855	none	0
tr04-official-1/T13-G1-r2/s3-normal-seed3/processes.json	133	2d682689e80bda8c5620f25653426df526d1fbc1117dd5af83750c779d3b7848	2d682689e80bda8c5620f25653426df526d1fbc1117dd5af83750c779d3b7848	none	0
tr04-official-1/T13-G1-r2/s3-normal-seed3/reference-10ms-differences.json	3	37517e5f3dc66819f61f5a7bb8ace1921282415f10551d2defa5c3eb0985b570	37517e5f3dc66819f61f5a7bb8ace1921282415f10551d2defa5c3eb0985b570	none	0
tr04-official-1/T13-G1-r2/s3-normal-seed3/static.json	11247	f3436e2f0ba6fdaf05f126b44838e50055c60c12352c512af14b52be7bbb59fe	f3436e2f0ba6fdaf05f126b44838e50055c60c12352c512af14b52be7bbb59fe	none	0
tr04-official-1/T13-G1-r2/s3-normal-seed3/summary.json	4191	b38e924458fc28d936e999e93891982b9a97a4a379887400fc20c376047720a8	ee7983ba0db804332bad05a82267a1937c7244c0ea76b8a76e1056611958f1f4	drop_tick_hashes	0
tr04-official-1/T13-G1-r2/s3-normal-seed3/vision-stderr.log	26	f6259e2742222db4cedc0f46e1f9d79c113803494192992ee22d2e0ff6d9cc6e	f6259e2742222db4cedc0f46e1f9d79c113803494192992ee22d2e0ff6d9cc6e	none	0
tr04-official-1/T13-G1-r2/s3-recovery-retract-seed1/failure.json	75	0c6032cd07861e1f85d433c4777029e5b595339c22f506d8d7369fa926454217	0c6032cd07861e1f85d433c4777029e5b595339c22f506d8d7369fa926454217	none	0
tr04-official-1/T13-G1-r2/s3-recovery-retract-seed1/io_verdict.json	451	052be0d43fa3e754cebfb1cf553a1e9e0bdaf80eaaf9f7f5d4ace5924952ae26	052be0d43fa3e754cebfb1cf553a1e9e0bdaf80eaaf9f7f5d4ace5924952ae26	none	0
tr04-official-1/T13-G1-r2/s3-recovery-retract-seed1/metadata.json	5314	603fddd4c19874728ebb0349be9c206f10713888ca284412468439ac237fc506	55c1a51876c88a66f4c07187bc8fd85ba5ef39b69e4e0606b8ecc73f1b5958b5	redact	10
tr04-official-1/T13-G1-r2/s3-recovery-retract-seed1/plc-stderr.log	0	e3b0c44298fc1c149afbf4c8996fb92427ae41e4649b934ca495991b7852b855	e3b0c44298fc1c149afbf4c8996fb92427ae41e4649b934ca495991b7852b855	none	0
tr04-official-1/T13-G1-r2/s3-recovery-retract-seed1/processes.json	134	a359ee4aa54de89e8b8af12b57c7568e03924a7769f3cee1d8825d2cd30c000f	a359ee4aa54de89e8b8af12b57c7568e03924a7769f3cee1d8825d2cd30c000f	none	0
tr04-official-1/T13-G1-r2/s3-recovery-retract-seed1/static.json	11247	f3436e2f0ba6fdaf05f126b44838e50055c60c12352c512af14b52be7bbb59fe	f3436e2f0ba6fdaf05f126b44838e50055c60c12352c512af14b52be7bbb59fe	none	0
tr04-official-1/T13-G1-r2/s3-recovery-retract-seed1/vision-stderr.log	26	f6259e2742222db4cedc0f46e1f9d79c113803494192992ee22d2e0ff6d9cc6e	f6259e2742222db4cedc0f46e1f9d79c113803494192992ee22d2e0ff6d9cc6e	none	0
tr04-official-1/T13-G1-r2/s3-recovery-seed1/failure.json	75	0c6032cd07861e1f85d433c4777029e5b595339c22f506d8d7369fa926454217	0c6032cd07861e1f85d433c4777029e5b595339c22f506d8d7369fa926454217	none	0
tr04-official-1/T13-G1-r2/s3-recovery-seed1/io_verdict.json	443	c3b2feb77af86b08121ea46e6d92b8dd2defd43618446f6270768933cdbfd57d	c3b2feb77af86b08121ea46e6d92b8dd2defd43618446f6270768933cdbfd57d	none	0
tr04-official-1/T13-G1-r2/s3-recovery-seed1/metadata.json	5306	9bc293ea46f2fde844637609a5b9e5dd7079f534aa3c7fd23f9ebb912a7a3a95	2e2a765c3656d09f5b2f9be7954cc590f3bd90f7c2c3e0990a0be36b36006a7d	redact	10
tr04-official-1/T13-G1-r2/s3-recovery-seed1/plc-stderr.log	0	e3b0c44298fc1c149afbf4c8996fb92427ae41e4649b934ca495991b7852b855	e3b0c44298fc1c149afbf4c8996fb92427ae41e4649b934ca495991b7852b855	none	0
tr04-official-1/T13-G1-r2/s3-recovery-seed1/processes.json	134	a359ee4aa54de89e8b8af12b57c7568e03924a7769f3cee1d8825d2cd30c000f	a359ee4aa54de89e8b8af12b57c7568e03924a7769f3cee1d8825d2cd30c000f	none	0
tr04-official-1/T13-G1-r2/s3-recovery-seed1/static.json	11247	f3436e2f0ba6fdaf05f126b44838e50055c60c12352c512af14b52be7bbb59fe	f3436e2f0ba6fdaf05f126b44838e50055c60c12352c512af14b52be7bbb59fe	none	0
tr04-official-1/T13-G1-r2/s3-recovery-seed1/vision-stderr.log	26	f6259e2742222db4cedc0f46e1f9d79c113803494192992ee22d2e0ff6d9cc6e	f6259e2742222db4cedc0f46e1f9d79c113803494192992ee22d2e0ff6d9cc6e	none	0
tr04-official-1/T13-G1-r2/static.json	326	22c09575e386dadea28fafce48505585ce8993b9308df3fcc254a2dd0914a40d	82dc1b13b853ff4fd9b270b690b7f19f841ec53ae8f89a26916fe7c1f909003b	redact	1
tr04-official-1/T13-G1-r2/verdict.json	1156	41a8ccbaf94e8db18ddf0d666ef000612ce897064e493400f47777130d2a035c	41a8ccbaf94e8db18ddf0d666ef000612ce897064e493400f47777130d2a035c	none	0
tr04-official-1/T13-G1-r3/force.json	2212	804f7bdee078f4d239382f078cf800283f5211a1c29341884cd9cbaa6d2ca545	fa73013879bcd28240623194cbed8c835e9c918a2d42d3754294b271d32ec64d	redact	1
tr04-official-1/T13-G1-r3/s3-curtain-seed1/io_verdict.json	442	0d6016793d1093d7cc3322114b100f8661cdb354b1029bf0169ef2df01d2bed5	0d6016793d1093d7cc3322114b100f8661cdb354b1029bf0169ef2df01d2bed5	none	0
tr04-official-1/T13-G1-r3/s3-curtain-seed1/metadata.json	5305	b706d2fdc96b410d97b8d5e5cd190579a8474829a1eff8bf11e3e928d912707a	5133319343465870fec447842b132a94211faa7a4dc25d5a003b06bf9564106a	redact	10
tr04-official-1/T13-G1-r3/s3-curtain-seed1/plc-stderr.log	0	e3b0c44298fc1c149afbf4c8996fb92427ae41e4649b934ca495991b7852b855	e3b0c44298fc1c149afbf4c8996fb92427ae41e4649b934ca495991b7852b855	none	0
tr04-official-1/T13-G1-r3/s3-curtain-seed1/processes.json	133	2d682689e80bda8c5620f25653426df526d1fbc1117dd5af83750c779d3b7848	2d682689e80bda8c5620f25653426df526d1fbc1117dd5af83750c779d3b7848	none	0
tr04-official-1/T13-G1-r3/s3-curtain-seed1/reference-10ms-differences.json	3	37517e5f3dc66819f61f5a7bb8ace1921282415f10551d2defa5c3eb0985b570	37517e5f3dc66819f61f5a7bb8ace1921282415f10551d2defa5c3eb0985b570	none	0
tr04-official-1/T13-G1-r3/s3-curtain-seed1/static.json	11877	7ef784e2ab5a8178b9795619199bc32b86210faec59518d88d75de0667fc731f	7ef784e2ab5a8178b9795619199bc32b86210faec59518d88d75de0667fc731f	none	0
tr04-official-1/T13-G1-r3/s3-curtain-seed1/summary.json	4067	dac735b5be6a53e0340f0c74e16d6598f5f342863b837cd037526947f68ba592	9ebbac4ca83c7b17274c66a6aaa26344e75dad1cda9ffc407962722771872d17	drop_tick_hashes	0
tr04-official-1/T13-G1-r3/s3-curtain-seed1/vision-stderr.log	26	f6259e2742222db4cedc0f46e1f9d79c113803494192992ee22d2e0ff6d9cc6e	f6259e2742222db4cedc0f46e1f9d79c113803494192992ee22d2e0ff6d9cc6e	none	0
tr04-official-1/T13-G1-r3/s3-normal-seed1/io_verdict.json	383	5764c90719e5a826eba5810eea1a7ffe0fd700369ade52d68ab4498083a4b600	5764c90719e5a826eba5810eea1a7ffe0fd700369ade52d68ab4498083a4b600	none	0
tr04-official-1/T13-G1-r3/s3-normal-seed1/metadata.json	5304	60607b0b38653d06ae9656d2aa048c1dee2cd259ceb7713c4720f160107cea0a	e5052e446cbca839ed4c4bf89ade0a74d62977d92c13dc8f6d4367e234077a42	redact	10
tr04-official-1/T13-G1-r3/s3-normal-seed1/plc-stderr.log	0	e3b0c44298fc1c149afbf4c8996fb92427ae41e4649b934ca495991b7852b855	e3b0c44298fc1c149afbf4c8996fb92427ae41e4649b934ca495991b7852b855	none	0
tr04-official-1/T13-G1-r3/s3-normal-seed1/processes.json	133	2d682689e80bda8c5620f25653426df526d1fbc1117dd5af83750c779d3b7848	2d682689e80bda8c5620f25653426df526d1fbc1117dd5af83750c779d3b7848	none	0
tr04-official-1/T13-G1-r3/s3-normal-seed1/reference-10ms-differences.json	3	37517e5f3dc66819f61f5a7bb8ace1921282415f10551d2defa5c3eb0985b570	37517e5f3dc66819f61f5a7bb8ace1921282415f10551d2defa5c3eb0985b570	none	0
tr04-official-1/T13-G1-r3/s3-normal-seed1/static.json	11877	7ef784e2ab5a8178b9795619199bc32b86210faec59518d88d75de0667fc731f	7ef784e2ab5a8178b9795619199bc32b86210faec59518d88d75de0667fc731f	none	0
tr04-official-1/T13-G1-r3/s3-normal-seed1/summary.json	4186	ecd427bc4b2a07c7d4da3d14ba9df1c23f695383e50a656330c8d6832a110562	7bde36532e6292eb9c807e3d3e5d2d7b13e370d0c04214b4b60f3ad7c0312e55	drop_tick_hashes	0
tr04-official-1/T13-G1-r3/s3-normal-seed1/vision-stderr.log	26	f6259e2742222db4cedc0f46e1f9d79c113803494192992ee22d2e0ff6d9cc6e	f6259e2742222db4cedc0f46e1f9d79c113803494192992ee22d2e0ff6d9cc6e	none	0
tr04-official-1/T13-G1-r3/s3-normal-seed2/io_verdict.json	383	83da5e3273ff972c39964988f706e20a4642491265ba03a1382068d67c4f5ff7	83da5e3273ff972c39964988f706e20a4642491265ba03a1382068d67c4f5ff7	none	0
tr04-official-1/T13-G1-r3/s3-normal-seed2/metadata.json	5304	cd5a0cb93b26aaa1a752cb273a1b9fc18887b6738f51d45688cadd22b19cf50d	2daa528188d4304b4fcfabfe8004130c5e80b0efa6aeba3736fe11971e3b8642	redact	10
tr04-official-1/T13-G1-r3/s3-normal-seed2/plc-stderr.log	0	e3b0c44298fc1c149afbf4c8996fb92427ae41e4649b934ca495991b7852b855	e3b0c44298fc1c149afbf4c8996fb92427ae41e4649b934ca495991b7852b855	none	0
tr04-official-1/T13-G1-r3/s3-normal-seed2/processes.json	133	2d682689e80bda8c5620f25653426df526d1fbc1117dd5af83750c779d3b7848	2d682689e80bda8c5620f25653426df526d1fbc1117dd5af83750c779d3b7848	none	0
tr04-official-1/T13-G1-r3/s3-normal-seed2/reference-10ms-differences.json	3	37517e5f3dc66819f61f5a7bb8ace1921282415f10551d2defa5c3eb0985b570	37517e5f3dc66819f61f5a7bb8ace1921282415f10551d2defa5c3eb0985b570	none	0
tr04-official-1/T13-G1-r3/s3-normal-seed2/static.json	11877	7ef784e2ab5a8178b9795619199bc32b86210faec59518d88d75de0667fc731f	7ef784e2ab5a8178b9795619199bc32b86210faec59518d88d75de0667fc731f	none	0
tr04-official-1/T13-G1-r3/s3-normal-seed2/summary.json	4190	a344e41b54d3aed1ab2590c39763b367414cb6790d19f1393ea935c349db2003	5fff928849d5d6afc07a48aaa1f15e8a6d6eeb8942cd1d2a35bd5328d3233d7d	drop_tick_hashes	0
tr04-official-1/T13-G1-r3/s3-normal-seed2/vision-stderr.log	26	f6259e2742222db4cedc0f46e1f9d79c113803494192992ee22d2e0ff6d9cc6e	f6259e2742222db4cedc0f46e1f9d79c113803494192992ee22d2e0ff6d9cc6e	none	0
tr04-official-1/T13-G1-r3/s3-normal-seed3/io_verdict.json	383	0007070d2e319ecd363bdfafce6d41c38238c32859c88c342266c82bfdf40462	0007070d2e319ecd363bdfafce6d41c38238c32859c88c342266c82bfdf40462	none	0
tr04-official-1/T13-G1-r3/s3-normal-seed3/metadata.json	5304	637d6a1397c4b5b3f47168eefe29cea8d0808e2ca46f38e71cac75444036ae94	6988c0ede2d92fad8bc42c80d8dc8a6811ba3718c67e7441d3ec2d5cf470dce4	redact	10
tr04-official-1/T13-G1-r3/s3-normal-seed3/plc-stderr.log	0	e3b0c44298fc1c149afbf4c8996fb92427ae41e4649b934ca495991b7852b855	e3b0c44298fc1c149afbf4c8996fb92427ae41e4649b934ca495991b7852b855	none	0
tr04-official-1/T13-G1-r3/s3-normal-seed3/processes.json	133	2d682689e80bda8c5620f25653426df526d1fbc1117dd5af83750c779d3b7848	2d682689e80bda8c5620f25653426df526d1fbc1117dd5af83750c779d3b7848	none	0
tr04-official-1/T13-G1-r3/s3-normal-seed3/reference-10ms-differences.json	3	37517e5f3dc66819f61f5a7bb8ace1921282415f10551d2defa5c3eb0985b570	37517e5f3dc66819f61f5a7bb8ace1921282415f10551d2defa5c3eb0985b570	none	0
tr04-official-1/T13-G1-r3/s3-normal-seed3/static.json	11877	7ef784e2ab5a8178b9795619199bc32b86210faec59518d88d75de0667fc731f	7ef784e2ab5a8178b9795619199bc32b86210faec59518d88d75de0667fc731f	none	0
tr04-official-1/T13-G1-r3/s3-normal-seed3/summary.json	4191	85d28e9cb3987a411ab85af99e595375e1c2cca54f5795981054d74c91cc90c4	a32653aeb54fed5e2fae01d85c36805f0862c3e97ac90fe18292b18d4a586ac3	drop_tick_hashes	0
tr04-official-1/T13-G1-r3/s3-normal-seed3/vision-stderr.log	26	f6259e2742222db4cedc0f46e1f9d79c113803494192992ee22d2e0ff6d9cc6e	f6259e2742222db4cedc0f46e1f9d79c113803494192992ee22d2e0ff6d9cc6e	none	0
tr04-official-1/T13-G1-r3/s3-recovery-retract-seed1/failure.json	75	0c6032cd07861e1f85d433c4777029e5b595339c22f506d8d7369fa926454217	0c6032cd07861e1f85d433c4777029e5b595339c22f506d8d7369fa926454217	none	0
tr04-official-1/T13-G1-r3/s3-recovery-retract-seed1/io_verdict.json	451	052be0d43fa3e754cebfb1cf553a1e9e0bdaf80eaaf9f7f5d4ace5924952ae26	052be0d43fa3e754cebfb1cf553a1e9e0bdaf80eaaf9f7f5d4ace5924952ae26	none	0
tr04-official-1/T13-G1-r3/s3-recovery-retract-seed1/metadata.json	5314	90c56e5c6de18fbec03d3ca536441dda0403308daccfc967eac236f668658bb8	cf262d0df9b0518d44f8ae7c402b2afd1ee145df8dc02635031163b6897fdc0c	redact	10
tr04-official-1/T13-G1-r3/s3-recovery-retract-seed1/plc-stderr.log	0	e3b0c44298fc1c149afbf4c8996fb92427ae41e4649b934ca495991b7852b855	e3b0c44298fc1c149afbf4c8996fb92427ae41e4649b934ca495991b7852b855	none	0
tr04-official-1/T13-G1-r3/s3-recovery-retract-seed1/processes.json	134	a359ee4aa54de89e8b8af12b57c7568e03924a7769f3cee1d8825d2cd30c000f	a359ee4aa54de89e8b8af12b57c7568e03924a7769f3cee1d8825d2cd30c000f	none	0
tr04-official-1/T13-G1-r3/s3-recovery-retract-seed1/static.json	11877	7ef784e2ab5a8178b9795619199bc32b86210faec59518d88d75de0667fc731f	7ef784e2ab5a8178b9795619199bc32b86210faec59518d88d75de0667fc731f	none	0
tr04-official-1/T13-G1-r3/s3-recovery-retract-seed1/vision-stderr.log	26	f6259e2742222db4cedc0f46e1f9d79c113803494192992ee22d2e0ff6d9cc6e	f6259e2742222db4cedc0f46e1f9d79c113803494192992ee22d2e0ff6d9cc6e	none	0
tr04-official-1/T13-G1-r3/s3-recovery-seed1/failure.json	75	0c6032cd07861e1f85d433c4777029e5b595339c22f506d8d7369fa926454217	0c6032cd07861e1f85d433c4777029e5b595339c22f506d8d7369fa926454217	none	0
tr04-official-1/T13-G1-r3/s3-recovery-seed1/io_verdict.json	443	c3b2feb77af86b08121ea46e6d92b8dd2defd43618446f6270768933cdbfd57d	c3b2feb77af86b08121ea46e6d92b8dd2defd43618446f6270768933cdbfd57d	none	0
tr04-official-1/T13-G1-r3/s3-recovery-seed1/metadata.json	5306	9556a0354662207d68f5fabdaec0e5bc00df6ac61af79eeada6c9d4fe9ec20d0	15273c446ef1dc8f8acf0fad16d79114403a43dff278d5a1e8c5f23dbb3bdd46	redact	10
tr04-official-1/T13-G1-r3/s3-recovery-seed1/plc-stderr.log	0	e3b0c44298fc1c149afbf4c8996fb92427ae41e4649b934ca495991b7852b855	e3b0c44298fc1c149afbf4c8996fb92427ae41e4649b934ca495991b7852b855	none	0
tr04-official-1/T13-G1-r3/s3-recovery-seed1/processes.json	134	a359ee4aa54de89e8b8af12b57c7568e03924a7769f3cee1d8825d2cd30c000f	a359ee4aa54de89e8b8af12b57c7568e03924a7769f3cee1d8825d2cd30c000f	none	0
tr04-official-1/T13-G1-r3/s3-recovery-seed1/static.json	11877	7ef784e2ab5a8178b9795619199bc32b86210faec59518d88d75de0667fc731f	7ef784e2ab5a8178b9795619199bc32b86210faec59518d88d75de0667fc731f	none	0
tr04-official-1/T13-G1-r3/s3-recovery-seed1/vision-stderr.log	26	f6259e2742222db4cedc0f46e1f9d79c113803494192992ee22d2e0ff6d9cc6e	f6259e2742222db4cedc0f46e1f9d79c113803494192992ee22d2e0ff6d9cc6e	none	0
tr04-official-1/T13-G1-r3/static.json	326	747c38f098243d01c2314bd4f55fa5642ebeee852d963939ebaad3458259a359	0f1639137c98be9c794ae9e50993dcd89d0c770f02f175250339f84e1de11641	redact	1
tr04-official-1/T13-G1-r3/verdict.json	1156	78a1ab00f0cf04f085d7d83ed894730b6dc2fd77e28b58a15eb1ee7a86fd50ab	78a1ab00f0cf04f085d7d83ed894730b6dc2fd77e28b58a15eb1ee7a86fd50ab	none	0
tr04-official-1/T13-G2-r1/force.json	2212	52972f84f0ee7eed60019232aebe09d4d9a3ce6d6a0059b6b91525406783b74b	c2199782ac50805194ab37e26dcaffdc0cf243401ca7985754febf3c983b73f6	redact	1
tr04-official-1/T13-G2-r1/s3-curtain-seed1/io_verdict.json	442	0d6016793d1093d7cc3322114b100f8661cdb354b1029bf0169ef2df01d2bed5	0d6016793d1093d7cc3322114b100f8661cdb354b1029bf0169ef2df01d2bed5	none	0
tr04-official-1/T13-G2-r1/s3-curtain-seed1/metadata.json	5305	c060794b52063253cd5b037c0ba166ba06aba833bd12917321a7c9f5f92acf7f	2e1bf2b5c3eee4148347dcf36955ddaca0f1511ee608d49cf9760fa4b0ff08ab	redact	10
tr04-official-1/T13-G2-r1/s3-curtain-seed1/plc-stderr.log	0	e3b0c44298fc1c149afbf4c8996fb92427ae41e4649b934ca495991b7852b855	e3b0c44298fc1c149afbf4c8996fb92427ae41e4649b934ca495991b7852b855	none	0
tr04-official-1/T13-G2-r1/s3-curtain-seed1/processes.json	133	2d682689e80bda8c5620f25653426df526d1fbc1117dd5af83750c779d3b7848	2d682689e80bda8c5620f25653426df526d1fbc1117dd5af83750c779d3b7848	none	0
tr04-official-1/T13-G2-r1/s3-curtain-seed1/reference-10ms-differences.json	3	37517e5f3dc66819f61f5a7bb8ace1921282415f10551d2defa5c3eb0985b570	37517e5f3dc66819f61f5a7bb8ace1921282415f10551d2defa5c3eb0985b570	none	0
tr04-official-1/T13-G2-r1/s3-curtain-seed1/static.json	11247	8d3e5fb6d9cae2d4c67efda50d5442f80ddde455d097f339464da9ff3274f4a4	8d3e5fb6d9cae2d4c67efda50d5442f80ddde455d097f339464da9ff3274f4a4	none	0
tr04-official-1/T13-G2-r1/s3-curtain-seed1/summary.json	4067	462d18d0505886f2bc0dea4cbcf0de002864a6864e42dd509e46c02e18154701	08a7e39d6c9763d197c188bd7f5bbf6d7e2910103c05a23026ab48662c1a876e	drop_tick_hashes	0
tr04-official-1/T13-G2-r1/s3-curtain-seed1/vision-stderr.log	26	f6259e2742222db4cedc0f46e1f9d79c113803494192992ee22d2e0ff6d9cc6e	f6259e2742222db4cedc0f46e1f9d79c113803494192992ee22d2e0ff6d9cc6e	none	0
tr04-official-1/T13-G2-r1/s3-normal-seed1/io_verdict.json	383	5764c90719e5a826eba5810eea1a7ffe0fd700369ade52d68ab4498083a4b600	5764c90719e5a826eba5810eea1a7ffe0fd700369ade52d68ab4498083a4b600	none	0
tr04-official-1/T13-G2-r1/s3-normal-seed1/metadata.json	5304	ab6e4cf1b58ae75fded1293b900d8c431d4a48618a5b54712de5345b5a9e3ad7	4f42f95d4a07d21b8c92f9a6b03ff05eeab1ec3101f89165e5a516e518c3e30f	redact	10
tr04-official-1/T13-G2-r1/s3-normal-seed1/plc-stderr.log	0	e3b0c44298fc1c149afbf4c8996fb92427ae41e4649b934ca495991b7852b855	e3b0c44298fc1c149afbf4c8996fb92427ae41e4649b934ca495991b7852b855	none	0
tr04-official-1/T13-G2-r1/s3-normal-seed1/processes.json	133	2d682689e80bda8c5620f25653426df526d1fbc1117dd5af83750c779d3b7848	2d682689e80bda8c5620f25653426df526d1fbc1117dd5af83750c779d3b7848	none	0
tr04-official-1/T13-G2-r1/s3-normal-seed1/reference-10ms-differences.json	3	37517e5f3dc66819f61f5a7bb8ace1921282415f10551d2defa5c3eb0985b570	37517e5f3dc66819f61f5a7bb8ace1921282415f10551d2defa5c3eb0985b570	none	0
tr04-official-1/T13-G2-r1/s3-normal-seed1/static.json	11247	8d3e5fb6d9cae2d4c67efda50d5442f80ddde455d097f339464da9ff3274f4a4	8d3e5fb6d9cae2d4c67efda50d5442f80ddde455d097f339464da9ff3274f4a4	none	0
tr04-official-1/T13-G2-r1/s3-normal-seed1/summary.json	4186	417d472991716fe614615e7cd31845263fa9b62987c6c6338af857b51a9edfe5	80d5c1a97244fb1e363cee207d942297c5a3c4812af7effc1e0f131819b3ce90	drop_tick_hashes	0
tr04-official-1/T13-G2-r1/s3-normal-seed1/vision-stderr.log	26	f6259e2742222db4cedc0f46e1f9d79c113803494192992ee22d2e0ff6d9cc6e	f6259e2742222db4cedc0f46e1f9d79c113803494192992ee22d2e0ff6d9cc6e	none	0
tr04-official-1/T13-G2-r1/s3-normal-seed2/io_verdict.json	383	83da5e3273ff972c39964988f706e20a4642491265ba03a1382068d67c4f5ff7	83da5e3273ff972c39964988f706e20a4642491265ba03a1382068d67c4f5ff7	none	0
tr04-official-1/T13-G2-r1/s3-normal-seed2/metadata.json	5304	9e9da2e906bcf3606a814ea3925df4b3f5d3b9af4b65c0b7d57f4b63e2869b9b	ddb4fc0017dbd877d170d24414196d046492bd5efb2285264c4aca8a3375cdae	redact	10
tr04-official-1/T13-G2-r1/s3-normal-seed2/plc-stderr.log	0	e3b0c44298fc1c149afbf4c8996fb92427ae41e4649b934ca495991b7852b855	e3b0c44298fc1c149afbf4c8996fb92427ae41e4649b934ca495991b7852b855	none	0
tr04-official-1/T13-G2-r1/s3-normal-seed2/processes.json	133	2d682689e80bda8c5620f25653426df526d1fbc1117dd5af83750c779d3b7848	2d682689e80bda8c5620f25653426df526d1fbc1117dd5af83750c779d3b7848	none	0
tr04-official-1/T13-G2-r1/s3-normal-seed2/reference-10ms-differences.json	3	37517e5f3dc66819f61f5a7bb8ace1921282415f10551d2defa5c3eb0985b570	37517e5f3dc66819f61f5a7bb8ace1921282415f10551d2defa5c3eb0985b570	none	0
tr04-official-1/T13-G2-r1/s3-normal-seed2/static.json	11247	8d3e5fb6d9cae2d4c67efda50d5442f80ddde455d097f339464da9ff3274f4a4	8d3e5fb6d9cae2d4c67efda50d5442f80ddde455d097f339464da9ff3274f4a4	none	0
tr04-official-1/T13-G2-r1/s3-normal-seed2/summary.json	4190	d1545918cf064040b2ddbfeef4e3b90738b7ff9fe1e5e948951049c33ef496d7	9c93b17d5c423c7d3a71abe26f96eec334ee471fa99540c1e202cd97f52ee1c1	drop_tick_hashes	0
tr04-official-1/T13-G2-r1/s3-normal-seed2/vision-stderr.log	26	f6259e2742222db4cedc0f46e1f9d79c113803494192992ee22d2e0ff6d9cc6e	f6259e2742222db4cedc0f46e1f9d79c113803494192992ee22d2e0ff6d9cc6e	none	0
tr04-official-1/T13-G2-r1/s3-normal-seed3/io_verdict.json	383	0007070d2e319ecd363bdfafce6d41c38238c32859c88c342266c82bfdf40462	0007070d2e319ecd363bdfafce6d41c38238c32859c88c342266c82bfdf40462	none	0
tr04-official-1/T13-G2-r1/s3-normal-seed3/metadata.json	5304	6b9f191d75ef47755789223e586ea8f367886c72fc440fdb6624353f69c2f2f6	195649155e299508850207a4b86beac5ed627293b2adba38ff38a091485783f5	redact	10
tr04-official-1/T13-G2-r1/s3-normal-seed3/plc-stderr.log	0	e3b0c44298fc1c149afbf4c8996fb92427ae41e4649b934ca495991b7852b855	e3b0c44298fc1c149afbf4c8996fb92427ae41e4649b934ca495991b7852b855	none	0
tr04-official-1/T13-G2-r1/s3-normal-seed3/processes.json	133	2d682689e80bda8c5620f25653426df526d1fbc1117dd5af83750c779d3b7848	2d682689e80bda8c5620f25653426df526d1fbc1117dd5af83750c779d3b7848	none	0
tr04-official-1/T13-G2-r1/s3-normal-seed3/reference-10ms-differences.json	3	37517e5f3dc66819f61f5a7bb8ace1921282415f10551d2defa5c3eb0985b570	37517e5f3dc66819f61f5a7bb8ace1921282415f10551d2defa5c3eb0985b570	none	0
tr04-official-1/T13-G2-r1/s3-normal-seed3/static.json	11247	8d3e5fb6d9cae2d4c67efda50d5442f80ddde455d097f339464da9ff3274f4a4	8d3e5fb6d9cae2d4c67efda50d5442f80ddde455d097f339464da9ff3274f4a4	none	0
tr04-official-1/T13-G2-r1/s3-normal-seed3/summary.json	4191	f0c1b9db719430d56ab996109c3ba79a402309af9106f952cd231faa248e789d	d9583750a7d95f968ec9a97a71b161b103c3238a77c7959be3600bea513d85c9	drop_tick_hashes	0
tr04-official-1/T13-G2-r1/s3-normal-seed3/vision-stderr.log	26	f6259e2742222db4cedc0f46e1f9d79c113803494192992ee22d2e0ff6d9cc6e	f6259e2742222db4cedc0f46e1f9d79c113803494192992ee22d2e0ff6d9cc6e	none	0
tr04-official-1/T13-G2-r1/s3-recovery-retract-seed1/failure.json	75	0c6032cd07861e1f85d433c4777029e5b595339c22f506d8d7369fa926454217	0c6032cd07861e1f85d433c4777029e5b595339c22f506d8d7369fa926454217	none	0
tr04-official-1/T13-G2-r1/s3-recovery-retract-seed1/io_verdict.json	451	052be0d43fa3e754cebfb1cf553a1e9e0bdaf80eaaf9f7f5d4ace5924952ae26	052be0d43fa3e754cebfb1cf553a1e9e0bdaf80eaaf9f7f5d4ace5924952ae26	none	0
tr04-official-1/T13-G2-r1/s3-recovery-retract-seed1/metadata.json	5314	161e14ceeb3987d034302f1022847dbf7483c561ee4a289afc0780739c0e2dc1	85ab3c6576e6eb14212a1ddd62a71737d625ce4bb8965c8f5e2cb6e52d10d916	redact	10
tr04-official-1/T13-G2-r1/s3-recovery-retract-seed1/plc-stderr.log	0	e3b0c44298fc1c149afbf4c8996fb92427ae41e4649b934ca495991b7852b855	e3b0c44298fc1c149afbf4c8996fb92427ae41e4649b934ca495991b7852b855	none	0
tr04-official-1/T13-G2-r1/s3-recovery-retract-seed1/processes.json	134	a359ee4aa54de89e8b8af12b57c7568e03924a7769f3cee1d8825d2cd30c000f	a359ee4aa54de89e8b8af12b57c7568e03924a7769f3cee1d8825d2cd30c000f	none	0
tr04-official-1/T13-G2-r1/s3-recovery-retract-seed1/static.json	11247	8d3e5fb6d9cae2d4c67efda50d5442f80ddde455d097f339464da9ff3274f4a4	8d3e5fb6d9cae2d4c67efda50d5442f80ddde455d097f339464da9ff3274f4a4	none	0
tr04-official-1/T13-G2-r1/s3-recovery-retract-seed1/vision-stderr.log	26	f6259e2742222db4cedc0f46e1f9d79c113803494192992ee22d2e0ff6d9cc6e	f6259e2742222db4cedc0f46e1f9d79c113803494192992ee22d2e0ff6d9cc6e	none	0
tr04-official-1/T13-G2-r1/s3-recovery-seed1/failure.json	75	0c6032cd07861e1f85d433c4777029e5b595339c22f506d8d7369fa926454217	0c6032cd07861e1f85d433c4777029e5b595339c22f506d8d7369fa926454217	none	0
tr04-official-1/T13-G2-r1/s3-recovery-seed1/io_verdict.json	443	c3b2feb77af86b08121ea46e6d92b8dd2defd43618446f6270768933cdbfd57d	c3b2feb77af86b08121ea46e6d92b8dd2defd43618446f6270768933cdbfd57d	none	0
tr04-official-1/T13-G2-r1/s3-recovery-seed1/metadata.json	5306	77ccef771e17a618776c38b43adb7acaec9ab25190784c734ed02c287502d381	0303194ff79ffdc25976fa32a2d5b1dbdccb483a035f643a8007d9ca709e4461	redact	10
tr04-official-1/T13-G2-r1/s3-recovery-seed1/plc-stderr.log	0	e3b0c44298fc1c149afbf4c8996fb92427ae41e4649b934ca495991b7852b855	e3b0c44298fc1c149afbf4c8996fb92427ae41e4649b934ca495991b7852b855	none	0
tr04-official-1/T13-G2-r1/s3-recovery-seed1/processes.json	134	a359ee4aa54de89e8b8af12b57c7568e03924a7769f3cee1d8825d2cd30c000f	a359ee4aa54de89e8b8af12b57c7568e03924a7769f3cee1d8825d2cd30c000f	none	0
tr04-official-1/T13-G2-r1/s3-recovery-seed1/static.json	11247	8d3e5fb6d9cae2d4c67efda50d5442f80ddde455d097f339464da9ff3274f4a4	8d3e5fb6d9cae2d4c67efda50d5442f80ddde455d097f339464da9ff3274f4a4	none	0
tr04-official-1/T13-G2-r1/s3-recovery-seed1/vision-stderr.log	26	f6259e2742222db4cedc0f46e1f9d79c113803494192992ee22d2e0ff6d9cc6e	f6259e2742222db4cedc0f46e1f9d79c113803494192992ee22d2e0ff6d9cc6e	none	0
tr04-official-1/T13-G2-r1/static.json	326	8371b1f5edd6d1ea09c72cdf4beb91aed6a2d3392a70ec4868d6c5567d8da25e	1b74d8b36503b61dda54fd62f2e77a7227a2daba1d90ba99a0f6acc6b30d21af	redact	1
tr04-official-1/T13-G2-r1/verdict.json	1156	7f19a65a9b1635c33c323f330fdd89b40e553c4ae9c8fed673c0847db87674de	7f19a65a9b1635c33c323f330fdd89b40e553c4ae9c8fed673c0847db87674de	none	0
tr04-official-1/T13-G2-r2/force.json	2212	f4e41696ad5931d54753b150ae0c56dfe042be709ae37396892dabefd8813fd3	ffe0cf5147a8aea9c25a2861bf88f1c893bdd6974a44b4b9f96456e3942b6ae1	redact	1
tr04-official-1/T13-G2-r2/s3-curtain-seed1/io_verdict.json	442	0d6016793d1093d7cc3322114b100f8661cdb354b1029bf0169ef2df01d2bed5	0d6016793d1093d7cc3322114b100f8661cdb354b1029bf0169ef2df01d2bed5	none	0
tr04-official-1/T13-G2-r2/s3-curtain-seed1/metadata.json	5305	8a35bc24075130a6738642ae6c74339c94a1ef7f87cde326b8e5f760a47d66ba	c951a9833a0147d18e992805756f8b9b4260818a50919288b8228ece1939b5bd	redact	10
tr04-official-1/T13-G2-r2/s3-curtain-seed1/plc-stderr.log	0	e3b0c44298fc1c149afbf4c8996fb92427ae41e4649b934ca495991b7852b855	e3b0c44298fc1c149afbf4c8996fb92427ae41e4649b934ca495991b7852b855	none	0
tr04-official-1/T13-G2-r2/s3-curtain-seed1/processes.json	133	2d682689e80bda8c5620f25653426df526d1fbc1117dd5af83750c779d3b7848	2d682689e80bda8c5620f25653426df526d1fbc1117dd5af83750c779d3b7848	none	0
tr04-official-1/T13-G2-r2/s3-curtain-seed1/reference-10ms-differences.json	3	37517e5f3dc66819f61f5a7bb8ace1921282415f10551d2defa5c3eb0985b570	37517e5f3dc66819f61f5a7bb8ace1921282415f10551d2defa5c3eb0985b570	none	0
tr04-official-1/T13-G2-r2/s3-curtain-seed1/static.json	11247	ab0d34bc6757feda0d816d678270e7e9ef951b24e09a015c46f99cf50f3c9b15	ab0d34bc6757feda0d816d678270e7e9ef951b24e09a015c46f99cf50f3c9b15	none	0
tr04-official-1/T13-G2-r2/s3-curtain-seed1/summary.json	4067	ea08d211eef245601b18f90d2bd942d13c76db67ecc3ccb19284e3773f340889	f3f426a367ab99ff5cac259cffba5ec57b39e0c548d40b0cae9f8247c1bdbd07	drop_tick_hashes	0
tr04-official-1/T13-G2-r2/s3-curtain-seed1/vision-stderr.log	26	f6259e2742222db4cedc0f46e1f9d79c113803494192992ee22d2e0ff6d9cc6e	f6259e2742222db4cedc0f46e1f9d79c113803494192992ee22d2e0ff6d9cc6e	none	0
tr04-official-1/T13-G2-r2/s3-normal-seed1/io_verdict.json	383	5764c90719e5a826eba5810eea1a7ffe0fd700369ade52d68ab4498083a4b600	5764c90719e5a826eba5810eea1a7ffe0fd700369ade52d68ab4498083a4b600	none	0
tr04-official-1/T13-G2-r2/s3-normal-seed1/metadata.json	5304	208f0229bf8896e05545d4d047f98f43a6b28aeb942ce67091c54c26b7f56648	2660a34f5fbcf74aa34943bd9766d7a1c8bb06641957165fd8487aec7c7eb416	redact	10
tr04-official-1/T13-G2-r2/s3-normal-seed1/plc-stderr.log	0	e3b0c44298fc1c149afbf4c8996fb92427ae41e4649b934ca495991b7852b855	e3b0c44298fc1c149afbf4c8996fb92427ae41e4649b934ca495991b7852b855	none	0
tr04-official-1/T13-G2-r2/s3-normal-seed1/processes.json	133	2d682689e80bda8c5620f25653426df526d1fbc1117dd5af83750c779d3b7848	2d682689e80bda8c5620f25653426df526d1fbc1117dd5af83750c779d3b7848	none	0
tr04-official-1/T13-G2-r2/s3-normal-seed1/reference-10ms-differences.json	3	37517e5f3dc66819f61f5a7bb8ace1921282415f10551d2defa5c3eb0985b570	37517e5f3dc66819f61f5a7bb8ace1921282415f10551d2defa5c3eb0985b570	none	0
tr04-official-1/T13-G2-r2/s3-normal-seed1/static.json	11247	ab0d34bc6757feda0d816d678270e7e9ef951b24e09a015c46f99cf50f3c9b15	ab0d34bc6757feda0d816d678270e7e9ef951b24e09a015c46f99cf50f3c9b15	none	0
tr04-official-1/T13-G2-r2/s3-normal-seed1/summary.json	4186	bd2a3a3ca713cf02317a800a7f0adb49e5223a8a959accd931280fd834bacfad	5b935c1e62637acca0316182c37052573a439db3e26176a6ab3ec69153303ea5	drop_tick_hashes	0
tr04-official-1/T13-G2-r2/s3-normal-seed1/vision-stderr.log	26	f6259e2742222db4cedc0f46e1f9d79c113803494192992ee22d2e0ff6d9cc6e	f6259e2742222db4cedc0f46e1f9d79c113803494192992ee22d2e0ff6d9cc6e	none	0
tr04-official-1/T13-G2-r2/s3-normal-seed2/io_verdict.json	383	83da5e3273ff972c39964988f706e20a4642491265ba03a1382068d67c4f5ff7	83da5e3273ff972c39964988f706e20a4642491265ba03a1382068d67c4f5ff7	none	0
tr04-official-1/T13-G2-r2/s3-normal-seed2/metadata.json	5304	71640b061866424f73393ab45912b353fbfba3a88b4bdd06fd4c0b01a5b0c893	392d8b634fb479b74d1ed88ec6bc2da51e5c3b0dc9a36cb77f29722ec0fe166a	redact	10
tr04-official-1/T13-G2-r2/s3-normal-seed2/plc-stderr.log	0	e3b0c44298fc1c149afbf4c8996fb92427ae41e4649b934ca495991b7852b855	e3b0c44298fc1c149afbf4c8996fb92427ae41e4649b934ca495991b7852b855	none	0
tr04-official-1/T13-G2-r2/s3-normal-seed2/processes.json	133	2d682689e80bda8c5620f25653426df526d1fbc1117dd5af83750c779d3b7848	2d682689e80bda8c5620f25653426df526d1fbc1117dd5af83750c779d3b7848	none	0
tr04-official-1/T13-G2-r2/s3-normal-seed2/reference-10ms-differences.json	3	37517e5f3dc66819f61f5a7bb8ace1921282415f10551d2defa5c3eb0985b570	37517e5f3dc66819f61f5a7bb8ace1921282415f10551d2defa5c3eb0985b570	none	0
tr04-official-1/T13-G2-r2/s3-normal-seed2/static.json	11247	ab0d34bc6757feda0d816d678270e7e9ef951b24e09a015c46f99cf50f3c9b15	ab0d34bc6757feda0d816d678270e7e9ef951b24e09a015c46f99cf50f3c9b15	none	0
tr04-official-1/T13-G2-r2/s3-normal-seed2/summary.json	4190	150b3f8daedd1e31329c098ac179faf0476e110077c705de130a5cdee691d076	bb8df483c392c46db0ce55368e772c450de924105c8d08c6ebd3277f1d7fe049	drop_tick_hashes	0
tr04-official-1/T13-G2-r2/s3-normal-seed2/vision-stderr.log	26	f6259e2742222db4cedc0f46e1f9d79c113803494192992ee22d2e0ff6d9cc6e	f6259e2742222db4cedc0f46e1f9d79c113803494192992ee22d2e0ff6d9cc6e	none	0
tr04-official-1/T13-G2-r2/s3-normal-seed3/io_verdict.json	383	0007070d2e319ecd363bdfafce6d41c38238c32859c88c342266c82bfdf40462	0007070d2e319ecd363bdfafce6d41c38238c32859c88c342266c82bfdf40462	none	0
tr04-official-1/T13-G2-r2/s3-normal-seed3/metadata.json	5304	8533e5568b825f84651e835c8fd338c2e9065cc09b70129fded8c67456788e57	297175cc3adea2d66bed37b5c26636eb9be0d50487b978c21aa246a739e079ee	redact	10
tr04-official-1/T13-G2-r2/s3-normal-seed3/plc-stderr.log	0	e3b0c44298fc1c149afbf4c8996fb92427ae41e4649b934ca495991b7852b855	e3b0c44298fc1c149afbf4c8996fb92427ae41e4649b934ca495991b7852b855	none	0
tr04-official-1/T13-G2-r2/s3-normal-seed3/processes.json	133	2d682689e80bda8c5620f25653426df526d1fbc1117dd5af83750c779d3b7848	2d682689e80bda8c5620f25653426df526d1fbc1117dd5af83750c779d3b7848	none	0
tr04-official-1/T13-G2-r2/s3-normal-seed3/reference-10ms-differences.json	3	37517e5f3dc66819f61f5a7bb8ace1921282415f10551d2defa5c3eb0985b570	37517e5f3dc66819f61f5a7bb8ace1921282415f10551d2defa5c3eb0985b570	none	0
tr04-official-1/T13-G2-r2/s3-normal-seed3/static.json	11247	ab0d34bc6757feda0d816d678270e7e9ef951b24e09a015c46f99cf50f3c9b15	ab0d34bc6757feda0d816d678270e7e9ef951b24e09a015c46f99cf50f3c9b15	none	0
tr04-official-1/T13-G2-r2/s3-normal-seed3/summary.json	4191	069d883c76ed0cec4736fad180b9729b6309ea0dc2b2a0142b14e0eeaeab872b	b5428496cc4de153dab6b0b236417be0ed350ca8f2ac3f42e385db9933a6ccef	drop_tick_hashes	0
tr04-official-1/T13-G2-r2/s3-normal-seed3/vision-stderr.log	26	f6259e2742222db4cedc0f46e1f9d79c113803494192992ee22d2e0ff6d9cc6e	f6259e2742222db4cedc0f46e1f9d79c113803494192992ee22d2e0ff6d9cc6e	none	0
tr04-official-1/T13-G2-r2/s3-recovery-retract-seed1/failure.json	75	0c6032cd07861e1f85d433c4777029e5b595339c22f506d8d7369fa926454217	0c6032cd07861e1f85d433c4777029e5b595339c22f506d8d7369fa926454217	none	0
tr04-official-1/T13-G2-r2/s3-recovery-retract-seed1/io_verdict.json	451	052be0d43fa3e754cebfb1cf553a1e9e0bdaf80eaaf9f7f5d4ace5924952ae26	052be0d43fa3e754cebfb1cf553a1e9e0bdaf80eaaf9f7f5d4ace5924952ae26	none	0
tr04-official-1/T13-G2-r2/s3-recovery-retract-seed1/metadata.json	5314	259b3cc26f3ea3e5ea92a7e5a2dea989564a7dc6548707dcb192433fb320c218	6a079aedeba9ea3416b6cf18c22da43cc24f8fd5c29874bd38b8a986ce0dd254	redact	10
tr04-official-1/T13-G2-r2/s3-recovery-retract-seed1/plc-stderr.log	0	e3b0c44298fc1c149afbf4c8996fb92427ae41e4649b934ca495991b7852b855	e3b0c44298fc1c149afbf4c8996fb92427ae41e4649b934ca495991b7852b855	none	0
tr04-official-1/T13-G2-r2/s3-recovery-retract-seed1/processes.json	134	a359ee4aa54de89e8b8af12b57c7568e03924a7769f3cee1d8825d2cd30c000f	a359ee4aa54de89e8b8af12b57c7568e03924a7769f3cee1d8825d2cd30c000f	none	0
tr04-official-1/T13-G2-r2/s3-recovery-retract-seed1/static.json	11247	ab0d34bc6757feda0d816d678270e7e9ef951b24e09a015c46f99cf50f3c9b15	ab0d34bc6757feda0d816d678270e7e9ef951b24e09a015c46f99cf50f3c9b15	none	0
tr04-official-1/T13-G2-r2/s3-recovery-retract-seed1/vision-stderr.log	26	f6259e2742222db4cedc0f46e1f9d79c113803494192992ee22d2e0ff6d9cc6e	f6259e2742222db4cedc0f46e1f9d79c113803494192992ee22d2e0ff6d9cc6e	none	0
tr04-official-1/T13-G2-r2/s3-recovery-seed1/failure.json	75	0c6032cd07861e1f85d433c4777029e5b595339c22f506d8d7369fa926454217	0c6032cd07861e1f85d433c4777029e5b595339c22f506d8d7369fa926454217	none	0
tr04-official-1/T13-G2-r2/s3-recovery-seed1/io_verdict.json	443	c3b2feb77af86b08121ea46e6d92b8dd2defd43618446f6270768933cdbfd57d	c3b2feb77af86b08121ea46e6d92b8dd2defd43618446f6270768933cdbfd57d	none	0
tr04-official-1/T13-G2-r2/s3-recovery-seed1/metadata.json	5306	9420b9f68d5b75d2d8be33e4db915a7c63e2b373f8cc7adb3dc4e2361dee8108	354a8c90feff09cfc437b524e8477d435ee0d963ac9a2857523fc1d2822b7246	redact	10
tr04-official-1/T13-G2-r2/s3-recovery-seed1/plc-stderr.log	0	e3b0c44298fc1c149afbf4c8996fb92427ae41e4649b934ca495991b7852b855	e3b0c44298fc1c149afbf4c8996fb92427ae41e4649b934ca495991b7852b855	none	0
tr04-official-1/T13-G2-r2/s3-recovery-seed1/processes.json	134	a359ee4aa54de89e8b8af12b57c7568e03924a7769f3cee1d8825d2cd30c000f	a359ee4aa54de89e8b8af12b57c7568e03924a7769f3cee1d8825d2cd30c000f	none	0
tr04-official-1/T13-G2-r2/s3-recovery-seed1/static.json	11247	ab0d34bc6757feda0d816d678270e7e9ef951b24e09a015c46f99cf50f3c9b15	ab0d34bc6757feda0d816d678270e7e9ef951b24e09a015c46f99cf50f3c9b15	none	0
tr04-official-1/T13-G2-r2/s3-recovery-seed1/vision-stderr.log	26	f6259e2742222db4cedc0f46e1f9d79c113803494192992ee22d2e0ff6d9cc6e	f6259e2742222db4cedc0f46e1f9d79c113803494192992ee22d2e0ff6d9cc6e	none	0
tr04-official-1/T13-G2-r2/static.json	326	f028e7644454782d6341f362b734d8c6003587a1244a09150f95338af63133f0	ec57252f266562a4010b78d7ee49343fff4f680606a0a593132eea008d0608fb	redact	1
tr04-official-1/T13-G2-r2/verdict.json	1156	2db1505b6b5f9df85dbce9ce2fb32bbbfe47ea5ac4467bbca93bce2a4c75894d	2db1505b6b5f9df85dbce9ce2fb32bbbfe47ea5ac4467bbca93bce2a4c75894d	none	0
tr04-official-1/T13-G2-r3/force.json	2212	f775664bee5e97b55198d2012f99dab50ae2fad4310ff054e2a3f32709db9395	97184f21d32f8e16647824c3b8136bf078c9654a7ed69011f344b6b1aed01013	redact	1
tr04-official-1/T13-G2-r3/s3-curtain-seed1/io_verdict.json	442	0d6016793d1093d7cc3322114b100f8661cdb354b1029bf0169ef2df01d2bed5	0d6016793d1093d7cc3322114b100f8661cdb354b1029bf0169ef2df01d2bed5	none	0
tr04-official-1/T13-G2-r3/s3-curtain-seed1/metadata.json	5305	73dc9a570c928a863a08ea8abfaf277cfaa87009be82e72945804b7a644ebe5b	e05deb9d1cd25ff13d9c68c8cc7e170886841b51aee0ab761dd05dec644cfedc	redact	10
tr04-official-1/T13-G2-r3/s3-curtain-seed1/plc-stderr.log	0	e3b0c44298fc1c149afbf4c8996fb92427ae41e4649b934ca495991b7852b855	e3b0c44298fc1c149afbf4c8996fb92427ae41e4649b934ca495991b7852b855	none	0
tr04-official-1/T13-G2-r3/s3-curtain-seed1/processes.json	133	2d682689e80bda8c5620f25653426df526d1fbc1117dd5af83750c779d3b7848	2d682689e80bda8c5620f25653426df526d1fbc1117dd5af83750c779d3b7848	none	0
tr04-official-1/T13-G2-r3/s3-curtain-seed1/reference-10ms-differences.json	3	37517e5f3dc66819f61f5a7bb8ace1921282415f10551d2defa5c3eb0985b570	37517e5f3dc66819f61f5a7bb8ace1921282415f10551d2defa5c3eb0985b570	none	0
tr04-official-1/T13-G2-r3/s3-curtain-seed1/static.json	10932	1086cfbb0b1f507fffce40471f953bca787a99ba6304ec62a515631aced327a4	1086cfbb0b1f507fffce40471f953bca787a99ba6304ec62a515631aced327a4	none	0
tr04-official-1/T13-G2-r3/s3-curtain-seed1/summary.json	4067	f1e1ed262ba0f9915948a9a10c94e2766e220213af91e2e2575cbe38440a959a	d40707a1b715e773a4fdf66a1309f55250294b49e9d4daa6c1d11ea697cb3050	drop_tick_hashes	0
tr04-official-1/T13-G2-r3/s3-curtain-seed1/vision-stderr.log	26	f6259e2742222db4cedc0f46e1f9d79c113803494192992ee22d2e0ff6d9cc6e	f6259e2742222db4cedc0f46e1f9d79c113803494192992ee22d2e0ff6d9cc6e	none	0
tr04-official-1/T13-G2-r3/s3-normal-seed1/io_verdict.json	383	5764c90719e5a826eba5810eea1a7ffe0fd700369ade52d68ab4498083a4b600	5764c90719e5a826eba5810eea1a7ffe0fd700369ade52d68ab4498083a4b600	none	0
tr04-official-1/T13-G2-r3/s3-normal-seed1/metadata.json	5304	acfa1ec870d920ab923fe9aeed7b951ba1c67d2c13ee59003a77837fcf74ce9f	9f09b5466c974973ce72122a65d2cb89f7c25e1e3a6ad71ecdc90c468bbdd214	redact	10
tr04-official-1/T13-G2-r3/s3-normal-seed1/plc-stderr.log	0	e3b0c44298fc1c149afbf4c8996fb92427ae41e4649b934ca495991b7852b855	e3b0c44298fc1c149afbf4c8996fb92427ae41e4649b934ca495991b7852b855	none	0
tr04-official-1/T13-G2-r3/s3-normal-seed1/processes.json	133	2d682689e80bda8c5620f25653426df526d1fbc1117dd5af83750c779d3b7848	2d682689e80bda8c5620f25653426df526d1fbc1117dd5af83750c779d3b7848	none	0
tr04-official-1/T13-G2-r3/s3-normal-seed1/reference-10ms-differences.json	3	37517e5f3dc66819f61f5a7bb8ace1921282415f10551d2defa5c3eb0985b570	37517e5f3dc66819f61f5a7bb8ace1921282415f10551d2defa5c3eb0985b570	none	0
tr04-official-1/T13-G2-r3/s3-normal-seed1/static.json	10932	1086cfbb0b1f507fffce40471f953bca787a99ba6304ec62a515631aced327a4	1086cfbb0b1f507fffce40471f953bca787a99ba6304ec62a515631aced327a4	none	0
tr04-official-1/T13-G2-r3/s3-normal-seed1/summary.json	4186	99ad512519b619371208ab077b7cb35a610684bbbfeff590b003e3bb61c14ab9	6da7d2e5e961033993534a1ce644925ef7cd9909c46e6cf2799be575984b5763	drop_tick_hashes	0
tr04-official-1/T13-G2-r3/s3-normal-seed1/vision-stderr.log	26	f6259e2742222db4cedc0f46e1f9d79c113803494192992ee22d2e0ff6d9cc6e	f6259e2742222db4cedc0f46e1f9d79c113803494192992ee22d2e0ff6d9cc6e	none	0
tr04-official-1/T13-G2-r3/s3-normal-seed2/io_verdict.json	383	83da5e3273ff972c39964988f706e20a4642491265ba03a1382068d67c4f5ff7	83da5e3273ff972c39964988f706e20a4642491265ba03a1382068d67c4f5ff7	none	0
tr04-official-1/T13-G2-r3/s3-normal-seed2/metadata.json	5304	d13bee8e0cd785acdce42ae67e0030cf7673e2b021bf513ac43d94ae8bf79bf0	4f9f53f3d30aa0dab56d1210556022590f8c4006aa873799d2ae971b8f609419	redact	10
tr04-official-1/T13-G2-r3/s3-normal-seed2/plc-stderr.log	0	e3b0c44298fc1c149afbf4c8996fb92427ae41e4649b934ca495991b7852b855	e3b0c44298fc1c149afbf4c8996fb92427ae41e4649b934ca495991b7852b855	none	0
tr04-official-1/T13-G2-r3/s3-normal-seed2/processes.json	133	2d682689e80bda8c5620f25653426df526d1fbc1117dd5af83750c779d3b7848	2d682689e80bda8c5620f25653426df526d1fbc1117dd5af83750c779d3b7848	none	0
tr04-official-1/T13-G2-r3/s3-normal-seed2/reference-10ms-differences.json	3	37517e5f3dc66819f61f5a7bb8ace1921282415f10551d2defa5c3eb0985b570	37517e5f3dc66819f61f5a7bb8ace1921282415f10551d2defa5c3eb0985b570	none	0
tr04-official-1/T13-G2-r3/s3-normal-seed2/static.json	10932	1086cfbb0b1f507fffce40471f953bca787a99ba6304ec62a515631aced327a4	1086cfbb0b1f507fffce40471f953bca787a99ba6304ec62a515631aced327a4	none	0
tr04-official-1/T13-G2-r3/s3-normal-seed2/summary.json	4190	adde4668d5832b130226ccc594167bab9748d88ffe3418945cd9abd30dd463c8	3417d992bfd9ab7d64b47f11f21c918fab330de9f0ac06977399987c123386a4	drop_tick_hashes	0
tr04-official-1/T13-G2-r3/s3-normal-seed2/vision-stderr.log	26	f6259e2742222db4cedc0f46e1f9d79c113803494192992ee22d2e0ff6d9cc6e	f6259e2742222db4cedc0f46e1f9d79c113803494192992ee22d2e0ff6d9cc6e	none	0
tr04-official-1/T13-G2-r3/s3-normal-seed3/io_verdict.json	383	0007070d2e319ecd363bdfafce6d41c38238c32859c88c342266c82bfdf40462	0007070d2e319ecd363bdfafce6d41c38238c32859c88c342266c82bfdf40462	none	0
tr04-official-1/T13-G2-r3/s3-normal-seed3/metadata.json	5304	ec427b60ca730717886b74526b39ebd9d54ca80f32327aae948578772a1adbc8	01685a2dc0019a98660c0b166fd69ba65bc00953c71d91dd9af50b04cc897ff3	redact	10
tr04-official-1/T13-G2-r3/s3-normal-seed3/plc-stderr.log	0	e3b0c44298fc1c149afbf4c8996fb92427ae41e4649b934ca495991b7852b855	e3b0c44298fc1c149afbf4c8996fb92427ae41e4649b934ca495991b7852b855	none	0
tr04-official-1/T13-G2-r3/s3-normal-seed3/processes.json	133	2d682689e80bda8c5620f25653426df526d1fbc1117dd5af83750c779d3b7848	2d682689e80bda8c5620f25653426df526d1fbc1117dd5af83750c779d3b7848	none	0
tr04-official-1/T13-G2-r3/s3-normal-seed3/reference-10ms-differences.json	3	37517e5f3dc66819f61f5a7bb8ace1921282415f10551d2defa5c3eb0985b570	37517e5f3dc66819f61f5a7bb8ace1921282415f10551d2defa5c3eb0985b570	none	0
tr04-official-1/T13-G2-r3/s3-normal-seed3/static.json	10932	1086cfbb0b1f507fffce40471f953bca787a99ba6304ec62a515631aced327a4	1086cfbb0b1f507fffce40471f953bca787a99ba6304ec62a515631aced327a4	none	0
tr04-official-1/T13-G2-r3/s3-normal-seed3/summary.json	4191	596d6adeac6d082abfd716f9bf7ec98f23e7a0d27f465637414e21750f5451fb	dcd99b84283bb4d4a71c6a009512f7ca5c45ee9560b711b1d29537615d04f76a	drop_tick_hashes	0
tr04-official-1/T13-G2-r3/s3-normal-seed3/vision-stderr.log	26	f6259e2742222db4cedc0f46e1f9d79c113803494192992ee22d2e0ff6d9cc6e	f6259e2742222db4cedc0f46e1f9d79c113803494192992ee22d2e0ff6d9cc6e	none	0
tr04-official-1/T13-G2-r3/s3-recovery-retract-seed1/failure.json	75	0c6032cd07861e1f85d433c4777029e5b595339c22f506d8d7369fa926454217	0c6032cd07861e1f85d433c4777029e5b595339c22f506d8d7369fa926454217	none	0
tr04-official-1/T13-G2-r3/s3-recovery-retract-seed1/io_verdict.json	451	052be0d43fa3e754cebfb1cf553a1e9e0bdaf80eaaf9f7f5d4ace5924952ae26	052be0d43fa3e754cebfb1cf553a1e9e0bdaf80eaaf9f7f5d4ace5924952ae26	none	0
tr04-official-1/T13-G2-r3/s3-recovery-retract-seed1/metadata.json	5314	76bd0eb4947790342bb92e0ce13ca9b181312533c0ae2c24de42d7dc401924c6	ec9f3dcd1cb391a569e5d4270b89caf414b53d4b6ca7a6c75a56a4343c416808	redact	10
tr04-official-1/T13-G2-r3/s3-recovery-retract-seed1/plc-stderr.log	0	e3b0c44298fc1c149afbf4c8996fb92427ae41e4649b934ca495991b7852b855	e3b0c44298fc1c149afbf4c8996fb92427ae41e4649b934ca495991b7852b855	none	0
tr04-official-1/T13-G2-r3/s3-recovery-retract-seed1/processes.json	134	a359ee4aa54de89e8b8af12b57c7568e03924a7769f3cee1d8825d2cd30c000f	a359ee4aa54de89e8b8af12b57c7568e03924a7769f3cee1d8825d2cd30c000f	none	0
tr04-official-1/T13-G2-r3/s3-recovery-retract-seed1/static.json	10932	1086cfbb0b1f507fffce40471f953bca787a99ba6304ec62a515631aced327a4	1086cfbb0b1f507fffce40471f953bca787a99ba6304ec62a515631aced327a4	none	0
tr04-official-1/T13-G2-r3/s3-recovery-retract-seed1/vision-stderr.log	26	f6259e2742222db4cedc0f46e1f9d79c113803494192992ee22d2e0ff6d9cc6e	f6259e2742222db4cedc0f46e1f9d79c113803494192992ee22d2e0ff6d9cc6e	none	0
tr04-official-1/T13-G2-r3/s3-recovery-seed1/failure.json	75	0c6032cd07861e1f85d433c4777029e5b595339c22f506d8d7369fa926454217	0c6032cd07861e1f85d433c4777029e5b595339c22f506d8d7369fa926454217	none	0
tr04-official-1/T13-G2-r3/s3-recovery-seed1/io_verdict.json	443	c3b2feb77af86b08121ea46e6d92b8dd2defd43618446f6270768933cdbfd57d	c3b2feb77af86b08121ea46e6d92b8dd2defd43618446f6270768933cdbfd57d	none	0
tr04-official-1/T13-G2-r3/s3-recovery-seed1/metadata.json	5306	6f2aa4dd97bdb5557b0c3b68d5869161c6bec381996a1679a0a95c6797ca27b3	f87188fcaeae631b4d25ad29454725731004ed3eac745f89a48c352144fd9526	redact	10
tr04-official-1/T13-G2-r3/s3-recovery-seed1/plc-stderr.log	0	e3b0c44298fc1c149afbf4c8996fb92427ae41e4649b934ca495991b7852b855	e3b0c44298fc1c149afbf4c8996fb92427ae41e4649b934ca495991b7852b855	none	0
tr04-official-1/T13-G2-r3/s3-recovery-seed1/processes.json	134	a359ee4aa54de89e8b8af12b57c7568e03924a7769f3cee1d8825d2cd30c000f	a359ee4aa54de89e8b8af12b57c7568e03924a7769f3cee1d8825d2cd30c000f	none	0
tr04-official-1/T13-G2-r3/s3-recovery-seed1/static.json	10932	1086cfbb0b1f507fffce40471f953bca787a99ba6304ec62a515631aced327a4	1086cfbb0b1f507fffce40471f953bca787a99ba6304ec62a515631aced327a4	none	0
tr04-official-1/T13-G2-r3/s3-recovery-seed1/vision-stderr.log	26	f6259e2742222db4cedc0f46e1f9d79c113803494192992ee22d2e0ff6d9cc6e	f6259e2742222db4cedc0f46e1f9d79c113803494192992ee22d2e0ff6d9cc6e	none	0
tr04-official-1/T13-G2-r3/static.json	326	32a0d6b2ce784ad8ec04061fe5464391ab6710d156d3be9d78843cbf56c66193	e5c57b89d81f2590b3b919ddecd0c61cd3f0bcd7f0626f09badf706c87595b69	redact	1
tr04-official-1/T13-G2-r3/verdict.json	1156	44500d4e5686f4208a88480d8860917b5c367a93000d50881d183729095c463b	44500d4e5686f4208a88480d8860917b5c367a93000d50881d183729095c463b	none	0
tr04-official-1/T13-G3-r1/verdict.json	142	bd63bc08b8dab09abd955a0a61b211cd03d8c441e89438d8c68f7cb281e0678b	bd63bc08b8dab09abd955a0a61b211cd03d8c441e89438d8c68f7cb281e0678b	none	0
tr04-official-1/T14-G1-r1/force.json	2212	3f55cc49de8fa04de76522308de60f64a720dffbf7e8ddf5f95ea839e679d3bd	ceeb7d85b597cfb4e45074b9b5a88d256405f0778e1780004b2ea14756a6ec2a	redact	1
tr04-official-1/T14-G1-r1/s3-curtain-seed1/io_verdict.json	442	0d6016793d1093d7cc3322114b100f8661cdb354b1029bf0169ef2df01d2bed5	0d6016793d1093d7cc3322114b100f8661cdb354b1029bf0169ef2df01d2bed5	none	0
tr04-official-1/T14-G1-r1/s3-curtain-seed1/metadata.json	5305	e0e09bf50fe3758282d065f3f297c496ce293aca74fbe79c02ad3c913242bcd6	49f35315e55c182f272102f589cfc781a3013540c787400cfd6f1ca20f90e95c	redact	10
tr04-official-1/T14-G1-r1/s3-curtain-seed1/plc-stderr.log	0	e3b0c44298fc1c149afbf4c8996fb92427ae41e4649b934ca495991b7852b855	e3b0c44298fc1c149afbf4c8996fb92427ae41e4649b934ca495991b7852b855	none	0
tr04-official-1/T14-G1-r1/s3-curtain-seed1/processes.json	133	2d682689e80bda8c5620f25653426df526d1fbc1117dd5af83750c779d3b7848	2d682689e80bda8c5620f25653426df526d1fbc1117dd5af83750c779d3b7848	none	0
tr04-official-1/T14-G1-r1/s3-curtain-seed1/reference-10ms-differences.json	3	37517e5f3dc66819f61f5a7bb8ace1921282415f10551d2defa5c3eb0985b570	37517e5f3dc66819f61f5a7bb8ace1921282415f10551d2defa5c3eb0985b570	none	0
tr04-official-1/T14-G1-r1/s3-curtain-seed1/static.json	12189	4fff4f024a6a8e7ff8d6cac23a689480b4426dc042fe868452dd041be83b64c3	4fff4f024a6a8e7ff8d6cac23a689480b4426dc042fe868452dd041be83b64c3	none	0
tr04-official-1/T14-G1-r1/s3-curtain-seed1/summary.json	4067	45fde22c98b20c99f8575306e03e49b1d0edbee8855be028a5817d605a35be43	15e386ab046d718550a4df43515ecc095f3f7c5c4c84d0a5da11d84ceb69fc8a	drop_tick_hashes	0
tr04-official-1/T14-G1-r1/s3-curtain-seed1/vision-stderr.log	26	f6259e2742222db4cedc0f46e1f9d79c113803494192992ee22d2e0ff6d9cc6e	f6259e2742222db4cedc0f46e1f9d79c113803494192992ee22d2e0ff6d9cc6e	none	0
tr04-official-1/T14-G1-r1/s3-normal-seed1/io_verdict.json	383	5764c90719e5a826eba5810eea1a7ffe0fd700369ade52d68ab4498083a4b600	5764c90719e5a826eba5810eea1a7ffe0fd700369ade52d68ab4498083a4b600	none	0
tr04-official-1/T14-G1-r1/s3-normal-seed1/metadata.json	5304	83420f744e3a46a5795719908e541926ac2c5fb6d8ccd4de4d7abb9993eb55b0	6002dd9dcc677d9b9278798eff3e92ea8a42a9bcedcfecfe1bebaca970aad6c0	redact	10
tr04-official-1/T14-G1-r1/s3-normal-seed1/plc-stderr.log	0	e3b0c44298fc1c149afbf4c8996fb92427ae41e4649b934ca495991b7852b855	e3b0c44298fc1c149afbf4c8996fb92427ae41e4649b934ca495991b7852b855	none	0
tr04-official-1/T14-G1-r1/s3-normal-seed1/processes.json	133	2d682689e80bda8c5620f25653426df526d1fbc1117dd5af83750c779d3b7848	2d682689e80bda8c5620f25653426df526d1fbc1117dd5af83750c779d3b7848	none	0
tr04-official-1/T14-G1-r1/s3-normal-seed1/reference-10ms-differences.json	3	37517e5f3dc66819f61f5a7bb8ace1921282415f10551d2defa5c3eb0985b570	37517e5f3dc66819f61f5a7bb8ace1921282415f10551d2defa5c3eb0985b570	none	0
tr04-official-1/T14-G1-r1/s3-normal-seed1/static.json	12189	4fff4f024a6a8e7ff8d6cac23a689480b4426dc042fe868452dd041be83b64c3	4fff4f024a6a8e7ff8d6cac23a689480b4426dc042fe868452dd041be83b64c3	none	0
tr04-official-1/T14-G1-r1/s3-normal-seed1/summary.json	4186	1c2eebef73b83d978696af3879312cf6a7d13d1e92b24bc231d2cd1630c7f844	77162d4a163e1d41ffbdd977ff79b526700f926cb1a3f395423b844ca19a81ba	drop_tick_hashes	0
tr04-official-1/T14-G1-r1/s3-normal-seed1/vision-stderr.log	26	f6259e2742222db4cedc0f46e1f9d79c113803494192992ee22d2e0ff6d9cc6e	f6259e2742222db4cedc0f46e1f9d79c113803494192992ee22d2e0ff6d9cc6e	none	0
tr04-official-1/T14-G1-r1/s3-normal-seed2/io_verdict.json	383	83da5e3273ff972c39964988f706e20a4642491265ba03a1382068d67c4f5ff7	83da5e3273ff972c39964988f706e20a4642491265ba03a1382068d67c4f5ff7	none	0
tr04-official-1/T14-G1-r1/s3-normal-seed2/metadata.json	5304	f135a981f17b22978a48b9cecab1b91291360279ab0b9c92897cda86d00b30a1	18fd15d2192dc2aafe455d42d578a7ca291fdb9d7d5e105609a47210c955de37	redact	10
tr04-official-1/T14-G1-r1/s3-normal-seed2/plc-stderr.log	0	e3b0c44298fc1c149afbf4c8996fb92427ae41e4649b934ca495991b7852b855	e3b0c44298fc1c149afbf4c8996fb92427ae41e4649b934ca495991b7852b855	none	0
tr04-official-1/T14-G1-r1/s3-normal-seed2/processes.json	133	2d682689e80bda8c5620f25653426df526d1fbc1117dd5af83750c779d3b7848	2d682689e80bda8c5620f25653426df526d1fbc1117dd5af83750c779d3b7848	none	0
tr04-official-1/T14-G1-r1/s3-normal-seed2/reference-10ms-differences.json	3	37517e5f3dc66819f61f5a7bb8ace1921282415f10551d2defa5c3eb0985b570	37517e5f3dc66819f61f5a7bb8ace1921282415f10551d2defa5c3eb0985b570	none	0
tr04-official-1/T14-G1-r1/s3-normal-seed2/static.json	12189	4fff4f024a6a8e7ff8d6cac23a689480b4426dc042fe868452dd041be83b64c3	4fff4f024a6a8e7ff8d6cac23a689480b4426dc042fe868452dd041be83b64c3	none	0
tr04-official-1/T14-G1-r1/s3-normal-seed2/summary.json	4190	a6d3d3446ccad43d7319f69cf3c5eb7b3193de0ab49118a7b9012e5166d0c0cd	4ad7d68771e56d1293c5c3300dfa705b10620d62531459e19e1564db6510a806	drop_tick_hashes	0
tr04-official-1/T14-G1-r1/s3-normal-seed2/vision-stderr.log	26	f6259e2742222db4cedc0f46e1f9d79c113803494192992ee22d2e0ff6d9cc6e	f6259e2742222db4cedc0f46e1f9d79c113803494192992ee22d2e0ff6d9cc6e	none	0
tr04-official-1/T14-G1-r1/s3-normal-seed3/io_verdict.json	383	0007070d2e319ecd363bdfafce6d41c38238c32859c88c342266c82bfdf40462	0007070d2e319ecd363bdfafce6d41c38238c32859c88c342266c82bfdf40462	none	0
tr04-official-1/T14-G1-r1/s3-normal-seed3/metadata.json	5304	e73b6c6d18d5683f724e95ab7eae1b8997f5458b08840d4de8d4603907255b1f	ed598b272b34b9ea379d1bd7da93a417ecfbd4df18766dde184d673ed518b1c4	redact	10
tr04-official-1/T14-G1-r1/s3-normal-seed3/plc-stderr.log	0	e3b0c44298fc1c149afbf4c8996fb92427ae41e4649b934ca495991b7852b855	e3b0c44298fc1c149afbf4c8996fb92427ae41e4649b934ca495991b7852b855	none	0
tr04-official-1/T14-G1-r1/s3-normal-seed3/processes.json	133	2d682689e80bda8c5620f25653426df526d1fbc1117dd5af83750c779d3b7848	2d682689e80bda8c5620f25653426df526d1fbc1117dd5af83750c779d3b7848	none	0
tr04-official-1/T14-G1-r1/s3-normal-seed3/reference-10ms-differences.json	3	37517e5f3dc66819f61f5a7bb8ace1921282415f10551d2defa5c3eb0985b570	37517e5f3dc66819f61f5a7bb8ace1921282415f10551d2defa5c3eb0985b570	none	0
tr04-official-1/T14-G1-r1/s3-normal-seed3/static.json	12189	4fff4f024a6a8e7ff8d6cac23a689480b4426dc042fe868452dd041be83b64c3	4fff4f024a6a8e7ff8d6cac23a689480b4426dc042fe868452dd041be83b64c3	none	0
tr04-official-1/T14-G1-r1/s3-normal-seed3/summary.json	4191	b16747038f7d9aec63912afeb7adb4c5be842f03d2a2bbbf237688504a6380e5	975d41e7aa0d369cf7085b87bc122aefd58fa412b9558481f32e73876c3d653c	drop_tick_hashes	0
tr04-official-1/T14-G1-r1/s3-normal-seed3/vision-stderr.log	26	f6259e2742222db4cedc0f46e1f9d79c113803494192992ee22d2e0ff6d9cc6e	f6259e2742222db4cedc0f46e1f9d79c113803494192992ee22d2e0ff6d9cc6e	none	0
tr04-official-1/T14-G1-r1/s3-recovery-retract-seed1/failure.json	75	0c6032cd07861e1f85d433c4777029e5b595339c22f506d8d7369fa926454217	0c6032cd07861e1f85d433c4777029e5b595339c22f506d8d7369fa926454217	none	0
tr04-official-1/T14-G1-r1/s3-recovery-retract-seed1/io_verdict.json	451	052be0d43fa3e754cebfb1cf553a1e9e0bdaf80eaaf9f7f5d4ace5924952ae26	052be0d43fa3e754cebfb1cf553a1e9e0bdaf80eaaf9f7f5d4ace5924952ae26	none	0
tr04-official-1/T14-G1-r1/s3-recovery-retract-seed1/metadata.json	5314	fc10cc03d72073dc0a91e0d45467a4e99a912912fc3f8c7bfd0a51a7c17a9bba	8dcfadd2f8c602e1615ab2375f3f84c879eca74fa76f6bc79f8efb0f23769bfb	redact	10
tr04-official-1/T14-G1-r1/s3-recovery-retract-seed1/plc-stderr.log	0	e3b0c44298fc1c149afbf4c8996fb92427ae41e4649b934ca495991b7852b855	e3b0c44298fc1c149afbf4c8996fb92427ae41e4649b934ca495991b7852b855	none	0
tr04-official-1/T14-G1-r1/s3-recovery-retract-seed1/processes.json	134	a359ee4aa54de89e8b8af12b57c7568e03924a7769f3cee1d8825d2cd30c000f	a359ee4aa54de89e8b8af12b57c7568e03924a7769f3cee1d8825d2cd30c000f	none	0
tr04-official-1/T14-G1-r1/s3-recovery-retract-seed1/static.json	12189	4fff4f024a6a8e7ff8d6cac23a689480b4426dc042fe868452dd041be83b64c3	4fff4f024a6a8e7ff8d6cac23a689480b4426dc042fe868452dd041be83b64c3	none	0
tr04-official-1/T14-G1-r1/s3-recovery-retract-seed1/vision-stderr.log	26	f6259e2742222db4cedc0f46e1f9d79c113803494192992ee22d2e0ff6d9cc6e	f6259e2742222db4cedc0f46e1f9d79c113803494192992ee22d2e0ff6d9cc6e	none	0
tr04-official-1/T14-G1-r1/s3-recovery-seed1/failure.json	75	0c6032cd07861e1f85d433c4777029e5b595339c22f506d8d7369fa926454217	0c6032cd07861e1f85d433c4777029e5b595339c22f506d8d7369fa926454217	none	0
tr04-official-1/T14-G1-r1/s3-recovery-seed1/io_verdict.json	443	c3b2feb77af86b08121ea46e6d92b8dd2defd43618446f6270768933cdbfd57d	c3b2feb77af86b08121ea46e6d92b8dd2defd43618446f6270768933cdbfd57d	none	0
tr04-official-1/T14-G1-r1/s3-recovery-seed1/metadata.json	5306	3cca9b5e8f384c39a2177f4028a7b5454b260f4c8ec61f5fffb63d04705bb4ec	2ab7957d1f27f434168cfe5c136d14792d2ba3656bea071e87f2f0a4c4443ecc	redact	10
tr04-official-1/T14-G1-r1/s3-recovery-seed1/plc-stderr.log	0	e3b0c44298fc1c149afbf4c8996fb92427ae41e4649b934ca495991b7852b855	e3b0c44298fc1c149afbf4c8996fb92427ae41e4649b934ca495991b7852b855	none	0
tr04-official-1/T14-G1-r1/s3-recovery-seed1/processes.json	134	a359ee4aa54de89e8b8af12b57c7568e03924a7769f3cee1d8825d2cd30c000f	a359ee4aa54de89e8b8af12b57c7568e03924a7769f3cee1d8825d2cd30c000f	none	0
tr04-official-1/T14-G1-r1/s3-recovery-seed1/static.json	12189	4fff4f024a6a8e7ff8d6cac23a689480b4426dc042fe868452dd041be83b64c3	4fff4f024a6a8e7ff8d6cac23a689480b4426dc042fe868452dd041be83b64c3	none	0
tr04-official-1/T14-G1-r1/s3-recovery-seed1/vision-stderr.log	26	f6259e2742222db4cedc0f46e1f9d79c113803494192992ee22d2e0ff6d9cc6e	f6259e2742222db4cedc0f46e1f9d79c113803494192992ee22d2e0ff6d9cc6e	none	0
tr04-official-1/T14-G1-r1/static.json	326	61c5d69e18fdf6db02d7538c1929c217994f32d2f98b1b5114e952c7dd00439c	f8996566bdd3fcebff52ade692e42db98b7839b9e68fea8eb8b7981b31fb9c99	redact	1
tr04-official-1/T14-G1-r1/verdict.json	1156	9503dbe4196afca63234a6b0a22fc46aaec2ecf593de413a759faa97ee504a15	9503dbe4196afca63234a6b0a22fc46aaec2ecf593de413a759faa97ee504a15	none	0
tr04-official-1/T14-G1-r2/force.json	2212	3b9a508dabebfadcfeca519f2acccac068fe7d5130680ae832a827f4221fa156	88d15d48ddf7f8ce72d374d8429ca031965063cf9f1c55ea2b4b1d484d666263	redact	1
tr04-official-1/T14-G1-r2/s3-curtain-seed1/io_verdict.json	442	0d6016793d1093d7cc3322114b100f8661cdb354b1029bf0169ef2df01d2bed5	0d6016793d1093d7cc3322114b100f8661cdb354b1029bf0169ef2df01d2bed5	none	0
tr04-official-1/T14-G1-r2/s3-curtain-seed1/metadata.json	5305	44b0b4e0e6bd9c6b0ef86fd664048bd8ac19decb730d1ec9ad0d15bba4c76a27	6f19432762edb0ddcf92bdf07d231d7cabb2c6f0d2fac303723d5c9be9da5beb	redact	10
tr04-official-1/T14-G1-r2/s3-curtain-seed1/plc-stderr.log	0	e3b0c44298fc1c149afbf4c8996fb92427ae41e4649b934ca495991b7852b855	e3b0c44298fc1c149afbf4c8996fb92427ae41e4649b934ca495991b7852b855	none	0
tr04-official-1/T14-G1-r2/s3-curtain-seed1/processes.json	133	2d682689e80bda8c5620f25653426df526d1fbc1117dd5af83750c779d3b7848	2d682689e80bda8c5620f25653426df526d1fbc1117dd5af83750c779d3b7848	none	0
tr04-official-1/T14-G1-r2/s3-curtain-seed1/reference-10ms-differences.json	3	37517e5f3dc66819f61f5a7bb8ace1921282415f10551d2defa5c3eb0985b570	37517e5f3dc66819f61f5a7bb8ace1921282415f10551d2defa5c3eb0985b570	none	0
tr04-official-1/T14-G1-r2/s3-curtain-seed1/static.json	12189	4fff4f024a6a8e7ff8d6cac23a689480b4426dc042fe868452dd041be83b64c3	4fff4f024a6a8e7ff8d6cac23a689480b4426dc042fe868452dd041be83b64c3	none	0
tr04-official-1/T14-G1-r2/s3-curtain-seed1/summary.json	4067	c47073618825a11374dc580acba42475db5cdabb9ab6d86a18f0b4ceb4a04d6a	713f9f8abd664b233558cf2627554802dad5d650336385ba16730003fdc5ce8a	drop_tick_hashes	0
tr04-official-1/T14-G1-r2/s3-curtain-seed1/vision-stderr.log	26	f6259e2742222db4cedc0f46e1f9d79c113803494192992ee22d2e0ff6d9cc6e	f6259e2742222db4cedc0f46e1f9d79c113803494192992ee22d2e0ff6d9cc6e	none	0
tr04-official-1/T14-G1-r2/s3-normal-seed1/io_verdict.json	383	5764c90719e5a826eba5810eea1a7ffe0fd700369ade52d68ab4498083a4b600	5764c90719e5a826eba5810eea1a7ffe0fd700369ade52d68ab4498083a4b600	none	0
tr04-official-1/T14-G1-r2/s3-normal-seed1/metadata.json	5304	0dd56bea0bdf4695114771d522496438e123b8b0f6af96a9e8535278495346a7	6bdd9cd9a0a290abdc55a09a0221ee5fa55a45c274d1baa040f933b3b8d5e482	redact	10
tr04-official-1/T14-G1-r2/s3-normal-seed1/plc-stderr.log	0	e3b0c44298fc1c149afbf4c8996fb92427ae41e4649b934ca495991b7852b855	e3b0c44298fc1c149afbf4c8996fb92427ae41e4649b934ca495991b7852b855	none	0
tr04-official-1/T14-G1-r2/s3-normal-seed1/processes.json	133	2d682689e80bda8c5620f25653426df526d1fbc1117dd5af83750c779d3b7848	2d682689e80bda8c5620f25653426df526d1fbc1117dd5af83750c779d3b7848	none	0
tr04-official-1/T14-G1-r2/s3-normal-seed1/reference-10ms-differences.json	3	37517e5f3dc66819f61f5a7bb8ace1921282415f10551d2defa5c3eb0985b570	37517e5f3dc66819f61f5a7bb8ace1921282415f10551d2defa5c3eb0985b570	none	0
tr04-official-1/T14-G1-r2/s3-normal-seed1/static.json	12189	4fff4f024a6a8e7ff8d6cac23a689480b4426dc042fe868452dd041be83b64c3	4fff4f024a6a8e7ff8d6cac23a689480b4426dc042fe868452dd041be83b64c3	none	0
tr04-official-1/T14-G1-r2/s3-normal-seed1/summary.json	4186	790301a4b0ad2287acf7861ebb6635dda2a0c66d0f02da6b2484796d711c77b2	d67cc7d5705324eb56135a5a03c7f71608647d284d1b8c345ae5df3f53443b43	drop_tick_hashes	0
tr04-official-1/T14-G1-r2/s3-normal-seed1/vision-stderr.log	26	f6259e2742222db4cedc0f46e1f9d79c113803494192992ee22d2e0ff6d9cc6e	f6259e2742222db4cedc0f46e1f9d79c113803494192992ee22d2e0ff6d9cc6e	none	0
tr04-official-1/T14-G1-r2/s3-normal-seed2/io_verdict.json	383	83da5e3273ff972c39964988f706e20a4642491265ba03a1382068d67c4f5ff7	83da5e3273ff972c39964988f706e20a4642491265ba03a1382068d67c4f5ff7	none	0
tr04-official-1/T14-G1-r2/s3-normal-seed2/metadata.json	5304	957fef9ada06fb806e7e00acccfdd32effdb4cbe6c5d80698bb1c9c0561639c1	63421fbb094fff6e9f6b51fe9fa63a4628321fdfd98c3461f04a89af5201472b	redact	10
tr04-official-1/T14-G1-r2/s3-normal-seed2/plc-stderr.log	0	e3b0c44298fc1c149afbf4c8996fb92427ae41e4649b934ca495991b7852b855	e3b0c44298fc1c149afbf4c8996fb92427ae41e4649b934ca495991b7852b855	none	0
tr04-official-1/T14-G1-r2/s3-normal-seed2/processes.json	133	2d682689e80bda8c5620f25653426df526d1fbc1117dd5af83750c779d3b7848	2d682689e80bda8c5620f25653426df526d1fbc1117dd5af83750c779d3b7848	none	0
tr04-official-1/T14-G1-r2/s3-normal-seed2/reference-10ms-differences.json	3	37517e5f3dc66819f61f5a7bb8ace1921282415f10551d2defa5c3eb0985b570	37517e5f3dc66819f61f5a7bb8ace1921282415f10551d2defa5c3eb0985b570	none	0
tr04-official-1/T14-G1-r2/s3-normal-seed2/static.json	12189	4fff4f024a6a8e7ff8d6cac23a689480b4426dc042fe868452dd041be83b64c3	4fff4f024a6a8e7ff8d6cac23a689480b4426dc042fe868452dd041be83b64c3	none	0
tr04-official-1/T14-G1-r2/s3-normal-seed2/summary.json	4190	02d5bb3c7a7f2a4f50785d35278b03bf89c4f7ac28f9458a9e29d297061fe201	3f46d435da2307d3bebe606593a27a7680584680b60a99de394ad456ea6c353e	drop_tick_hashes	0
tr04-official-1/T14-G1-r2/s3-normal-seed2/vision-stderr.log	26	f6259e2742222db4cedc0f46e1f9d79c113803494192992ee22d2e0ff6d9cc6e	f6259e2742222db4cedc0f46e1f9d79c113803494192992ee22d2e0ff6d9cc6e	none	0
tr04-official-1/T14-G1-r2/s3-normal-seed3/io_verdict.json	383	0007070d2e319ecd363bdfafce6d41c38238c32859c88c342266c82bfdf40462	0007070d2e319ecd363bdfafce6d41c38238c32859c88c342266c82bfdf40462	none	0
tr04-official-1/T14-G1-r2/s3-normal-seed3/metadata.json	5304	5cfd96911086f63773593d0c50840b1a0069e41513890f4f96f9c03d27feb1c0	0be524559c3bd7aa39470f0c7cf8c39ddd785f9dcdfc4a74994d3fdbeb14cec9	redact	10
tr04-official-1/T14-G1-r2/s3-normal-seed3/plc-stderr.log	0	e3b0c44298fc1c149afbf4c8996fb92427ae41e4649b934ca495991b7852b855	e3b0c44298fc1c149afbf4c8996fb92427ae41e4649b934ca495991b7852b855	none	0
tr04-official-1/T14-G1-r2/s3-normal-seed3/processes.json	133	2d682689e80bda8c5620f25653426df526d1fbc1117dd5af83750c779d3b7848	2d682689e80bda8c5620f25653426df526d1fbc1117dd5af83750c779d3b7848	none	0
tr04-official-1/T14-G1-r2/s3-normal-seed3/reference-10ms-differences.json	3	37517e5f3dc66819f61f5a7bb8ace1921282415f10551d2defa5c3eb0985b570	37517e5f3dc66819f61f5a7bb8ace1921282415f10551d2defa5c3eb0985b570	none	0
tr04-official-1/T14-G1-r2/s3-normal-seed3/static.json	12189	4fff4f024a6a8e7ff8d6cac23a689480b4426dc042fe868452dd041be83b64c3	4fff4f024a6a8e7ff8d6cac23a689480b4426dc042fe868452dd041be83b64c3	none	0
tr04-official-1/T14-G1-r2/s3-normal-seed3/summary.json	4191	e1705ab94eeac3836b22b661a0aefd8ad687994c4b333709923b1e6f36c14ebb	f952e8be71dc71316a58180a203247e6ac561a8803fa8ad8569356882f28ba19	drop_tick_hashes	0
tr04-official-1/T14-G1-r2/s3-normal-seed3/vision-stderr.log	26	f6259e2742222db4cedc0f46e1f9d79c113803494192992ee22d2e0ff6d9cc6e	f6259e2742222db4cedc0f46e1f9d79c113803494192992ee22d2e0ff6d9cc6e	none	0
tr04-official-1/T14-G1-r2/s3-recovery-retract-seed1/failure.json	75	0c6032cd07861e1f85d433c4777029e5b595339c22f506d8d7369fa926454217	0c6032cd07861e1f85d433c4777029e5b595339c22f506d8d7369fa926454217	none	0
tr04-official-1/T14-G1-r2/s3-recovery-retract-seed1/io_verdict.json	451	052be0d43fa3e754cebfb1cf553a1e9e0bdaf80eaaf9f7f5d4ace5924952ae26	052be0d43fa3e754cebfb1cf553a1e9e0bdaf80eaaf9f7f5d4ace5924952ae26	none	0
tr04-official-1/T14-G1-r2/s3-recovery-retract-seed1/metadata.json	5314	3eccce0cd7a1af9420ed94c1e970ed56e0636974b7163cf8d530d88d1f6c8085	1c563d910b798faaf7dac1632bafd68e08adf70481cf8d3589accfc5fcfd0334	redact	10
tr04-official-1/T14-G1-r2/s3-recovery-retract-seed1/plc-stderr.log	0	e3b0c44298fc1c149afbf4c8996fb92427ae41e4649b934ca495991b7852b855	e3b0c44298fc1c149afbf4c8996fb92427ae41e4649b934ca495991b7852b855	none	0
tr04-official-1/T14-G1-r2/s3-recovery-retract-seed1/processes.json	134	a359ee4aa54de89e8b8af12b57c7568e03924a7769f3cee1d8825d2cd30c000f	a359ee4aa54de89e8b8af12b57c7568e03924a7769f3cee1d8825d2cd30c000f	none	0
tr04-official-1/T14-G1-r2/s3-recovery-retract-seed1/static.json	12189	4fff4f024a6a8e7ff8d6cac23a689480b4426dc042fe868452dd041be83b64c3	4fff4f024a6a8e7ff8d6cac23a689480b4426dc042fe868452dd041be83b64c3	none	0
tr04-official-1/T14-G1-r2/s3-recovery-retract-seed1/vision-stderr.log	26	f6259e2742222db4cedc0f46e1f9d79c113803494192992ee22d2e0ff6d9cc6e	f6259e2742222db4cedc0f46e1f9d79c113803494192992ee22d2e0ff6d9cc6e	none	0
tr04-official-1/T14-G1-r2/s3-recovery-seed1/failure.json	75	0c6032cd07861e1f85d433c4777029e5b595339c22f506d8d7369fa926454217	0c6032cd07861e1f85d433c4777029e5b595339c22f506d8d7369fa926454217	none	0
tr04-official-1/T14-G1-r2/s3-recovery-seed1/io_verdict.json	443	c3b2feb77af86b08121ea46e6d92b8dd2defd43618446f6270768933cdbfd57d	c3b2feb77af86b08121ea46e6d92b8dd2defd43618446f6270768933cdbfd57d	none	0
tr04-official-1/T14-G1-r2/s3-recovery-seed1/metadata.json	5306	6186ccba3a6a2a508ad31af9ebf9d8934494d246e9491093a50994f72ce8cf0e	e4f37bb829bfe773bf103c78bef0c2d9d567f0622c48896010e0c776c61c702e	redact	10
tr04-official-1/T14-G1-r2/s3-recovery-seed1/plc-stderr.log	0	e3b0c44298fc1c149afbf4c8996fb92427ae41e4649b934ca495991b7852b855	e3b0c44298fc1c149afbf4c8996fb92427ae41e4649b934ca495991b7852b855	none	0
tr04-official-1/T14-G1-r2/s3-recovery-seed1/processes.json	134	a359ee4aa54de89e8b8af12b57c7568e03924a7769f3cee1d8825d2cd30c000f	a359ee4aa54de89e8b8af12b57c7568e03924a7769f3cee1d8825d2cd30c000f	none	0
tr04-official-1/T14-G1-r2/s3-recovery-seed1/static.json	12189	4fff4f024a6a8e7ff8d6cac23a689480b4426dc042fe868452dd041be83b64c3	4fff4f024a6a8e7ff8d6cac23a689480b4426dc042fe868452dd041be83b64c3	none	0
tr04-official-1/T14-G1-r2/s3-recovery-seed1/vision-stderr.log	26	f6259e2742222db4cedc0f46e1f9d79c113803494192992ee22d2e0ff6d9cc6e	f6259e2742222db4cedc0f46e1f9d79c113803494192992ee22d2e0ff6d9cc6e	none	0
tr04-official-1/T14-G1-r2/static.json	326	25ba8656424a5bb1724a38fd488cbcd61f559c8090c17b1c82c9a373536a47ec	9d0317422e9475f20480b9dfb67b4665386ec350d6a4d99747734b18366b3d5b	redact	1
tr04-official-1/T14-G1-r2/verdict.json	1156	e34469c580ce0c03c3e50492417f4a49e7c17d6579b3ac5a5158de865bf2d3bb	e34469c580ce0c03c3e50492417f4a49e7c17d6579b3ac5a5158de865bf2d3bb	none	0
tr04-official-1/T14-G1-r3/force.json	2212	70d0547d63e88c7ac30c57758ddb26abc53de9f3c63e7e614f8123d6da3feaf4	27cb1d838d1f4ad918ce95a0c30ccbc8fb0d9b9961dd7723e211b13022dc36b9	redact	1
tr04-official-1/T14-G1-r3/s3-curtain-seed1/io_verdict.json	442	0d6016793d1093d7cc3322114b100f8661cdb354b1029bf0169ef2df01d2bed5	0d6016793d1093d7cc3322114b100f8661cdb354b1029bf0169ef2df01d2bed5	none	0
tr04-official-1/T14-G1-r3/s3-curtain-seed1/metadata.json	5305	5bbb6b966646a36f1d5de3371648f387f191c092249111421a705d9a3664e49f	801d9b61d10d135b43a4ee736924a42be0862334a184be5b99968a97fd863cd0	redact	10
tr04-official-1/T14-G1-r3/s3-curtain-seed1/plc-stderr.log	0	e3b0c44298fc1c149afbf4c8996fb92427ae41e4649b934ca495991b7852b855	e3b0c44298fc1c149afbf4c8996fb92427ae41e4649b934ca495991b7852b855	none	0
tr04-official-1/T14-G1-r3/s3-curtain-seed1/processes.json	133	2d682689e80bda8c5620f25653426df526d1fbc1117dd5af83750c779d3b7848	2d682689e80bda8c5620f25653426df526d1fbc1117dd5af83750c779d3b7848	none	0
tr04-official-1/T14-G1-r3/s3-curtain-seed1/reference-10ms-differences.json	3	37517e5f3dc66819f61f5a7bb8ace1921282415f10551d2defa5c3eb0985b570	37517e5f3dc66819f61f5a7bb8ace1921282415f10551d2defa5c3eb0985b570	none	0
tr04-official-1/T14-G1-r3/s3-curtain-seed1/static.json	12189	4fff4f024a6a8e7ff8d6cac23a689480b4426dc042fe868452dd041be83b64c3	4fff4f024a6a8e7ff8d6cac23a689480b4426dc042fe868452dd041be83b64c3	none	0
tr04-official-1/T14-G1-r3/s3-curtain-seed1/summary.json	4067	f812e50ab91545f54c28606cb287e0db8eb9157e68ba085fffcfa70dfc3b460e	cdafe27e263f5a863378f03dcea1d8dad72338b51e50eb1245cef2cc6d2b2e75	drop_tick_hashes	0
tr04-official-1/T14-G1-r3/s3-curtain-seed1/vision-stderr.log	26	f6259e2742222db4cedc0f46e1f9d79c113803494192992ee22d2e0ff6d9cc6e	f6259e2742222db4cedc0f46e1f9d79c113803494192992ee22d2e0ff6d9cc6e	none	0
tr04-official-1/T14-G1-r3/s3-normal-seed1/io_verdict.json	383	5764c90719e5a826eba5810eea1a7ffe0fd700369ade52d68ab4498083a4b600	5764c90719e5a826eba5810eea1a7ffe0fd700369ade52d68ab4498083a4b600	none	0
tr04-official-1/T14-G1-r3/s3-normal-seed1/metadata.json	5304	6c6ed1fe2f6422292bab89baadcc5bd6f31fcd700e69d7d927094760ff39c3ae	34c76fde6d26cf45cf89e5cff4f1cbfee03a69bc2f48d634162b0a5f1ede1ab5	redact	10
tr04-official-1/T14-G1-r3/s3-normal-seed1/plc-stderr.log	0	e3b0c44298fc1c149afbf4c8996fb92427ae41e4649b934ca495991b7852b855	e3b0c44298fc1c149afbf4c8996fb92427ae41e4649b934ca495991b7852b855	none	0
tr04-official-1/T14-G1-r3/s3-normal-seed1/processes.json	133	2d682689e80bda8c5620f25653426df526d1fbc1117dd5af83750c779d3b7848	2d682689e80bda8c5620f25653426df526d1fbc1117dd5af83750c779d3b7848	none	0
tr04-official-1/T14-G1-r3/s3-normal-seed1/reference-10ms-differences.json	3	37517e5f3dc66819f61f5a7bb8ace1921282415f10551d2defa5c3eb0985b570	37517e5f3dc66819f61f5a7bb8ace1921282415f10551d2defa5c3eb0985b570	none	0
tr04-official-1/T14-G1-r3/s3-normal-seed1/static.json	12189	4fff4f024a6a8e7ff8d6cac23a689480b4426dc042fe868452dd041be83b64c3	4fff4f024a6a8e7ff8d6cac23a689480b4426dc042fe868452dd041be83b64c3	none	0
tr04-official-1/T14-G1-r3/s3-normal-seed1/summary.json	4186	f52b6a97c4fe16c13719acb3d7b8c4d92617d6fc4f328564fb1ca15f4fcaf374	3fcc311a93294771062a01b33c4eaaf402103e7acef06fbdfcaffc3ee045d9c2	drop_tick_hashes	0
tr04-official-1/T14-G1-r3/s3-normal-seed1/vision-stderr.log	26	f6259e2742222db4cedc0f46e1f9d79c113803494192992ee22d2e0ff6d9cc6e	f6259e2742222db4cedc0f46e1f9d79c113803494192992ee22d2e0ff6d9cc6e	none	0
tr04-official-1/T14-G1-r3/s3-normal-seed2/io_verdict.json	383	83da5e3273ff972c39964988f706e20a4642491265ba03a1382068d67c4f5ff7	83da5e3273ff972c39964988f706e20a4642491265ba03a1382068d67c4f5ff7	none	0
tr04-official-1/T14-G1-r3/s3-normal-seed2/metadata.json	5304	cda3f0544e6bb4a30954c81ba981cf189d98c6841c449dc62fe682094246f18c	b18c569695c6681d8f229c442c46f0bac67182178b141ada2c6d87dd7444cb7d	redact	10
tr04-official-1/T14-G1-r3/s3-normal-seed2/plc-stderr.log	0	e3b0c44298fc1c149afbf4c8996fb92427ae41e4649b934ca495991b7852b855	e3b0c44298fc1c149afbf4c8996fb92427ae41e4649b934ca495991b7852b855	none	0
tr04-official-1/T14-G1-r3/s3-normal-seed2/processes.json	133	2d682689e80bda8c5620f25653426df526d1fbc1117dd5af83750c779d3b7848	2d682689e80bda8c5620f25653426df526d1fbc1117dd5af83750c779d3b7848	none	0
tr04-official-1/T14-G1-r3/s3-normal-seed2/reference-10ms-differences.json	3	37517e5f3dc66819f61f5a7bb8ace1921282415f10551d2defa5c3eb0985b570	37517e5f3dc66819f61f5a7bb8ace1921282415f10551d2defa5c3eb0985b570	none	0
tr04-official-1/T14-G1-r3/s3-normal-seed2/static.json	12189	4fff4f024a6a8e7ff8d6cac23a689480b4426dc042fe868452dd041be83b64c3	4fff4f024a6a8e7ff8d6cac23a689480b4426dc042fe868452dd041be83b64c3	none	0
tr04-official-1/T14-G1-r3/s3-normal-seed2/summary.json	4190	16f8f22463e92fd3e9dff8f9d1edaccea788b172c9a5493f135e67e7fe55a2dd	c851f6305cb06da66b92c5712ce3fadc201a9c9290e944d4828f36dc64b2456d	drop_tick_hashes	0
tr04-official-1/T14-G1-r3/s3-normal-seed2/vision-stderr.log	26	f6259e2742222db4cedc0f46e1f9d79c113803494192992ee22d2e0ff6d9cc6e	f6259e2742222db4cedc0f46e1f9d79c113803494192992ee22d2e0ff6d9cc6e	none	0
tr04-official-1/T14-G1-r3/s3-normal-seed3/io_verdict.json	383	0007070d2e319ecd363bdfafce6d41c38238c32859c88c342266c82bfdf40462	0007070d2e319ecd363bdfafce6d41c38238c32859c88c342266c82bfdf40462	none	0
tr04-official-1/T14-G1-r3/s3-normal-seed3/metadata.json	5304	4a48769484adcab04dd782a5374e20d23311dbdb0e82dd965b73b92f76613181	39f240d58c8ca31164ffaa026191138cde85a16cf39be37a197d06fffe16c21a	redact	10
tr04-official-1/T14-G1-r3/s3-normal-seed3/plc-stderr.log	0	e3b0c44298fc1c149afbf4c8996fb92427ae41e4649b934ca495991b7852b855	e3b0c44298fc1c149afbf4c8996fb92427ae41e4649b934ca495991b7852b855	none	0
tr04-official-1/T14-G1-r3/s3-normal-seed3/processes.json	133	2d682689e80bda8c5620f25653426df526d1fbc1117dd5af83750c779d3b7848	2d682689e80bda8c5620f25653426df526d1fbc1117dd5af83750c779d3b7848	none	0
tr04-official-1/T14-G1-r3/s3-normal-seed3/reference-10ms-differences.json	3	37517e5f3dc66819f61f5a7bb8ace1921282415f10551d2defa5c3eb0985b570	37517e5f3dc66819f61f5a7bb8ace1921282415f10551d2defa5c3eb0985b570	none	0
tr04-official-1/T14-G1-r3/s3-normal-seed3/static.json	12189	4fff4f024a6a8e7ff8d6cac23a689480b4426dc042fe868452dd041be83b64c3	4fff4f024a6a8e7ff8d6cac23a689480b4426dc042fe868452dd041be83b64c3	none	0
tr04-official-1/T14-G1-r3/s3-normal-seed3/summary.json	4191	50655de260201e084f52b3f0d8f3b54d2ddf3a9385e02503c93a598fdbe4d57f	f75ee638f0a97d3869e21507e019ba090e74ddd7d69c97c7d13c78c3c4d80ab4	drop_tick_hashes	0
tr04-official-1/T14-G1-r3/s3-normal-seed3/vision-stderr.log	26	f6259e2742222db4cedc0f46e1f9d79c113803494192992ee22d2e0ff6d9cc6e	f6259e2742222db4cedc0f46e1f9d79c113803494192992ee22d2e0ff6d9cc6e	none	0
tr04-official-1/T14-G1-r3/s3-recovery-retract-seed1/failure.json	75	0c6032cd07861e1f85d433c4777029e5b595339c22f506d8d7369fa926454217	0c6032cd07861e1f85d433c4777029e5b595339c22f506d8d7369fa926454217	none	0
tr04-official-1/T14-G1-r3/s3-recovery-retract-seed1/io_verdict.json	451	052be0d43fa3e754cebfb1cf553a1e9e0bdaf80eaaf9f7f5d4ace5924952ae26	052be0d43fa3e754cebfb1cf553a1e9e0bdaf80eaaf9f7f5d4ace5924952ae26	none	0
tr04-official-1/T14-G1-r3/s3-recovery-retract-seed1/metadata.json	5314	7a363f6bcc43af1d754eb20483467090ec0b203cf73e2ee06c0cd948769e2dbb	782caac87763e6ab88fff12e6a51c87249725d7c6c204041c9fd98b45b912e8d	redact	10
tr04-official-1/T14-G1-r3/s3-recovery-retract-seed1/plc-stderr.log	0	e3b0c44298fc1c149afbf4c8996fb92427ae41e4649b934ca495991b7852b855	e3b0c44298fc1c149afbf4c8996fb92427ae41e4649b934ca495991b7852b855	none	0
tr04-official-1/T14-G1-r3/s3-recovery-retract-seed1/processes.json	134	a359ee4aa54de89e8b8af12b57c7568e03924a7769f3cee1d8825d2cd30c000f	a359ee4aa54de89e8b8af12b57c7568e03924a7769f3cee1d8825d2cd30c000f	none	0
tr04-official-1/T14-G1-r3/s3-recovery-retract-seed1/static.json	12189	4fff4f024a6a8e7ff8d6cac23a689480b4426dc042fe868452dd041be83b64c3	4fff4f024a6a8e7ff8d6cac23a689480b4426dc042fe868452dd041be83b64c3	none	0
tr04-official-1/T14-G1-r3/s3-recovery-retract-seed1/vision-stderr.log	26	f6259e2742222db4cedc0f46e1f9d79c113803494192992ee22d2e0ff6d9cc6e	f6259e2742222db4cedc0f46e1f9d79c113803494192992ee22d2e0ff6d9cc6e	none	0
tr04-official-1/T14-G1-r3/s3-recovery-seed1/failure.json	75	0c6032cd07861e1f85d433c4777029e5b595339c22f506d8d7369fa926454217	0c6032cd07861e1f85d433c4777029e5b595339c22f506d8d7369fa926454217	none	0
tr04-official-1/T14-G1-r3/s3-recovery-seed1/io_verdict.json	443	c3b2feb77af86b08121ea46e6d92b8dd2defd43618446f6270768933cdbfd57d	c3b2feb77af86b08121ea46e6d92b8dd2defd43618446f6270768933cdbfd57d	none	0
tr04-official-1/T14-G1-r3/s3-recovery-seed1/metadata.json	5306	75ae378bba9f3dde34c41115a35086be6a3123e6734f8bc787cfc97018a14449	8d95bd0f1766ee246e478580b2e4da1e92acb5e3ddfcf3ec49504250d631a004	redact	10
tr04-official-1/T14-G1-r3/s3-recovery-seed1/plc-stderr.log	0	e3b0c44298fc1c149afbf4c8996fb92427ae41e4649b934ca495991b7852b855	e3b0c44298fc1c149afbf4c8996fb92427ae41e4649b934ca495991b7852b855	none	0
tr04-official-1/T14-G1-r3/s3-recovery-seed1/processes.json	134	a359ee4aa54de89e8b8af12b57c7568e03924a7769f3cee1d8825d2cd30c000f	a359ee4aa54de89e8b8af12b57c7568e03924a7769f3cee1d8825d2cd30c000f	none	0
tr04-official-1/T14-G1-r3/s3-recovery-seed1/static.json	12189	4fff4f024a6a8e7ff8d6cac23a689480b4426dc042fe868452dd041be83b64c3	4fff4f024a6a8e7ff8d6cac23a689480b4426dc042fe868452dd041be83b64c3	none	0
tr04-official-1/T14-G1-r3/s3-recovery-seed1/vision-stderr.log	26	f6259e2742222db4cedc0f46e1f9d79c113803494192992ee22d2e0ff6d9cc6e	f6259e2742222db4cedc0f46e1f9d79c113803494192992ee22d2e0ff6d9cc6e	none	0
tr04-official-1/T14-G1-r3/static.json	326	585fbb5ce1f5f87e043c5526ec29d3e0934c0b8f653ea07456a6be6bb82a5d07	48763ba8da7cb520b9fea9b85b3fb472a37713fca26dec21015466e4f00002b0	redact	1
tr04-official-1/T14-G1-r3/verdict.json	1156	0c186ea8961764c4dfe25b1e2e26e98fc70e6abba61a38f6d29cf44631bb1ab4	0c186ea8961764c4dfe25b1e2e26e98fc70e6abba61a38f6d29cf44631bb1ab4	none	0
tr04-official-1/T14-G2-r1/force.json	2212	28f5e4332191d532a45d58aafad8c15d5b1b0efb346e2e992d6fe56593dba2ef	8ec9aedd636851287a9f72ca7b8dee9f281aa5565cf2d53af003193123939fc2	redact	1
tr04-official-1/T14-G2-r1/s3-curtain-seed1/io_verdict.json	442	0d6016793d1093d7cc3322114b100f8661cdb354b1029bf0169ef2df01d2bed5	0d6016793d1093d7cc3322114b100f8661cdb354b1029bf0169ef2df01d2bed5	none	0
tr04-official-1/T14-G2-r1/s3-curtain-seed1/metadata.json	5305	c44beaae00f483fd786e36778e488519cbae144888c0fa11f969bb495e07d20a	242241a58c29c5f19bf587d974d1f960fa1dd7a6ccd43d15be95be8e5c652320	redact	10
tr04-official-1/T14-G2-r1/s3-curtain-seed1/plc-stderr.log	0	e3b0c44298fc1c149afbf4c8996fb92427ae41e4649b934ca495991b7852b855	e3b0c44298fc1c149afbf4c8996fb92427ae41e4649b934ca495991b7852b855	none	0
tr04-official-1/T14-G2-r1/s3-curtain-seed1/processes.json	133	2d682689e80bda8c5620f25653426df526d1fbc1117dd5af83750c779d3b7848	2d682689e80bda8c5620f25653426df526d1fbc1117dd5af83750c779d3b7848	none	0
tr04-official-1/T14-G2-r1/s3-curtain-seed1/reference-10ms-differences.json	3	37517e5f3dc66819f61f5a7bb8ace1921282415f10551d2defa5c3eb0985b570	37517e5f3dc66819f61f5a7bb8ace1921282415f10551d2defa5c3eb0985b570	none	0
tr04-official-1/T14-G2-r1/s3-curtain-seed1/static.json	12189	4fff4f024a6a8e7ff8d6cac23a689480b4426dc042fe868452dd041be83b64c3	4fff4f024a6a8e7ff8d6cac23a689480b4426dc042fe868452dd041be83b64c3	none	0
tr04-official-1/T14-G2-r1/s3-curtain-seed1/summary.json	4067	d1a686504c4e287c821c926d618dc28f5cb9f0e693b27a942db6164aa8c9a423	7696b4f78d3598f7ea1d065a8ebbca3030aadd3b9e135e20dbc62e9b24b64bbe	drop_tick_hashes	0
tr04-official-1/T14-G2-r1/s3-curtain-seed1/vision-stderr.log	26	f6259e2742222db4cedc0f46e1f9d79c113803494192992ee22d2e0ff6d9cc6e	f6259e2742222db4cedc0f46e1f9d79c113803494192992ee22d2e0ff6d9cc6e	none	0
tr04-official-1/T14-G2-r1/s3-normal-seed1/io_verdict.json	383	5764c90719e5a826eba5810eea1a7ffe0fd700369ade52d68ab4498083a4b600	5764c90719e5a826eba5810eea1a7ffe0fd700369ade52d68ab4498083a4b600	none	0
tr04-official-1/T14-G2-r1/s3-normal-seed1/metadata.json	5304	70f5994a5bc3a06527eb07a6b95a8b24f5c2b6da87c13059a81ebcda95e98289	52163fa03a18ba7cc914912e18dc6d1b7792d53113fd55c3f941b2f1e08ababd	redact	10
tr04-official-1/T14-G2-r1/s3-normal-seed1/plc-stderr.log	0	e3b0c44298fc1c149afbf4c8996fb92427ae41e4649b934ca495991b7852b855	e3b0c44298fc1c149afbf4c8996fb92427ae41e4649b934ca495991b7852b855	none	0
tr04-official-1/T14-G2-r1/s3-normal-seed1/processes.json	133	2d682689e80bda8c5620f25653426df526d1fbc1117dd5af83750c779d3b7848	2d682689e80bda8c5620f25653426df526d1fbc1117dd5af83750c779d3b7848	none	0
tr04-official-1/T14-G2-r1/s3-normal-seed1/reference-10ms-differences.json	3	37517e5f3dc66819f61f5a7bb8ace1921282415f10551d2defa5c3eb0985b570	37517e5f3dc66819f61f5a7bb8ace1921282415f10551d2defa5c3eb0985b570	none	0
tr04-official-1/T14-G2-r1/s3-normal-seed1/static.json	12189	4fff4f024a6a8e7ff8d6cac23a689480b4426dc042fe868452dd041be83b64c3	4fff4f024a6a8e7ff8d6cac23a689480b4426dc042fe868452dd041be83b64c3	none	0
tr04-official-1/T14-G2-r1/s3-normal-seed1/summary.json	4186	8af94b04e2b60de18fb3e2f171367324e07f2237549e43ac0fb85b67db251f90	053c0e3e6cbf91d68844667180627a67f933137108acdb157095703d0260d793	drop_tick_hashes	0
tr04-official-1/T14-G2-r1/s3-normal-seed1/vision-stderr.log	26	f6259e2742222db4cedc0f46e1f9d79c113803494192992ee22d2e0ff6d9cc6e	f6259e2742222db4cedc0f46e1f9d79c113803494192992ee22d2e0ff6d9cc6e	none	0
tr04-official-1/T14-G2-r1/s3-normal-seed2/io_verdict.json	383	83da5e3273ff972c39964988f706e20a4642491265ba03a1382068d67c4f5ff7	83da5e3273ff972c39964988f706e20a4642491265ba03a1382068d67c4f5ff7	none	0
tr04-official-1/T14-G2-r1/s3-normal-seed2/metadata.json	5304	9d3c79b73415bc0e271042fc4f0c3a5b41eed6ecdf2ffa7608d5ae6c38387374	bb41b05812b0b79f60a3c1830d561823b8799d8b7ef90cc11e9626d25e71b4ad	redact	10
tr04-official-1/T14-G2-r1/s3-normal-seed2/plc-stderr.log	0	e3b0c44298fc1c149afbf4c8996fb92427ae41e4649b934ca495991b7852b855	e3b0c44298fc1c149afbf4c8996fb92427ae41e4649b934ca495991b7852b855	none	0
tr04-official-1/T14-G2-r1/s3-normal-seed2/processes.json	133	2d682689e80bda8c5620f25653426df526d1fbc1117dd5af83750c779d3b7848	2d682689e80bda8c5620f25653426df526d1fbc1117dd5af83750c779d3b7848	none	0
tr04-official-1/T14-G2-r1/s3-normal-seed2/reference-10ms-differences.json	3	37517e5f3dc66819f61f5a7bb8ace1921282415f10551d2defa5c3eb0985b570	37517e5f3dc66819f61f5a7bb8ace1921282415f10551d2defa5c3eb0985b570	none	0
tr04-official-1/T14-G2-r1/s3-normal-seed2/static.json	12189	4fff4f024a6a8e7ff8d6cac23a689480b4426dc042fe868452dd041be83b64c3	4fff4f024a6a8e7ff8d6cac23a689480b4426dc042fe868452dd041be83b64c3	none	0
tr04-official-1/T14-G2-r1/s3-normal-seed2/summary.json	4190	92acaed322c03e6502761e64662afd6c7585c760aadaded188caeed66a8e5f76	7ff704ad543071fb0a1f751b343adbf59dd2fda5fe04a3991defe8cc7e3afa01	drop_tick_hashes	0
tr04-official-1/T14-G2-r1/s3-normal-seed2/vision-stderr.log	26	f6259e2742222db4cedc0f46e1f9d79c113803494192992ee22d2e0ff6d9cc6e	f6259e2742222db4cedc0f46e1f9d79c113803494192992ee22d2e0ff6d9cc6e	none	0
tr04-official-1/T14-G2-r1/s3-normal-seed3/io_verdict.json	383	0007070d2e319ecd363bdfafce6d41c38238c32859c88c342266c82bfdf40462	0007070d2e319ecd363bdfafce6d41c38238c32859c88c342266c82bfdf40462	none	0
tr04-official-1/T14-G2-r1/s3-normal-seed3/metadata.json	5304	35eb5f21ffc1c274458832f07d203f88ef7e0cbb124805f9d44fa55d159e5c05	1875aa081ef2489fcafe84d385fbb5cd09211fbc66a253d7d669e10f1b93cd81	redact	10
tr04-official-1/T14-G2-r1/s3-normal-seed3/plc-stderr.log	0	e3b0c44298fc1c149afbf4c8996fb92427ae41e4649b934ca495991b7852b855	e3b0c44298fc1c149afbf4c8996fb92427ae41e4649b934ca495991b7852b855	none	0
tr04-official-1/T14-G2-r1/s3-normal-seed3/processes.json	133	2d682689e80bda8c5620f25653426df526d1fbc1117dd5af83750c779d3b7848	2d682689e80bda8c5620f25653426df526d1fbc1117dd5af83750c779d3b7848	none	0
tr04-official-1/T14-G2-r1/s3-normal-seed3/reference-10ms-differences.json	3	37517e5f3dc66819f61f5a7bb8ace1921282415f10551d2defa5c3eb0985b570	37517e5f3dc66819f61f5a7bb8ace1921282415f10551d2defa5c3eb0985b570	none	0
tr04-official-1/T14-G2-r1/s3-normal-seed3/static.json	12189	4fff4f024a6a8e7ff8d6cac23a689480b4426dc042fe868452dd041be83b64c3	4fff4f024a6a8e7ff8d6cac23a689480b4426dc042fe868452dd041be83b64c3	none	0
tr04-official-1/T14-G2-r1/s3-normal-seed3/summary.json	4191	3f133728fc328a50413e978d72aa8788c45efc72aef87b91791cec5372ea372b	3129289d6e9c83b77f00f7461d3cffed1dcbb0f133fd26b26e8290ca1de4584d	drop_tick_hashes	0
tr04-official-1/T14-G2-r1/s3-normal-seed3/vision-stderr.log	26	f6259e2742222db4cedc0f46e1f9d79c113803494192992ee22d2e0ff6d9cc6e	f6259e2742222db4cedc0f46e1f9d79c113803494192992ee22d2e0ff6d9cc6e	none	0
tr04-official-1/T14-G2-r1/s3-recovery-retract-seed1/failure.json	75	0c6032cd07861e1f85d433c4777029e5b595339c22f506d8d7369fa926454217	0c6032cd07861e1f85d433c4777029e5b595339c22f506d8d7369fa926454217	none	0
tr04-official-1/T14-G2-r1/s3-recovery-retract-seed1/io_verdict.json	451	052be0d43fa3e754cebfb1cf553a1e9e0bdaf80eaaf9f7f5d4ace5924952ae26	052be0d43fa3e754cebfb1cf553a1e9e0bdaf80eaaf9f7f5d4ace5924952ae26	none	0
tr04-official-1/T14-G2-r1/s3-recovery-retract-seed1/metadata.json	5314	aa15f7fade798ff4eb4f47962be246411d80e607d73282c1e860be3a2dc85025	d308e7e25a6e3a2f46e130f57bdd694e78ef62dd12aad2be3d16a6c4cae2a46c	redact	10
tr04-official-1/T14-G2-r1/s3-recovery-retract-seed1/plc-stderr.log	0	e3b0c44298fc1c149afbf4c8996fb92427ae41e4649b934ca495991b7852b855	e3b0c44298fc1c149afbf4c8996fb92427ae41e4649b934ca495991b7852b855	none	0
tr04-official-1/T14-G2-r1/s3-recovery-retract-seed1/processes.json	134	a359ee4aa54de89e8b8af12b57c7568e03924a7769f3cee1d8825d2cd30c000f	a359ee4aa54de89e8b8af12b57c7568e03924a7769f3cee1d8825d2cd30c000f	none	0
tr04-official-1/T14-G2-r1/s3-recovery-retract-seed1/static.json	12189	4fff4f024a6a8e7ff8d6cac23a689480b4426dc042fe868452dd041be83b64c3	4fff4f024a6a8e7ff8d6cac23a689480b4426dc042fe868452dd041be83b64c3	none	0
tr04-official-1/T14-G2-r1/s3-recovery-retract-seed1/vision-stderr.log	26	f6259e2742222db4cedc0f46e1f9d79c113803494192992ee22d2e0ff6d9cc6e	f6259e2742222db4cedc0f46e1f9d79c113803494192992ee22d2e0ff6d9cc6e	none	0
tr04-official-1/T14-G2-r1/s3-recovery-seed1/failure.json	75	0c6032cd07861e1f85d433c4777029e5b595339c22f506d8d7369fa926454217	0c6032cd07861e1f85d433c4777029e5b595339c22f506d8d7369fa926454217	none	0
tr04-official-1/T14-G2-r1/s3-recovery-seed1/io_verdict.json	443	c3b2feb77af86b08121ea46e6d92b8dd2defd43618446f6270768933cdbfd57d	c3b2feb77af86b08121ea46e6d92b8dd2defd43618446f6270768933cdbfd57d	none	0
tr04-official-1/T14-G2-r1/s3-recovery-seed1/metadata.json	5306	65c97263890fd1acf6925d2e156eaac445bc0c75f4ef90cddc708fae0b636695	711cb64bb2611c36e7bfb913bbde3ddd4c49784ef190c2a7db33dd0cb4a5e0da	redact	10
tr04-official-1/T14-G2-r1/s3-recovery-seed1/plc-stderr.log	0	e3b0c44298fc1c149afbf4c8996fb92427ae41e4649b934ca495991b7852b855	e3b0c44298fc1c149afbf4c8996fb92427ae41e4649b934ca495991b7852b855	none	0
tr04-official-1/T14-G2-r1/s3-recovery-seed1/processes.json	134	a359ee4aa54de89e8b8af12b57c7568e03924a7769f3cee1d8825d2cd30c000f	a359ee4aa54de89e8b8af12b57c7568e03924a7769f3cee1d8825d2cd30c000f	none	0
tr04-official-1/T14-G2-r1/s3-recovery-seed1/static.json	12189	4fff4f024a6a8e7ff8d6cac23a689480b4426dc042fe868452dd041be83b64c3	4fff4f024a6a8e7ff8d6cac23a689480b4426dc042fe868452dd041be83b64c3	none	0
tr04-official-1/T14-G2-r1/s3-recovery-seed1/vision-stderr.log	26	f6259e2742222db4cedc0f46e1f9d79c113803494192992ee22d2e0ff6d9cc6e	f6259e2742222db4cedc0f46e1f9d79c113803494192992ee22d2e0ff6d9cc6e	none	0
tr04-official-1/T14-G2-r1/static.json	326	fb0d40b281026bc6e15acd5c94101c9eac3b1ed8ffec8b3c3cc3b65d5abd05b8	4d0272e76cbd3d13b1d6f4091909883f8e5e74f84ec52385c63fdae9ef38a1d9	redact	1
tr04-official-1/T14-G2-r1/verdict.json	1156	6cdc32e8a5c1860bc80b6137065850ef1a8e17abd9e345f2d02e2e9ecb057932	6cdc32e8a5c1860bc80b6137065850ef1a8e17abd9e345f2d02e2e9ecb057932	none	0
tr04-official-1/T14-G2-r2/force.json	2212	fed56f9bc22fe77fa22204f1fd1699cc3dcd44e84ebcdb4f104e88c310b3320a	ae7603fee1e3366a3fdeb6111324ab4cd1bb92f978dd13fd9e114fd7399180c9	redact	1
tr04-official-1/T14-G2-r2/s3-curtain-seed1/io_verdict.json	442	0d6016793d1093d7cc3322114b100f8661cdb354b1029bf0169ef2df01d2bed5	0d6016793d1093d7cc3322114b100f8661cdb354b1029bf0169ef2df01d2bed5	none	0
tr04-official-1/T14-G2-r2/s3-curtain-seed1/metadata.json	5305	31ca5abf13a18e26ccd38a829e7932e20bbf2f74b713879b842ce76cdcfd3ad7	c754c1ebe7b10e7220c7edb094cb9ad8f71c8c565c32bbae7bc8ebfd729ce62e	redact	10
tr04-official-1/T14-G2-r2/s3-curtain-seed1/plc-stderr.log	0	e3b0c44298fc1c149afbf4c8996fb92427ae41e4649b934ca495991b7852b855	e3b0c44298fc1c149afbf4c8996fb92427ae41e4649b934ca495991b7852b855	none	0
tr04-official-1/T14-G2-r2/s3-curtain-seed1/processes.json	133	2d682689e80bda8c5620f25653426df526d1fbc1117dd5af83750c779d3b7848	2d682689e80bda8c5620f25653426df526d1fbc1117dd5af83750c779d3b7848	none	0
tr04-official-1/T14-G2-r2/s3-curtain-seed1/reference-10ms-differences.json	3	37517e5f3dc66819f61f5a7bb8ace1921282415f10551d2defa5c3eb0985b570	37517e5f3dc66819f61f5a7bb8ace1921282415f10551d2defa5c3eb0985b570	none	0
tr04-official-1/T14-G2-r2/s3-curtain-seed1/static.json	12189	4fff4f024a6a8e7ff8d6cac23a689480b4426dc042fe868452dd041be83b64c3	4fff4f024a6a8e7ff8d6cac23a689480b4426dc042fe868452dd041be83b64c3	none	0
tr04-official-1/T14-G2-r2/s3-curtain-seed1/summary.json	4067	00e21ee1e97fb2738578fa6b484be005ee534014d81a2c81b06de4f2c73271dc	ea2abfd2027362383779b89c6adf290d59766277d4de2cf46e7ff58a5a7f18f0	drop_tick_hashes	0
tr04-official-1/T14-G2-r2/s3-curtain-seed1/vision-stderr.log	26	f6259e2742222db4cedc0f46e1f9d79c113803494192992ee22d2e0ff6d9cc6e	f6259e2742222db4cedc0f46e1f9d79c113803494192992ee22d2e0ff6d9cc6e	none	0
tr04-official-1/T14-G2-r2/s3-normal-seed1/io_verdict.json	383	5764c90719e5a826eba5810eea1a7ffe0fd700369ade52d68ab4498083a4b600	5764c90719e5a826eba5810eea1a7ffe0fd700369ade52d68ab4498083a4b600	none	0
tr04-official-1/T14-G2-r2/s3-normal-seed1/metadata.json	5304	fc8be7f79932b7d6f4adeab2436d01d6a2da93fccaa65966ca56983675c6cf2e	b9b450c4c3367dc55772f4064ee0731cfae6fb44630e48401029203c2bce8977	redact	10
tr04-official-1/T14-G2-r2/s3-normal-seed1/plc-stderr.log	0	e3b0c44298fc1c149afbf4c8996fb92427ae41e4649b934ca495991b7852b855	e3b0c44298fc1c149afbf4c8996fb92427ae41e4649b934ca495991b7852b855	none	0
tr04-official-1/T14-G2-r2/s3-normal-seed1/processes.json	133	2d682689e80bda8c5620f25653426df526d1fbc1117dd5af83750c779d3b7848	2d682689e80bda8c5620f25653426df526d1fbc1117dd5af83750c779d3b7848	none	0
tr04-official-1/T14-G2-r2/s3-normal-seed1/reference-10ms-differences.json	3	37517e5f3dc66819f61f5a7bb8ace1921282415f10551d2defa5c3eb0985b570	37517e5f3dc66819f61f5a7bb8ace1921282415f10551d2defa5c3eb0985b570	none	0
tr04-official-1/T14-G2-r2/s3-normal-seed1/static.json	12189	4fff4f024a6a8e7ff8d6cac23a689480b4426dc042fe868452dd041be83b64c3	4fff4f024a6a8e7ff8d6cac23a689480b4426dc042fe868452dd041be83b64c3	none	0
tr04-official-1/T14-G2-r2/s3-normal-seed1/summary.json	4186	aae53e8f3df6dd303a9c3602556149511176873ecc64cc86fb3a440b770b78e3	ce3787306b55f72e0080707073f9b7f06c9693fa30b9fc6b7c7864cddfd2d4a1	drop_tick_hashes	0
tr04-official-1/T14-G2-r2/s3-normal-seed1/vision-stderr.log	26	f6259e2742222db4cedc0f46e1f9d79c113803494192992ee22d2e0ff6d9cc6e	f6259e2742222db4cedc0f46e1f9d79c113803494192992ee22d2e0ff6d9cc6e	none	0
tr04-official-1/T14-G2-r2/s3-normal-seed2/io_verdict.json	383	83da5e3273ff972c39964988f706e20a4642491265ba03a1382068d67c4f5ff7	83da5e3273ff972c39964988f706e20a4642491265ba03a1382068d67c4f5ff7	none	0
tr04-official-1/T14-G2-r2/s3-normal-seed2/metadata.json	5304	5fa8cdee3eb1fe5490f8fde474e39951feac060b56f8a68243c6d2364c5c9048	ff18bbe0e20b3996b80634bfa3864c13c7521f84a4f94faefa6fbf641ca2f215	redact	10
tr04-official-1/T14-G2-r2/s3-normal-seed2/plc-stderr.log	0	e3b0c44298fc1c149afbf4c8996fb92427ae41e4649b934ca495991b7852b855	e3b0c44298fc1c149afbf4c8996fb92427ae41e4649b934ca495991b7852b855	none	0
tr04-official-1/T14-G2-r2/s3-normal-seed2/processes.json	133	2d682689e80bda8c5620f25653426df526d1fbc1117dd5af83750c779d3b7848	2d682689e80bda8c5620f25653426df526d1fbc1117dd5af83750c779d3b7848	none	0
tr04-official-1/T14-G2-r2/s3-normal-seed2/reference-10ms-differences.json	3	37517e5f3dc66819f61f5a7bb8ace1921282415f10551d2defa5c3eb0985b570	37517e5f3dc66819f61f5a7bb8ace1921282415f10551d2defa5c3eb0985b570	none	0
tr04-official-1/T14-G2-r2/s3-normal-seed2/static.json	12189	4fff4f024a6a8e7ff8d6cac23a689480b4426dc042fe868452dd041be83b64c3	4fff4f024a6a8e7ff8d6cac23a689480b4426dc042fe868452dd041be83b64c3	none	0
tr04-official-1/T14-G2-r2/s3-normal-seed2/summary.json	4190	8a947526ba458a33c5d7335e9bb622d0475b29b1176630bfc40394acfbaa2da4	041f17359673e6364ceb78a06ef4c2320f7a77e8c781045e48aa7c9c8ff464c9	drop_tick_hashes	0
tr04-official-1/T14-G2-r2/s3-normal-seed2/vision-stderr.log	26	f6259e2742222db4cedc0f46e1f9d79c113803494192992ee22d2e0ff6d9cc6e	f6259e2742222db4cedc0f46e1f9d79c113803494192992ee22d2e0ff6d9cc6e	none	0
tr04-official-1/T14-G2-r2/s3-normal-seed3/io_verdict.json	383	0007070d2e319ecd363bdfafce6d41c38238c32859c88c342266c82bfdf40462	0007070d2e319ecd363bdfafce6d41c38238c32859c88c342266c82bfdf40462	none	0
tr04-official-1/T14-G2-r2/s3-normal-seed3/metadata.json	5304	54fb7079f093caa973bda78da9ac7a929c9c1735d184fcd922960022d5a3edfa	4d1da0f3b815f9088bf93d08ab3d522398eb9492565baaa18c85b5329c6a473a	redact	10
tr04-official-1/T14-G2-r2/s3-normal-seed3/plc-stderr.log	0	e3b0c44298fc1c149afbf4c8996fb92427ae41e4649b934ca495991b7852b855	e3b0c44298fc1c149afbf4c8996fb92427ae41e4649b934ca495991b7852b855	none	0
tr04-official-1/T14-G2-r2/s3-normal-seed3/processes.json	133	2d682689e80bda8c5620f25653426df526d1fbc1117dd5af83750c779d3b7848	2d682689e80bda8c5620f25653426df526d1fbc1117dd5af83750c779d3b7848	none	0
tr04-official-1/T14-G2-r2/s3-normal-seed3/reference-10ms-differences.json	3	37517e5f3dc66819f61f5a7bb8ace1921282415f10551d2defa5c3eb0985b570	37517e5f3dc66819f61f5a7bb8ace1921282415f10551d2defa5c3eb0985b570	none	0
tr04-official-1/T14-G2-r2/s3-normal-seed3/static.json	12189	4fff4f024a6a8e7ff8d6cac23a689480b4426dc042fe868452dd041be83b64c3	4fff4f024a6a8e7ff8d6cac23a689480b4426dc042fe868452dd041be83b64c3	none	0
tr04-official-1/T14-G2-r2/s3-normal-seed3/summary.json	4191	adeded1d2e9bc4aad5f2e86f94daffad1a0fbda7946e1697fdcde8d446f4624b	7c06b4fc1a685a375968dfaa65800558e2a0fa471d5a753f21ce3201436dd843	drop_tick_hashes	0
tr04-official-1/T14-G2-r2/s3-normal-seed3/vision-stderr.log	26	f6259e2742222db4cedc0f46e1f9d79c113803494192992ee22d2e0ff6d9cc6e	f6259e2742222db4cedc0f46e1f9d79c113803494192992ee22d2e0ff6d9cc6e	none	0
tr04-official-1/T14-G2-r2/s3-recovery-retract-seed1/failure.json	75	0c6032cd07861e1f85d433c4777029e5b595339c22f506d8d7369fa926454217	0c6032cd07861e1f85d433c4777029e5b595339c22f506d8d7369fa926454217	none	0
tr04-official-1/T14-G2-r2/s3-recovery-retract-seed1/io_verdict.json	451	052be0d43fa3e754cebfb1cf553a1e9e0bdaf80eaaf9f7f5d4ace5924952ae26	052be0d43fa3e754cebfb1cf553a1e9e0bdaf80eaaf9f7f5d4ace5924952ae26	none	0
tr04-official-1/T14-G2-r2/s3-recovery-retract-seed1/metadata.json	5314	20270196558a4c14312fc41ab374aae266c16ffa2a142856ac9be8ecad0b28c3	7fad91a747b723902e2a5563cebe0a49e4d64b09189aa024604e3738af38d6f4	redact	10
tr04-official-1/T14-G2-r2/s3-recovery-retract-seed1/plc-stderr.log	0	e3b0c44298fc1c149afbf4c8996fb92427ae41e4649b934ca495991b7852b855	e3b0c44298fc1c149afbf4c8996fb92427ae41e4649b934ca495991b7852b855	none	0
tr04-official-1/T14-G2-r2/s3-recovery-retract-seed1/processes.json	134	a359ee4aa54de89e8b8af12b57c7568e03924a7769f3cee1d8825d2cd30c000f	a359ee4aa54de89e8b8af12b57c7568e03924a7769f3cee1d8825d2cd30c000f	none	0
tr04-official-1/T14-G2-r2/s3-recovery-retract-seed1/static.json	12189	4fff4f024a6a8e7ff8d6cac23a689480b4426dc042fe868452dd041be83b64c3	4fff4f024a6a8e7ff8d6cac23a689480b4426dc042fe868452dd041be83b64c3	none	0
tr04-official-1/T14-G2-r2/s3-recovery-retract-seed1/vision-stderr.log	26	f6259e2742222db4cedc0f46e1f9d79c113803494192992ee22d2e0ff6d9cc6e	f6259e2742222db4cedc0f46e1f9d79c113803494192992ee22d2e0ff6d9cc6e	none	0
tr04-official-1/T14-G2-r2/s3-recovery-seed1/failure.json	75	0c6032cd07861e1f85d433c4777029e5b595339c22f506d8d7369fa926454217	0c6032cd07861e1f85d433c4777029e5b595339c22f506d8d7369fa926454217	none	0
tr04-official-1/T14-G2-r2/s3-recovery-seed1/io_verdict.json	443	c3b2feb77af86b08121ea46e6d92b8dd2defd43618446f6270768933cdbfd57d	c3b2feb77af86b08121ea46e6d92b8dd2defd43618446f6270768933cdbfd57d	none	0
tr04-official-1/T14-G2-r2/s3-recovery-seed1/metadata.json	5306	2911c5b623b2f9ccbfa2c39c671b35a6faeed165d81d50732016367acd51700c	64bd24316e7e008989e22c9bb535a3433e179f75650549e4691fc83417007bbb	redact	10
tr04-official-1/T14-G2-r2/s3-recovery-seed1/plc-stderr.log	0	e3b0c44298fc1c149afbf4c8996fb92427ae41e4649b934ca495991b7852b855	e3b0c44298fc1c149afbf4c8996fb92427ae41e4649b934ca495991b7852b855	none	0
tr04-official-1/T14-G2-r2/s3-recovery-seed1/processes.json	134	a359ee4aa54de89e8b8af12b57c7568e03924a7769f3cee1d8825d2cd30c000f	a359ee4aa54de89e8b8af12b57c7568e03924a7769f3cee1d8825d2cd30c000f	none	0
tr04-official-1/T14-G2-r2/s3-recovery-seed1/static.json	12189	4fff4f024a6a8e7ff8d6cac23a689480b4426dc042fe868452dd041be83b64c3	4fff4f024a6a8e7ff8d6cac23a689480b4426dc042fe868452dd041be83b64c3	none	0
tr04-official-1/T14-G2-r2/s3-recovery-seed1/vision-stderr.log	26	f6259e2742222db4cedc0f46e1f9d79c113803494192992ee22d2e0ff6d9cc6e	f6259e2742222db4cedc0f46e1f9d79c113803494192992ee22d2e0ff6d9cc6e	none	0
tr04-official-1/T14-G2-r2/static.json	326	f5a99f4b561b55720eb6606c643379713a020fe2277f77f1a89c76b61b2c2d99	e42e7dc97bd3e5cc16ad95ca198e9746ae49e0aa293d0292464bb0d9f5290cc4	redact	1
tr04-official-1/T14-G2-r2/verdict.json	1156	558fc47c3c6b2916b99ebd423d35154d4a1d951b35858aebe88a0516c4e342bc	558fc47c3c6b2916b99ebd423d35154d4a1d951b35858aebe88a0516c4e342bc	none	0
tr04-official-1/T14-G2-r3/force.json	2212	2434519344d79c1f4cd16a7386fc979c469fdb8590eb6d7062b1129a3d64ad9b	b3f16cc604f50675e102e1ee6a376cd381d9928a84d8d4c681b43cf038989bb3	redact	1
tr04-official-1/T14-G2-r3/s3-curtain-seed1/io_verdict.json	442	0d6016793d1093d7cc3322114b100f8661cdb354b1029bf0169ef2df01d2bed5	0d6016793d1093d7cc3322114b100f8661cdb354b1029bf0169ef2df01d2bed5	none	0
tr04-official-1/T14-G2-r3/s3-curtain-seed1/metadata.json	5305	1c920c762c5486ccea97af605816a8c15997e64918fb0e827439c64cbc225103	802309d017cc7b2362e73131998e0e0da3fa60e9128e619bcee6fd9379964270	redact	10
tr04-official-1/T14-G2-r3/s3-curtain-seed1/plc-stderr.log	0	e3b0c44298fc1c149afbf4c8996fb92427ae41e4649b934ca495991b7852b855	e3b0c44298fc1c149afbf4c8996fb92427ae41e4649b934ca495991b7852b855	none	0
tr04-official-1/T14-G2-r3/s3-curtain-seed1/processes.json	133	2d682689e80bda8c5620f25653426df526d1fbc1117dd5af83750c779d3b7848	2d682689e80bda8c5620f25653426df526d1fbc1117dd5af83750c779d3b7848	none	0
tr04-official-1/T14-G2-r3/s3-curtain-seed1/reference-10ms-differences.json	3	37517e5f3dc66819f61f5a7bb8ace1921282415f10551d2defa5c3eb0985b570	37517e5f3dc66819f61f5a7bb8ace1921282415f10551d2defa5c3eb0985b570	none	0
tr04-official-1/T14-G2-r3/s3-curtain-seed1/static.json	12189	4fff4f024a6a8e7ff8d6cac23a689480b4426dc042fe868452dd041be83b64c3	4fff4f024a6a8e7ff8d6cac23a689480b4426dc042fe868452dd041be83b64c3	none	0
tr04-official-1/T14-G2-r3/s3-curtain-seed1/summary.json	4067	970343d7d46a6aa7f5da66c6d73a3463978ca9b3da17ab29a0b50c785e55c6dd	26a3c85a9e73d088487ab5daffb5d6c9af6eefc5c0936c14fe905cadd3b01720	drop_tick_hashes	0
tr04-official-1/T14-G2-r3/s3-curtain-seed1/vision-stderr.log	26	f6259e2742222db4cedc0f46e1f9d79c113803494192992ee22d2e0ff6d9cc6e	f6259e2742222db4cedc0f46e1f9d79c113803494192992ee22d2e0ff6d9cc6e	none	0
tr04-official-1/T14-G2-r3/s3-normal-seed1/io_verdict.json	383	5764c90719e5a826eba5810eea1a7ffe0fd700369ade52d68ab4498083a4b600	5764c90719e5a826eba5810eea1a7ffe0fd700369ade52d68ab4498083a4b600	none	0
tr04-official-1/T14-G2-r3/s3-normal-seed1/metadata.json	5304	4a5fab36923a6d7e09335ac27d52c802c934a7fdedae6dae76727b65de218954	80e75e1a800c210c20fb40805e3d5adafdd105a72a308436826ca25b3c80e32c	redact	10
tr04-official-1/T14-G2-r3/s3-normal-seed1/plc-stderr.log	0	e3b0c44298fc1c149afbf4c8996fb92427ae41e4649b934ca495991b7852b855	e3b0c44298fc1c149afbf4c8996fb92427ae41e4649b934ca495991b7852b855	none	0
tr04-official-1/T14-G2-r3/s3-normal-seed1/processes.json	133	2d682689e80bda8c5620f25653426df526d1fbc1117dd5af83750c779d3b7848	2d682689e80bda8c5620f25653426df526d1fbc1117dd5af83750c779d3b7848	none	0
tr04-official-1/T14-G2-r3/s3-normal-seed1/reference-10ms-differences.json	3	37517e5f3dc66819f61f5a7bb8ace1921282415f10551d2defa5c3eb0985b570	37517e5f3dc66819f61f5a7bb8ace1921282415f10551d2defa5c3eb0985b570	none	0
tr04-official-1/T14-G2-r3/s3-normal-seed1/static.json	12189	4fff4f024a6a8e7ff8d6cac23a689480b4426dc042fe868452dd041be83b64c3	4fff4f024a6a8e7ff8d6cac23a689480b4426dc042fe868452dd041be83b64c3	none	0
tr04-official-1/T14-G2-r3/s3-normal-seed1/summary.json	4186	8dcfa4b2d1e931709eda1be68e177bc57379130029587b6200f2f3e830c92c7d	c6c3e35c41866c5f2db997366dc976e35f4532fea1bdd3e075bdccd03840791c	drop_tick_hashes	0
tr04-official-1/T14-G2-r3/s3-normal-seed1/vision-stderr.log	26	f6259e2742222db4cedc0f46e1f9d79c113803494192992ee22d2e0ff6d9cc6e	f6259e2742222db4cedc0f46e1f9d79c113803494192992ee22d2e0ff6d9cc6e	none	0
tr04-official-1/T14-G2-r3/s3-normal-seed2/io_verdict.json	383	83da5e3273ff972c39964988f706e20a4642491265ba03a1382068d67c4f5ff7	83da5e3273ff972c39964988f706e20a4642491265ba03a1382068d67c4f5ff7	none	0
tr04-official-1/T14-G2-r3/s3-normal-seed2/metadata.json	5304	c4b42f60b66a4965a34922c7c26de3d7d3d2ed57e5667353a328b82c78bda24e	0e567f34758e102705aee23e71cebfe30200d71d34060fb8c7170786951f6625	redact	10
tr04-official-1/T14-G2-r3/s3-normal-seed2/plc-stderr.log	0	e3b0c44298fc1c149afbf4c8996fb92427ae41e4649b934ca495991b7852b855	e3b0c44298fc1c149afbf4c8996fb92427ae41e4649b934ca495991b7852b855	none	0
tr04-official-1/T14-G2-r3/s3-normal-seed2/processes.json	133	2d682689e80bda8c5620f25653426df526d1fbc1117dd5af83750c779d3b7848	2d682689e80bda8c5620f25653426df526d1fbc1117dd5af83750c779d3b7848	none	0
tr04-official-1/T14-G2-r3/s3-normal-seed2/reference-10ms-differences.json	3	37517e5f3dc66819f61f5a7bb8ace1921282415f10551d2defa5c3eb0985b570	37517e5f3dc66819f61f5a7bb8ace1921282415f10551d2defa5c3eb0985b570	none	0
tr04-official-1/T14-G2-r3/s3-normal-seed2/static.json	12189	4fff4f024a6a8e7ff8d6cac23a689480b4426dc042fe868452dd041be83b64c3	4fff4f024a6a8e7ff8d6cac23a689480b4426dc042fe868452dd041be83b64c3	none	0
tr04-official-1/T14-G2-r3/s3-normal-seed2/summary.json	4190	8bd2ff6bb455332fde7731aec0c65dd75f32dfa096e01e398fb01e61ab9e180f	5537690fae7510ec1c453ff262409aba97fd20fd9b351d8f9c911c14d8852b2f	drop_tick_hashes	0
tr04-official-1/T14-G2-r3/s3-normal-seed2/vision-stderr.log	26	f6259e2742222db4cedc0f46e1f9d79c113803494192992ee22d2e0ff6d9cc6e	f6259e2742222db4cedc0f46e1f9d79c113803494192992ee22d2e0ff6d9cc6e	none	0
tr04-official-1/T14-G2-r3/s3-normal-seed3/io_verdict.json	383	0007070d2e319ecd363bdfafce6d41c38238c32859c88c342266c82bfdf40462	0007070d2e319ecd363bdfafce6d41c38238c32859c88c342266c82bfdf40462	none	0
tr04-official-1/T14-G2-r3/s3-normal-seed3/metadata.json	5304	c9c811b446e7a209ba73eb66d245b70ff315fa0e5871b427edc30c77dc07a171	70046a2cc73f3ab0ce59071d09c063d48c42eb34c834273969e8a8bb54b1ad06	redact	10
tr04-official-1/T14-G2-r3/s3-normal-seed3/plc-stderr.log	0	e3b0c44298fc1c149afbf4c8996fb92427ae41e4649b934ca495991b7852b855	e3b0c44298fc1c149afbf4c8996fb92427ae41e4649b934ca495991b7852b855	none	0
tr04-official-1/T14-G2-r3/s3-normal-seed3/processes.json	133	2d682689e80bda8c5620f25653426df526d1fbc1117dd5af83750c779d3b7848	2d682689e80bda8c5620f25653426df526d1fbc1117dd5af83750c779d3b7848	none	0
tr04-official-1/T14-G2-r3/s3-normal-seed3/reference-10ms-differences.json	3	37517e5f3dc66819f61f5a7bb8ace1921282415f10551d2defa5c3eb0985b570	37517e5f3dc66819f61f5a7bb8ace1921282415f10551d2defa5c3eb0985b570	none	0
tr04-official-1/T14-G2-r3/s3-normal-seed3/static.json	12189	4fff4f024a6a8e7ff8d6cac23a689480b4426dc042fe868452dd041be83b64c3	4fff4f024a6a8e7ff8d6cac23a689480b4426dc042fe868452dd041be83b64c3	none	0
tr04-official-1/T14-G2-r3/s3-normal-seed3/summary.json	4191	53ebadfa8bc0b8486fd83e9b3a4893750c3c551de843925a815612d63fd4bd5c	4888535a8fa8c5de8fb3cac8ed3dd0d5abda3988d015e70377fc64c8a3410924	drop_tick_hashes	0
tr04-official-1/T14-G2-r3/s3-normal-seed3/vision-stderr.log	26	f6259e2742222db4cedc0f46e1f9d79c113803494192992ee22d2e0ff6d9cc6e	f6259e2742222db4cedc0f46e1f9d79c113803494192992ee22d2e0ff6d9cc6e	none	0
tr04-official-1/T14-G2-r3/s3-recovery-retract-seed1/failure.json	75	0c6032cd07861e1f85d433c4777029e5b595339c22f506d8d7369fa926454217	0c6032cd07861e1f85d433c4777029e5b595339c22f506d8d7369fa926454217	none	0
tr04-official-1/T14-G2-r3/s3-recovery-retract-seed1/io_verdict.json	451	052be0d43fa3e754cebfb1cf553a1e9e0bdaf80eaaf9f7f5d4ace5924952ae26	052be0d43fa3e754cebfb1cf553a1e9e0bdaf80eaaf9f7f5d4ace5924952ae26	none	0
tr04-official-1/T14-G2-r3/s3-recovery-retract-seed1/metadata.json	5314	3ecb5f6dd0af706606167e0b34652805226d0fc00b91cbe49d410f367c59d49b	b867748625a08ee53f9c481e8589e8d6e810f5e6c7f78892c079aadb10cb2116	redact	10
tr04-official-1/T14-G2-r3/s3-recovery-retract-seed1/plc-stderr.log	0	e3b0c44298fc1c149afbf4c8996fb92427ae41e4649b934ca495991b7852b855	e3b0c44298fc1c149afbf4c8996fb92427ae41e4649b934ca495991b7852b855	none	0
tr04-official-1/T14-G2-r3/s3-recovery-retract-seed1/processes.json	134	a359ee4aa54de89e8b8af12b57c7568e03924a7769f3cee1d8825d2cd30c000f	a359ee4aa54de89e8b8af12b57c7568e03924a7769f3cee1d8825d2cd30c000f	none	0
tr04-official-1/T14-G2-r3/s3-recovery-retract-seed1/static.json	12189	4fff4f024a6a8e7ff8d6cac23a689480b4426dc042fe868452dd041be83b64c3	4fff4f024a6a8e7ff8d6cac23a689480b4426dc042fe868452dd041be83b64c3	none	0
tr04-official-1/T14-G2-r3/s3-recovery-retract-seed1/vision-stderr.log	26	f6259e2742222db4cedc0f46e1f9d79c113803494192992ee22d2e0ff6d9cc6e	f6259e2742222db4cedc0f46e1f9d79c113803494192992ee22d2e0ff6d9cc6e	none	0
tr04-official-1/T14-G2-r3/s3-recovery-seed1/failure.json	75	0c6032cd07861e1f85d433c4777029e5b595339c22f506d8d7369fa926454217	0c6032cd07861e1f85d433c4777029e5b595339c22f506d8d7369fa926454217	none	0
tr04-official-1/T14-G2-r3/s3-recovery-seed1/io_verdict.json	443	c3b2feb77af86b08121ea46e6d92b8dd2defd43618446f6270768933cdbfd57d	c3b2feb77af86b08121ea46e6d92b8dd2defd43618446f6270768933cdbfd57d	none	0
tr04-official-1/T14-G2-r3/s3-recovery-seed1/metadata.json	5306	51120d61573edb1dafe236b6f672da68a5c86b9df73ede7636f45bb94f810d27	9c7c86438f451d68398084e2743b33d6d03f0f584aae2f2b53b9b3691cd51c07	redact	10
tr04-official-1/T14-G2-r3/s3-recovery-seed1/plc-stderr.log	0	e3b0c44298fc1c149afbf4c8996fb92427ae41e4649b934ca495991b7852b855	e3b0c44298fc1c149afbf4c8996fb92427ae41e4649b934ca495991b7852b855	none	0
tr04-official-1/T14-G2-r3/s3-recovery-seed1/processes.json	134	a359ee4aa54de89e8b8af12b57c7568e03924a7769f3cee1d8825d2cd30c000f	a359ee4aa54de89e8b8af12b57c7568e03924a7769f3cee1d8825d2cd30c000f	none	0
tr04-official-1/T14-G2-r3/s3-recovery-seed1/static.json	12189	4fff4f024a6a8e7ff8d6cac23a689480b4426dc042fe868452dd041be83b64c3	4fff4f024a6a8e7ff8d6cac23a689480b4426dc042fe868452dd041be83b64c3	none	0
tr04-official-1/T14-G2-r3/s3-recovery-seed1/vision-stderr.log	26	f6259e2742222db4cedc0f46e1f9d79c113803494192992ee22d2e0ff6d9cc6e	f6259e2742222db4cedc0f46e1f9d79c113803494192992ee22d2e0ff6d9cc6e	none	0
tr04-official-1/T14-G2-r3/static.json	326	b1881336277d8a3c88750cc943ed28f1a3c05a9beada2f51b0ba3b8f78d43df8	57706e739b3fca3af9f155aa1d80784e7b33d6eda4956b02d45378e5bee6e727	redact	1
tr04-official-1/T14-G2-r3/verdict.json	1156	0d181280de5c326262cd557f99ffb46c8b2a0d94e13684cca2db4ffb2d96a451	0d181280de5c326262cd557f99ffb46c8b2a0d94e13684cca2db4ffb2d96a451	none	0
tr04-official-1/T14-G3-r1/verdict.json	142	e5762194fb7a856d300dc7424d1beac35df6a1f867b5f9699e9e7a049dab4fde	e5762194fb7a856d300dc7424d1beac35df6a1f867b5f9699e9e7a049dab4fde	none	0
tr04-official-1/T15-G1-r1/force.json	2212	a79c168e9dac7085c9f25fdba22eac6402bc7c0c9469e8be813206ef9bcdb15d	735049f2f13ed53ff5e23e84e3e4524c8bf5e5a6e704daa828a4df0070c285d3	redact	1
tr04-official-1/T15-G1-r1/s3-curtain-seed1/io_verdict.json	442	0d6016793d1093d7cc3322114b100f8661cdb354b1029bf0169ef2df01d2bed5	0d6016793d1093d7cc3322114b100f8661cdb354b1029bf0169ef2df01d2bed5	none	0
tr04-official-1/T15-G1-r1/s3-curtain-seed1/metadata.json	5305	89300002518c94da42820aa465212602a44fd34a82a57009425fd48d384be71b	00e689caac4079e1c24f5822444fafa2036240c3769b111bccaac3e09c4f6e9d	redact	10
tr04-official-1/T15-G1-r1/s3-curtain-seed1/plc-stderr.log	0	e3b0c44298fc1c149afbf4c8996fb92427ae41e4649b934ca495991b7852b855	e3b0c44298fc1c149afbf4c8996fb92427ae41e4649b934ca495991b7852b855	none	0
tr04-official-1/T15-G1-r1/s3-curtain-seed1/processes.json	133	2d682689e80bda8c5620f25653426df526d1fbc1117dd5af83750c779d3b7848	2d682689e80bda8c5620f25653426df526d1fbc1117dd5af83750c779d3b7848	none	0
tr04-official-1/T15-G1-r1/s3-curtain-seed1/reference-10ms-differences.json	3	37517e5f3dc66819f61f5a7bb8ace1921282415f10551d2defa5c3eb0985b570	37517e5f3dc66819f61f5a7bb8ace1921282415f10551d2defa5c3eb0985b570	none	0
tr04-official-1/T15-G1-r1/s3-curtain-seed1/static.json	12503	98d89c6ed1cd44b8ee34685765c8dff4ec22dc5d73ad51837b66aa710cb84b83	98d89c6ed1cd44b8ee34685765c8dff4ec22dc5d73ad51837b66aa710cb84b83	none	0
tr04-official-1/T15-G1-r1/s3-curtain-seed1/summary.json	4067	8a421b1545bff00045fc53f6b316068cebdb1ee9215589bab90dbb6f0f4ddf50	d8247eb66df845c14b251d3c01f0b43b1707add9492a107323db2f9c8910eab9	drop_tick_hashes	0
tr04-official-1/T15-G1-r1/s3-curtain-seed1/vision-stderr.log	26	f6259e2742222db4cedc0f46e1f9d79c113803494192992ee22d2e0ff6d9cc6e	f6259e2742222db4cedc0f46e1f9d79c113803494192992ee22d2e0ff6d9cc6e	none	0
tr04-official-1/T15-G1-r1/s3-normal-seed1/io_verdict.json	383	5764c90719e5a826eba5810eea1a7ffe0fd700369ade52d68ab4498083a4b600	5764c90719e5a826eba5810eea1a7ffe0fd700369ade52d68ab4498083a4b600	none	0
tr04-official-1/T15-G1-r1/s3-normal-seed1/metadata.json	5304	b0185551e1b31ba3a0d3b3593d4e1518bcf710a5805916b16ca17c2e756f7263	9204cd319f361dbdd9f05902342f9bf0e06bb15dc5576b183e6309e545633d2a	redact	10
tr04-official-1/T15-G1-r1/s3-normal-seed1/plc-stderr.log	0	e3b0c44298fc1c149afbf4c8996fb92427ae41e4649b934ca495991b7852b855	e3b0c44298fc1c149afbf4c8996fb92427ae41e4649b934ca495991b7852b855	none	0
tr04-official-1/T15-G1-r1/s3-normal-seed1/processes.json	133	2d682689e80bda8c5620f25653426df526d1fbc1117dd5af83750c779d3b7848	2d682689e80bda8c5620f25653426df526d1fbc1117dd5af83750c779d3b7848	none	0
tr04-official-1/T15-G1-r1/s3-normal-seed1/reference-10ms-differences.json	3	37517e5f3dc66819f61f5a7bb8ace1921282415f10551d2defa5c3eb0985b570	37517e5f3dc66819f61f5a7bb8ace1921282415f10551d2defa5c3eb0985b570	none	0
tr04-official-1/T15-G1-r1/s3-normal-seed1/static.json	12503	98d89c6ed1cd44b8ee34685765c8dff4ec22dc5d73ad51837b66aa710cb84b83	98d89c6ed1cd44b8ee34685765c8dff4ec22dc5d73ad51837b66aa710cb84b83	none	0
tr04-official-1/T15-G1-r1/s3-normal-seed1/summary.json	4186	03e7178545cb75f13c458dfd77948060b79799998db9d6f610e166cfa1d78534	697b0f2be54b31ae4261452d0ccd061dec2bd1216046c088f7dbd851a8c6dbe0	drop_tick_hashes	0
tr04-official-1/T15-G1-r1/s3-normal-seed1/vision-stderr.log	26	f6259e2742222db4cedc0f46e1f9d79c113803494192992ee22d2e0ff6d9cc6e	f6259e2742222db4cedc0f46e1f9d79c113803494192992ee22d2e0ff6d9cc6e	none	0
tr04-official-1/T15-G1-r1/s3-normal-seed2/io_verdict.json	383	83da5e3273ff972c39964988f706e20a4642491265ba03a1382068d67c4f5ff7	83da5e3273ff972c39964988f706e20a4642491265ba03a1382068d67c4f5ff7	none	0
tr04-official-1/T15-G1-r1/s3-normal-seed2/metadata.json	5304	ad1aa83593f01307ce2ad79bdc649dc1d2741f9598e09a87c88a68479d236589	3c60c1d3fcbedc762828c0684abe6cacc6cf7c43ccae437c895d5c71b1690583	redact	10
tr04-official-1/T15-G1-r1/s3-normal-seed2/plc-stderr.log	0	e3b0c44298fc1c149afbf4c8996fb92427ae41e4649b934ca495991b7852b855	e3b0c44298fc1c149afbf4c8996fb92427ae41e4649b934ca495991b7852b855	none	0
tr04-official-1/T15-G1-r1/s3-normal-seed2/processes.json	133	2d682689e80bda8c5620f25653426df526d1fbc1117dd5af83750c779d3b7848	2d682689e80bda8c5620f25653426df526d1fbc1117dd5af83750c779d3b7848	none	0
tr04-official-1/T15-G1-r1/s3-normal-seed2/reference-10ms-differences.json	3	37517e5f3dc66819f61f5a7bb8ace1921282415f10551d2defa5c3eb0985b570	37517e5f3dc66819f61f5a7bb8ace1921282415f10551d2defa5c3eb0985b570	none	0
tr04-official-1/T15-G1-r1/s3-normal-seed2/static.json	12503	98d89c6ed1cd44b8ee34685765c8dff4ec22dc5d73ad51837b66aa710cb84b83	98d89c6ed1cd44b8ee34685765c8dff4ec22dc5d73ad51837b66aa710cb84b83	none	0
tr04-official-1/T15-G1-r1/s3-normal-seed2/summary.json	4190	1e31658d62cdfa0c11a477d82ada9bc013cf16b05a3e01205df4337564753322	f8d18c9f242a583692cbbb566167d2c5430d5d03567f4b3313ef944769cb404a	drop_tick_hashes	0
tr04-official-1/T15-G1-r1/s3-normal-seed2/vision-stderr.log	26	f6259e2742222db4cedc0f46e1f9d79c113803494192992ee22d2e0ff6d9cc6e	f6259e2742222db4cedc0f46e1f9d79c113803494192992ee22d2e0ff6d9cc6e	none	0
tr04-official-1/T15-G1-r1/s3-normal-seed3/io_verdict.json	383	0007070d2e319ecd363bdfafce6d41c38238c32859c88c342266c82bfdf40462	0007070d2e319ecd363bdfafce6d41c38238c32859c88c342266c82bfdf40462	none	0
tr04-official-1/T15-G1-r1/s3-normal-seed3/metadata.json	5304	02c93c6ab099591b085f9da5a32dcda71cd29175007340b195f3f4a22709f6ba	f4a6c3b1a8d3b1454b937f379504b4bccc3461e187adc1fc8c409259c47aee69	redact	10
tr04-official-1/T15-G1-r1/s3-normal-seed3/plc-stderr.log	0	e3b0c44298fc1c149afbf4c8996fb92427ae41e4649b934ca495991b7852b855	e3b0c44298fc1c149afbf4c8996fb92427ae41e4649b934ca495991b7852b855	none	0
tr04-official-1/T15-G1-r1/s3-normal-seed3/processes.json	133	2d682689e80bda8c5620f25653426df526d1fbc1117dd5af83750c779d3b7848	2d682689e80bda8c5620f25653426df526d1fbc1117dd5af83750c779d3b7848	none	0
tr04-official-1/T15-G1-r1/s3-normal-seed3/reference-10ms-differences.json	3	37517e5f3dc66819f61f5a7bb8ace1921282415f10551d2defa5c3eb0985b570	37517e5f3dc66819f61f5a7bb8ace1921282415f10551d2defa5c3eb0985b570	none	0
tr04-official-1/T15-G1-r1/s3-normal-seed3/static.json	12503	98d89c6ed1cd44b8ee34685765c8dff4ec22dc5d73ad51837b66aa710cb84b83	98d89c6ed1cd44b8ee34685765c8dff4ec22dc5d73ad51837b66aa710cb84b83	none	0
tr04-official-1/T15-G1-r1/s3-normal-seed3/summary.json	4191	bb17678abb4c869d73b7443264fa7d6d9aba9bcc2d08ddb27b25b846a7dbcb78	fb1a044cadae0ca0f20d1c41601cace7aeaac08dc58d29a6f4bfd607459581fc	drop_tick_hashes	0
tr04-official-1/T15-G1-r1/s3-normal-seed3/vision-stderr.log	26	f6259e2742222db4cedc0f46e1f9d79c113803494192992ee22d2e0ff6d9cc6e	f6259e2742222db4cedc0f46e1f9d79c113803494192992ee22d2e0ff6d9cc6e	none	0
tr04-official-1/T15-G1-r1/s3-recovery-retract-seed1/failure.json	75	0c6032cd07861e1f85d433c4777029e5b595339c22f506d8d7369fa926454217	0c6032cd07861e1f85d433c4777029e5b595339c22f506d8d7369fa926454217	none	0
tr04-official-1/T15-G1-r1/s3-recovery-retract-seed1/io_verdict.json	451	052be0d43fa3e754cebfb1cf553a1e9e0bdaf80eaaf9f7f5d4ace5924952ae26	052be0d43fa3e754cebfb1cf553a1e9e0bdaf80eaaf9f7f5d4ace5924952ae26	none	0
tr04-official-1/T15-G1-r1/s3-recovery-retract-seed1/metadata.json	5314	6cb19b2268ad52cd0c30047fb381a1eeccbc958906c46822857d4b8773939125	54e9e130e56c2c829291c9617269b2d69cd77669abc6d184277b9433e107aded	redact	10
tr04-official-1/T15-G1-r1/s3-recovery-retract-seed1/plc-stderr.log	0	e3b0c44298fc1c149afbf4c8996fb92427ae41e4649b934ca495991b7852b855	e3b0c44298fc1c149afbf4c8996fb92427ae41e4649b934ca495991b7852b855	none	0
tr04-official-1/T15-G1-r1/s3-recovery-retract-seed1/processes.json	134	a359ee4aa54de89e8b8af12b57c7568e03924a7769f3cee1d8825d2cd30c000f	a359ee4aa54de89e8b8af12b57c7568e03924a7769f3cee1d8825d2cd30c000f	none	0
tr04-official-1/T15-G1-r1/s3-recovery-retract-seed1/static.json	12503	98d89c6ed1cd44b8ee34685765c8dff4ec22dc5d73ad51837b66aa710cb84b83	98d89c6ed1cd44b8ee34685765c8dff4ec22dc5d73ad51837b66aa710cb84b83	none	0
tr04-official-1/T15-G1-r1/s3-recovery-retract-seed1/vision-stderr.log	26	f6259e2742222db4cedc0f46e1f9d79c113803494192992ee22d2e0ff6d9cc6e	f6259e2742222db4cedc0f46e1f9d79c113803494192992ee22d2e0ff6d9cc6e	none	0
tr04-official-1/T15-G1-r1/s3-recovery-seed1/failure.json	75	0c6032cd07861e1f85d433c4777029e5b595339c22f506d8d7369fa926454217	0c6032cd07861e1f85d433c4777029e5b595339c22f506d8d7369fa926454217	none	0
tr04-official-1/T15-G1-r1/s3-recovery-seed1/io_verdict.json	443	c3b2feb77af86b08121ea46e6d92b8dd2defd43618446f6270768933cdbfd57d	c3b2feb77af86b08121ea46e6d92b8dd2defd43618446f6270768933cdbfd57d	none	0
tr04-official-1/T15-G1-r1/s3-recovery-seed1/metadata.json	5306	57e944b17a06d0907a71fbdcb5e3e313e9a82c30d027b6d1ccf31bb6d6e0acc8	1bb79e804eaacbaa75751ef848f0d852190285f44dbd73910e681ba39512cc54	redact	10
tr04-official-1/T15-G1-r1/s3-recovery-seed1/plc-stderr.log	0	e3b0c44298fc1c149afbf4c8996fb92427ae41e4649b934ca495991b7852b855	e3b0c44298fc1c149afbf4c8996fb92427ae41e4649b934ca495991b7852b855	none	0
tr04-official-1/T15-G1-r1/s3-recovery-seed1/processes.json	134	a359ee4aa54de89e8b8af12b57c7568e03924a7769f3cee1d8825d2cd30c000f	a359ee4aa54de89e8b8af12b57c7568e03924a7769f3cee1d8825d2cd30c000f	none	0
tr04-official-1/T15-G1-r1/s3-recovery-seed1/static.json	12503	98d89c6ed1cd44b8ee34685765c8dff4ec22dc5d73ad51837b66aa710cb84b83	98d89c6ed1cd44b8ee34685765c8dff4ec22dc5d73ad51837b66aa710cb84b83	none	0
tr04-official-1/T15-G1-r1/s3-recovery-seed1/vision-stderr.log	26	f6259e2742222db4cedc0f46e1f9d79c113803494192992ee22d2e0ff6d9cc6e	f6259e2742222db4cedc0f46e1f9d79c113803494192992ee22d2e0ff6d9cc6e	none	0
tr04-official-1/T15-G1-r1/static.json	326	986ff680caee9c2164a7c377ea330e00e3617e1cc7f14ad70b1875c2f3d64742	6e1f7b37bd44e2b87d7b8ce571725848f3f29b83bfb659e14a7afed7c43e7973	redact	1
tr04-official-1/T15-G1-r1/verdict.json	1156	2d028545f5dc1d14c0acf541d6f609948b30e0a3f41a98e8aa10852684c334fe	2d028545f5dc1d14c0acf541d6f609948b30e0a3f41a98e8aa10852684c334fe	none	0
tr04-official-1/T15-G1-r2/force.json	2212	63934f9c64115dfafec9c3c41a898c45c986f345cb0bc56ff7c646c30ac86fb5	e5624284112e41bbd3161e4c3376fb5d32512474d8013b0ed22cacd82f75b280	redact	1
tr04-official-1/T15-G1-r2/s3-curtain-seed1/io_verdict.json	442	0d6016793d1093d7cc3322114b100f8661cdb354b1029bf0169ef2df01d2bed5	0d6016793d1093d7cc3322114b100f8661cdb354b1029bf0169ef2df01d2bed5	none	0
tr04-official-1/T15-G1-r2/s3-curtain-seed1/metadata.json	5305	a7e2d9639a209338eb17fdbc7b4b923b21e2717b015e670cee99553283b7d348	07646b4e23989ca3d5574d3f80e3573a7afb44a94941fb5d9d54f00d21dfc9a5	redact	10
tr04-official-1/T15-G1-r2/s3-curtain-seed1/plc-stderr.log	0	e3b0c44298fc1c149afbf4c8996fb92427ae41e4649b934ca495991b7852b855	e3b0c44298fc1c149afbf4c8996fb92427ae41e4649b934ca495991b7852b855	none	0
tr04-official-1/T15-G1-r2/s3-curtain-seed1/processes.json	133	2d682689e80bda8c5620f25653426df526d1fbc1117dd5af83750c779d3b7848	2d682689e80bda8c5620f25653426df526d1fbc1117dd5af83750c779d3b7848	none	0
tr04-official-1/T15-G1-r2/s3-curtain-seed1/reference-10ms-differences.json	3	37517e5f3dc66819f61f5a7bb8ace1921282415f10551d2defa5c3eb0985b570	37517e5f3dc66819f61f5a7bb8ace1921282415f10551d2defa5c3eb0985b570	none	0
tr04-official-1/T15-G1-r2/s3-curtain-seed1/static.json	12189	4fff4f024a6a8e7ff8d6cac23a689480b4426dc042fe868452dd041be83b64c3	4fff4f024a6a8e7ff8d6cac23a689480b4426dc042fe868452dd041be83b64c3	none	0
tr04-official-1/T15-G1-r2/s3-curtain-seed1/summary.json	4067	74aa895981636f2d4a7e49c638fcc7ace2d27243e239881ffeb0d3aa6c74a0f5	eb855c680e32f1cf8f16b9d658c1dffe738b9dfc29cd8bb4487fa8c6d85ffc1e	drop_tick_hashes	0
tr04-official-1/T15-G1-r2/s3-curtain-seed1/vision-stderr.log	26	f6259e2742222db4cedc0f46e1f9d79c113803494192992ee22d2e0ff6d9cc6e	f6259e2742222db4cedc0f46e1f9d79c113803494192992ee22d2e0ff6d9cc6e	none	0
tr04-official-1/T15-G1-r2/s3-normal-seed1/io_verdict.json	383	5764c90719e5a826eba5810eea1a7ffe0fd700369ade52d68ab4498083a4b600	5764c90719e5a826eba5810eea1a7ffe0fd700369ade52d68ab4498083a4b600	none	0
tr04-official-1/T15-G1-r2/s3-normal-seed1/metadata.json	5304	773ef4fca29d9a238892ac37b2b5efd82fd4e5c9ea336998cc12f7385b367da9	6fc6d9e29c244c3ed2296cfe688d9d0aa6a4b93c885f90453064728e15d4c81e	redact	10
tr04-official-1/T15-G1-r2/s3-normal-seed1/plc-stderr.log	0	e3b0c44298fc1c149afbf4c8996fb92427ae41e4649b934ca495991b7852b855	e3b0c44298fc1c149afbf4c8996fb92427ae41e4649b934ca495991b7852b855	none	0
tr04-official-1/T15-G1-r2/s3-normal-seed1/processes.json	133	2d682689e80bda8c5620f25653426df526d1fbc1117dd5af83750c779d3b7848	2d682689e80bda8c5620f25653426df526d1fbc1117dd5af83750c779d3b7848	none	0
tr04-official-1/T15-G1-r2/s3-normal-seed1/reference-10ms-differences.json	3	37517e5f3dc66819f61f5a7bb8ace1921282415f10551d2defa5c3eb0985b570	37517e5f3dc66819f61f5a7bb8ace1921282415f10551d2defa5c3eb0985b570	none	0
tr04-official-1/T15-G1-r2/s3-normal-seed1/static.json	12189	4fff4f024a6a8e7ff8d6cac23a689480b4426dc042fe868452dd041be83b64c3	4fff4f024a6a8e7ff8d6cac23a689480b4426dc042fe868452dd041be83b64c3	none	0
tr04-official-1/T15-G1-r2/s3-normal-seed1/summary.json	4186	69dc83cac93f3c8228385a44950dc5bed0b79d58f1177014592a2f12c3613246	161b641b2ed254168bb86e74b58d7aa8efd83ac0441fa13c5f3dba1e4552c79a	drop_tick_hashes	0
tr04-official-1/T15-G1-r2/s3-normal-seed1/vision-stderr.log	26	f6259e2742222db4cedc0f46e1f9d79c113803494192992ee22d2e0ff6d9cc6e	f6259e2742222db4cedc0f46e1f9d79c113803494192992ee22d2e0ff6d9cc6e	none	0
tr04-official-1/T15-G1-r2/s3-normal-seed2/io_verdict.json	383	83da5e3273ff972c39964988f706e20a4642491265ba03a1382068d67c4f5ff7	83da5e3273ff972c39964988f706e20a4642491265ba03a1382068d67c4f5ff7	none	0
tr04-official-1/T15-G1-r2/s3-normal-seed2/metadata.json	5304	f1ec39b5ed6e35a5f38596faac09ee896ad080ba3adb4f7d8a165159f149c9ad	1761a975316dccd18d3dab45ea2cdfd80fbde174800db2bad30a8b9e1f8d91d5	redact	10
tr04-official-1/T15-G1-r2/s3-normal-seed2/plc-stderr.log	0	e3b0c44298fc1c149afbf4c8996fb92427ae41e4649b934ca495991b7852b855	e3b0c44298fc1c149afbf4c8996fb92427ae41e4649b934ca495991b7852b855	none	0
tr04-official-1/T15-G1-r2/s3-normal-seed2/processes.json	133	2d682689e80bda8c5620f25653426df526d1fbc1117dd5af83750c779d3b7848	2d682689e80bda8c5620f25653426df526d1fbc1117dd5af83750c779d3b7848	none	0
tr04-official-1/T15-G1-r2/s3-normal-seed2/reference-10ms-differences.json	3	37517e5f3dc66819f61f5a7bb8ace1921282415f10551d2defa5c3eb0985b570	37517e5f3dc66819f61f5a7bb8ace1921282415f10551d2defa5c3eb0985b570	none	0
tr04-official-1/T15-G1-r2/s3-normal-seed2/static.json	12189	4fff4f024a6a8e7ff8d6cac23a689480b4426dc042fe868452dd041be83b64c3	4fff4f024a6a8e7ff8d6cac23a689480b4426dc042fe868452dd041be83b64c3	none	0
tr04-official-1/T15-G1-r2/s3-normal-seed2/summary.json	4190	59a535b8fb35de61f703ea95ba68a5525d60b34d9a16e99e2d4c485211058d7a	8bb595995102cbb22ee20598b9fbebcdc1ea07ba3540aca1a4963012a2f07de7	drop_tick_hashes	0
tr04-official-1/T15-G1-r2/s3-normal-seed2/vision-stderr.log	26	f6259e2742222db4cedc0f46e1f9d79c113803494192992ee22d2e0ff6d9cc6e	f6259e2742222db4cedc0f46e1f9d79c113803494192992ee22d2e0ff6d9cc6e	none	0
tr04-official-1/T15-G1-r2/s3-normal-seed3/io_verdict.json	383	0007070d2e319ecd363bdfafce6d41c38238c32859c88c342266c82bfdf40462	0007070d2e319ecd363bdfafce6d41c38238c32859c88c342266c82bfdf40462	none	0
tr04-official-1/T15-G1-r2/s3-normal-seed3/metadata.json	5304	f3836a8be371be461541a2606b058b29fcea2d8a146f08aad782e10f1917317b	92a5ed60d51137bcc8f458d236624cebf8056f506812739c66de25b85b0de58f	redact	10
tr04-official-1/T15-G1-r2/s3-normal-seed3/plc-stderr.log	0	e3b0c44298fc1c149afbf4c8996fb92427ae41e4649b934ca495991b7852b855	e3b0c44298fc1c149afbf4c8996fb92427ae41e4649b934ca495991b7852b855	none	0
tr04-official-1/T15-G1-r2/s3-normal-seed3/processes.json	133	2d682689e80bda8c5620f25653426df526d1fbc1117dd5af83750c779d3b7848	2d682689e80bda8c5620f25653426df526d1fbc1117dd5af83750c779d3b7848	none	0
tr04-official-1/T15-G1-r2/s3-normal-seed3/reference-10ms-differences.json	3	37517e5f3dc66819f61f5a7bb8ace1921282415f10551d2defa5c3eb0985b570	37517e5f3dc66819f61f5a7bb8ace1921282415f10551d2defa5c3eb0985b570	none	0
tr04-official-1/T15-G1-r2/s3-normal-seed3/static.json	12189	4fff4f024a6a8e7ff8d6cac23a689480b4426dc042fe868452dd041be83b64c3	4fff4f024a6a8e7ff8d6cac23a689480b4426dc042fe868452dd041be83b64c3	none	0
tr04-official-1/T15-G1-r2/s3-normal-seed3/summary.json	4191	ed013aab2cadd77ee55aefb8f3e009a06794c86ebe6a70fda5161d146bfca1e8	4e77eee59286e35fe087c65445c5c23eedf463a4420fefcaad47c886fa574fb0	drop_tick_hashes	0
tr04-official-1/T15-G1-r2/s3-normal-seed3/vision-stderr.log	26	f6259e2742222db4cedc0f46e1f9d79c113803494192992ee22d2e0ff6d9cc6e	f6259e2742222db4cedc0f46e1f9d79c113803494192992ee22d2e0ff6d9cc6e	none	0
tr04-official-1/T15-G1-r2/s3-recovery-retract-seed1/failure.json	75	0c6032cd07861e1f85d433c4777029e5b595339c22f506d8d7369fa926454217	0c6032cd07861e1f85d433c4777029e5b595339c22f506d8d7369fa926454217	none	0
tr04-official-1/T15-G1-r2/s3-recovery-retract-seed1/io_verdict.json	451	052be0d43fa3e754cebfb1cf553a1e9e0bdaf80eaaf9f7f5d4ace5924952ae26	052be0d43fa3e754cebfb1cf553a1e9e0bdaf80eaaf9f7f5d4ace5924952ae26	none	0
tr04-official-1/T15-G1-r2/s3-recovery-retract-seed1/metadata.json	5314	628a1d18d3c359a6b4070e25257c6eac6886433b6024e4c0d4d06eaa59e4ebc8	98ca4c52fb6fe76212492031652b50b86a4e0a47382413842977fa9095ff4bc7	redact	10
tr04-official-1/T15-G1-r2/s3-recovery-retract-seed1/plc-stderr.log	0	e3b0c44298fc1c149afbf4c8996fb92427ae41e4649b934ca495991b7852b855	e3b0c44298fc1c149afbf4c8996fb92427ae41e4649b934ca495991b7852b855	none	0
tr04-official-1/T15-G1-r2/s3-recovery-retract-seed1/processes.json	134	a359ee4aa54de89e8b8af12b57c7568e03924a7769f3cee1d8825d2cd30c000f	a359ee4aa54de89e8b8af12b57c7568e03924a7769f3cee1d8825d2cd30c000f	none	0
tr04-official-1/T15-G1-r2/s3-recovery-retract-seed1/static.json	12189	4fff4f024a6a8e7ff8d6cac23a689480b4426dc042fe868452dd041be83b64c3	4fff4f024a6a8e7ff8d6cac23a689480b4426dc042fe868452dd041be83b64c3	none	0
tr04-official-1/T15-G1-r2/s3-recovery-retract-seed1/vision-stderr.log	26	f6259e2742222db4cedc0f46e1f9d79c113803494192992ee22d2e0ff6d9cc6e	f6259e2742222db4cedc0f46e1f9d79c113803494192992ee22d2e0ff6d9cc6e	none	0
tr04-official-1/T15-G1-r2/s3-recovery-seed1/failure.json	75	0c6032cd07861e1f85d433c4777029e5b595339c22f506d8d7369fa926454217	0c6032cd07861e1f85d433c4777029e5b595339c22f506d8d7369fa926454217	none	0
tr04-official-1/T15-G1-r2/s3-recovery-seed1/io_verdict.json	443	c3b2feb77af86b08121ea46e6d92b8dd2defd43618446f6270768933cdbfd57d	c3b2feb77af86b08121ea46e6d92b8dd2defd43618446f6270768933cdbfd57d	none	0
tr04-official-1/T15-G1-r2/s3-recovery-seed1/metadata.json	5306	c16ca85baaef59f2856d7652f8ebaca1291a3566cd5093856062ac6f944f8a3a	59eb0ce1da12091880ebf206a58566fae2ddda4fbaa32bc4f61c4169f58633c0	redact	10
tr04-official-1/T15-G1-r2/s3-recovery-seed1/plc-stderr.log	0	e3b0c44298fc1c149afbf4c8996fb92427ae41e4649b934ca495991b7852b855	e3b0c44298fc1c149afbf4c8996fb92427ae41e4649b934ca495991b7852b855	none	0
tr04-official-1/T15-G1-r2/s3-recovery-seed1/processes.json	134	a359ee4aa54de89e8b8af12b57c7568e03924a7769f3cee1d8825d2cd30c000f	a359ee4aa54de89e8b8af12b57c7568e03924a7769f3cee1d8825d2cd30c000f	none	0
tr04-official-1/T15-G1-r2/s3-recovery-seed1/static.json	12189	4fff4f024a6a8e7ff8d6cac23a689480b4426dc042fe868452dd041be83b64c3	4fff4f024a6a8e7ff8d6cac23a689480b4426dc042fe868452dd041be83b64c3	none	0
tr04-official-1/T15-G1-r2/s3-recovery-seed1/vision-stderr.log	26	f6259e2742222db4cedc0f46e1f9d79c113803494192992ee22d2e0ff6d9cc6e	f6259e2742222db4cedc0f46e1f9d79c113803494192992ee22d2e0ff6d9cc6e	none	0
tr04-official-1/T15-G1-r2/static.json	326	897c542482ec8c6bd80e9a328dedc15f7e4512384767199139590bf6895a81d1	eb1fdc7702fe5a3f4d29cfd95fd948d0ebafb9a3e949da4c41f8b2f77766900e	redact	1
tr04-official-1/T15-G1-r2/verdict.json	1156	03693c2ccbbea7f659f9bea5f502ca3757ec11b16233eb9d2bf9baad7159891c	03693c2ccbbea7f659f9bea5f502ca3757ec11b16233eb9d2bf9baad7159891c	none	0
tr04-official-1/T15-G1-r3/force.json	2212	62d0db98197b1386b7bad7bb9fb7cf073d632df66be4763328bd7498a9478255	b3eb2ae80f02a3e707dc7a1392f5d7b370c9edcb466898e1bdc3d51fe5a60c8c	redact	1
tr04-official-1/T15-G1-r3/s3-curtain-seed1/io_verdict.json	442	0d6016793d1093d7cc3322114b100f8661cdb354b1029bf0169ef2df01d2bed5	0d6016793d1093d7cc3322114b100f8661cdb354b1029bf0169ef2df01d2bed5	none	0
tr04-official-1/T15-G1-r3/s3-curtain-seed1/metadata.json	5305	d4a5ef45fa02fe707610c1ef0a600b26a54b24a9b34abb6a80936202f4a964aa	8bc310be998e9bd32d77e093b35afbed6a0e19e72560624cef33ff395b1acf84	redact	10
tr04-official-1/T15-G1-r3/s3-curtain-seed1/plc-stderr.log	0	e3b0c44298fc1c149afbf4c8996fb92427ae41e4649b934ca495991b7852b855	e3b0c44298fc1c149afbf4c8996fb92427ae41e4649b934ca495991b7852b855	none	0
tr04-official-1/T15-G1-r3/s3-curtain-seed1/processes.json	133	2d682689e80bda8c5620f25653426df526d1fbc1117dd5af83750c779d3b7848	2d682689e80bda8c5620f25653426df526d1fbc1117dd5af83750c779d3b7848	none	0
tr04-official-1/T15-G1-r3/s3-curtain-seed1/reference-10ms-differences.json	3	37517e5f3dc66819f61f5a7bb8ace1921282415f10551d2defa5c3eb0985b570	37517e5f3dc66819f61f5a7bb8ace1921282415f10551d2defa5c3eb0985b570	none	0
tr04-official-1/T15-G1-r3/s3-curtain-seed1/static.json	12189	4fff4f024a6a8e7ff8d6cac23a689480b4426dc042fe868452dd041be83b64c3	4fff4f024a6a8e7ff8d6cac23a689480b4426dc042fe868452dd041be83b64c3	none	0
tr04-official-1/T15-G1-r3/s3-curtain-seed1/summary.json	4067	5e136033bc3414865db200207e8229569a5b3838780480216d4d18a7d2012402	1349b738679a337b0b019ba386e3b878a79058974d62390e2946827596f1bae6	drop_tick_hashes	0
tr04-official-1/T15-G1-r3/s3-curtain-seed1/vision-stderr.log	26	f6259e2742222db4cedc0f46e1f9d79c113803494192992ee22d2e0ff6d9cc6e	f6259e2742222db4cedc0f46e1f9d79c113803494192992ee22d2e0ff6d9cc6e	none	0
tr04-official-1/T15-G1-r3/s3-normal-seed1/io_verdict.json	383	5764c90719e5a826eba5810eea1a7ffe0fd700369ade52d68ab4498083a4b600	5764c90719e5a826eba5810eea1a7ffe0fd700369ade52d68ab4498083a4b600	none	0
tr04-official-1/T15-G1-r3/s3-normal-seed1/metadata.json	5304	1cacf250aa22b01287be36bbad254a14cc0923e2ff95e2f8a6dc2a268a965aa4	77e7ab0b4dfdd3d8c896d47435281b824986305ea240a5806cd9c109760f8ab7	redact	10
tr04-official-1/T15-G1-r3/s3-normal-seed1/plc-stderr.log	0	e3b0c44298fc1c149afbf4c8996fb92427ae41e4649b934ca495991b7852b855	e3b0c44298fc1c149afbf4c8996fb92427ae41e4649b934ca495991b7852b855	none	0
tr04-official-1/T15-G1-r3/s3-normal-seed1/processes.json	133	2d682689e80bda8c5620f25653426df526d1fbc1117dd5af83750c779d3b7848	2d682689e80bda8c5620f25653426df526d1fbc1117dd5af83750c779d3b7848	none	0
tr04-official-1/T15-G1-r3/s3-normal-seed1/reference-10ms-differences.json	3	37517e5f3dc66819f61f5a7bb8ace1921282415f10551d2defa5c3eb0985b570	37517e5f3dc66819f61f5a7bb8ace1921282415f10551d2defa5c3eb0985b570	none	0
tr04-official-1/T15-G1-r3/s3-normal-seed1/static.json	12189	4fff4f024a6a8e7ff8d6cac23a689480b4426dc042fe868452dd041be83b64c3	4fff4f024a6a8e7ff8d6cac23a689480b4426dc042fe868452dd041be83b64c3	none	0
tr04-official-1/T15-G1-r3/s3-normal-seed1/summary.json	4186	b093280f0ff4813709af93d7411b5c150cf58b4c59af0c558a3e4974f9916cb1	6ae80b22c40947b98ad038401faff3518165504453847db7dcfed01fca881304	drop_tick_hashes	0
tr04-official-1/T15-G1-r3/s3-normal-seed1/vision-stderr.log	26	f6259e2742222db4cedc0f46e1f9d79c113803494192992ee22d2e0ff6d9cc6e	f6259e2742222db4cedc0f46e1f9d79c113803494192992ee22d2e0ff6d9cc6e	none	0
tr04-official-1/T15-G1-r3/s3-normal-seed2/io_verdict.json	383	83da5e3273ff972c39964988f706e20a4642491265ba03a1382068d67c4f5ff7	83da5e3273ff972c39964988f706e20a4642491265ba03a1382068d67c4f5ff7	none	0
tr04-official-1/T15-G1-r3/s3-normal-seed2/metadata.json	5304	5c08c691fc3e7572b6a7438208944600a90d75836bdfb04d940453a81cc9e0d2	08d56625e7978820f866943774f9524a1ac37faeb9ee36f56e339d04bb71f784	redact	10
tr04-official-1/T15-G1-r3/s3-normal-seed2/plc-stderr.log	0	e3b0c44298fc1c149afbf4c8996fb92427ae41e4649b934ca495991b7852b855	e3b0c44298fc1c149afbf4c8996fb92427ae41e4649b934ca495991b7852b855	none	0
tr04-official-1/T15-G1-r3/s3-normal-seed2/processes.json	133	2d682689e80bda8c5620f25653426df526d1fbc1117dd5af83750c779d3b7848	2d682689e80bda8c5620f25653426df526d1fbc1117dd5af83750c779d3b7848	none	0
tr04-official-1/T15-G1-r3/s3-normal-seed2/reference-10ms-differences.json	3	37517e5f3dc66819f61f5a7bb8ace1921282415f10551d2defa5c3eb0985b570	37517e5f3dc66819f61f5a7bb8ace1921282415f10551d2defa5c3eb0985b570	none	0
tr04-official-1/T15-G1-r3/s3-normal-seed2/static.json	12189	4fff4f024a6a8e7ff8d6cac23a689480b4426dc042fe868452dd041be83b64c3	4fff4f024a6a8e7ff8d6cac23a689480b4426dc042fe868452dd041be83b64c3	none	0
tr04-official-1/T15-G1-r3/s3-normal-seed2/summary.json	4190	df12ef49ba48795eec3c0088975494e9901e3c4e5e06d293662fc0b87972bef3	ea1bc4ebd8c1f172310cf51e07c4cd87db5861caf0ca3e0ee1451099f80b0c35	drop_tick_hashes	0
tr04-official-1/T15-G1-r3/s3-normal-seed2/vision-stderr.log	26	f6259e2742222db4cedc0f46e1f9d79c113803494192992ee22d2e0ff6d9cc6e	f6259e2742222db4cedc0f46e1f9d79c113803494192992ee22d2e0ff6d9cc6e	none	0
tr04-official-1/T15-G1-r3/s3-normal-seed3/io_verdict.json	383	0007070d2e319ecd363bdfafce6d41c38238c32859c88c342266c82bfdf40462	0007070d2e319ecd363bdfafce6d41c38238c32859c88c342266c82bfdf40462	none	0
tr04-official-1/T15-G1-r3/s3-normal-seed3/metadata.json	5304	c4abd59db3c817e5cc88e8491e68588b42e87ac6c4c2b5feeac21ec0ebc16c38	e11c68617c405532b6b8d6d5d8906e7eddf9858cf46fc999875d6e738059eb44	redact	10
tr04-official-1/T15-G1-r3/s3-normal-seed3/plc-stderr.log	0	e3b0c44298fc1c149afbf4c8996fb92427ae41e4649b934ca495991b7852b855	e3b0c44298fc1c149afbf4c8996fb92427ae41e4649b934ca495991b7852b855	none	0
tr04-official-1/T15-G1-r3/s3-normal-seed3/processes.json	133	2d682689e80bda8c5620f25653426df526d1fbc1117dd5af83750c779d3b7848	2d682689e80bda8c5620f25653426df526d1fbc1117dd5af83750c779d3b7848	none	0
tr04-official-1/T15-G1-r3/s3-normal-seed3/reference-10ms-differences.json	3	37517e5f3dc66819f61f5a7bb8ace1921282415f10551d2defa5c3eb0985b570	37517e5f3dc66819f61f5a7bb8ace1921282415f10551d2defa5c3eb0985b570	none	0
tr04-official-1/T15-G1-r3/s3-normal-seed3/static.json	12189	4fff4f024a6a8e7ff8d6cac23a689480b4426dc042fe868452dd041be83b64c3	4fff4f024a6a8e7ff8d6cac23a689480b4426dc042fe868452dd041be83b64c3	none	0
tr04-official-1/T15-G1-r3/s3-normal-seed3/summary.json	4191	3a31b0b60cc1310ec731733807ac9b68a0563d9c218df7e40115b6100b3dc287	6e43c13875e408f00169fd22944fd84b749d57fde9333a098f15610288881982	drop_tick_hashes	0
tr04-official-1/T15-G1-r3/s3-normal-seed3/vision-stderr.log	26	f6259e2742222db4cedc0f46e1f9d79c113803494192992ee22d2e0ff6d9cc6e	f6259e2742222db4cedc0f46e1f9d79c113803494192992ee22d2e0ff6d9cc6e	none	0
tr04-official-1/T15-G1-r3/s3-recovery-retract-seed1/failure.json	75	0c6032cd07861e1f85d433c4777029e5b595339c22f506d8d7369fa926454217	0c6032cd07861e1f85d433c4777029e5b595339c22f506d8d7369fa926454217	none	0
tr04-official-1/T15-G1-r3/s3-recovery-retract-seed1/io_verdict.json	451	052be0d43fa3e754cebfb1cf553a1e9e0bdaf80eaaf9f7f5d4ace5924952ae26	052be0d43fa3e754cebfb1cf553a1e9e0bdaf80eaaf9f7f5d4ace5924952ae26	none	0
tr04-official-1/T15-G1-r3/s3-recovery-retract-seed1/metadata.json	5314	8b96feec9d884c0e0ebefdcb0a349ff11ef73744bf969d4cf8c76224f264ee66	9c9ef62f07b1b04e21227d21289b25a12f5f325a0470236bb1473c13605385a5	redact	10
tr04-official-1/T15-G1-r3/s3-recovery-retract-seed1/plc-stderr.log	0	e3b0c44298fc1c149afbf4c8996fb92427ae41e4649b934ca495991b7852b855	e3b0c44298fc1c149afbf4c8996fb92427ae41e4649b934ca495991b7852b855	none	0
tr04-official-1/T15-G1-r3/s3-recovery-retract-seed1/processes.json	134	a359ee4aa54de89e8b8af12b57c7568e03924a7769f3cee1d8825d2cd30c000f	a359ee4aa54de89e8b8af12b57c7568e03924a7769f3cee1d8825d2cd30c000f	none	0
tr04-official-1/T15-G1-r3/s3-recovery-retract-seed1/static.json	12189	4fff4f024a6a8e7ff8d6cac23a689480b4426dc042fe868452dd041be83b64c3	4fff4f024a6a8e7ff8d6cac23a689480b4426dc042fe868452dd041be83b64c3	none	0
tr04-official-1/T15-G1-r3/s3-recovery-retract-seed1/vision-stderr.log	26	f6259e2742222db4cedc0f46e1f9d79c113803494192992ee22d2e0ff6d9cc6e	f6259e2742222db4cedc0f46e1f9d79c113803494192992ee22d2e0ff6d9cc6e	none	0
tr04-official-1/T15-G1-r3/s3-recovery-seed1/failure.json	75	0c6032cd07861e1f85d433c4777029e5b595339c22f506d8d7369fa926454217	0c6032cd07861e1f85d433c4777029e5b595339c22f506d8d7369fa926454217	none	0
tr04-official-1/T15-G1-r3/s3-recovery-seed1/io_verdict.json	443	c3b2feb77af86b08121ea46e6d92b8dd2defd43618446f6270768933cdbfd57d	c3b2feb77af86b08121ea46e6d92b8dd2defd43618446f6270768933cdbfd57d	none	0
tr04-official-1/T15-G1-r3/s3-recovery-seed1/metadata.json	5306	cb26d4e0a424a815c669329c57114408c1a52b0ba12090aaa2f58a4e05691bfa	c96d19c4ace409fb082b55e5f6e07038b3bcb0b3922053b69b0959e39ba97887	redact	10
tr04-official-1/T15-G1-r3/s3-recovery-seed1/plc-stderr.log	0	e3b0c44298fc1c149afbf4c8996fb92427ae41e4649b934ca495991b7852b855	e3b0c44298fc1c149afbf4c8996fb92427ae41e4649b934ca495991b7852b855	none	0
tr04-official-1/T15-G1-r3/s3-recovery-seed1/processes.json	134	a359ee4aa54de89e8b8af12b57c7568e03924a7769f3cee1d8825d2cd30c000f	a359ee4aa54de89e8b8af12b57c7568e03924a7769f3cee1d8825d2cd30c000f	none	0
tr04-official-1/T15-G1-r3/s3-recovery-seed1/static.json	12189	4fff4f024a6a8e7ff8d6cac23a689480b4426dc042fe868452dd041be83b64c3	4fff4f024a6a8e7ff8d6cac23a689480b4426dc042fe868452dd041be83b64c3	none	0
tr04-official-1/T15-G1-r3/s3-recovery-seed1/vision-stderr.log	26	f6259e2742222db4cedc0f46e1f9d79c113803494192992ee22d2e0ff6d9cc6e	f6259e2742222db4cedc0f46e1f9d79c113803494192992ee22d2e0ff6d9cc6e	none	0
tr04-official-1/T15-G1-r3/static.json	326	c14dcfb56502b4673927c823afbb402cf21689cc6897e86399fd67bff9acc5d3	d06413d9128a467edb3b51749f6feec6fa7ee5bd6501fcf62c8440a5b578b58b	redact	1
tr04-official-1/T15-G1-r3/verdict.json	1156	c23f3cf441960716fd7a1708fabc03c5849d595c507eecca7c97e3ee93d009ea	c23f3cf441960716fd7a1708fabc03c5849d595c507eecca7c97e3ee93d009ea	none	0
tr04-official-1/T15-G2-r1/force.json	2212	b01902dfd8f7aa7fea087bb61962a6d70aba05f027ff6fab9a013be09d842174	e4b4ef6fadcf8d6dd12f1dafd534156f1622baf617fd6c71c77d547fe3819ed9	redact	1
tr04-official-1/T15-G2-r1/s3-curtain-seed1/io_verdict.json	442	0d6016793d1093d7cc3322114b100f8661cdb354b1029bf0169ef2df01d2bed5	0d6016793d1093d7cc3322114b100f8661cdb354b1029bf0169ef2df01d2bed5	none	0
tr04-official-1/T15-G2-r1/s3-curtain-seed1/metadata.json	5305	e996a1d565040f81e795e5700049414fb142f978d030d2c99ed9515600a0c9a0	af08b2d177c1ca371797cdb0ceb3c3a98104bacbf55aef1948d7826ffe2f95c2	redact	10
tr04-official-1/T15-G2-r1/s3-curtain-seed1/plc-stderr.log	0	e3b0c44298fc1c149afbf4c8996fb92427ae41e4649b934ca495991b7852b855	e3b0c44298fc1c149afbf4c8996fb92427ae41e4649b934ca495991b7852b855	none	0
tr04-official-1/T15-G2-r1/s3-curtain-seed1/processes.json	133	2d682689e80bda8c5620f25653426df526d1fbc1117dd5af83750c779d3b7848	2d682689e80bda8c5620f25653426df526d1fbc1117dd5af83750c779d3b7848	none	0
tr04-official-1/T15-G2-r1/s3-curtain-seed1/reference-10ms-differences.json	3	37517e5f3dc66819f61f5a7bb8ace1921282415f10551d2defa5c3eb0985b570	37517e5f3dc66819f61f5a7bb8ace1921282415f10551d2defa5c3eb0985b570	none	0
tr04-official-1/T15-G2-r1/s3-curtain-seed1/static.json	12189	4fff4f024a6a8e7ff8d6cac23a689480b4426dc042fe868452dd041be83b64c3	4fff4f024a6a8e7ff8d6cac23a689480b4426dc042fe868452dd041be83b64c3	none	0
tr04-official-1/T15-G2-r1/s3-curtain-seed1/summary.json	4067	a93293e8c1de3dc340e2c9bf4704227a7a9d3c2e4feb544805e6640df42ec680	c6b8fcec0a6277f9d75db9aec371aa808913d7f559a224f054c07de8af09605a	drop_tick_hashes	0
tr04-official-1/T15-G2-r1/s3-curtain-seed1/vision-stderr.log	26	f6259e2742222db4cedc0f46e1f9d79c113803494192992ee22d2e0ff6d9cc6e	f6259e2742222db4cedc0f46e1f9d79c113803494192992ee22d2e0ff6d9cc6e	none	0
tr04-official-1/T15-G2-r1/s3-normal-seed1/io_verdict.json	383	5764c90719e5a826eba5810eea1a7ffe0fd700369ade52d68ab4498083a4b600	5764c90719e5a826eba5810eea1a7ffe0fd700369ade52d68ab4498083a4b600	none	0
tr04-official-1/T15-G2-r1/s3-normal-seed1/metadata.json	5304	b5cfb7c44d183ed1d605e096151ccd0fa54707468a63c85cbe5794e47b99e2df	7c23545927eab95cc90d07b7ed1f2a29f51d47047d5ebb48f71d98784cf30a4a	redact	10
tr04-official-1/T15-G2-r1/s3-normal-seed1/plc-stderr.log	0	e3b0c44298fc1c149afbf4c8996fb92427ae41e4649b934ca495991b7852b855	e3b0c44298fc1c149afbf4c8996fb92427ae41e4649b934ca495991b7852b855	none	0
tr04-official-1/T15-G2-r1/s3-normal-seed1/processes.json	133	2d682689e80bda8c5620f25653426df526d1fbc1117dd5af83750c779d3b7848	2d682689e80bda8c5620f25653426df526d1fbc1117dd5af83750c779d3b7848	none	0
tr04-official-1/T15-G2-r1/s3-normal-seed1/reference-10ms-differences.json	3	37517e5f3dc66819f61f5a7bb8ace1921282415f10551d2defa5c3eb0985b570	37517e5f3dc66819f61f5a7bb8ace1921282415f10551d2defa5c3eb0985b570	none	0
tr04-official-1/T15-G2-r1/s3-normal-seed1/static.json	12189	4fff4f024a6a8e7ff8d6cac23a689480b4426dc042fe868452dd041be83b64c3	4fff4f024a6a8e7ff8d6cac23a689480b4426dc042fe868452dd041be83b64c3	none	0
tr04-official-1/T15-G2-r1/s3-normal-seed1/summary.json	4186	912dbd0dd9872681b16db2f5dc5431f4311895d57123634817808b702715c908	008cc42fcf56100611b8c15f963a33215b66a2dcce6398ca6ac2f67e46b3b029	drop_tick_hashes	0
tr04-official-1/T15-G2-r1/s3-normal-seed1/vision-stderr.log	26	f6259e2742222db4cedc0f46e1f9d79c113803494192992ee22d2e0ff6d9cc6e	f6259e2742222db4cedc0f46e1f9d79c113803494192992ee22d2e0ff6d9cc6e	none	0
tr04-official-1/T15-G2-r1/s3-normal-seed2/io_verdict.json	383	83da5e3273ff972c39964988f706e20a4642491265ba03a1382068d67c4f5ff7	83da5e3273ff972c39964988f706e20a4642491265ba03a1382068d67c4f5ff7	none	0
tr04-official-1/T15-G2-r1/s3-normal-seed2/metadata.json	5304	6221500abc7cd76177aac70b6fc4749b6dfd845b3f581265c3184d4f9ac7b5ab	8fa6b41d1d154b1b3f6429523bcc8ba4dd417bb42ae74b3ec876968405b29089	redact	10
tr04-official-1/T15-G2-r1/s3-normal-seed2/plc-stderr.log	0	e3b0c44298fc1c149afbf4c8996fb92427ae41e4649b934ca495991b7852b855	e3b0c44298fc1c149afbf4c8996fb92427ae41e4649b934ca495991b7852b855	none	0
tr04-official-1/T15-G2-r1/s3-normal-seed2/processes.json	133	2d682689e80bda8c5620f25653426df526d1fbc1117dd5af83750c779d3b7848	2d682689e80bda8c5620f25653426df526d1fbc1117dd5af83750c779d3b7848	none	0
tr04-official-1/T15-G2-r1/s3-normal-seed2/reference-10ms-differences.json	3	37517e5f3dc66819f61f5a7bb8ace1921282415f10551d2defa5c3eb0985b570	37517e5f3dc66819f61f5a7bb8ace1921282415f10551d2defa5c3eb0985b570	none	0
tr04-official-1/T15-G2-r1/s3-normal-seed2/static.json	12189	4fff4f024a6a8e7ff8d6cac23a689480b4426dc042fe868452dd041be83b64c3	4fff4f024a6a8e7ff8d6cac23a689480b4426dc042fe868452dd041be83b64c3	none	0
tr04-official-1/T15-G2-r1/s3-normal-seed2/summary.json	4190	4260ac8b105646dbfbc4eefcadd54bb0b10a8b55ea31e0228ecb02fac5b25ee7	51f3ca26db7cd1c89d50fa579142d71cd38c8a5be32a0470cec701e9a03264b2	drop_tick_hashes	0
tr04-official-1/T15-G2-r1/s3-normal-seed2/vision-stderr.log	26	f6259e2742222db4cedc0f46e1f9d79c113803494192992ee22d2e0ff6d9cc6e	f6259e2742222db4cedc0f46e1f9d79c113803494192992ee22d2e0ff6d9cc6e	none	0
tr04-official-1/T15-G2-r1/s3-normal-seed3/io_verdict.json	383	0007070d2e319ecd363bdfafce6d41c38238c32859c88c342266c82bfdf40462	0007070d2e319ecd363bdfafce6d41c38238c32859c88c342266c82bfdf40462	none	0
tr04-official-1/T15-G2-r1/s3-normal-seed3/metadata.json	5304	98691db38ff35a9c27059fbd59ffe1d2039ea7e09b8ed3dcd0bd00b3b3df7aae	e0a992e94c5054f14de64c767e1f85c8fb7c53ab705c9df14a3815f5a664ba28	redact	10
tr04-official-1/T15-G2-r1/s3-normal-seed3/plc-stderr.log	0	e3b0c44298fc1c149afbf4c8996fb92427ae41e4649b934ca495991b7852b855	e3b0c44298fc1c149afbf4c8996fb92427ae41e4649b934ca495991b7852b855	none	0
tr04-official-1/T15-G2-r1/s3-normal-seed3/processes.json	133	2d682689e80bda8c5620f25653426df526d1fbc1117dd5af83750c779d3b7848	2d682689e80bda8c5620f25653426df526d1fbc1117dd5af83750c779d3b7848	none	0
tr04-official-1/T15-G2-r1/s3-normal-seed3/reference-10ms-differences.json	3	37517e5f3dc66819f61f5a7bb8ace1921282415f10551d2defa5c3eb0985b570	37517e5f3dc66819f61f5a7bb8ace1921282415f10551d2defa5c3eb0985b570	none	0
tr04-official-1/T15-G2-r1/s3-normal-seed3/static.json	12189	4fff4f024a6a8e7ff8d6cac23a689480b4426dc042fe868452dd041be83b64c3	4fff4f024a6a8e7ff8d6cac23a689480b4426dc042fe868452dd041be83b64c3	none	0
tr04-official-1/T15-G2-r1/s3-normal-seed3/summary.json	4191	c8ca732443feb4de703099b638342419f9584e8bc57bf8dc70af796c895c0991	f4e2cd3364306894a32f160269cdb2fad8acd0f1a5f68f695b3a3c45061ebbfb	drop_tick_hashes	0
tr04-official-1/T15-G2-r1/s3-normal-seed3/vision-stderr.log	26	f6259e2742222db4cedc0f46e1f9d79c113803494192992ee22d2e0ff6d9cc6e	f6259e2742222db4cedc0f46e1f9d79c113803494192992ee22d2e0ff6d9cc6e	none	0
tr04-official-1/T15-G2-r1/s3-recovery-retract-seed1/failure.json	75	0c6032cd07861e1f85d433c4777029e5b595339c22f506d8d7369fa926454217	0c6032cd07861e1f85d433c4777029e5b595339c22f506d8d7369fa926454217	none	0
tr04-official-1/T15-G2-r1/s3-recovery-retract-seed1/io_verdict.json	451	052be0d43fa3e754cebfb1cf553a1e9e0bdaf80eaaf9f7f5d4ace5924952ae26	052be0d43fa3e754cebfb1cf553a1e9e0bdaf80eaaf9f7f5d4ace5924952ae26	none	0
tr04-official-1/T15-G2-r1/s3-recovery-retract-seed1/metadata.json	5314	fd05daaabc36ae35bac06671a6897b6ef6426ec5ac6c17ff6310d42cab62b18d	a43807f5c1bd917c6260100d4a865193e1e6935a4a9a53f7abc869759665485d	redact	10
tr04-official-1/T15-G2-r1/s3-recovery-retract-seed1/plc-stderr.log	0	e3b0c44298fc1c149afbf4c8996fb92427ae41e4649b934ca495991b7852b855	e3b0c44298fc1c149afbf4c8996fb92427ae41e4649b934ca495991b7852b855	none	0
tr04-official-1/T15-G2-r1/s3-recovery-retract-seed1/processes.json	134	a359ee4aa54de89e8b8af12b57c7568e03924a7769f3cee1d8825d2cd30c000f	a359ee4aa54de89e8b8af12b57c7568e03924a7769f3cee1d8825d2cd30c000f	none	0
tr04-official-1/T15-G2-r1/s3-recovery-retract-seed1/static.json	12189	4fff4f024a6a8e7ff8d6cac23a689480b4426dc042fe868452dd041be83b64c3	4fff4f024a6a8e7ff8d6cac23a689480b4426dc042fe868452dd041be83b64c3	none	0
tr04-official-1/T15-G2-r1/s3-recovery-retract-seed1/vision-stderr.log	26	f6259e2742222db4cedc0f46e1f9d79c113803494192992ee22d2e0ff6d9cc6e	f6259e2742222db4cedc0f46e1f9d79c113803494192992ee22d2e0ff6d9cc6e	none	0
tr04-official-1/T15-G2-r1/s3-recovery-seed1/failure.json	75	0c6032cd07861e1f85d433c4777029e5b595339c22f506d8d7369fa926454217	0c6032cd07861e1f85d433c4777029e5b595339c22f506d8d7369fa926454217	none	0
tr04-official-1/T15-G2-r1/s3-recovery-seed1/io_verdict.json	443	c3b2feb77af86b08121ea46e6d92b8dd2defd43618446f6270768933cdbfd57d	c3b2feb77af86b08121ea46e6d92b8dd2defd43618446f6270768933cdbfd57d	none	0
tr04-official-1/T15-G2-r1/s3-recovery-seed1/metadata.json	5306	d9b6fd988faecf4b0cf0546f25c2ede0993e8645d7746315bd113da77ff2fb93	a3e37f9df37a0884191b1465c68c311ef6d52948f7a21affad460db1d89ab24f	redact	10
tr04-official-1/T15-G2-r1/s3-recovery-seed1/plc-stderr.log	0	e3b0c44298fc1c149afbf4c8996fb92427ae41e4649b934ca495991b7852b855	e3b0c44298fc1c149afbf4c8996fb92427ae41e4649b934ca495991b7852b855	none	0
tr04-official-1/T15-G2-r1/s3-recovery-seed1/processes.json	134	a359ee4aa54de89e8b8af12b57c7568e03924a7769f3cee1d8825d2cd30c000f	a359ee4aa54de89e8b8af12b57c7568e03924a7769f3cee1d8825d2cd30c000f	none	0
tr04-official-1/T15-G2-r1/s3-recovery-seed1/static.json	12189	4fff4f024a6a8e7ff8d6cac23a689480b4426dc042fe868452dd041be83b64c3	4fff4f024a6a8e7ff8d6cac23a689480b4426dc042fe868452dd041be83b64c3	none	0
tr04-official-1/T15-G2-r1/s3-recovery-seed1/vision-stderr.log	26	f6259e2742222db4cedc0f46e1f9d79c113803494192992ee22d2e0ff6d9cc6e	f6259e2742222db4cedc0f46e1f9d79c113803494192992ee22d2e0ff6d9cc6e	none	0
tr04-official-1/T15-G2-r1/static.json	326	94f422a0b2b654a241603f43efe00c771c1287efc94482841d523c15101d7bfd	800034c87395c72a8fcf56bd99e5f4e85b957ffe165d197d18481e8dee464ea7	redact	1
tr04-official-1/T15-G2-r1/verdict.json	1156	708c01d2691ea8874236abe81c6b75414cc6afc5becb99376e93fcae53f42fd8	708c01d2691ea8874236abe81c6b75414cc6afc5becb99376e93fcae53f42fd8	none	0
tr04-official-1/T15-G2-r2/force.json	2212	9e3ebb79124598e5046202e9230905c3b61b52d30abde579d0ed78c33a238fcb	8c4a0bcda087ca70454d4620ae0fef82c5108f24df499c79077f61d89e040db2	redact	1
tr04-official-1/T15-G2-r2/s3-curtain-seed1/io_verdict.json	442	0d6016793d1093d7cc3322114b100f8661cdb354b1029bf0169ef2df01d2bed5	0d6016793d1093d7cc3322114b100f8661cdb354b1029bf0169ef2df01d2bed5	none	0
tr04-official-1/T15-G2-r2/s3-curtain-seed1/metadata.json	5305	ad90c206f0cb85168922a459f89e4c7cad297f974ebcab16eaacb21d152e9bad	38bebadee4f365badffefc54cb64dd0b195cda31bac3435a1515df37ce18931b	redact	10
tr04-official-1/T15-G2-r2/s3-curtain-seed1/plc-stderr.log	0	e3b0c44298fc1c149afbf4c8996fb92427ae41e4649b934ca495991b7852b855	e3b0c44298fc1c149afbf4c8996fb92427ae41e4649b934ca495991b7852b855	none	0
tr04-official-1/T15-G2-r2/s3-curtain-seed1/processes.json	133	2d682689e80bda8c5620f25653426df526d1fbc1117dd5af83750c779d3b7848	2d682689e80bda8c5620f25653426df526d1fbc1117dd5af83750c779d3b7848	none	0
tr04-official-1/T15-G2-r2/s3-curtain-seed1/reference-10ms-differences.json	3	37517e5f3dc66819f61f5a7bb8ace1921282415f10551d2defa5c3eb0985b570	37517e5f3dc66819f61f5a7bb8ace1921282415f10551d2defa5c3eb0985b570	none	0
tr04-official-1/T15-G2-r2/s3-curtain-seed1/static.json	12189	4fff4f024a6a8e7ff8d6cac23a689480b4426dc042fe868452dd041be83b64c3	4fff4f024a6a8e7ff8d6cac23a689480b4426dc042fe868452dd041be83b64c3	none	0
tr04-official-1/T15-G2-r2/s3-curtain-seed1/summary.json	4067	b8bca83b7349d080afcd5c1d75386158ffabc559c1009548619e8811029595cf	c7287801849ba0212b0809ecc95911da18482e44ada9c4b082bf8939de8bae72	drop_tick_hashes	0
tr04-official-1/T15-G2-r2/s3-curtain-seed1/vision-stderr.log	26	f6259e2742222db4cedc0f46e1f9d79c113803494192992ee22d2e0ff6d9cc6e	f6259e2742222db4cedc0f46e1f9d79c113803494192992ee22d2e0ff6d9cc6e	none	0
tr04-official-1/T15-G2-r2/s3-normal-seed1/io_verdict.json	383	5764c90719e5a826eba5810eea1a7ffe0fd700369ade52d68ab4498083a4b600	5764c90719e5a826eba5810eea1a7ffe0fd700369ade52d68ab4498083a4b600	none	0
tr04-official-1/T15-G2-r2/s3-normal-seed1/metadata.json	5304	c9dcbb4a6e7d87e1510ef24de4847bbca683c99dce477fd874c89e742afcf13b	76efd9c58c201b1ba8c02b0117c45f7d8a5a109da41b0e431da1ef5a5a81e1c8	redact	10
tr04-official-1/T15-G2-r2/s3-normal-seed1/plc-stderr.log	0	e3b0c44298fc1c149afbf4c8996fb92427ae41e4649b934ca495991b7852b855	e3b0c44298fc1c149afbf4c8996fb92427ae41e4649b934ca495991b7852b855	none	0
tr04-official-1/T15-G2-r2/s3-normal-seed1/processes.json	133	2d682689e80bda8c5620f25653426df526d1fbc1117dd5af83750c779d3b7848	2d682689e80bda8c5620f25653426df526d1fbc1117dd5af83750c779d3b7848	none	0
tr04-official-1/T15-G2-r2/s3-normal-seed1/reference-10ms-differences.json	3	37517e5f3dc66819f61f5a7bb8ace1921282415f10551d2defa5c3eb0985b570	37517e5f3dc66819f61f5a7bb8ace1921282415f10551d2defa5c3eb0985b570	none	0
tr04-official-1/T15-G2-r2/s3-normal-seed1/static.json	12189	4fff4f024a6a8e7ff8d6cac23a689480b4426dc042fe868452dd041be83b64c3	4fff4f024a6a8e7ff8d6cac23a689480b4426dc042fe868452dd041be83b64c3	none	0
tr04-official-1/T15-G2-r2/s3-normal-seed1/summary.json	4186	bf867589b22e1ff18fa311cb8fdf05c5a6c163e24057bb906d3545d31f9ff7f4	759a24a91e59bd97aa0c7bc3a691acaded22b24f68a53e7e4b3e358835eb1cae	drop_tick_hashes	0
tr04-official-1/T15-G2-r2/s3-normal-seed1/vision-stderr.log	26	f6259e2742222db4cedc0f46e1f9d79c113803494192992ee22d2e0ff6d9cc6e	f6259e2742222db4cedc0f46e1f9d79c113803494192992ee22d2e0ff6d9cc6e	none	0
tr04-official-1/T15-G2-r2/s3-normal-seed2/io_verdict.json	383	83da5e3273ff972c39964988f706e20a4642491265ba03a1382068d67c4f5ff7	83da5e3273ff972c39964988f706e20a4642491265ba03a1382068d67c4f5ff7	none	0
tr04-official-1/T15-G2-r2/s3-normal-seed2/metadata.json	5304	ce626e64178caff48d591becebb45fc99a1fb05cf50a3c195c65fb82e0b4d43f	1610da59d48a85990221cb9984b8ebc0fc8560d2439f86c824ae2eb2069bbeba	redact	10
tr04-official-1/T15-G2-r2/s3-normal-seed2/plc-stderr.log	0	e3b0c44298fc1c149afbf4c8996fb92427ae41e4649b934ca495991b7852b855	e3b0c44298fc1c149afbf4c8996fb92427ae41e4649b934ca495991b7852b855	none	0
tr04-official-1/T15-G2-r2/s3-normal-seed2/processes.json	133	2d682689e80bda8c5620f25653426df526d1fbc1117dd5af83750c779d3b7848	2d682689e80bda8c5620f25653426df526d1fbc1117dd5af83750c779d3b7848	none	0
tr04-official-1/T15-G2-r2/s3-normal-seed2/reference-10ms-differences.json	3	37517e5f3dc66819f61f5a7bb8ace1921282415f10551d2defa5c3eb0985b570	37517e5f3dc66819f61f5a7bb8ace1921282415f10551d2defa5c3eb0985b570	none	0
tr04-official-1/T15-G2-r2/s3-normal-seed2/static.json	12189	4fff4f024a6a8e7ff8d6cac23a689480b4426dc042fe868452dd041be83b64c3	4fff4f024a6a8e7ff8d6cac23a689480b4426dc042fe868452dd041be83b64c3	none	0
tr04-official-1/T15-G2-r2/s3-normal-seed2/summary.json	4190	395bc784f934f7e3986495ad8f97b73312f191358414d4e2ea70693ffdc076c8	7b74aa66e6387dab1573c5c38885248100e0a5998596360e52bb8da6f809d6a0	drop_tick_hashes	0
tr04-official-1/T15-G2-r2/s3-normal-seed2/vision-stderr.log	26	f6259e2742222db4cedc0f46e1f9d79c113803494192992ee22d2e0ff6d9cc6e	f6259e2742222db4cedc0f46e1f9d79c113803494192992ee22d2e0ff6d9cc6e	none	0
tr04-official-1/T15-G2-r2/s3-normal-seed3/io_verdict.json	383	0007070d2e319ecd363bdfafce6d41c38238c32859c88c342266c82bfdf40462	0007070d2e319ecd363bdfafce6d41c38238c32859c88c342266c82bfdf40462	none	0
tr04-official-1/T15-G2-r2/s3-normal-seed3/metadata.json	5304	f07810bf4cf9dd4b37a75c4c4d7b9ada538fdf00749ba855898a174a2fba3c04	fd9aca832be408487b6a3bddc321d30dc5d440aeec916d43948d62438ebc7183	redact	10
tr04-official-1/T15-G2-r2/s3-normal-seed3/plc-stderr.log	0	e3b0c44298fc1c149afbf4c8996fb92427ae41e4649b934ca495991b7852b855	e3b0c44298fc1c149afbf4c8996fb92427ae41e4649b934ca495991b7852b855	none	0
tr04-official-1/T15-G2-r2/s3-normal-seed3/processes.json	133	2d682689e80bda8c5620f25653426df526d1fbc1117dd5af83750c779d3b7848	2d682689e80bda8c5620f25653426df526d1fbc1117dd5af83750c779d3b7848	none	0
tr04-official-1/T15-G2-r2/s3-normal-seed3/reference-10ms-differences.json	3	37517e5f3dc66819f61f5a7bb8ace1921282415f10551d2defa5c3eb0985b570	37517e5f3dc66819f61f5a7bb8ace1921282415f10551d2defa5c3eb0985b570	none	0
tr04-official-1/T15-G2-r2/s3-normal-seed3/static.json	12189	4fff4f024a6a8e7ff8d6cac23a689480b4426dc042fe868452dd041be83b64c3	4fff4f024a6a8e7ff8d6cac23a689480b4426dc042fe868452dd041be83b64c3	none	0
tr04-official-1/T15-G2-r2/s3-normal-seed3/summary.json	4191	f16e661221fede7ba442f0bbb319c3008d68bfc2c1b51e8215d2fc5ec3a160e8	fff207445d890f83e73b13e61c9f4ad54cfc59ecce19506e1a53a41f6bdb5e4f	drop_tick_hashes	0
tr04-official-1/T15-G2-r2/s3-normal-seed3/vision-stderr.log	26	f6259e2742222db4cedc0f46e1f9d79c113803494192992ee22d2e0ff6d9cc6e	f6259e2742222db4cedc0f46e1f9d79c113803494192992ee22d2e0ff6d9cc6e	none	0
tr04-official-1/T15-G2-r2/s3-recovery-retract-seed1/failure.json	75	0c6032cd07861e1f85d433c4777029e5b595339c22f506d8d7369fa926454217	0c6032cd07861e1f85d433c4777029e5b595339c22f506d8d7369fa926454217	none	0
tr04-official-1/T15-G2-r2/s3-recovery-retract-seed1/io_verdict.json	451	052be0d43fa3e754cebfb1cf553a1e9e0bdaf80eaaf9f7f5d4ace5924952ae26	052be0d43fa3e754cebfb1cf553a1e9e0bdaf80eaaf9f7f5d4ace5924952ae26	none	0
tr04-official-1/T15-G2-r2/s3-recovery-retract-seed1/metadata.json	5314	05257fe13a2fa66c981368300be15dd687712c66e04fe5c91ae4122bac838209	5da8af3bfefb6e0486fe68272a8dedd7f2f02307d1ae9672b338f8b90a8dd530	redact	10
tr04-official-1/T15-G2-r2/s3-recovery-retract-seed1/plc-stderr.log	0	e3b0c44298fc1c149afbf4c8996fb92427ae41e4649b934ca495991b7852b855	e3b0c44298fc1c149afbf4c8996fb92427ae41e4649b934ca495991b7852b855	none	0
tr04-official-1/T15-G2-r2/s3-recovery-retract-seed1/processes.json	134	a359ee4aa54de89e8b8af12b57c7568e03924a7769f3cee1d8825d2cd30c000f	a359ee4aa54de89e8b8af12b57c7568e03924a7769f3cee1d8825d2cd30c000f	none	0
tr04-official-1/T15-G2-r2/s3-recovery-retract-seed1/static.json	12189	4fff4f024a6a8e7ff8d6cac23a689480b4426dc042fe868452dd041be83b64c3	4fff4f024a6a8e7ff8d6cac23a689480b4426dc042fe868452dd041be83b64c3	none	0
tr04-official-1/T15-G2-r2/s3-recovery-retract-seed1/vision-stderr.log	26	f6259e2742222db4cedc0f46e1f9d79c113803494192992ee22d2e0ff6d9cc6e	f6259e2742222db4cedc0f46e1f9d79c113803494192992ee22d2e0ff6d9cc6e	none	0
tr04-official-1/T15-G2-r2/s3-recovery-seed1/failure.json	75	0c6032cd07861e1f85d433c4777029e5b595339c22f506d8d7369fa926454217	0c6032cd07861e1f85d433c4777029e5b595339c22f506d8d7369fa926454217	none	0
tr04-official-1/T15-G2-r2/s3-recovery-seed1/io_verdict.json	443	c3b2feb77af86b08121ea46e6d92b8dd2defd43618446f6270768933cdbfd57d	c3b2feb77af86b08121ea46e6d92b8dd2defd43618446f6270768933cdbfd57d	none	0
tr04-official-1/T15-G2-r2/s3-recovery-seed1/metadata.json	5306	6bbd1555a89fd45fb3fd044691da25e529a4d20a781bdfb96ab501114f0e97d6	fa7ef6f7dde1f3a08094359d90563f63c9b6cf3128f62c4d2b0c27fa7b954181	redact	10
tr04-official-1/T15-G2-r2/s3-recovery-seed1/plc-stderr.log	0	e3b0c44298fc1c149afbf4c8996fb92427ae41e4649b934ca495991b7852b855	e3b0c44298fc1c149afbf4c8996fb92427ae41e4649b934ca495991b7852b855	none	0
tr04-official-1/T15-G2-r2/s3-recovery-seed1/processes.json	134	a359ee4aa54de89e8b8af12b57c7568e03924a7769f3cee1d8825d2cd30c000f	a359ee4aa54de89e8b8af12b57c7568e03924a7769f3cee1d8825d2cd30c000f	none	0
tr04-official-1/T15-G2-r2/s3-recovery-seed1/static.json	12189	4fff4f024a6a8e7ff8d6cac23a689480b4426dc042fe868452dd041be83b64c3	4fff4f024a6a8e7ff8d6cac23a689480b4426dc042fe868452dd041be83b64c3	none	0
tr04-official-1/T15-G2-r2/s3-recovery-seed1/vision-stderr.log	26	f6259e2742222db4cedc0f46e1f9d79c113803494192992ee22d2e0ff6d9cc6e	f6259e2742222db4cedc0f46e1f9d79c113803494192992ee22d2e0ff6d9cc6e	none	0
tr04-official-1/T15-G2-r2/static.json	326	9a54d21548ed8413f1de484dca36781d92e605f899162514c4593c6a466c03cf	0e4736a798ecd52e1b563f12d35632a151338ce00fd85bb7b6cebda089c264c8	redact	1
tr04-official-1/T15-G2-r2/verdict.json	1156	3d2853a292542e23170c4239b2536d8d2b47ae722eaba7818121137003629593	3d2853a292542e23170c4239b2536d8d2b47ae722eaba7818121137003629593	none	0
tr04-official-1/T15-G2-r3/force.json	2212	e43bf12834fdff61721779c11eea151b5597709837bbc05875688a96edafb8c0	e9dc12b0250f92563328f2f1fa706dc90b69cfcb37a97b0c2d83fc215a32922b	redact	1
tr04-official-1/T15-G2-r3/s3-curtain-seed1/io_verdict.json	442	0d6016793d1093d7cc3322114b100f8661cdb354b1029bf0169ef2df01d2bed5	0d6016793d1093d7cc3322114b100f8661cdb354b1029bf0169ef2df01d2bed5	none	0
tr04-official-1/T15-G2-r3/s3-curtain-seed1/metadata.json	5305	f85d0b7087f99f57de1849934a1f5d733c4a9103ecc0557d9bde4afb979b1b85	7f2247976c526adc2aa11d90ff303139340e251ede25446e6567675310998fb6	redact	10
tr04-official-1/T15-G2-r3/s3-curtain-seed1/plc-stderr.log	0	e3b0c44298fc1c149afbf4c8996fb92427ae41e4649b934ca495991b7852b855	e3b0c44298fc1c149afbf4c8996fb92427ae41e4649b934ca495991b7852b855	none	0
tr04-official-1/T15-G2-r3/s3-curtain-seed1/processes.json	133	2d682689e80bda8c5620f25653426df526d1fbc1117dd5af83750c779d3b7848	2d682689e80bda8c5620f25653426df526d1fbc1117dd5af83750c779d3b7848	none	0
tr04-official-1/T15-G2-r3/s3-curtain-seed1/reference-10ms-differences.json	3	37517e5f3dc66819f61f5a7bb8ace1921282415f10551d2defa5c3eb0985b570	37517e5f3dc66819f61f5a7bb8ace1921282415f10551d2defa5c3eb0985b570	none	0
tr04-official-1/T15-G2-r3/s3-curtain-seed1/static.json	12189	4fff4f024a6a8e7ff8d6cac23a689480b4426dc042fe868452dd041be83b64c3	4fff4f024a6a8e7ff8d6cac23a689480b4426dc042fe868452dd041be83b64c3	none	0
tr04-official-1/T15-G2-r3/s3-curtain-seed1/summary.json	4067	2be2c7379ed493cf4104765fe8e9349b7f453d87625632af903f78be0f3027e0	20b199a627a8a6e12ae8dfd4b813c92d5630ad8323439e4ede2dd9bd704642aa	drop_tick_hashes	0
tr04-official-1/T15-G2-r3/s3-curtain-seed1/vision-stderr.log	26	f6259e2742222db4cedc0f46e1f9d79c113803494192992ee22d2e0ff6d9cc6e	f6259e2742222db4cedc0f46e1f9d79c113803494192992ee22d2e0ff6d9cc6e	none	0
tr04-official-1/T15-G2-r3/s3-normal-seed1/io_verdict.json	383	5764c90719e5a826eba5810eea1a7ffe0fd700369ade52d68ab4498083a4b600	5764c90719e5a826eba5810eea1a7ffe0fd700369ade52d68ab4498083a4b600	none	0
tr04-official-1/T15-G2-r3/s3-normal-seed1/metadata.json	5304	a54facab2ae76608331a8bd409506a10f2d6093efaea043778263d764acfce0d	593be2be03d549d61eeee395474d6816e1c1204bf120efcf029b5deda39f2a39	redact	10
tr04-official-1/T15-G2-r3/s3-normal-seed1/plc-stderr.log	0	e3b0c44298fc1c149afbf4c8996fb92427ae41e4649b934ca495991b7852b855	e3b0c44298fc1c149afbf4c8996fb92427ae41e4649b934ca495991b7852b855	none	0
tr04-official-1/T15-G2-r3/s3-normal-seed1/processes.json	133	2d682689e80bda8c5620f25653426df526d1fbc1117dd5af83750c779d3b7848	2d682689e80bda8c5620f25653426df526d1fbc1117dd5af83750c779d3b7848	none	0
tr04-official-1/T15-G2-r3/s3-normal-seed1/reference-10ms-differences.json	3	37517e5f3dc66819f61f5a7bb8ace1921282415f10551d2defa5c3eb0985b570	37517e5f3dc66819f61f5a7bb8ace1921282415f10551d2defa5c3eb0985b570	none	0
tr04-official-1/T15-G2-r3/s3-normal-seed1/static.json	12189	4fff4f024a6a8e7ff8d6cac23a689480b4426dc042fe868452dd041be83b64c3	4fff4f024a6a8e7ff8d6cac23a689480b4426dc042fe868452dd041be83b64c3	none	0
tr04-official-1/T15-G2-r3/s3-normal-seed1/summary.json	4186	ddea1eeec409af358c8573291ac83c5e71b72c7310fcbbed3f2f4d9277d40b22	a49f16a15da12d7779e61e2bff461a9288b7ea0cd5a54dc2456e26329d5f4f4d	drop_tick_hashes	0
tr04-official-1/T15-G2-r3/s3-normal-seed1/vision-stderr.log	26	f6259e2742222db4cedc0f46e1f9d79c113803494192992ee22d2e0ff6d9cc6e	f6259e2742222db4cedc0f46e1f9d79c113803494192992ee22d2e0ff6d9cc6e	none	0
tr04-official-1/T15-G2-r3/s3-normal-seed2/io_verdict.json	383	83da5e3273ff972c39964988f706e20a4642491265ba03a1382068d67c4f5ff7	83da5e3273ff972c39964988f706e20a4642491265ba03a1382068d67c4f5ff7	none	0
tr04-official-1/T15-G2-r3/s3-normal-seed2/metadata.json	5304	86b6257555c71495bc9f9ad9c35e47f7442afdb936563fd0e35b6d9859c97784	7067aae832273a444da6ab290248c00f5c84e60c6efc7426af3f5ac5dda09c72	redact	10
tr04-official-1/T15-G2-r3/s3-normal-seed2/plc-stderr.log	0	e3b0c44298fc1c149afbf4c8996fb92427ae41e4649b934ca495991b7852b855	e3b0c44298fc1c149afbf4c8996fb92427ae41e4649b934ca495991b7852b855	none	0
tr04-official-1/T15-G2-r3/s3-normal-seed2/processes.json	133	2d682689e80bda8c5620f25653426df526d1fbc1117dd5af83750c779d3b7848	2d682689e80bda8c5620f25653426df526d1fbc1117dd5af83750c779d3b7848	none	0
tr04-official-1/T15-G2-r3/s3-normal-seed2/reference-10ms-differences.json	3	37517e5f3dc66819f61f5a7bb8ace1921282415f10551d2defa5c3eb0985b570	37517e5f3dc66819f61f5a7bb8ace1921282415f10551d2defa5c3eb0985b570	none	0
tr04-official-1/T15-G2-r3/s3-normal-seed2/static.json	12189	4fff4f024a6a8e7ff8d6cac23a689480b4426dc042fe868452dd041be83b64c3	4fff4f024a6a8e7ff8d6cac23a689480b4426dc042fe868452dd041be83b64c3	none	0
tr04-official-1/T15-G2-r3/s3-normal-seed2/summary.json	4190	839c1a7cd462bc7b81b97e1c5c270a1e96ec4116fb3ff4049f6b40c6f243fee8	8bf589fe7feded73ce11d90068b040d7de720d6ca4f77eadc3518229f4194951	drop_tick_hashes	0
tr04-official-1/T15-G2-r3/s3-normal-seed2/vision-stderr.log	26	f6259e2742222db4cedc0f46e1f9d79c113803494192992ee22d2e0ff6d9cc6e	f6259e2742222db4cedc0f46e1f9d79c113803494192992ee22d2e0ff6d9cc6e	none	0
tr04-official-1/T15-G2-r3/s3-normal-seed3/io_verdict.json	383	0007070d2e319ecd363bdfafce6d41c38238c32859c88c342266c82bfdf40462	0007070d2e319ecd363bdfafce6d41c38238c32859c88c342266c82bfdf40462	none	0
tr04-official-1/T15-G2-r3/s3-normal-seed3/metadata.json	5304	17e78d9550845d2bef9a1c813c1cceca8df92c9718bd17fa6fcaa9e6e3bf4cf9	4a76737cd3008d937e23ed2a99612763330f6d66f7cf48070181c34ea60f2826	redact	10
tr04-official-1/T15-G2-r3/s3-normal-seed3/plc-stderr.log	0	e3b0c44298fc1c149afbf4c8996fb92427ae41e4649b934ca495991b7852b855	e3b0c44298fc1c149afbf4c8996fb92427ae41e4649b934ca495991b7852b855	none	0
tr04-official-1/T15-G2-r3/s3-normal-seed3/processes.json	133	2d682689e80bda8c5620f25653426df526d1fbc1117dd5af83750c779d3b7848	2d682689e80bda8c5620f25653426df526d1fbc1117dd5af83750c779d3b7848	none	0
tr04-official-1/T15-G2-r3/s3-normal-seed3/reference-10ms-differences.json	3	37517e5f3dc66819f61f5a7bb8ace1921282415f10551d2defa5c3eb0985b570	37517e5f3dc66819f61f5a7bb8ace1921282415f10551d2defa5c3eb0985b570	none	0
tr04-official-1/T15-G2-r3/s3-normal-seed3/static.json	12189	4fff4f024a6a8e7ff8d6cac23a689480b4426dc042fe868452dd041be83b64c3	4fff4f024a6a8e7ff8d6cac23a689480b4426dc042fe868452dd041be83b64c3	none	0
tr04-official-1/T15-G2-r3/s3-normal-seed3/summary.json	4191	4acde069ff77b6bd29900edeaa8b9ce445eb4f27b0283d47e3cdcdd767849ced	c8040a63e4b2999341b384fdb5a028e1739bd943580ec71aaf0de76b7b2c7ceb	drop_tick_hashes	0
tr04-official-1/T15-G2-r3/s3-normal-seed3/vision-stderr.log	26	f6259e2742222db4cedc0f46e1f9d79c113803494192992ee22d2e0ff6d9cc6e	f6259e2742222db4cedc0f46e1f9d79c113803494192992ee22d2e0ff6d9cc6e	none	0
tr04-official-1/T15-G2-r3/s3-recovery-retract-seed1/failure.json	75	0c6032cd07861e1f85d433c4777029e5b595339c22f506d8d7369fa926454217	0c6032cd07861e1f85d433c4777029e5b595339c22f506d8d7369fa926454217	none	0
tr04-official-1/T15-G2-r3/s3-recovery-retract-seed1/io_verdict.json	451	052be0d43fa3e754cebfb1cf553a1e9e0bdaf80eaaf9f7f5d4ace5924952ae26	052be0d43fa3e754cebfb1cf553a1e9e0bdaf80eaaf9f7f5d4ace5924952ae26	none	0
tr04-official-1/T15-G2-r3/s3-recovery-retract-seed1/metadata.json	5314	10728b28482891004e2a3561ae2aed3c90feca99347621591ad9e57e07d92391	d404b16587588d4b0c5da50bf455901cdc2ed0f10da71e4af2b9a62c901b9bd1	redact	10
tr04-official-1/T15-G2-r3/s3-recovery-retract-seed1/plc-stderr.log	0	e3b0c44298fc1c149afbf4c8996fb92427ae41e4649b934ca495991b7852b855	e3b0c44298fc1c149afbf4c8996fb92427ae41e4649b934ca495991b7852b855	none	0
tr04-official-1/T15-G2-r3/s3-recovery-retract-seed1/processes.json	134	a359ee4aa54de89e8b8af12b57c7568e03924a7769f3cee1d8825d2cd30c000f	a359ee4aa54de89e8b8af12b57c7568e03924a7769f3cee1d8825d2cd30c000f	none	0
tr04-official-1/T15-G2-r3/s3-recovery-retract-seed1/static.json	12189	4fff4f024a6a8e7ff8d6cac23a689480b4426dc042fe868452dd041be83b64c3	4fff4f024a6a8e7ff8d6cac23a689480b4426dc042fe868452dd041be83b64c3	none	0
tr04-official-1/T15-G2-r3/s3-recovery-retract-seed1/vision-stderr.log	26	f6259e2742222db4cedc0f46e1f9d79c113803494192992ee22d2e0ff6d9cc6e	f6259e2742222db4cedc0f46e1f9d79c113803494192992ee22d2e0ff6d9cc6e	none	0
tr04-official-1/T15-G2-r3/s3-recovery-seed1/failure.json	75	0c6032cd07861e1f85d433c4777029e5b595339c22f506d8d7369fa926454217	0c6032cd07861e1f85d433c4777029e5b595339c22f506d8d7369fa926454217	none	0
tr04-official-1/T15-G2-r3/s3-recovery-seed1/io_verdict.json	443	c3b2feb77af86b08121ea46e6d92b8dd2defd43618446f6270768933cdbfd57d	c3b2feb77af86b08121ea46e6d92b8dd2defd43618446f6270768933cdbfd57d	none	0
tr04-official-1/T15-G2-r3/s3-recovery-seed1/metadata.json	5306	d9d794fc9e84579365aeb34bb6a30d3ddffb4c6758fa5db09c63521be5bc15dd	8fb4ae44a3c2fa697f945329551083eddd922eb876e8a5c9440928c9a174d34a	redact	10
tr04-official-1/T15-G2-r3/s3-recovery-seed1/plc-stderr.log	0	e3b0c44298fc1c149afbf4c8996fb92427ae41e4649b934ca495991b7852b855	e3b0c44298fc1c149afbf4c8996fb92427ae41e4649b934ca495991b7852b855	none	0
tr04-official-1/T15-G2-r3/s3-recovery-seed1/processes.json	134	a359ee4aa54de89e8b8af12b57c7568e03924a7769f3cee1d8825d2cd30c000f	a359ee4aa54de89e8b8af12b57c7568e03924a7769f3cee1d8825d2cd30c000f	none	0
tr04-official-1/T15-G2-r3/s3-recovery-seed1/static.json	12189	4fff4f024a6a8e7ff8d6cac23a689480b4426dc042fe868452dd041be83b64c3	4fff4f024a6a8e7ff8d6cac23a689480b4426dc042fe868452dd041be83b64c3	none	0
tr04-official-1/T15-G2-r3/s3-recovery-seed1/vision-stderr.log	26	f6259e2742222db4cedc0f46e1f9d79c113803494192992ee22d2e0ff6d9cc6e	f6259e2742222db4cedc0f46e1f9d79c113803494192992ee22d2e0ff6d9cc6e	none	0
tr04-official-1/T15-G2-r3/static.json	326	ddc51ced53d08777f9ac07b07f68dc0d77f5a8888f20f629713c444eddf09634	ffe5cd865568b163cd47b25b7e24ba5ba71a12ba0735577b16b2e126fa83e274	redact	1
tr04-official-1/T15-G2-r3/verdict.json	1156	fa87637610b7c50246cbc4c7b042c27809f92549144c2747ad0acca3048c5fc8	fa87637610b7c50246cbc4c7b042c27809f92549144c2747ad0acca3048c5fc8	none	0
tr04-official-1/T15-G3-r1/verdict.json	142	6c7af8e952372193cbcfad719d4356f73676f6e9427546e3196f10933a4eb5e0	6c7af8e952372193cbcfad719d4356f73676f6e9427546e3196f10933a4eb5e0	none	0
tr04-official-1/T16-G1-r1/force.json	2212	daf92d60cd30eaa4103f63c7f5fdc1fae9b4ee86f39ac3ad0861014e828c91e0	92662027527ede58b0eaf77048b45ac1d290a8e2b3b3a734f88e19a68fee32b0	redact	1
tr04-official-1/T16-G1-r1/s3-curtain-seed1/io_verdict.json	442	0d6016793d1093d7cc3322114b100f8661cdb354b1029bf0169ef2df01d2bed5	0d6016793d1093d7cc3322114b100f8661cdb354b1029bf0169ef2df01d2bed5	none	0
tr04-official-1/T16-G1-r1/s3-curtain-seed1/metadata.json	5305	8d4d3cc7049c5af583ecb7de5a63992f88126470f75a07e902c0591356bbac13	1bd1a0571e874ecad8b8db22d2b529449b856d4507340c09e8a83f957da3b43f	redact	10
tr04-official-1/T16-G1-r1/s3-curtain-seed1/plc-stderr.log	0	e3b0c44298fc1c149afbf4c8996fb92427ae41e4649b934ca495991b7852b855	e3b0c44298fc1c149afbf4c8996fb92427ae41e4649b934ca495991b7852b855	none	0
tr04-official-1/T16-G1-r1/s3-curtain-seed1/processes.json	133	2d682689e80bda8c5620f25653426df526d1fbc1117dd5af83750c779d3b7848	2d682689e80bda8c5620f25653426df526d1fbc1117dd5af83750c779d3b7848	none	0
tr04-official-1/T16-G1-r1/s3-curtain-seed1/reference-10ms-differences.json	3	37517e5f3dc66819f61f5a7bb8ace1921282415f10551d2defa5c3eb0985b570	37517e5f3dc66819f61f5a7bb8ace1921282415f10551d2defa5c3eb0985b570	none	0
tr04-official-1/T16-G1-r1/s3-curtain-seed1/static.json	12189	4fff4f024a6a8e7ff8d6cac23a689480b4426dc042fe868452dd041be83b64c3	4fff4f024a6a8e7ff8d6cac23a689480b4426dc042fe868452dd041be83b64c3	none	0
tr04-official-1/T16-G1-r1/s3-curtain-seed1/summary.json	4067	915c579d83400dee1ce2a7cfdfec42fe1b443c49dc9adc8246c4682062091925	0590dadf85e909e83da8fe0147da24ad2c9dbfeae189b0b8416c70aafd7cd78c	drop_tick_hashes	0
tr04-official-1/T16-G1-r1/s3-curtain-seed1/vision-stderr.log	26	f6259e2742222db4cedc0f46e1f9d79c113803494192992ee22d2e0ff6d9cc6e	f6259e2742222db4cedc0f46e1f9d79c113803494192992ee22d2e0ff6d9cc6e	none	0
tr04-official-1/T16-G1-r1/s3-normal-seed1/io_verdict.json	383	5764c90719e5a826eba5810eea1a7ffe0fd700369ade52d68ab4498083a4b600	5764c90719e5a826eba5810eea1a7ffe0fd700369ade52d68ab4498083a4b600	none	0
tr04-official-1/T16-G1-r1/s3-normal-seed1/metadata.json	5304	8f873cceafaf6b2248e189b37059497c309ad3f9f2c592367e002f1bacf2d163	6cc468fbcac3cc6d20974b3a29e06309b96437d753cbbfa9cd7be84d0000ec0a	redact	10
tr04-official-1/T16-G1-r1/s3-normal-seed1/plc-stderr.log	0	e3b0c44298fc1c149afbf4c8996fb92427ae41e4649b934ca495991b7852b855	e3b0c44298fc1c149afbf4c8996fb92427ae41e4649b934ca495991b7852b855	none	0
tr04-official-1/T16-G1-r1/s3-normal-seed1/processes.json	133	2d682689e80bda8c5620f25653426df526d1fbc1117dd5af83750c779d3b7848	2d682689e80bda8c5620f25653426df526d1fbc1117dd5af83750c779d3b7848	none	0
tr04-official-1/T16-G1-r1/s3-normal-seed1/reference-10ms-differences.json	3	37517e5f3dc66819f61f5a7bb8ace1921282415f10551d2defa5c3eb0985b570	37517e5f3dc66819f61f5a7bb8ace1921282415f10551d2defa5c3eb0985b570	none	0
tr04-official-1/T16-G1-r1/s3-normal-seed1/static.json	12189	4fff4f024a6a8e7ff8d6cac23a689480b4426dc042fe868452dd041be83b64c3	4fff4f024a6a8e7ff8d6cac23a689480b4426dc042fe868452dd041be83b64c3	none	0
tr04-official-1/T16-G1-r1/s3-normal-seed1/summary.json	4186	1035455c246664c38730e86e2822a4fb696871c993e79632e56fbee0d35439e7	4e749b613f546d203cc50da33acba9abd9aa49c7d098ea358ab3c883d7d4c2c7	drop_tick_hashes	0
tr04-official-1/T16-G1-r1/s3-normal-seed1/vision-stderr.log	26	f6259e2742222db4cedc0f46e1f9d79c113803494192992ee22d2e0ff6d9cc6e	f6259e2742222db4cedc0f46e1f9d79c113803494192992ee22d2e0ff6d9cc6e	none	0
tr04-official-1/T16-G1-r1/s3-normal-seed2/io_verdict.json	383	83da5e3273ff972c39964988f706e20a4642491265ba03a1382068d67c4f5ff7	83da5e3273ff972c39964988f706e20a4642491265ba03a1382068d67c4f5ff7	none	0
tr04-official-1/T16-G1-r1/s3-normal-seed2/metadata.json	5304	77ca7dcabe2592094293cf209c85712be977d8c402466194f97ee31c84c4fc3d	3109471622d824df73653a8080dcf95be5a18cdecd7b00945df50d2f8b3033e9	redact	10
tr04-official-1/T16-G1-r1/s3-normal-seed2/plc-stderr.log	0	e3b0c44298fc1c149afbf4c8996fb92427ae41e4649b934ca495991b7852b855	e3b0c44298fc1c149afbf4c8996fb92427ae41e4649b934ca495991b7852b855	none	0
tr04-official-1/T16-G1-r1/s3-normal-seed2/processes.json	133	2d682689e80bda8c5620f25653426df526d1fbc1117dd5af83750c779d3b7848	2d682689e80bda8c5620f25653426df526d1fbc1117dd5af83750c779d3b7848	none	0
tr04-official-1/T16-G1-r1/s3-normal-seed2/reference-10ms-differences.json	3	37517e5f3dc66819f61f5a7bb8ace1921282415f10551d2defa5c3eb0985b570	37517e5f3dc66819f61f5a7bb8ace1921282415f10551d2defa5c3eb0985b570	none	0
tr04-official-1/T16-G1-r1/s3-normal-seed2/static.json	12189	4fff4f024a6a8e7ff8d6cac23a689480b4426dc042fe868452dd041be83b64c3	4fff4f024a6a8e7ff8d6cac23a689480b4426dc042fe868452dd041be83b64c3	none	0
tr04-official-1/T16-G1-r1/s3-normal-seed2/summary.json	4190	d1ba258f044b629bd9d2df0c86165c7215fef8d2acb4825ec96a418d9a0259a9	093da4a40e6de206ce103eb3051e088605dac00db900a242f1fdcb6f011a3b60	drop_tick_hashes	0
tr04-official-1/T16-G1-r1/s3-normal-seed2/vision-stderr.log	26	f6259e2742222db4cedc0f46e1f9d79c113803494192992ee22d2e0ff6d9cc6e	f6259e2742222db4cedc0f46e1f9d79c113803494192992ee22d2e0ff6d9cc6e	none	0
tr04-official-1/T16-G1-r1/s3-normal-seed3/io_verdict.json	383	0007070d2e319ecd363bdfafce6d41c38238c32859c88c342266c82bfdf40462	0007070d2e319ecd363bdfafce6d41c38238c32859c88c342266c82bfdf40462	none	0
tr04-official-1/T16-G1-r1/s3-normal-seed3/metadata.json	5304	9dd1c83fad85f1ddc3eb6b0b76f3f65a21237f7cbb211f95ad30bb387f145d35	5d30a0fa057ba08d4d9ccacb6c324e574a8483293e97bf6df8bfabf5f6b470c1	redact	10
tr04-official-1/T16-G1-r1/s3-normal-seed3/plc-stderr.log	0	e3b0c44298fc1c149afbf4c8996fb92427ae41e4649b934ca495991b7852b855	e3b0c44298fc1c149afbf4c8996fb92427ae41e4649b934ca495991b7852b855	none	0
tr04-official-1/T16-G1-r1/s3-normal-seed3/processes.json	133	2d682689e80bda8c5620f25653426df526d1fbc1117dd5af83750c779d3b7848	2d682689e80bda8c5620f25653426df526d1fbc1117dd5af83750c779d3b7848	none	0
tr04-official-1/T16-G1-r1/s3-normal-seed3/reference-10ms-differences.json	3	37517e5f3dc66819f61f5a7bb8ace1921282415f10551d2defa5c3eb0985b570	37517e5f3dc66819f61f5a7bb8ace1921282415f10551d2defa5c3eb0985b570	none	0
tr04-official-1/T16-G1-r1/s3-normal-seed3/static.json	12189	4fff4f024a6a8e7ff8d6cac23a689480b4426dc042fe868452dd041be83b64c3	4fff4f024a6a8e7ff8d6cac23a689480b4426dc042fe868452dd041be83b64c3	none	0
tr04-official-1/T16-G1-r1/s3-normal-seed3/summary.json	4191	3317e372c7b8570625d81e9a1ffd0d2392bb912c52be4acaf81d73c23586b2e1	458c066a31bfcc654769ea98bd7dec59374c627e3b0cfab3d8fa039f9b5e7c56	drop_tick_hashes	0
tr04-official-1/T16-G1-r1/s3-normal-seed3/vision-stderr.log	26	f6259e2742222db4cedc0f46e1f9d79c113803494192992ee22d2e0ff6d9cc6e	f6259e2742222db4cedc0f46e1f9d79c113803494192992ee22d2e0ff6d9cc6e	none	0
tr04-official-1/T16-G1-r1/s3-recovery-retract-seed1/failure.json	75	0c6032cd07861e1f85d433c4777029e5b595339c22f506d8d7369fa926454217	0c6032cd07861e1f85d433c4777029e5b595339c22f506d8d7369fa926454217	none	0
tr04-official-1/T16-G1-r1/s3-recovery-retract-seed1/io_verdict.json	451	052be0d43fa3e754cebfb1cf553a1e9e0bdaf80eaaf9f7f5d4ace5924952ae26	052be0d43fa3e754cebfb1cf553a1e9e0bdaf80eaaf9f7f5d4ace5924952ae26	none	0
tr04-official-1/T16-G1-r1/s3-recovery-retract-seed1/metadata.json	5314	97108216fb5414d78022942b84c7ba81d479f0e9e81f34b8f901a59690acb9cf	73bf4109267ab1846a87771de29ed72038954e9917e3fa2196a591da1383f08a	redact	10
tr04-official-1/T16-G1-r1/s3-recovery-retract-seed1/plc-stderr.log	0	e3b0c44298fc1c149afbf4c8996fb92427ae41e4649b934ca495991b7852b855	e3b0c44298fc1c149afbf4c8996fb92427ae41e4649b934ca495991b7852b855	none	0
tr04-official-1/T16-G1-r1/s3-recovery-retract-seed1/processes.json	134	a359ee4aa54de89e8b8af12b57c7568e03924a7769f3cee1d8825d2cd30c000f	a359ee4aa54de89e8b8af12b57c7568e03924a7769f3cee1d8825d2cd30c000f	none	0
tr04-official-1/T16-G1-r1/s3-recovery-retract-seed1/static.json	12189	4fff4f024a6a8e7ff8d6cac23a689480b4426dc042fe868452dd041be83b64c3	4fff4f024a6a8e7ff8d6cac23a689480b4426dc042fe868452dd041be83b64c3	none	0
tr04-official-1/T16-G1-r1/s3-recovery-retract-seed1/vision-stderr.log	26	f6259e2742222db4cedc0f46e1f9d79c113803494192992ee22d2e0ff6d9cc6e	f6259e2742222db4cedc0f46e1f9d79c113803494192992ee22d2e0ff6d9cc6e	none	0
tr04-official-1/T16-G1-r1/s3-recovery-seed1/failure.json	75	0c6032cd07861e1f85d433c4777029e5b595339c22f506d8d7369fa926454217	0c6032cd07861e1f85d433c4777029e5b595339c22f506d8d7369fa926454217	none	0
tr04-official-1/T16-G1-r1/s3-recovery-seed1/io_verdict.json	443	c3b2feb77af86b08121ea46e6d92b8dd2defd43618446f6270768933cdbfd57d	c3b2feb77af86b08121ea46e6d92b8dd2defd43618446f6270768933cdbfd57d	none	0
tr04-official-1/T16-G1-r1/s3-recovery-seed1/metadata.json	5306	a1d27025bbc675af419e7f07757bf84d2fa66d93af50e4cef6f223f802bc4ca6	8976ecceec392767f77fa8824575f79b1a24a4a531c4bf7e2ca93db90a61e858	redact	10
tr04-official-1/T16-G1-r1/s3-recovery-seed1/plc-stderr.log	0	e3b0c44298fc1c149afbf4c8996fb92427ae41e4649b934ca495991b7852b855	e3b0c44298fc1c149afbf4c8996fb92427ae41e4649b934ca495991b7852b855	none	0
tr04-official-1/T16-G1-r1/s3-recovery-seed1/processes.json	134	a359ee4aa54de89e8b8af12b57c7568e03924a7769f3cee1d8825d2cd30c000f	a359ee4aa54de89e8b8af12b57c7568e03924a7769f3cee1d8825d2cd30c000f	none	0
tr04-official-1/T16-G1-r1/s3-recovery-seed1/static.json	12189	4fff4f024a6a8e7ff8d6cac23a689480b4426dc042fe868452dd041be83b64c3	4fff4f024a6a8e7ff8d6cac23a689480b4426dc042fe868452dd041be83b64c3	none	0
tr04-official-1/T16-G1-r1/s3-recovery-seed1/vision-stderr.log	26	f6259e2742222db4cedc0f46e1f9d79c113803494192992ee22d2e0ff6d9cc6e	f6259e2742222db4cedc0f46e1f9d79c113803494192992ee22d2e0ff6d9cc6e	none	0
tr04-official-1/T16-G1-r1/static.json	326	78e70fdef5f83851caa65d130a4ed97e0826f1fd9624e87c60e9fb1b7cd1d61d	6bd1d2d38a756573a62a8a322e275a703366bf724652efcd7d2f671557502c0a	redact	1
tr04-official-1/T16-G1-r1/verdict.json	1156	89a35ba5872bb3916db041a24728d1c9b9d42c5ad31fd70f86d669c3aa2e03c1	89a35ba5872bb3916db041a24728d1c9b9d42c5ad31fd70f86d669c3aa2e03c1	none	0
tr04-official-1/T16-G1-r2/force.json	2212	7d816dc615967f5419cc744434d21f0c25fd6bb050dce1476d8f7694f207a73a	9fdb4d413082407747a61fb6d00c24f66a531d23e737d1548203d52bc982df24	redact	1
tr04-official-1/T16-G1-r2/s3-curtain-seed1/io_verdict.json	442	0d6016793d1093d7cc3322114b100f8661cdb354b1029bf0169ef2df01d2bed5	0d6016793d1093d7cc3322114b100f8661cdb354b1029bf0169ef2df01d2bed5	none	0
tr04-official-1/T16-G1-r2/s3-curtain-seed1/metadata.json	5305	c0b19f39de6e8ef4e91b84f8718aec69e19ab6fbc49d0081ae063b66a2daaad9	8a5612b5db87904e6fb431cf09a09904c7b532b6f7909b044492b9489a86164f	redact	10
tr04-official-1/T16-G1-r2/s3-curtain-seed1/plc-stderr.log	0	e3b0c44298fc1c149afbf4c8996fb92427ae41e4649b934ca495991b7852b855	e3b0c44298fc1c149afbf4c8996fb92427ae41e4649b934ca495991b7852b855	none	0
tr04-official-1/T16-G1-r2/s3-curtain-seed1/processes.json	133	2d682689e80bda8c5620f25653426df526d1fbc1117dd5af83750c779d3b7848	2d682689e80bda8c5620f25653426df526d1fbc1117dd5af83750c779d3b7848	none	0
tr04-official-1/T16-G1-r2/s3-curtain-seed1/reference-10ms-differences.json	3	37517e5f3dc66819f61f5a7bb8ace1921282415f10551d2defa5c3eb0985b570	37517e5f3dc66819f61f5a7bb8ace1921282415f10551d2defa5c3eb0985b570	none	0
tr04-official-1/T16-G1-r2/s3-curtain-seed1/static.json	12189	4fff4f024a6a8e7ff8d6cac23a689480b4426dc042fe868452dd041be83b64c3	4fff4f024a6a8e7ff8d6cac23a689480b4426dc042fe868452dd041be83b64c3	none	0
tr04-official-1/T16-G1-r2/s3-curtain-seed1/summary.json	4067	bad9b39ed9a3e33907a3b430bcd312771c3c60f688a67076829ae8937a6b95ac	9c01f456ba3d1e83c65597d815aa2dee596cf173a2ff8cb888c736a6405cd5e9	drop_tick_hashes	0
tr04-official-1/T16-G1-r2/s3-curtain-seed1/vision-stderr.log	26	f6259e2742222db4cedc0f46e1f9d79c113803494192992ee22d2e0ff6d9cc6e	f6259e2742222db4cedc0f46e1f9d79c113803494192992ee22d2e0ff6d9cc6e	none	0
tr04-official-1/T16-G1-r2/s3-normal-seed1/io_verdict.json	383	5764c90719e5a826eba5810eea1a7ffe0fd700369ade52d68ab4498083a4b600	5764c90719e5a826eba5810eea1a7ffe0fd700369ade52d68ab4498083a4b600	none	0
tr04-official-1/T16-G1-r2/s3-normal-seed1/metadata.json	5304	ba35a0baa1e6afe55cba1edde437c69eac1b49026cd9b4fe9aafa09031f46043	0603316702b3215b0a05757979d8c164082f391fed1e26a54e918527e7e85223	redact	10
tr04-official-1/T16-G1-r2/s3-normal-seed1/plc-stderr.log	0	e3b0c44298fc1c149afbf4c8996fb92427ae41e4649b934ca495991b7852b855	e3b0c44298fc1c149afbf4c8996fb92427ae41e4649b934ca495991b7852b855	none	0
tr04-official-1/T16-G1-r2/s3-normal-seed1/processes.json	133	2d682689e80bda8c5620f25653426df526d1fbc1117dd5af83750c779d3b7848	2d682689e80bda8c5620f25653426df526d1fbc1117dd5af83750c779d3b7848	none	0
tr04-official-1/T16-G1-r2/s3-normal-seed1/reference-10ms-differences.json	3	37517e5f3dc66819f61f5a7bb8ace1921282415f10551d2defa5c3eb0985b570	37517e5f3dc66819f61f5a7bb8ace1921282415f10551d2defa5c3eb0985b570	none	0
tr04-official-1/T16-G1-r2/s3-normal-seed1/static.json	12189	4fff4f024a6a8e7ff8d6cac23a689480b4426dc042fe868452dd041be83b64c3	4fff4f024a6a8e7ff8d6cac23a689480b4426dc042fe868452dd041be83b64c3	none	0
tr04-official-1/T16-G1-r2/s3-normal-seed1/summary.json	4186	669fb1d14ce2b434bd0e408db342782494486a9a22e46943c1a56750724be5e6	5dd4d93480c90299f1a04c1fe8b368994d12ea5802049e1a2c13edb41334a410	drop_tick_hashes	0
tr04-official-1/T16-G1-r2/s3-normal-seed1/vision-stderr.log	26	f6259e2742222db4cedc0f46e1f9d79c113803494192992ee22d2e0ff6d9cc6e	f6259e2742222db4cedc0f46e1f9d79c113803494192992ee22d2e0ff6d9cc6e	none	0
tr04-official-1/T16-G1-r2/s3-normal-seed2/io_verdict.json	383	83da5e3273ff972c39964988f706e20a4642491265ba03a1382068d67c4f5ff7	83da5e3273ff972c39964988f706e20a4642491265ba03a1382068d67c4f5ff7	none	0
tr04-official-1/T16-G1-r2/s3-normal-seed2/metadata.json	5304	97905edc5c053f02c2a643f31a8c3fc36356c67295ba509d6ba991575d132b98	65da9f001c1a09e57cde1554e1d87aebb425c0b95dbcbaba1fe1aaa6f5a3180c	redact	10
tr04-official-1/T16-G1-r2/s3-normal-seed2/plc-stderr.log	0	e3b0c44298fc1c149afbf4c8996fb92427ae41e4649b934ca495991b7852b855	e3b0c44298fc1c149afbf4c8996fb92427ae41e4649b934ca495991b7852b855	none	0
tr04-official-1/T16-G1-r2/s3-normal-seed2/processes.json	133	2d682689e80bda8c5620f25653426df526d1fbc1117dd5af83750c779d3b7848	2d682689e80bda8c5620f25653426df526d1fbc1117dd5af83750c779d3b7848	none	0
tr04-official-1/T16-G1-r2/s3-normal-seed2/reference-10ms-differences.json	3	37517e5f3dc66819f61f5a7bb8ace1921282415f10551d2defa5c3eb0985b570	37517e5f3dc66819f61f5a7bb8ace1921282415f10551d2defa5c3eb0985b570	none	0
tr04-official-1/T16-G1-r2/s3-normal-seed2/static.json	12189	4fff4f024a6a8e7ff8d6cac23a689480b4426dc042fe868452dd041be83b64c3	4fff4f024a6a8e7ff8d6cac23a689480b4426dc042fe868452dd041be83b64c3	none	0
tr04-official-1/T16-G1-r2/s3-normal-seed2/summary.json	4190	9b3a4a0dce0bd503029adc7e8daa13e47b051dc77537dce0d6bd90a6b3e55699	18d12bb9a27b3eda1fde1de79243495253e98f4b611480b3e666bf4727a0724e	drop_tick_hashes	0
tr04-official-1/T16-G1-r2/s3-normal-seed2/vision-stderr.log	26	f6259e2742222db4cedc0f46e1f9d79c113803494192992ee22d2e0ff6d9cc6e	f6259e2742222db4cedc0f46e1f9d79c113803494192992ee22d2e0ff6d9cc6e	none	0
tr04-official-1/T16-G1-r2/s3-normal-seed3/io_verdict.json	383	0007070d2e319ecd363bdfafce6d41c38238c32859c88c342266c82bfdf40462	0007070d2e319ecd363bdfafce6d41c38238c32859c88c342266c82bfdf40462	none	0
tr04-official-1/T16-G1-r2/s3-normal-seed3/metadata.json	5304	7c09be0431e489e6a2d63521938e8ca95a104318a95328b417e7841b4767eee0	39a2a02c91f1bc648732cd0e10cdc2abfc67aa49bfc11d02da735e4d40d12571	redact	10
tr04-official-1/T16-G1-r2/s3-normal-seed3/plc-stderr.log	0	e3b0c44298fc1c149afbf4c8996fb92427ae41e4649b934ca495991b7852b855	e3b0c44298fc1c149afbf4c8996fb92427ae41e4649b934ca495991b7852b855	none	0
tr04-official-1/T16-G1-r2/s3-normal-seed3/processes.json	133	2d682689e80bda8c5620f25653426df526d1fbc1117dd5af83750c779d3b7848	2d682689e80bda8c5620f25653426df526d1fbc1117dd5af83750c779d3b7848	none	0
tr04-official-1/T16-G1-r2/s3-normal-seed3/reference-10ms-differences.json	3	37517e5f3dc66819f61f5a7bb8ace1921282415f10551d2defa5c3eb0985b570	37517e5f3dc66819f61f5a7bb8ace1921282415f10551d2defa5c3eb0985b570	none	0
tr04-official-1/T16-G1-r2/s3-normal-seed3/static.json	12189	4fff4f024a6a8e7ff8d6cac23a689480b4426dc042fe868452dd041be83b64c3	4fff4f024a6a8e7ff8d6cac23a689480b4426dc042fe868452dd041be83b64c3	none	0
tr04-official-1/T16-G1-r2/s3-normal-seed3/summary.json	4191	e00d0b05ff037df7ece46dc127d0e3c52563d765b7e2a47ea5b33673d72646e1	16d403f2d68533a048c8840b25e621cacb3e207ed28e2d989f402fc3f06517c9	drop_tick_hashes	0
tr04-official-1/T16-G1-r2/s3-normal-seed3/vision-stderr.log	26	f6259e2742222db4cedc0f46e1f9d79c113803494192992ee22d2e0ff6d9cc6e	f6259e2742222db4cedc0f46e1f9d79c113803494192992ee22d2e0ff6d9cc6e	none	0
tr04-official-1/T16-G1-r2/s3-recovery-retract-seed1/failure.json	75	0c6032cd07861e1f85d433c4777029e5b595339c22f506d8d7369fa926454217	0c6032cd07861e1f85d433c4777029e5b595339c22f506d8d7369fa926454217	none	0
tr04-official-1/T16-G1-r2/s3-recovery-retract-seed1/io_verdict.json	451	052be0d43fa3e754cebfb1cf553a1e9e0bdaf80eaaf9f7f5d4ace5924952ae26	052be0d43fa3e754cebfb1cf553a1e9e0bdaf80eaaf9f7f5d4ace5924952ae26	none	0
tr04-official-1/T16-G1-r2/s3-recovery-retract-seed1/metadata.json	5314	79960b80ede1ef4e6088d6d84b7aac3b3fd1473c4b58b7c6f68598611415e328	c87439960ac59b52a65286a143ebf157115419b5c8cac38caad9692154626ed4	redact	10
tr04-official-1/T16-G1-r2/s3-recovery-retract-seed1/plc-stderr.log	0	e3b0c44298fc1c149afbf4c8996fb92427ae41e4649b934ca495991b7852b855	e3b0c44298fc1c149afbf4c8996fb92427ae41e4649b934ca495991b7852b855	none	0
tr04-official-1/T16-G1-r2/s3-recovery-retract-seed1/processes.json	134	a359ee4aa54de89e8b8af12b57c7568e03924a7769f3cee1d8825d2cd30c000f	a359ee4aa54de89e8b8af12b57c7568e03924a7769f3cee1d8825d2cd30c000f	none	0
tr04-official-1/T16-G1-r2/s3-recovery-retract-seed1/static.json	12189	4fff4f024a6a8e7ff8d6cac23a689480b4426dc042fe868452dd041be83b64c3	4fff4f024a6a8e7ff8d6cac23a689480b4426dc042fe868452dd041be83b64c3	none	0
tr04-official-1/T16-G1-r2/s3-recovery-retract-seed1/vision-stderr.log	26	f6259e2742222db4cedc0f46e1f9d79c113803494192992ee22d2e0ff6d9cc6e	f6259e2742222db4cedc0f46e1f9d79c113803494192992ee22d2e0ff6d9cc6e	none	0
tr04-official-1/T16-G1-r2/s3-recovery-seed1/failure.json	75	0c6032cd07861e1f85d433c4777029e5b595339c22f506d8d7369fa926454217	0c6032cd07861e1f85d433c4777029e5b595339c22f506d8d7369fa926454217	none	0
tr04-official-1/T16-G1-r2/s3-recovery-seed1/io_verdict.json	443	c3b2feb77af86b08121ea46e6d92b8dd2defd43618446f6270768933cdbfd57d	c3b2feb77af86b08121ea46e6d92b8dd2defd43618446f6270768933cdbfd57d	none	0
tr04-official-1/T16-G1-r2/s3-recovery-seed1/metadata.json	5306	4a35a53507ab7b75f5b12474dbfb553b8d469d2619ade895c808966e91d12688	70111a289599e7d4dcc6826e64e92c4dc00ce957b74ebc69d258053828ef4a86	redact	10
tr04-official-1/T16-G1-r2/s3-recovery-seed1/plc-stderr.log	0	e3b0c44298fc1c149afbf4c8996fb92427ae41e4649b934ca495991b7852b855	e3b0c44298fc1c149afbf4c8996fb92427ae41e4649b934ca495991b7852b855	none	0
tr04-official-1/T16-G1-r2/s3-recovery-seed1/processes.json	134	a359ee4aa54de89e8b8af12b57c7568e03924a7769f3cee1d8825d2cd30c000f	a359ee4aa54de89e8b8af12b57c7568e03924a7769f3cee1d8825d2cd30c000f	none	0
tr04-official-1/T16-G1-r2/s3-recovery-seed1/static.json	12189	4fff4f024a6a8e7ff8d6cac23a689480b4426dc042fe868452dd041be83b64c3	4fff4f024a6a8e7ff8d6cac23a689480b4426dc042fe868452dd041be83b64c3	none	0
tr04-official-1/T16-G1-r2/s3-recovery-seed1/vision-stderr.log	26	f6259e2742222db4cedc0f46e1f9d79c113803494192992ee22d2e0ff6d9cc6e	f6259e2742222db4cedc0f46e1f9d79c113803494192992ee22d2e0ff6d9cc6e	none	0
tr04-official-1/T16-G1-r2/static.json	326	c1b48c8e8e53214e08e275c8a87ef259c61c14a02b2797de453702438ef01587	783fd8178a606d1c3b9e626f1fa3aac7daa8faca992ce6f94261a51899361daf	redact	1
tr04-official-1/T16-G1-r2/verdict.json	1156	984bb673fed926ab9faf0a1afd4989990ee5a809c7fbc0f14bc34f793bfac1b2	984bb673fed926ab9faf0a1afd4989990ee5a809c7fbc0f14bc34f793bfac1b2	none	0
tr04-official-1/T16-G1-r3/force.json	2212	42fa51ff35c6f29bde650ae5b94bd104ba242bf91065a92bb0fd77355a20d170	3e51213de6999905d7e326d24e80201958092df7c5e7b84c74a4fd697ae09497	redact	1
tr04-official-1/T16-G1-r3/s3-curtain-seed1/io_verdict.json	442	0d6016793d1093d7cc3322114b100f8661cdb354b1029bf0169ef2df01d2bed5	0d6016793d1093d7cc3322114b100f8661cdb354b1029bf0169ef2df01d2bed5	none	0
tr04-official-1/T16-G1-r3/s3-curtain-seed1/metadata.json	5305	91333b006df69c8e6caac1e287c942a08313688e4f2000bbc65d524d08da130d	ef6cc5d69f3a903b5865c90cf24e892740f35838feaa1d0dec0a6a5ddff9af39	redact	10
tr04-official-1/T16-G1-r3/s3-curtain-seed1/plc-stderr.log	0	e3b0c44298fc1c149afbf4c8996fb92427ae41e4649b934ca495991b7852b855	e3b0c44298fc1c149afbf4c8996fb92427ae41e4649b934ca495991b7852b855	none	0
tr04-official-1/T16-G1-r3/s3-curtain-seed1/processes.json	133	2d682689e80bda8c5620f25653426df526d1fbc1117dd5af83750c779d3b7848	2d682689e80bda8c5620f25653426df526d1fbc1117dd5af83750c779d3b7848	none	0
tr04-official-1/T16-G1-r3/s3-curtain-seed1/reference-10ms-differences.json	3	37517e5f3dc66819f61f5a7bb8ace1921282415f10551d2defa5c3eb0985b570	37517e5f3dc66819f61f5a7bb8ace1921282415f10551d2defa5c3eb0985b570	none	0
tr04-official-1/T16-G1-r3/s3-curtain-seed1/static.json	12189	4fff4f024a6a8e7ff8d6cac23a689480b4426dc042fe868452dd041be83b64c3	4fff4f024a6a8e7ff8d6cac23a689480b4426dc042fe868452dd041be83b64c3	none	0
tr04-official-1/T16-G1-r3/s3-curtain-seed1/summary.json	4067	3d0b341eedbbd74a968ba911b175f0f76b13dd79e708c5ca85a7db55688c9f93	0d46f49f0c20ca40e524da8fcb56a0adf933acf410fe59fb16ef8d0e60666ab3	drop_tick_hashes	0
tr04-official-1/T16-G1-r3/s3-curtain-seed1/vision-stderr.log	26	f6259e2742222db4cedc0f46e1f9d79c113803494192992ee22d2e0ff6d9cc6e	f6259e2742222db4cedc0f46e1f9d79c113803494192992ee22d2e0ff6d9cc6e	none	0
tr04-official-1/T16-G1-r3/s3-normal-seed1/io_verdict.json	383	5764c90719e5a826eba5810eea1a7ffe0fd700369ade52d68ab4498083a4b600	5764c90719e5a826eba5810eea1a7ffe0fd700369ade52d68ab4498083a4b600	none	0
tr04-official-1/T16-G1-r3/s3-normal-seed1/metadata.json	5304	3a59c91104bf309caafbd914ca75065ee5ef8c52fcdd6aa0f4c317c4ab3e38a6	cc442f04f78895ee89721625aa6f06f38ca6fe22074de139723088a5ecd3a40d	redact	10
tr04-official-1/T16-G1-r3/s3-normal-seed1/plc-stderr.log	0	e3b0c44298fc1c149afbf4c8996fb92427ae41e4649b934ca495991b7852b855	e3b0c44298fc1c149afbf4c8996fb92427ae41e4649b934ca495991b7852b855	none	0
tr04-official-1/T16-G1-r3/s3-normal-seed1/processes.json	133	2d682689e80bda8c5620f25653426df526d1fbc1117dd5af83750c779d3b7848	2d682689e80bda8c5620f25653426df526d1fbc1117dd5af83750c779d3b7848	none	0
tr04-official-1/T16-G1-r3/s3-normal-seed1/reference-10ms-differences.json	3	37517e5f3dc66819f61f5a7bb8ace1921282415f10551d2defa5c3eb0985b570	37517e5f3dc66819f61f5a7bb8ace1921282415f10551d2defa5c3eb0985b570	none	0
tr04-official-1/T16-G1-r3/s3-normal-seed1/static.json	12189	4fff4f024a6a8e7ff8d6cac23a689480b4426dc042fe868452dd041be83b64c3	4fff4f024a6a8e7ff8d6cac23a689480b4426dc042fe868452dd041be83b64c3	none	0
tr04-official-1/T16-G1-r3/s3-normal-seed1/summary.json	4186	280c150741d5269f7ab655b90411657bc34e61e13d768259048744edeba3e629	737359dd4b334199e7545a578d9ff43b821a2cd9cbe688476bccd8ef7928f563	drop_tick_hashes	0
tr04-official-1/T16-G1-r3/s3-normal-seed1/vision-stderr.log	26	f6259e2742222db4cedc0f46e1f9d79c113803494192992ee22d2e0ff6d9cc6e	f6259e2742222db4cedc0f46e1f9d79c113803494192992ee22d2e0ff6d9cc6e	none	0
tr04-official-1/T16-G1-r3/s3-normal-seed2/io_verdict.json	383	83da5e3273ff972c39964988f706e20a4642491265ba03a1382068d67c4f5ff7	83da5e3273ff972c39964988f706e20a4642491265ba03a1382068d67c4f5ff7	none	0
tr04-official-1/T16-G1-r3/s3-normal-seed2/metadata.json	5304	e8bf680d6e6a3f5dcc22a3cd39880dadc2602499d8c2ec1dbda8b81b558a7fd1	7b70826afc2b8318309d5d6815391f402dfa0d2fc936c992c36cd924da8e8950	redact	10
tr04-official-1/T16-G1-r3/s3-normal-seed2/plc-stderr.log	0	e3b0c44298fc1c149afbf4c8996fb92427ae41e4649b934ca495991b7852b855	e3b0c44298fc1c149afbf4c8996fb92427ae41e4649b934ca495991b7852b855	none	0
tr04-official-1/T16-G1-r3/s3-normal-seed2/processes.json	133	2d682689e80bda8c5620f25653426df526d1fbc1117dd5af83750c779d3b7848	2d682689e80bda8c5620f25653426df526d1fbc1117dd5af83750c779d3b7848	none	0
tr04-official-1/T16-G1-r3/s3-normal-seed2/reference-10ms-differences.json	3	37517e5f3dc66819f61f5a7bb8ace1921282415f10551d2defa5c3eb0985b570	37517e5f3dc66819f61f5a7bb8ace1921282415f10551d2defa5c3eb0985b570	none	0
tr04-official-1/T16-G1-r3/s3-normal-seed2/static.json	12189	4fff4f024a6a8e7ff8d6cac23a689480b4426dc042fe868452dd041be83b64c3	4fff4f024a6a8e7ff8d6cac23a689480b4426dc042fe868452dd041be83b64c3	none	0
tr04-official-1/T16-G1-r3/s3-normal-seed2/summary.json	4190	7c04fca65d61186ee0e877247431c36c1454f93dfe8aaa6f0d5e4e230f333c98	3420d361aec77ad608c6af56a5bbaa1f1a520cfe8a25db700fd2bbaa82499f24	drop_tick_hashes	0
tr04-official-1/T16-G1-r3/s3-normal-seed2/vision-stderr.log	26	f6259e2742222db4cedc0f46e1f9d79c113803494192992ee22d2e0ff6d9cc6e	f6259e2742222db4cedc0f46e1f9d79c113803494192992ee22d2e0ff6d9cc6e	none	0
tr04-official-1/T16-G1-r3/s3-normal-seed3/io_verdict.json	383	0007070d2e319ecd363bdfafce6d41c38238c32859c88c342266c82bfdf40462	0007070d2e319ecd363bdfafce6d41c38238c32859c88c342266c82bfdf40462	none	0
tr04-official-1/T16-G1-r3/s3-normal-seed3/metadata.json	5304	16d6b228377c9ae59667290a37abb8d176db91ba9404e806c5ae1cb421c0bb01	09391641e5cc5c85f877a4b526508cef589e473787b50ce293e44b2d45d2c95e	redact	10
tr04-official-1/T16-G1-r3/s3-normal-seed3/plc-stderr.log	0	e3b0c44298fc1c149afbf4c8996fb92427ae41e4649b934ca495991b7852b855	e3b0c44298fc1c149afbf4c8996fb92427ae41e4649b934ca495991b7852b855	none	0
tr04-official-1/T16-G1-r3/s3-normal-seed3/processes.json	133	2d682689e80bda8c5620f25653426df526d1fbc1117dd5af83750c779d3b7848	2d682689e80bda8c5620f25653426df526d1fbc1117dd5af83750c779d3b7848	none	0
tr04-official-1/T16-G1-r3/s3-normal-seed3/reference-10ms-differences.json	3	37517e5f3dc66819f61f5a7bb8ace1921282415f10551d2defa5c3eb0985b570	37517e5f3dc66819f61f5a7bb8ace1921282415f10551d2defa5c3eb0985b570	none	0
tr04-official-1/T16-G1-r3/s3-normal-seed3/static.json	12189	4fff4f024a6a8e7ff8d6cac23a689480b4426dc042fe868452dd041be83b64c3	4fff4f024a6a8e7ff8d6cac23a689480b4426dc042fe868452dd041be83b64c3	none	0
tr04-official-1/T16-G1-r3/s3-normal-seed3/summary.json	4191	aa38acd19186e31fc7ee1ec604be688ea0faf4884856fdf8cee7d599ce4fdc27	006450cc695633dd6fa089a88552fb390b0d27474e46c601d709683ce9e57667	drop_tick_hashes	0
tr04-official-1/T16-G1-r3/s3-normal-seed3/vision-stderr.log	26	f6259e2742222db4cedc0f46e1f9d79c113803494192992ee22d2e0ff6d9cc6e	f6259e2742222db4cedc0f46e1f9d79c113803494192992ee22d2e0ff6d9cc6e	none	0
tr04-official-1/T16-G1-r3/s3-recovery-retract-seed1/failure.json	75	0c6032cd07861e1f85d433c4777029e5b595339c22f506d8d7369fa926454217	0c6032cd07861e1f85d433c4777029e5b595339c22f506d8d7369fa926454217	none	0
tr04-official-1/T16-G1-r3/s3-recovery-retract-seed1/io_verdict.json	451	052be0d43fa3e754cebfb1cf553a1e9e0bdaf80eaaf9f7f5d4ace5924952ae26	052be0d43fa3e754cebfb1cf553a1e9e0bdaf80eaaf9f7f5d4ace5924952ae26	none	0
tr04-official-1/T16-G1-r3/s3-recovery-retract-seed1/metadata.json	5314	bba660a0c65b1a37743323bec45f06c3a9f30808ac160f57cc8af0885fbd16f1	58ab27c24ed41957a406c1d27ed1ded627b61b7f485960b742c4bfa62c498029	redact	10
tr04-official-1/T16-G1-r3/s3-recovery-retract-seed1/plc-stderr.log	0	e3b0c44298fc1c149afbf4c8996fb92427ae41e4649b934ca495991b7852b855	e3b0c44298fc1c149afbf4c8996fb92427ae41e4649b934ca495991b7852b855	none	0
tr04-official-1/T16-G1-r3/s3-recovery-retract-seed1/processes.json	134	a359ee4aa54de89e8b8af12b57c7568e03924a7769f3cee1d8825d2cd30c000f	a359ee4aa54de89e8b8af12b57c7568e03924a7769f3cee1d8825d2cd30c000f	none	0
tr04-official-1/T16-G1-r3/s3-recovery-retract-seed1/static.json	12189	4fff4f024a6a8e7ff8d6cac23a689480b4426dc042fe868452dd041be83b64c3	4fff4f024a6a8e7ff8d6cac23a689480b4426dc042fe868452dd041be83b64c3	none	0
tr04-official-1/T16-G1-r3/s3-recovery-retract-seed1/vision-stderr.log	26	f6259e2742222db4cedc0f46e1f9d79c113803494192992ee22d2e0ff6d9cc6e	f6259e2742222db4cedc0f46e1f9d79c113803494192992ee22d2e0ff6d9cc6e	none	0
tr04-official-1/T16-G1-r3/s3-recovery-seed1/failure.json	75	0c6032cd07861e1f85d433c4777029e5b595339c22f506d8d7369fa926454217	0c6032cd07861e1f85d433c4777029e5b595339c22f506d8d7369fa926454217	none	0
tr04-official-1/T16-G1-r3/s3-recovery-seed1/io_verdict.json	443	c3b2feb77af86b08121ea46e6d92b8dd2defd43618446f6270768933cdbfd57d	c3b2feb77af86b08121ea46e6d92b8dd2defd43618446f6270768933cdbfd57d	none	0
tr04-official-1/T16-G1-r3/s3-recovery-seed1/metadata.json	5306	c2265964b5b2c5177fc6d3149e0c7cde5267d65c1aa0b68434262d04b4718c21	9db12787ce0bfc33ee7dc35709a2332603f1cc48526c6a179f592c602307547b	redact	10
tr04-official-1/T16-G1-r3/s3-recovery-seed1/plc-stderr.log	0	e3b0c44298fc1c149afbf4c8996fb92427ae41e4649b934ca495991b7852b855	e3b0c44298fc1c149afbf4c8996fb92427ae41e4649b934ca495991b7852b855	none	0
tr04-official-1/T16-G1-r3/s3-recovery-seed1/processes.json	134	a359ee4aa54de89e8b8af12b57c7568e03924a7769f3cee1d8825d2cd30c000f	a359ee4aa54de89e8b8af12b57c7568e03924a7769f3cee1d8825d2cd30c000f	none	0
tr04-official-1/T16-G1-r3/s3-recovery-seed1/static.json	12189	4fff4f024a6a8e7ff8d6cac23a689480b4426dc042fe868452dd041be83b64c3	4fff4f024a6a8e7ff8d6cac23a689480b4426dc042fe868452dd041be83b64c3	none	0
tr04-official-1/T16-G1-r3/s3-recovery-seed1/vision-stderr.log	26	f6259e2742222db4cedc0f46e1f9d79c113803494192992ee22d2e0ff6d9cc6e	f6259e2742222db4cedc0f46e1f9d79c113803494192992ee22d2e0ff6d9cc6e	none	0
tr04-official-1/T16-G1-r3/static.json	326	11c18220e4d92c8422d9b6647bf84377780b8369c04fafc6a443858af3574d92	14df227e12d1c00a06db66984560b13b1ec1cbf7e00381a222e36b08217ec702	redact	1
tr04-official-1/T16-G1-r3/verdict.json	1156	0f749f96a473dbdd176892bbb5018bae0e69c094add51417187d9eb881c60f97	0f749f96a473dbdd176892bbb5018bae0e69c094add51417187d9eb881c60f97	none	0
tr04-official-1/T16-G2-r1/force.json	2212	4567fe76735971d34cc7efa9302c19556e0fd672af31ba4f3f39b05c45dcf0c0	1a37f505c36d3798ee037bea89355c8cd04a27b53dc4db677b46677001c657b8	redact	1
tr04-official-1/T16-G2-r1/s3-curtain-seed1/io_verdict.json	442	0d6016793d1093d7cc3322114b100f8661cdb354b1029bf0169ef2df01d2bed5	0d6016793d1093d7cc3322114b100f8661cdb354b1029bf0169ef2df01d2bed5	none	0
tr04-official-1/T16-G2-r1/s3-curtain-seed1/metadata.json	5305	e0c9f29eb1fc6f32501823b832358f596a01cccc3e22d95b5ef0613d31e084c6	e0c8c85bb0791ffa5844d75acce566f22a10e30fd9d2c67383451eacdb13dc94	redact	10
tr04-official-1/T16-G2-r1/s3-curtain-seed1/plc-stderr.log	0	e3b0c44298fc1c149afbf4c8996fb92427ae41e4649b934ca495991b7852b855	e3b0c44298fc1c149afbf4c8996fb92427ae41e4649b934ca495991b7852b855	none	0
tr04-official-1/T16-G2-r1/s3-curtain-seed1/processes.json	133	2d682689e80bda8c5620f25653426df526d1fbc1117dd5af83750c779d3b7848	2d682689e80bda8c5620f25653426df526d1fbc1117dd5af83750c779d3b7848	none	0
tr04-official-1/T16-G2-r1/s3-curtain-seed1/reference-10ms-differences.json	3	37517e5f3dc66819f61f5a7bb8ace1921282415f10551d2defa5c3eb0985b570	37517e5f3dc66819f61f5a7bb8ace1921282415f10551d2defa5c3eb0985b570	none	0
tr04-official-1/T16-G2-r1/s3-curtain-seed1/static.json	12189	4fff4f024a6a8e7ff8d6cac23a689480b4426dc042fe868452dd041be83b64c3	4fff4f024a6a8e7ff8d6cac23a689480b4426dc042fe868452dd041be83b64c3	none	0
tr04-official-1/T16-G2-r1/s3-curtain-seed1/summary.json	4067	31d32be415a3ff69c51ba1c411185c2069744aaa599026cebf41ceb659e96311	7848700d07d2c6f134f457d4fa65936c4e452c56937dfe085fe8d724b13b643b	drop_tick_hashes	0
tr04-official-1/T16-G2-r1/s3-curtain-seed1/vision-stderr.log	26	f6259e2742222db4cedc0f46e1f9d79c113803494192992ee22d2e0ff6d9cc6e	f6259e2742222db4cedc0f46e1f9d79c113803494192992ee22d2e0ff6d9cc6e	none	0
tr04-official-1/T16-G2-r1/s3-normal-seed1/io_verdict.json	383	5764c90719e5a826eba5810eea1a7ffe0fd700369ade52d68ab4498083a4b600	5764c90719e5a826eba5810eea1a7ffe0fd700369ade52d68ab4498083a4b600	none	0
tr04-official-1/T16-G2-r1/s3-normal-seed1/metadata.json	5304	885858fac16855b49be59be1adf025a9966e51e4ba3a4a4bf2bb8410e0564110	c86cc8269d46ea55585b5b2b4c1ef7eb1eea6129a1ac013d9ec0a175c5e75049	redact	10
tr04-official-1/T16-G2-r1/s3-normal-seed1/plc-stderr.log	0	e3b0c44298fc1c149afbf4c8996fb92427ae41e4649b934ca495991b7852b855	e3b0c44298fc1c149afbf4c8996fb92427ae41e4649b934ca495991b7852b855	none	0
tr04-official-1/T16-G2-r1/s3-normal-seed1/processes.json	133	2d682689e80bda8c5620f25653426df526d1fbc1117dd5af83750c779d3b7848	2d682689e80bda8c5620f25653426df526d1fbc1117dd5af83750c779d3b7848	none	0
tr04-official-1/T16-G2-r1/s3-normal-seed1/reference-10ms-differences.json	3	37517e5f3dc66819f61f5a7bb8ace1921282415f10551d2defa5c3eb0985b570	37517e5f3dc66819f61f5a7bb8ace1921282415f10551d2defa5c3eb0985b570	none	0
tr04-official-1/T16-G2-r1/s3-normal-seed1/static.json	12189	4fff4f024a6a8e7ff8d6cac23a689480b4426dc042fe868452dd041be83b64c3	4fff4f024a6a8e7ff8d6cac23a689480b4426dc042fe868452dd041be83b64c3	none	0
tr04-official-1/T16-G2-r1/s3-normal-seed1/summary.json	4186	aec25e932e12b04a42160a45c781f85476077e53f0deda21c7a16554746ff4d1	31b21a28d70695644185181e97d1cf7f6a2f0ee259d4367a20bfb1ad6c8256bc	drop_tick_hashes	0
tr04-official-1/T16-G2-r1/s3-normal-seed1/vision-stderr.log	26	f6259e2742222db4cedc0f46e1f9d79c113803494192992ee22d2e0ff6d9cc6e	f6259e2742222db4cedc0f46e1f9d79c113803494192992ee22d2e0ff6d9cc6e	none	0
tr04-official-1/T16-G2-r1/s3-normal-seed2/io_verdict.json	383	83da5e3273ff972c39964988f706e20a4642491265ba03a1382068d67c4f5ff7	83da5e3273ff972c39964988f706e20a4642491265ba03a1382068d67c4f5ff7	none	0
tr04-official-1/T16-G2-r1/s3-normal-seed2/metadata.json	5304	1715bb987a7d73f72350b95c9f30da5e7e476986a3e703a84aff2565b2bfb633	bfb290bb4a1acd79b3ec726018f7178e2053f6b70c28634cd128d0dd23fddf1f	redact	10
tr04-official-1/T16-G2-r1/s3-normal-seed2/plc-stderr.log	0	e3b0c44298fc1c149afbf4c8996fb92427ae41e4649b934ca495991b7852b855	e3b0c44298fc1c149afbf4c8996fb92427ae41e4649b934ca495991b7852b855	none	0
tr04-official-1/T16-G2-r1/s3-normal-seed2/processes.json	133	2d682689e80bda8c5620f25653426df526d1fbc1117dd5af83750c779d3b7848	2d682689e80bda8c5620f25653426df526d1fbc1117dd5af83750c779d3b7848	none	0
tr04-official-1/T16-G2-r1/s3-normal-seed2/reference-10ms-differences.json	3	37517e5f3dc66819f61f5a7bb8ace1921282415f10551d2defa5c3eb0985b570	37517e5f3dc66819f61f5a7bb8ace1921282415f10551d2defa5c3eb0985b570	none	0
tr04-official-1/T16-G2-r1/s3-normal-seed2/static.json	12189	4fff4f024a6a8e7ff8d6cac23a689480b4426dc042fe868452dd041be83b64c3	4fff4f024a6a8e7ff8d6cac23a689480b4426dc042fe868452dd041be83b64c3	none	0
tr04-official-1/T16-G2-r1/s3-normal-seed2/summary.json	4190	5dca3d065ae439cd613ce92daea81701ed9f0d2cbc6de95c9591595c7bff56a0	0e2d197c8e2e8d22fb3b4107d8c1e1efc94104bdf065c96b5eb953b1f9b765dd	drop_tick_hashes	0
tr04-official-1/T16-G2-r1/s3-normal-seed2/vision-stderr.log	26	f6259e2742222db4cedc0f46e1f9d79c113803494192992ee22d2e0ff6d9cc6e	f6259e2742222db4cedc0f46e1f9d79c113803494192992ee22d2e0ff6d9cc6e	none	0
tr04-official-1/T16-G2-r1/s3-normal-seed3/io_verdict.json	383	0007070d2e319ecd363bdfafce6d41c38238c32859c88c342266c82bfdf40462	0007070d2e319ecd363bdfafce6d41c38238c32859c88c342266c82bfdf40462	none	0
tr04-official-1/T16-G2-r1/s3-normal-seed3/metadata.json	5304	067049a75e90bf3d6947c013d1d54d00f0a3685db3d1443a2a402afa6b8d6642	6269989374272d5a6e0540cbfd6b7cded392d38382ef0d442ccc4d452140b97b	redact	10
tr04-official-1/T16-G2-r1/s3-normal-seed3/plc-stderr.log	0	e3b0c44298fc1c149afbf4c8996fb92427ae41e4649b934ca495991b7852b855	e3b0c44298fc1c149afbf4c8996fb92427ae41e4649b934ca495991b7852b855	none	0
tr04-official-1/T16-G2-r1/s3-normal-seed3/processes.json	133	2d682689e80bda8c5620f25653426df526d1fbc1117dd5af83750c779d3b7848	2d682689e80bda8c5620f25653426df526d1fbc1117dd5af83750c779d3b7848	none	0
tr04-official-1/T16-G2-r1/s3-normal-seed3/reference-10ms-differences.json	3	37517e5f3dc66819f61f5a7bb8ace1921282415f10551d2defa5c3eb0985b570	37517e5f3dc66819f61f5a7bb8ace1921282415f10551d2defa5c3eb0985b570	none	0
tr04-official-1/T16-G2-r1/s3-normal-seed3/static.json	12189	4fff4f024a6a8e7ff8d6cac23a689480b4426dc042fe868452dd041be83b64c3	4fff4f024a6a8e7ff8d6cac23a689480b4426dc042fe868452dd041be83b64c3	none	0
tr04-official-1/T16-G2-r1/s3-normal-seed3/summary.json	4191	255cfbc945309021efbd2845aa5c5bc910470999a140c0cdea7a68ef7decb003	29e5f8361840152e60180121af5028177f1457019018ff8d331dfd254e349c5c	drop_tick_hashes	0
tr04-official-1/T16-G2-r1/s3-normal-seed3/vision-stderr.log	26	f6259e2742222db4cedc0f46e1f9d79c113803494192992ee22d2e0ff6d9cc6e	f6259e2742222db4cedc0f46e1f9d79c113803494192992ee22d2e0ff6d9cc6e	none	0
tr04-official-1/T16-G2-r1/s3-recovery-retract-seed1/failure.json	75	0c6032cd07861e1f85d433c4777029e5b595339c22f506d8d7369fa926454217	0c6032cd07861e1f85d433c4777029e5b595339c22f506d8d7369fa926454217	none	0
tr04-official-1/T16-G2-r1/s3-recovery-retract-seed1/io_verdict.json	451	052be0d43fa3e754cebfb1cf553a1e9e0bdaf80eaaf9f7f5d4ace5924952ae26	052be0d43fa3e754cebfb1cf553a1e9e0bdaf80eaaf9f7f5d4ace5924952ae26	none	0
tr04-official-1/T16-G2-r1/s3-recovery-retract-seed1/metadata.json	5314	6b1cd94c4f346f443c710626f2570682c4f8cc2f933035fa6ba83e91f4a5ff7b	4bb2c387ebd67b76110cdbc8f7752539f536a58127611b3e28aecfaafb9cfaf6	redact	10
tr04-official-1/T16-G2-r1/s3-recovery-retract-seed1/plc-stderr.log	0	e3b0c44298fc1c149afbf4c8996fb92427ae41e4649b934ca495991b7852b855	e3b0c44298fc1c149afbf4c8996fb92427ae41e4649b934ca495991b7852b855	none	0
tr04-official-1/T16-G2-r1/s3-recovery-retract-seed1/processes.json	134	a359ee4aa54de89e8b8af12b57c7568e03924a7769f3cee1d8825d2cd30c000f	a359ee4aa54de89e8b8af12b57c7568e03924a7769f3cee1d8825d2cd30c000f	none	0
tr04-official-1/T16-G2-r1/s3-recovery-retract-seed1/static.json	12189	4fff4f024a6a8e7ff8d6cac23a689480b4426dc042fe868452dd041be83b64c3	4fff4f024a6a8e7ff8d6cac23a689480b4426dc042fe868452dd041be83b64c3	none	0
tr04-official-1/T16-G2-r1/s3-recovery-retract-seed1/vision-stderr.log	26	f6259e2742222db4cedc0f46e1f9d79c113803494192992ee22d2e0ff6d9cc6e	f6259e2742222db4cedc0f46e1f9d79c113803494192992ee22d2e0ff6d9cc6e	none	0
tr04-official-1/T16-G2-r1/s3-recovery-seed1/failure.json	75	0c6032cd07861e1f85d433c4777029e5b595339c22f506d8d7369fa926454217	0c6032cd07861e1f85d433c4777029e5b595339c22f506d8d7369fa926454217	none	0
tr04-official-1/T16-G2-r1/s3-recovery-seed1/io_verdict.json	443	c3b2feb77af86b08121ea46e6d92b8dd2defd43618446f6270768933cdbfd57d	c3b2feb77af86b08121ea46e6d92b8dd2defd43618446f6270768933cdbfd57d	none	0
tr04-official-1/T16-G2-r1/s3-recovery-seed1/metadata.json	5306	55da447683079729bf962c73b952e8f378bc0659ac5fe8ae1010beb7213fed2a	ea94cfe433ac18e95c6f4c459b80664f513986bdc23734b028c34cf0cf309edf	redact	10
tr04-official-1/T16-G2-r1/s3-recovery-seed1/plc-stderr.log	0	e3b0c44298fc1c149afbf4c8996fb92427ae41e4649b934ca495991b7852b855	e3b0c44298fc1c149afbf4c8996fb92427ae41e4649b934ca495991b7852b855	none	0
tr04-official-1/T16-G2-r1/s3-recovery-seed1/processes.json	134	a359ee4aa54de89e8b8af12b57c7568e03924a7769f3cee1d8825d2cd30c000f	a359ee4aa54de89e8b8af12b57c7568e03924a7769f3cee1d8825d2cd30c000f	none	0
tr04-official-1/T16-G2-r1/s3-recovery-seed1/static.json	12189	4fff4f024a6a8e7ff8d6cac23a689480b4426dc042fe868452dd041be83b64c3	4fff4f024a6a8e7ff8d6cac23a689480b4426dc042fe868452dd041be83b64c3	none	0
tr04-official-1/T16-G2-r1/s3-recovery-seed1/vision-stderr.log	26	f6259e2742222db4cedc0f46e1f9d79c113803494192992ee22d2e0ff6d9cc6e	f6259e2742222db4cedc0f46e1f9d79c113803494192992ee22d2e0ff6d9cc6e	none	0
tr04-official-1/T16-G2-r1/static.json	326	2a0ea355dcf6f44d77b95f66bff876a56c96ef4e61dee9d7647ca72daeeac919	894464ef62ddbb0f4bfeb64b85541ea0206bf1befc582af4d61cf66ffbe99423	redact	1
tr04-official-1/T16-G2-r1/verdict.json	1156	77d54f9748a6a1ef1251caf9c8bfd7719d79646ad00cada83ef920062531d72b	77d54f9748a6a1ef1251caf9c8bfd7719d79646ad00cada83ef920062531d72b	none	0
tr04-official-1/T16-G2-r2/force.json	2212	26bf89329617cf2446d4201f354a4ae45dcac104be4187bb389bcee0b7df6088	8390f48b7dd21698735e2c644f8c203f1d8ac39c9b6c415feb9b892b52ac2a31	redact	1
tr04-official-1/T16-G2-r2/s3-curtain-seed1/io_verdict.json	442	0d6016793d1093d7cc3322114b100f8661cdb354b1029bf0169ef2df01d2bed5	0d6016793d1093d7cc3322114b100f8661cdb354b1029bf0169ef2df01d2bed5	none	0
tr04-official-1/T16-G2-r2/s3-curtain-seed1/metadata.json	5305	772c1326d4b7760632385c99ef003c9cb332641e9130298c2744b33e5b782b7d	144eecf87c7c6e92558c2fd4fa79cd53473ee56abffe63f6aa106339dfe1178b	redact	10
tr04-official-1/T16-G2-r2/s3-curtain-seed1/plc-stderr.log	0	e3b0c44298fc1c149afbf4c8996fb92427ae41e4649b934ca495991b7852b855	e3b0c44298fc1c149afbf4c8996fb92427ae41e4649b934ca495991b7852b855	none	0
tr04-official-1/T16-G2-r2/s3-curtain-seed1/processes.json	133	2d682689e80bda8c5620f25653426df526d1fbc1117dd5af83750c779d3b7848	2d682689e80bda8c5620f25653426df526d1fbc1117dd5af83750c779d3b7848	none	0
tr04-official-1/T16-G2-r2/s3-curtain-seed1/reference-10ms-differences.json	3	37517e5f3dc66819f61f5a7bb8ace1921282415f10551d2defa5c3eb0985b570	37517e5f3dc66819f61f5a7bb8ace1921282415f10551d2defa5c3eb0985b570	none	0
tr04-official-1/T16-G2-r2/s3-curtain-seed1/static.json	12506	2094359865384303482f9fd984a489b3f8b50e0bd9a30bd555170ab8d8508e4f	2094359865384303482f9fd984a489b3f8b50e0bd9a30bd555170ab8d8508e4f	none	0
tr04-official-1/T16-G2-r2/s3-curtain-seed1/summary.json	4067	0c5b456afb564d9b168e3dd749a673b0eec35df778306dbbee4083d0a122eab4	25175208eb73ced2a6e8b46fea52dc83335afff6f66038e1cc33a11f881c9cf7	drop_tick_hashes	0
tr04-official-1/T16-G2-r2/s3-curtain-seed1/vision-stderr.log	26	f6259e2742222db4cedc0f46e1f9d79c113803494192992ee22d2e0ff6d9cc6e	f6259e2742222db4cedc0f46e1f9d79c113803494192992ee22d2e0ff6d9cc6e	none	0
tr04-official-1/T16-G2-r2/s3-normal-seed1/io_verdict.json	383	5764c90719e5a826eba5810eea1a7ffe0fd700369ade52d68ab4498083a4b600	5764c90719e5a826eba5810eea1a7ffe0fd700369ade52d68ab4498083a4b600	none	0
tr04-official-1/T16-G2-r2/s3-normal-seed1/metadata.json	5304	aa3a89072c165dc6b7f41e22137eee1e4bf1a06b9192249f90f420867a7fae53	7f3c9dd5b052250fc417117510e8f796bd40959b86ecfc71501a14b68972e4ca	redact	10
tr04-official-1/T16-G2-r2/s3-normal-seed1/plc-stderr.log	0	e3b0c44298fc1c149afbf4c8996fb92427ae41e4649b934ca495991b7852b855	e3b0c44298fc1c149afbf4c8996fb92427ae41e4649b934ca495991b7852b855	none	0
tr04-official-1/T16-G2-r2/s3-normal-seed1/processes.json	133	2d682689e80bda8c5620f25653426df526d1fbc1117dd5af83750c779d3b7848	2d682689e80bda8c5620f25653426df526d1fbc1117dd5af83750c779d3b7848	none	0
tr04-official-1/T16-G2-r2/s3-normal-seed1/reference-10ms-differences.json	3	37517e5f3dc66819f61f5a7bb8ace1921282415f10551d2defa5c3eb0985b570	37517e5f3dc66819f61f5a7bb8ace1921282415f10551d2defa5c3eb0985b570	none	0
tr04-official-1/T16-G2-r2/s3-normal-seed1/static.json	12506	2094359865384303482f9fd984a489b3f8b50e0bd9a30bd555170ab8d8508e4f	2094359865384303482f9fd984a489b3f8b50e0bd9a30bd555170ab8d8508e4f	none	0
tr04-official-1/T16-G2-r2/s3-normal-seed1/summary.json	4186	431befccef2e4e96ca144a80b33ada21c551b2f35dfbaf5bd502b698b8dd09c8	415c030b8ac7f81a1c41f037d51ec458eaf00783e6558fcc4746d8a05bf138a9	drop_tick_hashes	0
tr04-official-1/T16-G2-r2/s3-normal-seed1/vision-stderr.log	26	f6259e2742222db4cedc0f46e1f9d79c113803494192992ee22d2e0ff6d9cc6e	f6259e2742222db4cedc0f46e1f9d79c113803494192992ee22d2e0ff6d9cc6e	none	0
tr04-official-1/T16-G2-r2/s3-normal-seed2/io_verdict.json	383	83da5e3273ff972c39964988f706e20a4642491265ba03a1382068d67c4f5ff7	83da5e3273ff972c39964988f706e20a4642491265ba03a1382068d67c4f5ff7	none	0
tr04-official-1/T16-G2-r2/s3-normal-seed2/metadata.json	5304	31c23de642ff9c5cfcf2230ce5b95b9dcbada758f2e3128a2a1e37ef961a1891	83537c1db35e6d511cad726aaab86c590c04214b4ad59d6d767aee860548171d	redact	10
tr04-official-1/T16-G2-r2/s3-normal-seed2/plc-stderr.log	0	e3b0c44298fc1c149afbf4c8996fb92427ae41e4649b934ca495991b7852b855	e3b0c44298fc1c149afbf4c8996fb92427ae41e4649b934ca495991b7852b855	none	0
tr04-official-1/T16-G2-r2/s3-normal-seed2/processes.json	133	2d682689e80bda8c5620f25653426df526d1fbc1117dd5af83750c779d3b7848	2d682689e80bda8c5620f25653426df526d1fbc1117dd5af83750c779d3b7848	none	0
tr04-official-1/T16-G2-r2/s3-normal-seed2/reference-10ms-differences.json	3	37517e5f3dc66819f61f5a7bb8ace1921282415f10551d2defa5c3eb0985b570	37517e5f3dc66819f61f5a7bb8ace1921282415f10551d2defa5c3eb0985b570	none	0
tr04-official-1/T16-G2-r2/s3-normal-seed2/static.json	12506	2094359865384303482f9fd984a489b3f8b50e0bd9a30bd555170ab8d8508e4f	2094359865384303482f9fd984a489b3f8b50e0bd9a30bd555170ab8d8508e4f	none	0
tr04-official-1/T16-G2-r2/s3-normal-seed2/summary.json	4190	1c4c39fdd84b24b6a7c682b45b97b59bcdf7ede6d7c28deefd2332b5af34b4a8	c15cf2003488c49b84048803fd2b55b0eb8b56cedab9f2c85abf30b848449588	drop_tick_hashes	0
tr04-official-1/T16-G2-r2/s3-normal-seed2/vision-stderr.log	26	f6259e2742222db4cedc0f46e1f9d79c113803494192992ee22d2e0ff6d9cc6e	f6259e2742222db4cedc0f46e1f9d79c113803494192992ee22d2e0ff6d9cc6e	none	0
tr04-official-1/T16-G2-r2/s3-normal-seed3/io_verdict.json	383	0007070d2e319ecd363bdfafce6d41c38238c32859c88c342266c82bfdf40462	0007070d2e319ecd363bdfafce6d41c38238c32859c88c342266c82bfdf40462	none	0
tr04-official-1/T16-G2-r2/s3-normal-seed3/metadata.json	5304	6c09f9be4c78b7f83ffc22981019d74f7d844557b5d3c76e936d607eba178951	be3d433b7c15d5ec12183c751c9022083df25ad12aaf02d58ecc533c31998fe2	redact	10
tr04-official-1/T16-G2-r2/s3-normal-seed3/plc-stderr.log	0	e3b0c44298fc1c149afbf4c8996fb92427ae41e4649b934ca495991b7852b855	e3b0c44298fc1c149afbf4c8996fb92427ae41e4649b934ca495991b7852b855	none	0
tr04-official-1/T16-G2-r2/s3-normal-seed3/processes.json	133	2d682689e80bda8c5620f25653426df526d1fbc1117dd5af83750c779d3b7848	2d682689e80bda8c5620f25653426df526d1fbc1117dd5af83750c779d3b7848	none	0
tr04-official-1/T16-G2-r2/s3-normal-seed3/reference-10ms-differences.json	3	37517e5f3dc66819f61f5a7bb8ace1921282415f10551d2defa5c3eb0985b570	37517e5f3dc66819f61f5a7bb8ace1921282415f10551d2defa5c3eb0985b570	none	0
tr04-official-1/T16-G2-r2/s3-normal-seed3/static.json	12506	2094359865384303482f9fd984a489b3f8b50e0bd9a30bd555170ab8d8508e4f	2094359865384303482f9fd984a489b3f8b50e0bd9a30bd555170ab8d8508e4f	none	0
tr04-official-1/T16-G2-r2/s3-normal-seed3/summary.json	4191	aa37734bf09f8ae403a54517082052eac20f451229c5ecf7ad1174040357d7b9	74775b2671e25f6710c5b81bc990baa33a2fc669dd41427d04586c0335c2e456	drop_tick_hashes	0
tr04-official-1/T16-G2-r2/s3-normal-seed3/vision-stderr.log	26	f6259e2742222db4cedc0f46e1f9d79c113803494192992ee22d2e0ff6d9cc6e	f6259e2742222db4cedc0f46e1f9d79c113803494192992ee22d2e0ff6d9cc6e	none	0
tr04-official-1/T16-G2-r2/s3-recovery-retract-seed1/failure.json	75	0c6032cd07861e1f85d433c4777029e5b595339c22f506d8d7369fa926454217	0c6032cd07861e1f85d433c4777029e5b595339c22f506d8d7369fa926454217	none	0
tr04-official-1/T16-G2-r2/s3-recovery-retract-seed1/io_verdict.json	451	052be0d43fa3e754cebfb1cf553a1e9e0bdaf80eaaf9f7f5d4ace5924952ae26	052be0d43fa3e754cebfb1cf553a1e9e0bdaf80eaaf9f7f5d4ace5924952ae26	none	0
tr04-official-1/T16-G2-r2/s3-recovery-retract-seed1/metadata.json	5314	cf497e8d2b6b795d7347a14bd9fd5a4774ea462116e426aaecc476b3ce5129f4	cc609349d9ba36037af245e2bce652e3a889f5641283995c12e00bb8d9281265	redact	10
tr04-official-1/T16-G2-r2/s3-recovery-retract-seed1/plc-stderr.log	0	e3b0c44298fc1c149afbf4c8996fb92427ae41e4649b934ca495991b7852b855	e3b0c44298fc1c149afbf4c8996fb92427ae41e4649b934ca495991b7852b855	none	0
tr04-official-1/T16-G2-r2/s3-recovery-retract-seed1/processes.json	134	a359ee4aa54de89e8b8af12b57c7568e03924a7769f3cee1d8825d2cd30c000f	a359ee4aa54de89e8b8af12b57c7568e03924a7769f3cee1d8825d2cd30c000f	none	0
tr04-official-1/T16-G2-r2/s3-recovery-retract-seed1/static.json	12506	2094359865384303482f9fd984a489b3f8b50e0bd9a30bd555170ab8d8508e4f	2094359865384303482f9fd984a489b3f8b50e0bd9a30bd555170ab8d8508e4f	none	0
tr04-official-1/T16-G2-r2/s3-recovery-retract-seed1/vision-stderr.log	26	f6259e2742222db4cedc0f46e1f9d79c113803494192992ee22d2e0ff6d9cc6e	f6259e2742222db4cedc0f46e1f9d79c113803494192992ee22d2e0ff6d9cc6e	none	0
tr04-official-1/T16-G2-r2/s3-recovery-seed1/failure.json	75	0c6032cd07861e1f85d433c4777029e5b595339c22f506d8d7369fa926454217	0c6032cd07861e1f85d433c4777029e5b595339c22f506d8d7369fa926454217	none	0
tr04-official-1/T16-G2-r2/s3-recovery-seed1/io_verdict.json	443	c3b2feb77af86b08121ea46e6d92b8dd2defd43618446f6270768933cdbfd57d	c3b2feb77af86b08121ea46e6d92b8dd2defd43618446f6270768933cdbfd57d	none	0
tr04-official-1/T16-G2-r2/s3-recovery-seed1/metadata.json	5306	d9cd3fe6cd29846a9117e51214ef748b576df60547d1c8420c52360e07543b3e	53acb5e41f7919c305690acf61d17f6938b0d2e773e36111e3fdee98531346c6	redact	10
tr04-official-1/T16-G2-r2/s3-recovery-seed1/plc-stderr.log	0	e3b0c44298fc1c149afbf4c8996fb92427ae41e4649b934ca495991b7852b855	e3b0c44298fc1c149afbf4c8996fb92427ae41e4649b934ca495991b7852b855	none	0
tr04-official-1/T16-G2-r2/s3-recovery-seed1/processes.json	134	a359ee4aa54de89e8b8af12b57c7568e03924a7769f3cee1d8825d2cd30c000f	a359ee4aa54de89e8b8af12b57c7568e03924a7769f3cee1d8825d2cd30c000f	none	0
tr04-official-1/T16-G2-r2/s3-recovery-seed1/static.json	12506	2094359865384303482f9fd984a489b3f8b50e0bd9a30bd555170ab8d8508e4f	2094359865384303482f9fd984a489b3f8b50e0bd9a30bd555170ab8d8508e4f	none	0
tr04-official-1/T16-G2-r2/s3-recovery-seed1/vision-stderr.log	26	f6259e2742222db4cedc0f46e1f9d79c113803494192992ee22d2e0ff6d9cc6e	f6259e2742222db4cedc0f46e1f9d79c113803494192992ee22d2e0ff6d9cc6e	none	0
tr04-official-1/T16-G2-r2/static.json	326	51bc9711d43af930d2b6fe358318b3bb8871ce8cd7c572ab776ec5348c42858c	0f0bf61c96e73d1f08cb283a73e78fd74f4941719b67ed5f52c94ed816ab2401	redact	1
tr04-official-1/T16-G2-r2/verdict.json	1156	adde7e209ca3a72195b7ff5b18507d3c78e29e922d963c761e62ec0238ee748c	adde7e209ca3a72195b7ff5b18507d3c78e29e922d963c761e62ec0238ee748c	none	0
tr04-official-1/T16-G2-r3/force.json	2212	1a0dbf49b5e6a1db4c657a62483727e4ae6e4ee9feb5e108e9b10df180264ca1	6476e73fb0df4eed8fae18bfdef2192e672e725d330c1790a430b8b1e2fd70a2	redact	1
tr04-official-1/T16-G2-r3/s3-curtain-seed1/io_verdict.json	442	0d6016793d1093d7cc3322114b100f8661cdb354b1029bf0169ef2df01d2bed5	0d6016793d1093d7cc3322114b100f8661cdb354b1029bf0169ef2df01d2bed5	none	0
tr04-official-1/T16-G2-r3/s3-curtain-seed1/metadata.json	5305	406d083d7ea872a20a465825ffc27d9e14a74097b12a6e2b4f4607a58f598e38	84bc0b456ac4ddda2469e5cb9468e54f71875335624dfbb2689b818f3224e387	redact	10
tr04-official-1/T16-G2-r3/s3-curtain-seed1/plc-stderr.log	0	e3b0c44298fc1c149afbf4c8996fb92427ae41e4649b934ca495991b7852b855	e3b0c44298fc1c149afbf4c8996fb92427ae41e4649b934ca495991b7852b855	none	0
tr04-official-1/T16-G2-r3/s3-curtain-seed1/processes.json	133	2d682689e80bda8c5620f25653426df526d1fbc1117dd5af83750c779d3b7848	2d682689e80bda8c5620f25653426df526d1fbc1117dd5af83750c779d3b7848	none	0
tr04-official-1/T16-G2-r3/s3-curtain-seed1/reference-10ms-differences.json	3	37517e5f3dc66819f61f5a7bb8ace1921282415f10551d2defa5c3eb0985b570	37517e5f3dc66819f61f5a7bb8ace1921282415f10551d2defa5c3eb0985b570	none	0
tr04-official-1/T16-G2-r3/s3-curtain-seed1/static.json	12189	4fff4f024a6a8e7ff8d6cac23a689480b4426dc042fe868452dd041be83b64c3	4fff4f024a6a8e7ff8d6cac23a689480b4426dc042fe868452dd041be83b64c3	none	0
tr04-official-1/T16-G2-r3/s3-curtain-seed1/summary.json	4067	a2bb64b229ce56125a7a7b52b73076a65c5d022ed6b33cd58b246cc64689c7e5	075c25b2a20adb4f8168c7346147457c131f1793e03b6f86c753b269029068e9	drop_tick_hashes	0
tr04-official-1/T16-G2-r3/s3-curtain-seed1/vision-stderr.log	26	f6259e2742222db4cedc0f46e1f9d79c113803494192992ee22d2e0ff6d9cc6e	f6259e2742222db4cedc0f46e1f9d79c113803494192992ee22d2e0ff6d9cc6e	none	0
tr04-official-1/T16-G2-r3/s3-normal-seed1/io_verdict.json	383	5764c90719e5a826eba5810eea1a7ffe0fd700369ade52d68ab4498083a4b600	5764c90719e5a826eba5810eea1a7ffe0fd700369ade52d68ab4498083a4b600	none	0
tr04-official-1/T16-G2-r3/s3-normal-seed1/metadata.json	5304	6c0fbd93cb4477f31afee83943c05c2039f437f1dc324991bec2cc57ccadfb1b	386c15959f6e6ea773bb50d023b3442aed4c27a1be687a00ba0758e6d1838743	redact	10
tr04-official-1/T16-G2-r3/s3-normal-seed1/plc-stderr.log	0	e3b0c44298fc1c149afbf4c8996fb92427ae41e4649b934ca495991b7852b855	e3b0c44298fc1c149afbf4c8996fb92427ae41e4649b934ca495991b7852b855	none	0
tr04-official-1/T16-G2-r3/s3-normal-seed1/processes.json	133	2d682689e80bda8c5620f25653426df526d1fbc1117dd5af83750c779d3b7848	2d682689e80bda8c5620f25653426df526d1fbc1117dd5af83750c779d3b7848	none	0
tr04-official-1/T16-G2-r3/s3-normal-seed1/reference-10ms-differences.json	3	37517e5f3dc66819f61f5a7bb8ace1921282415f10551d2defa5c3eb0985b570	37517e5f3dc66819f61f5a7bb8ace1921282415f10551d2defa5c3eb0985b570	none	0
tr04-official-1/T16-G2-r3/s3-normal-seed1/static.json	12189	4fff4f024a6a8e7ff8d6cac23a689480b4426dc042fe868452dd041be83b64c3	4fff4f024a6a8e7ff8d6cac23a689480b4426dc042fe868452dd041be83b64c3	none	0
tr04-official-1/T16-G2-r3/s3-normal-seed1/summary.json	4186	5653fa632a070b1ee28748f4f34af9c8d27a9f8a77f46cee7169c2f327dd84ec	ece39d7208300e8638c17a7a4fd940d0e6120f784878906ff790becca43ee7c4	drop_tick_hashes	0
tr04-official-1/T16-G2-r3/s3-normal-seed1/vision-stderr.log	26	f6259e2742222db4cedc0f46e1f9d79c113803494192992ee22d2e0ff6d9cc6e	f6259e2742222db4cedc0f46e1f9d79c113803494192992ee22d2e0ff6d9cc6e	none	0
tr04-official-1/T16-G2-r3/s3-normal-seed2/io_verdict.json	383	83da5e3273ff972c39964988f706e20a4642491265ba03a1382068d67c4f5ff7	83da5e3273ff972c39964988f706e20a4642491265ba03a1382068d67c4f5ff7	none	0
tr04-official-1/T16-G2-r3/s3-normal-seed2/metadata.json	5304	babb22b0e67f80502f6f0fd224865593493fff6a29b5645fdccbf3c306f33e47	a3044a8319224bf4ee6d418c102e01d7b7b95fda95f6c7c1d801a0b88fb70195	redact	10
tr04-official-1/T16-G2-r3/s3-normal-seed2/plc-stderr.log	0	e3b0c44298fc1c149afbf4c8996fb92427ae41e4649b934ca495991b7852b855	e3b0c44298fc1c149afbf4c8996fb92427ae41e4649b934ca495991b7852b855	none	0
tr04-official-1/T16-G2-r3/s3-normal-seed2/processes.json	133	2d682689e80bda8c5620f25653426df526d1fbc1117dd5af83750c779d3b7848	2d682689e80bda8c5620f25653426df526d1fbc1117dd5af83750c779d3b7848	none	0
tr04-official-1/T16-G2-r3/s3-normal-seed2/reference-10ms-differences.json	3	37517e5f3dc66819f61f5a7bb8ace1921282415f10551d2defa5c3eb0985b570	37517e5f3dc66819f61f5a7bb8ace1921282415f10551d2defa5c3eb0985b570	none	0
tr04-official-1/T16-G2-r3/s3-normal-seed2/static.json	12189	4fff4f024a6a8e7ff8d6cac23a689480b4426dc042fe868452dd041be83b64c3	4fff4f024a6a8e7ff8d6cac23a689480b4426dc042fe868452dd041be83b64c3	none	0
tr04-official-1/T16-G2-r3/s3-normal-seed2/summary.json	4190	acc2afc41ecf5ebf51e1ef77eed2d51ac9f2bb8539057e2e98c13e749d5df7ef	26dad41518d70055419a7fe40b263bc181175ecbcc5dae1a8aa4f91a8f0e31b6	drop_tick_hashes	0
tr04-official-1/T16-G2-r3/s3-normal-seed2/vision-stderr.log	26	f6259e2742222db4cedc0f46e1f9d79c113803494192992ee22d2e0ff6d9cc6e	f6259e2742222db4cedc0f46e1f9d79c113803494192992ee22d2e0ff6d9cc6e	none	0
tr04-official-1/T16-G2-r3/s3-normal-seed3/io_verdict.json	383	0007070d2e319ecd363bdfafce6d41c38238c32859c88c342266c82bfdf40462	0007070d2e319ecd363bdfafce6d41c38238c32859c88c342266c82bfdf40462	none	0
tr04-official-1/T16-G2-r3/s3-normal-seed3/metadata.json	5304	8cce42e24870ed784266598774de8e7d5e45b10bd80ae8e2f6042cb5920d1e78	35085add9c097b1cafab45a91646c9ce9ee3f598857d3bfcf5d648825cb11cf9	redact	10
tr04-official-1/T16-G2-r3/s3-normal-seed3/plc-stderr.log	0	e3b0c44298fc1c149afbf4c8996fb92427ae41e4649b934ca495991b7852b855	e3b0c44298fc1c149afbf4c8996fb92427ae41e4649b934ca495991b7852b855	none	0
tr04-official-1/T16-G2-r3/s3-normal-seed3/processes.json	133	2d682689e80bda8c5620f25653426df526d1fbc1117dd5af83750c779d3b7848	2d682689e80bda8c5620f25653426df526d1fbc1117dd5af83750c779d3b7848	none	0
tr04-official-1/T16-G2-r3/s3-normal-seed3/reference-10ms-differences.json	3	37517e5f3dc66819f61f5a7bb8ace1921282415f10551d2defa5c3eb0985b570	37517e5f3dc66819f61f5a7bb8ace1921282415f10551d2defa5c3eb0985b570	none	0
tr04-official-1/T16-G2-r3/s3-normal-seed3/static.json	12189	4fff4f024a6a8e7ff8d6cac23a689480b4426dc042fe868452dd041be83b64c3	4fff4f024a6a8e7ff8d6cac23a689480b4426dc042fe868452dd041be83b64c3	none	0
tr04-official-1/T16-G2-r3/s3-normal-seed3/summary.json	4191	2f0f58641ed781ac3bcef5258f17620d26aa44ec8ec0d01670315a19bbf9fbf1	f411fdd7b2aea1717eebcae898e4c755e9d9ab868f89b989415c992db4bdd01f	drop_tick_hashes	0
tr04-official-1/T16-G2-r3/s3-normal-seed3/vision-stderr.log	26	f6259e2742222db4cedc0f46e1f9d79c113803494192992ee22d2e0ff6d9cc6e	f6259e2742222db4cedc0f46e1f9d79c113803494192992ee22d2e0ff6d9cc6e	none	0
tr04-official-1/T16-G2-r3/s3-recovery-retract-seed1/failure.json	75	0c6032cd07861e1f85d433c4777029e5b595339c22f506d8d7369fa926454217	0c6032cd07861e1f85d433c4777029e5b595339c22f506d8d7369fa926454217	none	0
tr04-official-1/T16-G2-r3/s3-recovery-retract-seed1/io_verdict.json	451	052be0d43fa3e754cebfb1cf553a1e9e0bdaf80eaaf9f7f5d4ace5924952ae26	052be0d43fa3e754cebfb1cf553a1e9e0bdaf80eaaf9f7f5d4ace5924952ae26	none	0
tr04-official-1/T16-G2-r3/s3-recovery-retract-seed1/metadata.json	5314	b825bb8e3e4a9c61bb81d583d99db165693ffc7cd2cbdef38fbc0918db61ec39	3022a6e18b623f3f7d8b73812fc47d3290a3cfdfefc0ff3abb923678ce533014	redact	10
tr04-official-1/T16-G2-r3/s3-recovery-retract-seed1/plc-stderr.log	0	e3b0c44298fc1c149afbf4c8996fb92427ae41e4649b934ca495991b7852b855	e3b0c44298fc1c149afbf4c8996fb92427ae41e4649b934ca495991b7852b855	none	0
tr04-official-1/T16-G2-r3/s3-recovery-retract-seed1/processes.json	134	a359ee4aa54de89e8b8af12b57c7568e03924a7769f3cee1d8825d2cd30c000f	a359ee4aa54de89e8b8af12b57c7568e03924a7769f3cee1d8825d2cd30c000f	none	0
tr04-official-1/T16-G2-r3/s3-recovery-retract-seed1/static.json	12189	4fff4f024a6a8e7ff8d6cac23a689480b4426dc042fe868452dd041be83b64c3	4fff4f024a6a8e7ff8d6cac23a689480b4426dc042fe868452dd041be83b64c3	none	0
tr04-official-1/T16-G2-r3/s3-recovery-retract-seed1/vision-stderr.log	26	f6259e2742222db4cedc0f46e1f9d79c113803494192992ee22d2e0ff6d9cc6e	f6259e2742222db4cedc0f46e1f9d79c113803494192992ee22d2e0ff6d9cc6e	none	0
tr04-official-1/T16-G2-r3/s3-recovery-seed1/failure.json	75	0c6032cd07861e1f85d433c4777029e5b595339c22f506d8d7369fa926454217	0c6032cd07861e1f85d433c4777029e5b595339c22f506d8d7369fa926454217	none	0
tr04-official-1/T16-G2-r3/s3-recovery-seed1/io_verdict.json	443	c3b2feb77af86b08121ea46e6d92b8dd2defd43618446f6270768933cdbfd57d	c3b2feb77af86b08121ea46e6d92b8dd2defd43618446f6270768933cdbfd57d	none	0
tr04-official-1/T16-G2-r3/s3-recovery-seed1/metadata.json	5306	e301edb277efcdf517d4a9e5dd3f4759b52c043b0a2b4265ca4af03eddb8c1f7	ae8c054194c70ca64c70b09a4a9bd62b68ec1d67e8ce7dcc072a3ce21ead1456	redact	10
tr04-official-1/T16-G2-r3/s3-recovery-seed1/plc-stderr.log	0	e3b0c44298fc1c149afbf4c8996fb92427ae41e4649b934ca495991b7852b855	e3b0c44298fc1c149afbf4c8996fb92427ae41e4649b934ca495991b7852b855	none	0
tr04-official-1/T16-G2-r3/s3-recovery-seed1/processes.json	134	a359ee4aa54de89e8b8af12b57c7568e03924a7769f3cee1d8825d2cd30c000f	a359ee4aa54de89e8b8af12b57c7568e03924a7769f3cee1d8825d2cd30c000f	none	0
tr04-official-1/T16-G2-r3/s3-recovery-seed1/static.json	12189	4fff4f024a6a8e7ff8d6cac23a689480b4426dc042fe868452dd041be83b64c3	4fff4f024a6a8e7ff8d6cac23a689480b4426dc042fe868452dd041be83b64c3	none	0
tr04-official-1/T16-G2-r3/s3-recovery-seed1/vision-stderr.log	26	f6259e2742222db4cedc0f46e1f9d79c113803494192992ee22d2e0ff6d9cc6e	f6259e2742222db4cedc0f46e1f9d79c113803494192992ee22d2e0ff6d9cc6e	none	0
tr04-official-1/T16-G2-r3/static.json	326	525ce73da90a84243f3317a261799fc03ebf407bab8b42a305076a156bcfedae	a8b61cef9ebc6e58522aa297dd9fe2f7b54f4249070b5a69c9cc12be90139ecf	redact	1
tr04-official-1/T16-G2-r3/verdict.json	1156	bbcbbdd71b8473554d9d8df7e3618040af2f62a1d09df1fae1cfeb8490fdefe7	bbcbbdd71b8473554d9d8df7e3618040af2f62a1d09df1fae1cfeb8490fdefe7	none	0
tr04-official-1/T16-G3-r1/verdict.json	142	204cc88ed927e78af0d5e7db2a7a9c5fca0613935ba2f8428b2b56c61838bfae	204cc88ed927e78af0d5e7db2a7a9c5fca0613935ba2f8428b2b56c61838bfae	none	0
